user,param,start_time,end_time,from_value,to_value
0,amplitude,00:05:15.7068982,00:05:15.7314534,2.3,6.6
0,amplitude,00:05:15.7314534,00:05:15.7355798,6.6,7.2
0,amplitude,00:05:15.7355798,00:05:15.7474681,7.2,8.5
0,amplitude,00:05:15.7474681,00:05:15.7627048,8.5,9.7
0,amplitude,00:05:15.7627048,00:05:15.7817625,9.7,12.3
0,amplitude,00:05:15.7817625,00:05:15.7970429,12.3,13.1
0,amplitude,00:05:15.7970429,00:05:15.8151132,13.1,14.5
0,amplitude,00:05:15.8151132,00:05:15.8311435,14.5,15.2
0,amplitude,00:05:15.8311435,00:05:15.8478381,15.2,15.9
0,amplitude,00:05:15.8478381,00:05:15.8664858,15.9,16.4
0,amplitude,00:05:15.8664858,00:05:15.8804505,16.4,16.6
0,amplitude,00:05:15.8804505,00:05:15.8956910,16.6,17.1
0,amplitude,00:05:15.8956910,00:05:15.9131021,17.1,17.2
0,amplitude,00:05:15.9131021,00:05:15.9286088,17.2,17.4
0,amplitude,00:05:15.9286088,00:05:44.8089216,17.4,18.0
0,amplitude,00:05:44.8089216,00:05:44.8255257,18.0,30.9
0,amplitude,00:05:44.8255257,00:05:44.8640368,30.9,33.7
0,amplitude,00:05:44.8640368,00:05:44.8677365,33.7,33.9
0,amplitude,00:05:44.8677365,00:05:44.8793240,33.9,35.0
0,amplitude,00:05:44.8793240,00:05:44.8969027,35.0,35.8
0,amplitude,00:05:44.8969027,00:05:44.9146216,35.8,36.9
0,amplitude,00:05:44.9146216,00:05:44.9311098,36.9,37.8
0,amplitude,00:05:44.9311098,00:05:44.9464501,37.8,38.4
0,amplitude,00:05:44.9464501,00:05:44.9646211,38.4,38.8
0,amplitude,00:05:44.9646211,00:05:44.9811849,38.8,39.1
0,amplitude,00:05:44.9811849,00:05:44.9977647,39.1,39.5
0,amplitude,00:05:44.9977647,00:05:45.0141235,39.5,39.6
0,amplitude,00:05:45.0141235,00:05:45.0320095,39.6,39.7
0,amplitude,00:05:45.0320095,00:05:45.0488788,39.7,40.0
0,amplitude,00:05:45.0488788,00:05:45.0721472,40.0,40.1
0,amplitude,00:05:45.0721472,00:05:46.8916870,40.1,37.4
0,amplitude,00:05:46.8916870,00:05:46.9627560,37.4,40.5
0,amplitude,00:05:46.9627560,00:05:46.9688061,40.5,41.4
0,amplitude,00:05:46.9688061,00:05:46.9814256,41.4,44.6
0,amplitude,00:05:46.9814256,00:05:46.9985171,44.6,48.5
0,amplitude,00:05:46.9985171,00:05:47.0237801,48.5,51.4
0,amplitude,00:05:47.0237801,00:05:47.0295160,51.4,53.2
0,amplitude,00:05:47.0295160,00:05:47.0473336,53.2,54.8
0,amplitude,00:05:47.0473336,00:05:47.0647946,54.8,56.3
0,amplitude,00:05:47.0647946,00:05:47.0824646,56.3,57.1
0,amplitude,00:05:47.0824646,00:05:47.0982760,57.1,57.7
0,amplitude,00:05:47.0982760,00:05:47.1155355,57.7,58.1
0,amplitude,00:05:47.1155355,00:05:47.1306204,58.1,58.5
0,amplitude,00:05:47.1306204,00:05:47.1477390,58.5,58.8
0,amplitude,00:05:47.1477390,00:05:47.1655507,58.8,59.1
0,amplitude,00:05:47.1655507,00:05:47.1809200,59.1,59.2
0,amplitude,00:05:47.1809200,00:05:47.1973676,59.2,59.3
0,amplitude,00:05:47.1973676,00:05:47.2179044,59.3,59.5
0,amplitude,00:05:47.2179044,00:05:47.2468105,59.5,59.7
0,amplitude,00:05:47.2468105,00:05:47.2654255,59.7,59.8
0,amplitude,00:05:47.2654255,00:05:49.3157060,59.8,58.9
0,amplitude,00:05:49.3157060,00:05:49.3793285,58.9,52.0
0,amplitude,00:05:49.3793285,00:05:49.3981039,52.0,47.4
0,amplitude,00:05:49.3981039,00:05:49.4139872,47.4,43.0
0,amplitude,00:05:49.4139872,00:05:49.4313562,43.0,39.0
0,amplitude,00:05:49.4313562,00:05:49.4487297,39.0,34.1
0,amplitude,00:05:49.4487297,00:05:49.4642148,34.1,32.8
0,amplitude,00:05:49.4642148,00:05:49.4831080,32.8,29.6
0,amplitude,00:05:49.4831080,00:05:49.4986346,29.6,28.8
0,amplitude,00:05:49.4986346,00:05:49.5146486,28.8,27.5
0,amplitude,00:05:49.5146486,00:05:49.5298470,27.5,26.5
0,amplitude,00:05:49.5298470,00:05:49.5491577,26.5,25.1
0,amplitude,00:05:49.5491577,00:05:49.5634947,25.1,24.5
0,amplitude,00:05:49.5634947,00:05:49.5793397,24.5,24.1
0,amplitude,00:05:49.5793397,00:05:49.5965123,24.1,23.6
0,amplitude,00:05:49.5965123,00:05:49.6168087,23.6,23.2
0,amplitude,00:05:49.6168087,00:05:49.6309977,23.2,22.5
0,amplitude,00:05:49.6309977,00:05:49.6466269,22.5,21.7
0,amplitude,00:05:49.6466269,00:05:49.6633961,21.7,21.1
0,amplitude,00:05:49.6633961,00:05:49.6819066,21.1,20.4
0,amplitude,00:05:49.6819066,00:05:49.6976426,20.4,19.6
0,amplitude,00:05:49.6976426,00:05:49.7152788,19.6,18.7
0,amplitude,00:05:49.7152788,00:05:49.7317490,18.7,18.0
0,amplitude,00:05:49.7317490,00:05:49.7479085,18.0,17.2
0,amplitude,00:05:49.7479085,00:05:49.7641940,17.2,16.3
0,amplitude,00:05:49.7641940,00:05:49.7805242,16.3,15.8
0,amplitude,00:05:49.7805242,00:05:49.7984931,15.8,15.5
0,amplitude,00:05:49.7984931,00:05:49.8147160,15.5,15.4
0,amplitude,00:05:49.8147160,00:05:49.8320062,15.4,15.2
0,amplitude,00:05:49.8320062,00:05:54.6112260,15.2,17.4
0,amplitude,00:05:54.6112260,00:05:54.6217203,17.4,3.3
0,amplitude,00:05:54.6217203,00:05:54.6464753,3.3,0.0
0,amplitude,00:05:54.6464753,00:05:56.4490992,0.0,4.4
0,amplitude,00:05:56.4490992,00:05:56.4510289,4.4,5.6
0,amplitude,00:05:56.4510289,00:05:56.4643540,5.6,6.7
0,amplitude,00:05:56.4643540,00:05:56.4820579,6.7,9.8
0,amplitude,00:05:56.4820579,00:05:56.4969895,9.8,10.7
0,amplitude,00:05:56.4969895,00:05:56.5137726,10.7,12.3
0,amplitude,00:05:56.5137726,00:05:56.5310588,12.3,13.4
0,amplitude,00:05:56.5310588,00:05:56.5473937,13.4,14.7
0,amplitude,00:05:56.5473937,00:05:56.5653198,14.7,15.4
0,amplitude,00:05:56.5653198,00:05:56.5798953,15.4,16.0
0,amplitude,00:05:56.5798953,00:05:56.5962798,16.0,16.4
0,amplitude,00:05:56.5962798,00:05:56.6151811,16.4,16.9
0,amplitude,00:05:56.6151811,00:05:56.6300739,16.9,17.1
0,amplitude,00:05:56.6300739,00:05:56.6458609,17.1,17.5
0,amplitude,00:05:56.6458609,00:05:56.6643802,17.5,17.7
0,amplitude,00:05:56.6643802,00:05:56.6809821,17.7,18.0
0,amplitude,00:05:56.6809821,00:05:56.6977076,18.0,18.2
0,amplitude,00:05:56.6977076,00:05:56.7136651,18.2,18.3
0,amplitude,00:05:56.7136651,00:05:57.1624627,18.3,18.2
0,amplitude,00:05:57.1624627,00:05:57.1962270,18.2,18.1
0,amplitude,00:05:57.1962270,00:05:57.2176089,18.1,17.9
0,amplitude,00:05:57.2176089,00:05:57.2457412,17.9,17.6
0,amplitude,00:05:57.2457412,00:05:57.2638668,17.6,17.4
0,amplitude,00:05:57.2638668,00:05:57.2807779,17.4,17.2
0,amplitude,00:05:57.2807779,00:05:57.2972962,17.2,17.1
0,amplitude,00:05:57.2972962,00:05:57.3302225,17.1,17.0
0,amplitude,00:05:57.3302225,00:05:57.3483107,17.0,16.9
0,amplitude,00:05:57.3483107,00:05:57.3652286,16.9,16.8
0,amplitude,00:05:57.3652286,00:05:57.3957399,16.8,16.5
0,amplitude,00:05:57.3957399,00:05:57.4292026,16.5,16.4
0,amplitude,00:05:57.4292026,00:05:57.4458451,16.4,16.3
0,amplitude,00:05:57.4458451,00:05:57.4640607,16.3,16.2
0,amplitude,00:05:57.4640607,00:05:57.4963767,16.2,16.0
0,amplitude,00:05:57.4963767,00:06:15.1966235,16.0,18.1
0,amplitude,00:06:15.1966235,00:06:15.2075947,18.1,24.2
0,amplitude,00:06:15.2075947,00:06:15.2965091,24.2,27.3
0,amplitude,00:06:15.2965091,00:06:15.3148881,27.3,27.9
0,amplitude,00:06:15.3148881,00:06:15.3316755,27.9,28.3
0,amplitude,00:06:15.3316755,00:06:15.3481626,28.3,28.7
0,amplitude,00:06:15.3481626,00:06:15.3648067,28.7,28.9
0,amplitude,00:06:15.3648067,00:06:15.3827798,28.9,29.2
0,amplitude,00:06:15.3827798,00:06:15.8076537,29.2,26.2
0,amplitude,00:06:15.8076537,00:06:15.9233727,26.2,29.5
0,amplitude,00:06:15.9233727,00:06:15.9285029,29.5,30.1
0,amplitude,00:06:15.9285029,00:06:15.9469004,30.1,30.4
0,amplitude,00:06:15.9469004,00:06:15.9641731,30.4,31.1
0,amplitude,00:06:15.9641731,00:06:15.9883259,31.1,31.5
0,amplitude,00:06:15.9883259,00:06:16.0379479,31.5,31.6
0,amplitude,00:06:16.0379479,00:06:19.0685577,31.6,28.4
0,amplitude,00:06:19.0685577,00:06:19.1297226,28.4,26.2
0,amplitude,00:06:19.1297226,00:06:19.1490654,26.2,26.1
0,amplitude,00:06:19.1490654,00:06:19.1658375,26.1,25.9
0,amplitude,00:06:19.1658375,00:06:19.1821772,25.9,25.6
0,amplitude,00:06:19.1821772,00:06:19.3328879,25.6,25.5
0,amplitude,00:06:19.3328879,00:06:19.7478348,25.5,25.8
0,amplitude,00:06:19.7478348,00:06:19.7655957,25.8,25.9
0,amplitude,00:06:19.7655957,00:06:19.7819800,25.9,26.1
0,amplitude,00:06:19.7819800,00:06:19.7997203,26.1,26.2
0,amplitude,00:06:19.7997203,00:06:19.8159608,26.2,26.4
0,amplitude,00:06:19.8159608,00:06:19.8313201,26.4,26.6
0,amplitude,00:06:19.8313201,00:06:19.8485383,26.6,26.7
0,amplitude,00:06:19.8485383,00:06:19.8652805,26.7,27.0
0,amplitude,00:06:19.8652805,00:06:19.8817125,27.0,27.1
0,amplitude,00:06:19.8817125,00:06:19.9456185,27.1,27.2
0,amplitude,00:06:19.9456185,00:06:20.0301206,27.2,27.3
0,amplitude,00:06:20.0301206,00:06:20.2157129,27.3,27.5
0,amplitude,00:06:20.2157129,00:06:20.2308414,27.5,27.7
0,amplitude,00:06:20.2308414,00:06:21.4996651,27.7,26.5
0,amplitude,00:06:21.4996651,00:06:21.6316868,26.5,22.6
0,amplitude,00:06:21.6316868,00:06:21.6480549,22.6,21.5
0,amplitude,00:06:21.6480549,00:06:21.6640339,21.5,21.0
0,amplitude,00:06:21.6640339,00:06:21.6829185,21.0,20.0
0,amplitude,00:06:21.6829185,00:06:21.6973133,20.0,19.6
0,amplitude,00:06:21.6973133,00:06:21.7144582,19.6,19.1
0,amplitude,00:06:21.7144582,00:06:21.7310265,19.1,18.7
0,amplitude,00:06:21.7310265,00:06:21.7629560,18.7,18.5
0,amplitude,00:06:21.7629560,00:06:21.7798923,18.5,18.2
0,amplitude,00:06:21.7798923,00:06:21.7968124,18.2,18.1
0,amplitude,00:06:21.7968124,00:06:21.8137536,18.1,18.0
0,amplitude,00:06:21.8137536,00:06:21.8312684,18.0,17.9
0,amplitude,00:06:21.8312684,00:06:22.6954767,17.9,18.0
0,amplitude,00:06:22.6954767,00:06:46.5477998,18.0,19.1
0,amplitude,00:06:46.5477998,00:06:46.6136833,19.1,14.7
0,amplitude,00:06:46.6136833,00:06:46.6328307,14.7,10.7
0,amplitude,00:06:46.6328307,00:06:46.6497319,10.7,7.6
0,amplitude,00:06:46.6497319,00:06:46.6677643,7.6,0.7
0,amplitude,00:06:46.6677643,00:06:46.6826870,0.7,0.0
0,amplitude,00:06:46.6826870,00:07:34.9551426,0.0,0.5
0,amplitude,00:07:34.9551426,00:07:34.9681146,0.5,12.5
0,amplitude,00:07:34.9681146,00:07:35.2138891,12.5,15.7
0,amplitude,00:07:35.2138891,00:07:35.2327122,15.7,16.2
0,amplitude,00:07:35.2327122,00:07:35.2482175,16.2,16.6
0,amplitude,00:07:35.2482175,00:07:35.2642632,16.6,17.1
0,amplitude,00:07:35.2642632,00:07:35.2827526,17.1,17.6
0,amplitude,00:07:35.2827526,00:07:35.3005363,17.6,18.3
0,amplitude,00:07:35.3005363,00:07:35.3198523,18.3,19.4
0,amplitude,00:07:35.3198523,00:07:35.3321293,19.4,20.0
0,amplitude,00:07:35.3321293,00:07:35.3489930,20.0,20.7
0,amplitude,00:07:35.3489930,00:07:35.3664131,20.7,21.0
0,amplitude,00:07:35.3664131,00:07:35.3835564,21.0,21.4
0,amplitude,00:07:35.3835564,00:07:35.3992567,21.4,21.6
0,amplitude,00:07:35.3992567,00:07:35.4146626,21.6,22.0
0,amplitude,00:07:35.4146626,00:07:35.4413773,22.0,22.1
0,amplitude,00:07:35.4413773,00:07:35.4476547,22.1,22.4
0,amplitude,00:07:35.4476547,00:07:35.4647665,22.4,22.5
0,amplitude,00:07:35.4647665,00:07:35.4804735,22.5,22.8
0,amplitude,00:07:35.4804735,00:07:35.5020705,22.8,23.1
0,amplitude,00:07:35.5020705,00:07:35.5158802,23.1,23.4
0,amplitude,00:07:35.5158802,00:07:35.5318619,23.4,23.9
0,amplitude,00:07:35.5318619,00:07:35.5482285,23.9,24.4
0,amplitude,00:07:35.5482285,00:07:35.5666661,24.4,24.9
0,amplitude,00:07:35.5666661,00:07:35.5816570,24.9,25.4
0,amplitude,00:07:35.5816570,00:07:35.5991938,25.4,25.5
0,amplitude,00:07:35.5991938,00:07:35.6161881,25.5,25.9
0,amplitude,00:07:35.6161881,00:07:35.6330083,25.9,26.6
0,amplitude,00:07:35.6330083,00:07:35.6490542,26.6,27.2
0,amplitude,00:07:35.6490542,00:07:35.6671104,27.2,27.9
0,amplitude,00:07:35.6671104,00:07:35.6810544,27.9,28.2
0,amplitude,00:07:35.6810544,00:07:35.7001305,28.2,29.0
0,amplitude,00:07:35.7001305,00:07:35.7147724,29.0,29.5
0,amplitude,00:07:35.7147724,00:07:35.7310353,29.5,30.1
0,amplitude,00:07:35.7310353,00:07:35.7476463,30.1,30.6
0,amplitude,00:07:35.7476463,00:07:35.7650484,30.6,31.0
0,amplitude,00:07:35.7650484,00:07:35.7814354,31.0,31.5
0,amplitude,00:07:35.7814354,00:07:35.7998129,31.5,31.8
0,amplitude,00:07:35.7998129,00:07:35.8147204,31.8,32.2
0,amplitude,00:07:35.8147204,00:07:35.8335277,32.2,32.8
0,amplitude,00:07:35.8335277,00:07:35.8484966,32.8,33.2
0,amplitude,00:07:35.8484966,00:07:35.8635771,33.2,33.5
0,amplitude,00:07:35.8635771,00:07:35.8829030,33.5,34.1
0,amplitude,00:07:35.8829030,00:07:35.9006584,34.1,34.9
0,amplitude,00:07:35.9006584,00:07:35.9159340,34.9,35.2
0,amplitude,00:07:35.9159340,00:07:35.9327613,35.2,36.3
0,amplitude,00:07:35.9327613,00:07:35.9499001,36.3,37.1
0,amplitude,00:07:35.9499001,00:07:35.9647340,37.1,37.8
0,amplitude,00:07:35.9647340,00:07:35.9816223,37.8,38.5
0,amplitude,00:07:35.9816223,00:07:35.9975951,38.5,39.4
0,amplitude,00:07:35.9975951,00:07:36.0138001,39.4,40.1
0,amplitude,00:07:36.0138001,00:07:36.0302083,40.1,40.6
0,amplitude,00:07:36.0302083,00:07:36.0485319,40.6,41.1
0,amplitude,00:07:36.0485319,00:07:36.0642319,41.1,41.4
0,amplitude,00:07:36.0642319,00:07:36.0813536,41.4,41.6
0,amplitude,00:07:36.0813536,00:07:36.0982638,41.6,41.7
0,amplitude,00:07:36.0982638,00:07:36.1160606,41.7,41.9
0,amplitude,00:07:36.1160606,00:07:36.1319526,41.9,42.0
0,amplitude,00:07:36.1319526,00:07:36.1501135,42.0,42.3
0,amplitude,00:07:36.1501135,00:07:36.1641826,42.3,42.4
0,amplitude,00:07:36.1641826,00:07:36.1818669,42.4,42.5
0,amplitude,00:07:36.1818669,00:07:36.2000700,42.5,42.9
0,amplitude,00:07:36.2000700,00:07:36.2157510,42.9,43.1
0,amplitude,00:07:36.2157510,00:07:36.2321312,43.1,43.3
0,amplitude,00:07:36.2321312,00:07:36.2499444,43.3,43.7
0,amplitude,00:07:36.2499444,00:07:36.2670830,43.7,44.0
0,amplitude,00:07:36.2670830,00:07:36.2819563,44.0,44.5
0,amplitude,00:07:36.2819563,00:07:36.2971036,44.5,44.8
0,amplitude,00:07:36.2971036,00:07:36.3132040,44.8,45.1
0,amplitude,00:07:36.3132040,00:07:36.3304672,45.1,45.2
0,amplitude,00:07:36.3304672,00:07:36.3469772,45.2,45.4
0,amplitude,00:07:36.3469772,00:07:36.3649516,45.4,45.6
0,amplitude,00:07:36.3649516,00:07:36.3816639,45.6,45.7
0,amplitude,00:07:36.3816639,00:07:36.3975689,45.7,45.8
0,amplitude,00:07:36.3975689,00:07:36.4244697,45.8,45.9
0,amplitude,00:07:36.4244697,00:07:36.4648210,45.9,46.1
0,amplitude,00:07:36.4648210,00:07:36.4834378,46.1,46.3
0,amplitude,00:07:36.4834378,00:07:36.5150676,46.3,46.4
0,amplitude,00:07:36.5150676,00:07:36.5340661,46.4,46.5
0,amplitude,00:07:36.5340661,00:07:36.5490565,46.5,46.7
0,amplitude,00:07:36.5490565,00:07:36.5667419,46.7,46.8
0,amplitude,00:07:36.5667419,00:07:36.5836157,46.8,46.9
0,amplitude,00:07:36.5836157,00:07:36.5986701,46.9,47.0
0,amplitude,00:07:36.5986701,00:07:36.6479406,47.0,47.1
0,amplitude,00:07:36.6479406,00:07:36.6806355,47.1,47.3
0,amplitude,00:07:36.6806355,00:07:36.7152172,47.3,47.4
0,amplitude,00:07:36.7152172,00:07:36.8481310,47.4,47.5
0,amplitude,00:07:36.8481310,00:07:36.9998145,47.5,47.6
0,amplitude,00:07:36.9998145,00:07:37.1335629,47.6,47.8
0,amplitude,00:07:37.1335629,00:07:37.1818288,47.8,47.9
0,amplitude,00:07:37.1818288,00:07:37.2311075,47.9,48.0
0,amplitude,00:07:37.2311075,00:07:37.2803927,48.0,48.1
0,amplitude,00:07:37.2803927,00:07:37.7004238,48.1,48.2
0,amplitude,00:07:37.7004238,00:07:37.7638542,48.2,48.4
0,amplitude,00:07:37.7638542,00:07:37.7816218,48.4,48.5
0,amplitude,00:07:37.7816218,00:07:37.8141925,48.5,48.6
0,amplitude,00:07:37.8141925,00:07:37.8324695,48.6,48.7
0,amplitude,00:07:37.8324695,00:07:37.8483282,48.7,49.0
0,amplitude,00:07:37.8483282,00:07:37.8645851,49.0,49.1
0,amplitude,00:07:37.8645851,00:07:37.8804259,49.1,49.2
0,amplitude,00:07:37.8804259,00:07:37.8982466,49.2,49.5
0,amplitude,00:07:37.8982466,00:07:37.9140836,49.5,49.8
0,amplitude,00:07:37.9140836,00:07:37.9315210,49.8,50.3
0,amplitude,00:07:37.9315210,00:07:37.9486690,50.3,50.8
0,amplitude,00:07:37.9486690,00:07:37.9671265,50.8,51.4
0,amplitude,00:07:37.9671265,00:07:37.9839836,51.4,53.6
0,amplitude,00:07:37.9839836,00:07:37.9978669,53.6,58.5
0,amplitude,00:07:37.9978669,00:07:38.0173321,58.5,62.2
0,amplitude,00:07:38.0173321,00:07:38.0322640,62.2,63.9
0,amplitude,00:07:38.0322640,00:07:38.0502469,63.9,67.1
0,amplitude,00:07:38.0502469,00:07:38.0641722,67.1,69.4
0,amplitude,00:07:38.0641722,00:07:38.0812365,69.4,71.9
0,amplitude,00:07:38.0812365,00:07:38.0975283,71.9,73.0
0,amplitude,00:07:38.0975283,00:07:38.1141373,73.0,73.8
0,amplitude,00:07:38.1141373,00:07:38.1326105,73.8,74.3
0,amplitude,00:07:38.1326105,00:07:38.1477901,74.3,74.4
0,amplitude,00:07:38.1477901,00:07:38.1642982,74.4,72.7
0,amplitude,00:07:38.1642982,00:07:38.1849920,72.7,66.2
0,amplitude,00:07:38.1849920,00:07:38.2020262,66.2,51.6
0,amplitude,00:07:38.2020262,00:07:38.2144927,51.6,39.7
0,amplitude,00:07:38.2144927,00:07:38.2351002,39.7,29.3
0,amplitude,00:07:38.2351002,00:07:38.2484457,29.3,20.9
0,amplitude,00:07:38.2484457,00:07:38.2668742,20.9,13.6
0,amplitude,00:07:38.2668742,00:07:38.2846662,13.6,7.8
0,amplitude,00:07:38.2846662,00:07:38.2974723,7.8,3.1
0,amplitude,00:07:38.2974723,00:07:38.3164343,3.1,0.0
0,amplitude,00:07:38.3164343,00:07:44.2923284,0.0,1.8
0,amplitude,00:07:44.2923284,00:07:44.3831872,1.8,4.5
0,amplitude,00:07:44.3831872,00:07:44.3880700,4.5,5.3
0,amplitude,00:07:44.3880700,00:07:44.4032198,5.3,6.6
0,amplitude,00:07:44.4032198,00:07:44.4186156,6.6,9.7
0,amplitude,00:07:44.4186156,00:07:44.4349551,9.7,11.8
0,amplitude,00:07:44.4349551,00:07:44.4492621,11.8,14.7
0,amplitude,00:07:44.4492621,00:07:44.4689676,14.7,17.2
0,amplitude,00:07:44.4689676,00:07:44.4834413,17.2,19.6
0,amplitude,00:07:44.4834413,00:07:44.5002472,19.6,21.7
0,amplitude,00:07:44.5002472,00:07:44.5181050,21.7,24.3
0,amplitude,00:07:44.5181050,00:07:44.5311060,24.3,24.9
0,amplitude,00:07:44.5311060,00:07:44.5483931,24.9,26.1
0,amplitude,00:07:44.5483931,00:07:44.5656846,26.1,27.3
0,amplitude,00:07:44.5656846,00:07:44.5827618,27.3,28.7
0,amplitude,00:07:44.5827618,00:07:44.5992552,28.7,29.5
0,amplitude,00:07:44.5992552,00:07:44.6149792,29.5,30.4
0,amplitude,00:07:44.6149792,00:07:44.6307140,30.4,31.1
0,amplitude,00:07:44.6307140,00:07:44.6462512,31.1,31.7
0,amplitude,00:07:44.6462512,00:07:44.6632646,31.7,32.4
0,amplitude,00:07:44.6632646,00:07:44.6803580,32.4,32.9
0,amplitude,00:07:44.6803580,00:07:44.6973856,32.9,33.3
0,amplitude,00:07:44.6973856,00:07:44.7148845,33.3,33.9
0,amplitude,00:07:44.7148845,00:07:44.7344960,33.9,34.4
0,amplitude,00:07:44.7344960,00:07:44.7518782,34.4,35.4
0,amplitude,00:07:44.7518782,00:07:44.7651001,35.4,35.7
0,amplitude,00:07:44.7651001,00:07:44.7815488,35.7,36.6
0,amplitude,00:07:44.7815488,00:07:44.8000254,36.6,37.8
0,amplitude,00:07:44.8000254,00:07:44.8174162,37.8,40.8
0,amplitude,00:07:44.8174162,00:07:44.8328837,40.8,42.3
0,amplitude,00:07:44.8328837,00:07:44.8507426,42.3,46.4
0,amplitude,00:07:44.8507426,00:07:44.8664404,46.4,49.2
0,amplitude,00:07:44.8664404,00:07:44.8835155,49.2,55.8
0,amplitude,00:07:44.8835155,00:07:44.8999093,55.8,60.3
0,amplitude,00:07:44.8999093,00:07:44.9159471,60.3,64.3
0,amplitude,00:07:44.9159471,00:07:44.9296962,64.3,67.8
0,amplitude,00:07:44.9296962,00:07:44.9499308,67.8,70.9
0,amplitude,00:07:44.9499308,00:07:44.9650285,70.9,73.3
0,amplitude,00:07:44.9650285,00:07:44.9822710,73.3,75.3
0,amplitude,00:07:44.9822710,00:07:44.9980896,75.3,77.0
0,amplitude,00:07:44.9980896,00:07:45.0148653,77.0,78.5
0,amplitude,00:07:45.0148653,00:07:45.0321239,78.5,79.6
0,amplitude,00:07:45.0321239,00:07:45.0467812,79.6,80.5
0,amplitude,00:07:45.0467812,00:07:45.0681348,80.5,81.1
0,amplitude,00:07:45.0681348,00:07:45.0836428,81.1,81.8
0,amplitude,00:07:45.0836428,00:07:45.0981205,81.8,82.4
0,amplitude,00:07:45.0981205,00:07:45.1167397,82.4,83.0
0,amplitude,00:07:45.1167397,00:07:45.1329536,83.0,83.6
0,amplitude,00:07:45.1329536,00:07:45.1499164,83.6,84.0
0,amplitude,00:07:45.1499164,00:07:45.1666607,84.0,84.2
0,amplitude,00:07:45.1666607,00:07:45.1832935,84.2,84.6
0,amplitude,00:07:45.1832935,00:07:45.2007177,84.6,85.0
0,amplitude,00:07:45.2007177,00:07:45.2155383,85.0,85.3
0,amplitude,00:07:45.2155383,00:07:45.2390737,85.3,85.8
0,amplitude,00:07:45.2390737,00:07:45.2469541,85.8,85.9
0,amplitude,00:07:45.2469541,00:07:45.2647835,85.9,86.4
0,amplitude,00:07:45.2647835,00:07:45.2813281,86.4,86.9
0,amplitude,00:07:45.2813281,00:07:45.2984894,86.9,87.5
0,amplitude,00:07:45.2984894,00:07:45.3146809,87.5,88.4
0,amplitude,00:07:45.3146809,00:07:45.3323638,88.4,89.2
0,amplitude,00:07:45.3323638,00:07:45.3513022,89.2,89.9
0,amplitude,00:07:45.3513022,00:07:45.3647706,89.9,90.0
0,amplitude,00:07:45.3647706,00:07:46.6314980,90.0,87.7
0,amplitude,00:07:46.6314980,00:07:46.6525046,87.7,80.6
0,amplitude,00:07:46.6525046,00:07:46.6664944,80.6,71.6
0,amplitude,00:07:46.6664944,00:07:46.6819716,71.6,62.8
0,amplitude,00:07:46.6819716,00:07:46.6986261,62.8,50.6
0,amplitude,00:07:46.6986261,00:07:46.7141974,50.6,43.1
0,amplitude,00:07:46.7141974,00:07:46.7319048,43.1,36.1
0,amplitude,00:07:46.7319048,00:07:46.7483869,36.1,30.0
0,amplitude,00:07:46.7483869,00:07:46.7651348,30.0,24.9
0,amplitude,00:07:46.7651348,00:07:46.7843992,24.9,20.4
0,amplitude,00:07:46.7843992,00:07:46.7989662,20.4,16.9
0,amplitude,00:07:46.7989662,00:07:46.8158330,16.9,13.6
0,amplitude,00:07:46.8158330,00:07:46.8345795,13.6,10.9
0,amplitude,00:07:46.8345795,00:07:46.8507336,10.9,8.5
0,amplitude,00:07:46.8507336,00:07:46.8679916,8.5,5.0
0,amplitude,00:07:46.8679916,00:07:46.8818399,5.0,3.8
0,amplitude,00:07:46.8818399,00:07:46.8994701,3.8,0.5
0,amplitude,00:07:46.8994701,00:07:46.9165819,0.5,0.0
0,amplitude,00:07:46.9165819,00:08:24.1070285,0.0,3.9
0,amplitude,00:08:24.1070285,00:08:24.2190669,3.9,7.8
0,amplitude,00:08:24.2190669,00:08:24.2233932,7.8,8.7
0,amplitude,00:08:24.2233932,00:08:24.2345705,8.7,9.6
0,amplitude,00:08:24.2345705,00:08:24.2533988,9.6,12.8
0,amplitude,00:08:24.2533988,00:08:24.2688899,12.8,14.3
0,amplitude,00:08:24.2688899,00:08:24.2858678,14.3,15.2
0,amplitude,00:08:24.2858678,00:08:24.3018747,15.2,16.8
0,amplitude,00:08:24.3018747,00:08:24.3194127,16.8,17.4
0,amplitude,00:08:24.3194127,00:08:24.3331436,17.4,18.3
0,amplitude,00:08:24.3331436,00:08:24.3505503,18.3,19.6
0,amplitude,00:08:24.3505503,00:08:24.3672422,19.6,19.9
0,amplitude,00:08:24.3672422,00:08:24.3844207,19.9,20.9
0,amplitude,00:08:24.3844207,00:08:24.4000341,20.9,21.3
0,amplitude,00:08:24.4000341,00:08:24.4183653,21.3,21.7
0,amplitude,00:08:24.4183653,00:08:24.4327402,21.7,22.2
0,amplitude,00:08:24.4327402,00:08:24.4501784,22.2,22.4
0,amplitude,00:08:24.4501784,00:08:24.4675235,22.4,22.7
0,amplitude,00:08:24.4675235,00:08:24.4833069,22.7,23.1
0,amplitude,00:08:24.4833069,00:08:24.4973181,23.1,23.3
0,amplitude,00:08:24.4973181,00:08:24.5172131,23.3,23.6
0,amplitude,00:08:24.5172131,00:08:24.5331135,23.6,24.1
0,amplitude,00:08:24.5331135,00:08:24.5493418,24.1,24.4
0,amplitude,00:08:24.5493418,00:08:24.5667384,24.4,24.7
0,amplitude,00:08:24.5667384,00:08:24.5827737,24.7,24.9
0,amplitude,00:08:24.5827737,00:08:24.5997733,24.9,25.1
0,amplitude,00:08:24.5997733,00:08:24.6178514,25.1,25.3
0,amplitude,00:08:24.6178514,00:08:24.6339466,25.3,25.5
0,amplitude,00:08:24.6339466,00:08:24.6506627,25.5,25.8
0,amplitude,00:08:24.6506627,00:08:24.6679638,25.8,25.9
0,amplitude,00:08:24.6679638,00:08:24.6827912,25.9,26.0
0,amplitude,00:08:24.6827912,00:08:24.9136835,26.0,26.1
0,amplitude,00:08:24.9136835,00:08:26.8179042,26.1,26.0
0,amplitude,00:08:26.8179042,00:08:26.8329694,26.0,25.9
0,amplitude,00:08:26.8329694,00:08:26.8495825,25.9,25.1
0,amplitude,00:08:26.8495825,00:08:26.8670218,25.1,22.0
0,amplitude,00:08:26.8670218,00:08:26.8840191,22.0,18.3
0,amplitude,00:08:26.8840191,00:08:26.9031582,18.3,14.5
0,amplitude,00:08:26.9031582,00:08:26.9186002,14.5,10.0
0,amplitude,00:08:26.9186002,00:08:26.9365827,10.0,2.5
0,amplitude,00:08:26.9365827,00:08:26.9528197,2.5,0.0
0,amplitude,00:08:26.9528197,00:09:51.3518997,0.0,8.4
0,amplitude,00:09:51.3518997,00:09:51.4685208,8.4,11.2
0,amplitude,00:09:51.4685208,00:09:51.4724539,11.2,11.4
0,amplitude,00:09:51.4724539,00:09:51.4835433,11.4,11.7
0,amplitude,00:09:51.4835433,00:09:51.5016650,11.7,11.8
0,amplitude,00:09:51.5016650,00:09:51.5178556,11.8,12.0
0,amplitude,00:09:51.5178556,00:09:51.5830635,12.0,12.1
0,amplitude,00:09:51.5830635,00:09:51.8348953,12.1,10.8
0,amplitude,00:09:51.8348953,00:09:51.9174928,10.8,13.6
0,amplitude,00:09:51.9174928,00:09:51.9205893,13.6,13.8
0,amplitude,00:09:51.9205893,00:09:51.9346993,13.8,14.5
0,amplitude,00:09:51.9346993,00:09:51.9518749,14.5,14.9
0,amplitude,00:09:51.9518749,00:09:51.9680397,14.9,15.5
0,amplitude,00:09:51.9680397,00:09:51.9858051,15.5,15.8
0,amplitude,00:09:51.9858051,00:09:52.0018929,15.8,16.3
0,amplitude,00:09:52.0018929,00:09:52.0183473,16.3,16.8
0,amplitude,00:09:52.0183473,00:09:52.0354567,16.8,17.1
0,amplitude,00:09:52.0354567,00:09:52.0506134,17.1,17.4
0,amplitude,00:09:52.0506134,00:09:52.0672696,17.4,17.7
0,amplitude,00:09:52.0672696,00:09:52.0823003,17.7,18.0
0,amplitude,00:09:52.0823003,00:09:52.1010877,18.0,18.1
0,amplitude,00:09:52.1010877,00:09:52.1193811,18.1,18.3
0,amplitude,00:09:52.1193811,00:09:52.1361644,18.3,18.5
0,amplitude,00:09:52.1361644,00:09:52.1520995,18.5,18.7
0,amplitude,00:09:52.1520995,00:09:52.1693464,18.7,18.8
0,amplitude,00:09:52.1693464,00:09:52.1842914,18.8,19.1
0,amplitude,00:09:52.1842914,00:09:52.2006566,19.1,19.2
0,amplitude,00:09:52.2006566,00:09:52.2192572,19.2,19.3
0,amplitude,00:09:52.2192572,00:09:52.2348043,19.3,19.4
0,amplitude,00:09:52.2348043,00:09:52.2508887,19.4,19.6
0,amplitude,00:09:52.2508887,00:09:52.2846809,19.6,19.7
0,amplitude,00:09:52.2846809,00:09:52.3167504,19.7,19.8
0,amplitude,00:09:52.3167504,00:09:52.3332555,19.8,20.0
0,amplitude,00:09:52.3332555,00:09:52.3517934,20.0,20.2
0,amplitude,00:09:52.3517934,00:09:52.3695109,20.2,20.3
0,amplitude,00:09:52.3695109,00:09:52.3850825,20.3,20.5
0,amplitude,00:09:52.3850825,00:09:52.4023074,20.5,20.8
0,amplitude,00:09:52.4023074,00:09:52.4181883,20.8,21.1
0,amplitude,00:09:52.4181883,00:09:52.4342114,21.1,21.5
0,amplitude,00:09:52.4342114,00:09:52.4573099,21.5,21.7
0,amplitude,00:09:52.4573099,00:09:52.4774985,21.7,22.0
0,amplitude,00:09:52.4774985,00:09:52.4842004,22.0,22.2
0,amplitude,00:09:52.4842004,00:09:52.5021620,22.2,22.8
0,amplitude,00:09:52.5021620,00:09:52.5165304,22.8,23.1
0,amplitude,00:09:52.5165304,00:09:52.5360073,23.1,23.9
0,amplitude,00:09:52.5360073,00:09:52.5523721,23.9,24.4
0,amplitude,00:09:52.5523721,00:09:52.5664715,24.4,24.5
0,amplitude,00:09:52.5664715,00:09:52.5861342,24.5,25.0
0,amplitude,00:09:52.5861342,00:09:52.6014247,25.0,25.4
0,amplitude,00:09:52.6014247,00:09:52.6188419,25.4,25.5
0,amplitude,00:09:52.6188419,00:09:52.6344935,25.5,25.8
0,amplitude,00:09:52.6344935,00:09:52.6500096,25.8,25.9
0,amplitude,00:09:52.6500096,00:09:52.6675009,25.9,26.0
0,amplitude,00:09:52.6675009,00:09:52.7325635,26.0,26.1
0,amplitude,00:09:52.7325635,00:09:52.8178628,26.1,26.2
0,amplitude,00:09:52.8178628,00:09:53.2012659,26.2,26.4
0,amplitude,00:09:53.2012659,00:09:53.2185254,26.4,26.6
0,amplitude,00:09:53.2185254,00:09:53.2510426,26.6,26.9
0,amplitude,00:09:53.2510426,00:09:53.2677356,26.9,27.1
0,amplitude,00:09:53.2677356,00:09:53.2834268,27.1,27.6
0,amplitude,00:09:53.2834268,00:09:53.3018119,27.6,28.1
0,amplitude,00:09:53.3018119,00:09:53.3181556,28.1,28.4
0,amplitude,00:09:53.3181556,00:09:53.3357086,28.4,28.9
0,amplitude,00:09:53.3357086,00:09:53.3512435,28.9,29.3
0,amplitude,00:09:53.3512435,00:09:53.3685620,29.3,29.5
0,amplitude,00:09:53.3685620,00:09:53.3848314,29.5,29.9
0,amplitude,00:09:53.3848314,00:09:53.4025244,29.9,30.4
0,amplitude,00:09:53.4025244,00:09:53.4180827,30.4,30.9
0,amplitude,00:09:53.4180827,00:09:53.4354011,30.9,31.3
0,amplitude,00:09:53.4354011,00:09:53.4526742,31.3,31.8
0,amplitude,00:09:53.4526742,00:09:53.4688045,31.8,32.8
0,amplitude,00:09:53.4688045,00:09:53.4862098,32.8,33.5
0,amplitude,00:09:53.4862098,00:09:53.5014186,33.5,34.5
0,amplitude,00:09:53.5014186,00:09:53.5175520,34.5,35.2
0,amplitude,00:09:53.5175520,00:09:53.5359878,35.2,37.5
0,amplitude,00:09:53.5359878,00:09:53.5514788,37.5,39.4
0,amplitude,00:09:53.5514788,00:09:53.5693551,39.4,40.8
0,amplitude,00:09:53.5693551,00:09:53.5834143,40.8,42.3
0,amplitude,00:09:53.5834143,00:09:53.6010502,42.3,43.5
0,amplitude,00:09:53.6010502,00:09:53.6178301,43.5,44.7
0,amplitude,00:09:53.6178301,00:09:53.6346633,44.7,45.7
0,amplitude,00:09:53.6346633,00:09:53.6512192,45.7,46.8
0,amplitude,00:09:53.6512192,00:09:53.6679138,46.8,47.5
0,amplitude,00:09:53.6679138,00:09:53.6921758,47.5,48.6
0,amplitude,00:09:53.6921758,00:09:53.7120267,48.6,49.6
0,amplitude,00:09:53.7120267,00:09:53.7180529,49.6,49.8
0,amplitude,00:09:53.7180529,00:09:53.7341762,49.8,50.3
0,amplitude,00:09:53.7341762,00:09:53.7508826,50.3,50.6
0,amplitude,00:09:53.7508826,00:09:53.7670113,50.6,50.9
0,amplitude,00:09:53.7670113,00:09:53.7849238,50.9,51.6
0,amplitude,00:09:53.7849238,00:09:53.8029238,51.6,52.1
0,amplitude,00:09:53.8029238,00:09:53.8200137,52.1,52.7
0,amplitude,00:09:53.8200137,00:09:53.8357797,52.7,53.3
0,amplitude,00:09:53.8357797,00:09:53.8524108,53.3,54.1
0,amplitude,00:09:53.8524108,00:09:53.8678666,54.1,55.2
0,amplitude,00:09:53.8678666,00:09:53.8851776,55.2,56.3
0,amplitude,00:09:53.8851776,00:09:53.9004650,56.3,57.2
0,amplitude,00:09:53.9004650,00:09:53.9185565,57.2,57.8
0,amplitude,00:09:53.9185565,00:09:53.9334242,57.8,58.3
0,amplitude,00:09:53.9334242,00:09:53.9523621,58.3,58.7
0,amplitude,00:09:53.9523621,00:09:53.9667564,58.7,59.1
0,amplitude,00:09:53.9667564,00:09:53.9859783,59.1,59.2
0,amplitude,00:09:53.9859783,00:09:54.0024851,59.2,59.4
0,amplitude,00:09:54.0024851,00:09:54.0188068,59.4,59.5
0,amplitude,00:09:54.0188068,00:09:55.7165665,59.5,59.7
0,amplitude,00:09:55.7165665,00:10:22.9793298,59.7,53.3
0,amplitude,00:10:22.9793298,00:10:23.6719008,53.3,58.5
0,amplitude,00:10:23.6719008,00:10:23.7189917,58.5,53.6
0,amplitude,00:10:23.7189917,00:10:23.7358670,53.6,49.0
0,amplitude,00:10:23.7358670,00:10:23.7509823,49.0,44.0
0,amplitude,00:10:23.7509823,00:10:23.7701988,44.0,39.0
0,amplitude,00:10:23.7701988,00:10:23.7849552,39.0,34.4
0,amplitude,00:10:23.7849552,00:10:23.8027332,34.4,28.4
0,amplitude,00:10:23.8027332,00:10:23.8194945,28.4,26.7
0,amplitude,00:10:23.8194945,00:10:23.8348001,26.7,22.2
0,amplitude,00:10:23.8348001,00:10:23.8524287,22.2,19.7
0,amplitude,00:10:23.8524287,00:10:23.8679168,19.7,17.2
0,amplitude,00:10:23.8679168,00:10:23.8861073,17.2,14.9
0,amplitude,00:10:23.8861073,00:10:23.9025868,14.9,12.5
0,amplitude,00:10:23.9025868,00:10:23.9190224,12.5,10.6
0,amplitude,00:10:23.9190224,00:10:23.9361845,10.6,8.9
0,amplitude,00:10:23.9361845,00:10:23.9505204,8.9,7.8
0,amplitude,00:10:23.9505204,00:10:23.9689017,7.8,6.9
0,amplitude,00:10:23.9689017,00:10:23.9853936,6.9,6.1
0,amplitude,00:10:23.9853936,00:10:24.0007557,6.1,5.2
0,amplitude,00:10:24.0007557,00:10:24.0190174,5.2,4.5
0,amplitude,00:10:24.0190174,00:10:24.0367741,4.5,3.5
0,amplitude,00:10:24.0367741,00:10:24.0504962,3.5,2.3
0,amplitude,00:10:24.0504962,00:10:24.0702544,2.3,0.0
0,frequency,00:05:58.7130951,00:05:58.7616267,0.9,0.8
0,frequency,00:05:58.7628024,00:05:58.7960178,0.8,0.7
0,frequency,00:05:58.7971918,00:05:58.8153626,0.7,0.6
0,frequency,00:05:58.8165422,00:05:58.8620076,0.6,0.5
0,frequency,00:05:58.8631793,00:05:58.8984626,0.5,0.4
0,frequency,00:05:58.8996431,00:05:58.9234567,0.4,0.8
0,frequency,00:05:58.9234567,00:05:59.1345678,0.8,0.7
0,frequency,00:05:59.1345678,00:05:59.5567890,0.7,0.6
0,frequency,00:05:59.5567890,00:05:59.9789012,0.6,0.5
0,frequency,00:05:59.9789012,00:06:00.3901234,0.5,0.4
0,frequency,00:06:00.3901234,00:06:00.8123456,0.4,0.3
0,frequency,00:06:00.8123456,00:06:01.2345678,0.3,0.4
0,offset,00:06:44.5932235,00:06:44.6068715,86.0,61.0
0,offset,00:06:44.6068715,00:06:44.6355169,61.0,55.0
0,offset,00:06:44.6355169,00:06:44.6473370,55.0,52.0
0,offset,00:06:44.6473370,00:06:44.6653403,52.0,48.0
0,offset,00:06:44.6653403,00:06:44.6821964,48.0,45.0
0,offset,00:06:44.6821964,00:06:44.7027966,45.0,42.0
0,offset,00:06:44.7027966,00:06:44.7150900,42.0,40.0
0,offset,00:06:44.7150900,00:06:44.7338765,40.0,38.0
0,offset,00:06:44.7338765,00:06:44.7479991,38.0,37.0
0,offset,00:06:44.7479991,00:06:44.7816649,37.0,36.0
0,offset,00:06:44.7816649,00:06:44.8135624,36.0,35.0
0,offset,00:06:44.8135624,00:06:44.8334171,35.0,34.0
0,offset,00:06:44.8334171,00:06:44.8775159,34.0,33.0
0,offset,00:06:44.8775159,00:06:44.9137717,33.0,32.0
0,offset,00:06:44.9137717,00:06:44.9633692,32.0,31.0
0,offset,00:06:44.9633692,00:06:45.0617754,31.0,30.0
0,offset,00:06:45.0617754,00:06:45.3299042,30.0,29.0
0,offset,00:06:45.3299042,00:06:45.4648626,29.0,28.0
0,offset,00:06:45.4648626,00:06:45.6628575,28.0,30.0
0,offset,00:06:45.6628575,00:06:45.6819332,30.0,33.0
0,offset,00:06:45.6819332,00:06:45.7160200,33.0,34.0
0,offset,00:06:45.7160200,00:06:45.7478527,34.0,35.0
0,offset,00:06:45.7478527,00:06:45.7653690,35.0,36.0
0,offset,00:06:45.7653690,00:06:45.7822258,36.0,37.0
0,offset,00:06:45.7822258,00:06:45.7988494,37.0,38.0
0,offset,00:06:45.7988494,00:06:45.8136615,38.0,39.0
0,offset,00:06:45.8136615,00:06:45.8622121,39.0,40.0
0,offset,00:06:45.8622121,00:06:45.8976567,40.0,41.0
0,offset,00:06:45.8976567,00:06:45.9309411,41.0,42.0
0,offset,00:06:45.9309411,00:06:45.9803017,42.0,43.0
0,offset,00:06:45.9803017,00:07:43.6804893,43.0,42.0
0,offset,00:07:43.6804893,00:07:43.6822563,42.0,36.0
0,offset,00:07:43.6822563,00:07:43.6875124,36.0,33.0
0,offset,00:07:43.6875124,00:07:43.6969237,33.0,29.0
0,offset,00:07:43.6969237,00:07:43.7158192,29.0,30.0
0,offset,00:07:43.7158192,00:07:43.7330858,30.0,29.0
0,offset,00:07:43.7330858,00:07:43.7656676,29.0,28.0
0,offset,00:07:43.7656676,00:07:43.7839994,28.0,26.0
0,offset,00:07:43.7839994,00:07:43.7992899,26.0,25.0
0,offset,00:07:43.7992899,00:07:43.8159911,25.0,24.0
0,offset,00:07:43.8159911,00:07:43.8319048,24.0,23.0
0,offset,00:07:43.8319048,00:07:43.8650479,23.0,22.0
0,offset,00:07:43.8650479,00:07:43.8988549,22.0,21.0
0,offset,00:07:43.8988549,00:08:17.5203597,21.0,25.0
0,offset,00:08:17.5203597,00:08:17.5333457,25.0,32.0
0,offset,00:08:17.5333457,00:08:17.5391195,32.0,34.0
0,offset,00:08:17.5391195,00:08:17.5520120,34.0,36.0
0,offset,00:08:17.5520120,00:08:17.5672675,36.0,39.0
0,offset,00:08:17.5672675,00:08:17.5837291,39.0,41.0
0,offset,00:08:17.5837291,00:08:17.5982743,41.0,44.0
0,offset,00:08:17.5982743,00:08:17.6163382,44.0,47.0
0,offset,00:08:17.6163382,00:08:17.6330728,47.0,50.0
0,offset,00:08:17.6330728,00:08:17.6513994,50.0,52.0
0,offset,00:08:17.6513994,00:08:17.6661557,52.0,54.0
0,offset,00:08:17.6661557,00:08:17.6821760,54.0,56.0
0,offset,00:08:17.6821760,00:08:17.6989563,56.0,58.0
0,offset,00:08:17.6989563,00:08:17.7150213,58.0,60.0
0,offset,00:08:17.7150213,00:08:17.7337495,60.0,61.0
0,offset,00:08:17.7337495,00:08:17.7506191,61.0,63.0
0,offset,00:08:17.7506191,00:08:17.7720302,63.0,65.0
0,offset,00:08:17.7720302,00:08:17.7817638,65.0,66.0
0,offset,00:08:17.7817638,00:08:17.8003177,66.0,67.0
0,offset,00:08:17.8003177,00:08:17.8163783,67.0,68.0
0,offset,00:08:17.8163783,00:08:17.8348479,68.0,69.0
0,offset,00:08:17.8348479,00:08:17.8640251,69.0,70.0
0,offset,00:08:17.8640251,00:08:17.8970928,70.0,71.0
0,offset,00:08:17.8970928,00:08:17.9324009,71.0,72.0
0,offset,00:08:17.9324009,00:08:17.9506469,72.0,73.0
0,offset,00:08:17.9506469,00:08:17.9657889,73.0,74.0
0,offset,00:08:17.9657889,00:08:17.9989341,74.0,75.0
0,offset,00:08:17.9989341,00:08:18.0305193,75.0,76.0
0,offset,00:08:18.0305193,00:08:18.0648596,76.0,77.0
0,offset,00:08:18.0648596,00:08:18.1017510,77.0,78.0
0,offset,00:08:18.1017510,00:08:18.5479884,78.0,79.0
0,offset,00:08:18.5479884,00:08:18.5693861,79.0,80.0
0,offset,00:08:18.5693861,00:08:18.5833668,80.0,81.0
0,offset,00:08:18.5833668,00:08:18.6061806,81.0,82.0
0,offset,00:08:18.6061806,00:08:18.6153948,82.0,83.0
0,offset,00:08:18.6153948,00:08:18.6352073,83.0,85.0
0,offset,00:08:18.6352073,00:08:18.6501607,85.0,86.0
0,offset,00:08:18.6501607,00:08:18.6668263,86.0,87.0
0,offset,00:08:18.6668263,00:08:18.6850864,87.0,88.0
0,offset,00:08:18.6850864,00:08:18.7008269,88.0,89.0
0,offset,00:08:18.7008269,00:08:18.7183715,89.0,90.0
0,offset,00:08:18.7183715,00:08:18.7505834,90.0,91.0
0,offset,00:08:18.7505834,00:08:18.7674177,91.0,92.0
0,offset,00:08:18.7674177,00:08:18.8149040,92.0,93.0
0,offset,00:08:18.8149040,00:08:18.8321978,93.0,94.0
0,offset,00:08:18.8321978,00:08:18.8662968,94.0,95.0
0,offset,00:08:18.8662968,00:08:18.9131596,95.0,96.0
0,offset,00:08:18.9131596,00:08:18.9325266,96.0,97.0
0,offset,00:08:18.9325266,00:08:18.9489230,97.0,98.0
0,offset,00:08:18.9489230,00:08:18.9832635,98.0,99.0
0,offset,00:08:18.9832635,00:08:19.0026593,99.0,101.0
0,offset,00:08:19.0026593,00:08:19.0171998,101.0,102.0
0,offset,00:08:19.0171998,00:08:19.0326956,102.0,103.0
0,offset,00:08:19.0326956,00:08:19.0506926,103.0,105.0
0,offset,00:08:19.0506926,00:08:19.0679488,105.0,108.0
0,offset,00:08:19.0679488,00:08:19.0847320,108.0,109.0
0,offset,00:08:19.0847320,00:08:19.1008608,109.0,110.0
0,offset,00:08:19.1008608,00:08:19.1207350,110.0,111.0
0,offset,00:08:19.1207350,00:08:19.1326785,111.0,112.0
0,offset,00:08:19.1326785,00:08:19.1492842,112.0,114.0
0,offset,00:08:19.1492842,00:08:19.1669518,114.0,115.0
0,offset,00:08:19.1669518,00:08:19.1992885,115.0,116.0
0,offset,00:08:19.1992885,00:08:19.2172077,116.0,117.0
0,offset,00:08:19.2172077,00:08:19.2319491,117.0,118.0
0,offset,00:08:19.2319491,00:08:19.2496921,118.0,119.0
0,offset,00:08:19.2496921,00:08:19.2654039,119.0,120.0
0,offset,00:08:19.2654039,00:08:19.2835394,120.0,122.0
0,offset,00:08:19.2835394,00:08:19.3005569,122.0,123.0
0,offset,00:08:19.3005569,00:08:19.3181003,123.0,124.0
0,offset,00:08:19.3181003,00:08:19.3346045,124.0,125.0
0,offset,00:08:19.3346045,00:08:19.3501278,125.0,126.0
0,offset,00:08:19.3501278,00:08:19.3682609,126.0,128.0
0,offset,00:08:19.3682609,00:08:19.3840898,128.0,129.0
0,offset,00:08:19.3840898,00:08:19.4002343,129.0,130.0
0,offset,00:08:19.4002343,00:08:19.4485136,130.0,131.0
0,offset,00:08:19.4485136,00:08:19.4819464,131.0,132.0
0,offset,00:08:19.4819464,00:08:19.5319402,132.0,133.0
0,offset,00:08:19.5319402,00:08:19.5817387,133.0,134.0
0,offset,00:08:19.5817387,00:08:19.7172335,134.0,135.0
0,offset,00:08:19.7172335,00:08:20.0158735,135.0,134.0
0,offset,00:08:20.0158735,00:08:20.0658702,134.0,133.0
0,offset,00:08:20.0658702,00:08:20.1171664,133.0,132.0
0,offset,00:08:20.1171664,00:08:20.2307861,132.0,131.0
0,offset,00:08:20.2307861,00:08:20.3348626,131.0,130.0
0,offset,00:08:20.3348626,00:08:20.5660820,130.0,129.0
0,offset,00:08:20.5660820,00:08:21.0815296,129.0,130.0
0,offset,00:08:21.0815296,00:08:21.1649766,130.0,131.0
0,offset,00:08:21.1649766,00:08:21.2320023,131.0,132.0
0,offset,00:08:21.2320023,00:08:22.0477315,132.0,133.0
0,offset,00:08:22.0477315,00:08:22.0963835,133.0,134.0
0,offset,00:08:22.0963835,00:08:22.1317412,134.0,135.0
0,offset,00:08:22.1317412,00:08:22.1816953,135.0,136.0
0,offset,00:08:22.1816953,00:08:22.2311565,136.0,137.0
0,offset,00:08:22.2311565,00:09:18.2863811,137.0,133.0
0,offset,00:09:18.2863811,00:09:19.8011932,133.0,123.0
0,offset,00:09:19.8011932,00:09:19.8039899,123.0,121.0
0,offset,00:09:19.8039899,00:09:19.8197988,121.0,116.0
0,offset,00:09:19.8197988,00:09:19.8381144,116.0,112.0
0,offset,00:09:19.8381144,00:09:19.8536374,112.0,109.0
0,offset,00:09:19.8536374,00:09:19.8694024,109.0,105.0
0,offset,00:09:19.8694024,00:09:19.8869276,105.0,103.0
0,offset,00:09:19.8869276,00:09:19.9019960,103.0,101.0
0,offset,00:09:19.9019960,00:09:19.9177658,101.0,99.0
0,offset,00:09:19.9177658,00:09:19.9528718,99.0,98.0
0,offset,00:09:19.9528718,00:09:19.9675503,98.0,96.0
0,offset,00:09:19.9675503,00:09:20.0158022,96.0,95.0
0,offset,00:09:20.0158022,00:09:20.0648907,95.0,94.0
0,offset,00:09:20.0648907,00:09:20.3339710,94.0,93.0
0,offset,00:09:20.3339710,00:09:20.5492153,93.0,92.0
0,offset,00:09:20.5492153,00:09:20.5833184,92.0,91.0
0,offset,00:09:20.5833184,00:09:20.6475163,91.0,90.0
0,offset,00:09:20.6475163,00:09:20.6845731,90.0,89.0
0,offset,00:09:20.6845731,00:09:20.7323482,89.0,88.0
0,offset,00:09:20.7323482,00:09:20.9014545,88.0,89.0
0,offset,00:09:20.9014545,00:09:20.9321362,89.0,90.0
0,offset,00:09:20.9321362,00:09:20.9671311,90.0,91.0
0,offset,00:09:20.9671311,00:09:21.0157669,91.0,92.0
0,offset,00:09:21.0157669,00:09:21.0506300,92.0,93.0
0,offset,00:09:21.0506300,00:09:21.0845623,93.0,94.0
0,offset,00:09:21.0845623,00:09:21.1018629,94.0,95.0
0,offset,00:09:21.1018629,00:09:21.1182747,95.0,96.0
0,offset,00:09:21.1182747,00:09:21.1670227,96.0,97.0
0,offset,00:09:21.1670227,00:09:21.1853009,97.0,98.0
0,offset,00:09:21.1853009,00:09:21.2172217,98.0,99.0
0,offset,00:09:21.2172217,00:09:21.2490117,99.0,100.0
0,offset,00:09:21.2490117,00:09:21.2997299,100.0,101.0
0,offset,00:09:21.2997299,00:09:21.3489429,101.0,102.0
0,offset,00:09:21.3489429,00:09:21.3993918,102.0,103.0
0,offset,00:09:21.3993918,00:09:21.4491911,103.0,104.0
0,offset,00:09:21.4491911,00:09:21.4842847,104.0,105.0
0,offset,00:09:21.4842847,00:09:21.5151152,105.0,106.0
0,offset,00:09:21.5151152,00:09:21.5993931,106.0,107.0
0,offset,00:09:21.5993931,00:09:22.0500756,107.0,108.0
0,phase shift,00:08:08.2742814,00:08:09.1543719,6.126106,5.8992133
0,phase shift,00:08:09.1543719,00:08:09.1551278,5.8992133,5.8817596
0,phase shift,00:08:09.1551278,00:08:09.1694025,5.8817596,5.77704
0,phase shift,00:08:09.1694025,00:08:09.1862755,5.77704,5.6199603
0,phase shift,00:08:09.1862755,00:08:09.2043113,5.6199603,5.323254
0,phase shift,00:08:09.2043113,00:08:09.2211237,5.323254,5.166175
0,phase shift,00:08:09.2211237,00:08:09.2477795,5.166175,5.0265484
0,phase shift,00:08:09.2477795,00:08:09.2548178,5.0265484,4.939282
0,phase shift,00:08:09.2548178,00:08:09.2688940,4.939282,4.8520155
0,phase shift,00:08:09.2688940,00:08:09.2857935,4.8520155,4.747296
0,phase shift,00:08:09.2857935,00:08:09.3020461,4.747296,4.6774826
0,phase shift,00:08:09.3020461,00:08:09.3196244,4.6774826,4.6251225
0,phase shift,00:08:09.3196244,00:08:09.3364041,4.6251225,4.590216
0,phase shift,00:08:09.3364041,00:08:09.3542311,4.590216,4.55531
0,phase shift,00:08:09.3542311,00:08:10.2908715,4.55531,4.485496
0,phase shift,00:08:10.2908715,00:08:10.3058313,4.485496,4.3982296
0,phase shift,00:08:10.3058313,00:08:10.3223599,4.3982296,4.276057
0,phase shift,00:08:10.3223599,00:08:10.3386337,4.276057,4.101524
0,phase shift,00:08:10.3386337,00:08:10.3556485,4.101524,3.9095378
0,phase shift,00:08:10.3556485,00:08:10.3711875,3.9095378,3.7524579
0,phase shift,00:08:10.3711875,00:08:10.3884987,3.7524579,3.6128316
0,phase shift,00:08:10.3884987,00:08:10.4029444,3.6128316,3.4732053
0,phase shift,00:08:10.4029444,00:08:10.4201308,3.4732053,3.3684857
0,phase shift,00:08:10.4201308,00:08:10.4352562,3.3684857,3.281219
0,phase shift,00:08:10.4352562,00:08:10.4534087,3.281219,3.2288592
0,phase shift,00:08:10.4534087,00:08:10.4700276,3.2288592,3.211406
0,phase shift,00:08:10.4700276,00:08:10.4865511,3.211406,3.1764994
0,phase shift,00:08:10.4865511,00:08:10.5014115,3.1764994,3.159046
0,phase shift,00:08:10.5014115,00:08:10.5228520,3.159046,3.1241393
0,phase shift,00:08:10.5228520,00:08:10.5363825,3.1241393,3.106686
0,phase shift,00:08:10.5363825,00:08:10.5544789,3.106686,3.089233
0,phase shift,00:08:10.5544789,00:08:10.5774492,3.089233,3.0717795
0,phase shift,00:08:10.5774492,00:08:10.6010426,3.0717795,3.0543263
1,amplitude,00:05:13.1329533,00:05:13.1443923,0.1,5.1
1,amplitude,00:05:13.1443923,00:05:13.2066636,5.1,8.0
1,amplitude,00:05:13.2066636,00:05:13.2139704,8.0,8.5
1,amplitude,00:05:13.2139704,00:05:13.2252152,8.5,9.2
1,amplitude,00:05:13.2252152,00:05:13.2398142,9.2,10.1
1,amplitude,00:05:13.2398142,00:05:13.2581235,10.1,10.9
1,amplitude,00:05:13.2581235,00:05:13.2741923,10.9,11.7
1,amplitude,00:05:13.2741923,00:05:13.2951594,11.7,12.6
1,amplitude,00:05:13.2951594,00:05:13.3097023,12.6,12.9
1,amplitude,00:05:13.3097023,00:05:13.3262033,12.9,13.4
1,amplitude,00:05:13.3262033,00:05:13.3406552,13.4,13.6
1,amplitude,00:05:13.3406552,00:05:13.3576664,13.6,13.8
1,amplitude,00:05:13.3576664,00:05:13.3761726,13.8,14.3
1,amplitude,00:05:13.3761726,00:05:13.3920517,14.3,14.8
1,amplitude,00:05:13.3920517,00:05:13.4085721,14.8,15.2
1,amplitude,00:05:13.4085721,00:05:13.4240090,15.2,15.3
1,amplitude,00:05:13.4240090,00:05:13.4420457,15.3,15.4
1,amplitude,00:05:13.4420457,00:05:13.4604827,15.4,15.7
1,amplitude,00:05:13.4604827,00:05:13.4742188,15.7,15.8
1,amplitude,00:05:13.4742188,00:05:13.4919516,15.8,16.0
1,amplitude,00:05:13.4919516,00:05:13.5552666,16.0,16.2
1,amplitude,00:05:13.5552666,00:05:13.5735513,16.2,16.3
1,amplitude,00:05:13.5735513,00:05:25.4091169,16.3,0.0
1,amplitude,00:05:25.4091169,00:05:28.7279077,0.0,5.0
1,amplitude,00:05:28.7279077,00:05:28.7917111,5.0,8.5
1,amplitude,00:05:28.7917111,00:05:28.8083536,8.5,11.2
1,amplitude,00:05:28.8083536,00:05:28.8251255,11.2,13.8
1,amplitude,00:05:28.8251255,00:05:28.8455335,13.8,16.6
1,amplitude,00:05:28.8455335,00:05:28.8612616,16.6,19.1
1,amplitude,00:05:28.8612616,00:05:28.8783839,19.1,21.1
1,amplitude,00:05:28.8783839,00:05:28.8932356,21.1,23.1
1,amplitude,00:05:28.8932356,00:05:28.9102745,23.1,24.3
1,amplitude,00:05:28.9102745,00:05:28.9309047,24.3,25.5
1,amplitude,00:05:28.9309047,00:05:28.9456663,25.5,25.8
1,amplitude,00:05:28.9456663,00:05:28.9610227,25.8,26.1
1,amplitude,00:05:28.9610227,00:05:28.9768165,26.1,26.2
1,amplitude,00:05:28.9768165,00:05:28.9943611,26.2,26.5
1,amplitude,00:05:28.9943611,00:05:29.0103292,26.5,26.6
1,amplitude,00:05:29.0103292,00:05:29.3884928,26.6,26.5
1,amplitude,00:05:29.3884928,00:05:29.4072437,26.5,26.2
1,amplitude,00:05:29.4072437,00:05:29.4556328,26.2,26.0
1,amplitude,00:05:29.4556328,00:05:29.4916929,26.0,25.8
1,amplitude,00:05:29.4916929,00:05:29.5263517,25.8,25.5
1,amplitude,00:05:29.5263517,00:05:29.5430033,25.5,25.4
1,amplitude,00:05:29.5430033,00:05:29.5605071,25.4,25.3
1,amplitude,00:05:29.5605071,00:05:29.5753509,25.3,25.1
1,amplitude,00:05:29.5753509,00:05:29.5940903,25.1,25.0
1,amplitude,00:05:29.5940903,00:05:29.6244638,25.0,24.9
1,amplitude,00:05:29.6244638,00:05:29.6451635,24.9,24.8
1,amplitude,00:05:29.6451635,00:06:08.1805880,24.8,21.9
1,amplitude,00:06:08.1805880,00:06:28.7634585,21.9,25.9
1,amplitude,00:06:28.7634585,00:06:28.7774756,25.9,33.5
1,amplitude,00:06:28.7774756,00:06:28.8261979,33.5,36.9
1,amplitude,00:06:28.8261979,00:06:28.8343142,36.9,37.4
1,amplitude,00:06:28.8343142,00:06:28.8470039,37.4,37.9
1,amplitude,00:06:28.8470039,00:06:28.8598151,37.9,38.8
1,amplitude,00:06:28.8598151,00:06:28.8792339,38.8,40.3
1,amplitude,00:06:28.8792339,00:06:28.8954982,40.3,40.7
1,amplitude,00:06:28.8954982,00:06:28.9127219,40.7,41.7
1,amplitude,00:06:28.9127219,00:06:28.9282825,41.7,42.3
1,amplitude,00:06:28.9282825,00:06:28.9441992,42.3,42.8
1,amplitude,00:06:28.9441992,00:06:28.9603931,42.8,43.1
1,amplitude,00:06:28.9603931,00:06:28.9791691,43.1,43.5
1,amplitude,00:06:28.9791691,00:06:28.9939045,43.5,43.9
1,amplitude,00:06:28.9939045,00:06:29.0091634,43.9,44.4
1,amplitude,00:06:29.0091634,00:06:29.0249784,44.4,44.6
1,amplitude,00:06:29.0249784,00:06:29.1277574,44.6,44.7
1,amplitude,00:06:29.1277574,00:06:29.1521130,44.7,45.0
1,amplitude,00:06:29.1521130,00:06:29.1955496,45.0,45.1
1,amplitude,00:06:29.1955496,00:06:29.2122819,45.1,45.2
1,amplitude,00:06:29.2122819,00:06:29.2283758,45.2,45.4
1,amplitude,00:06:29.2283758,00:06:29.2627389,45.4,45.6
1,amplitude,00:06:29.2627389,00:06:29.2764965,45.6,45.7
1,amplitude,00:06:29.2764965,00:06:29.3095943,45.7,45.8
1,amplitude,00:06:29.3095943,00:06:29.3292144,45.8,45.9
1,amplitude,00:06:29.3292144,00:06:29.3573653,45.9,46.1
1,amplitude,00:06:29.3573653,00:06:29.3914355,46.1,46.2
1,amplitude,00:06:29.3914355,00:06:29.4281316,46.2,46.3
1,amplitude,00:06:29.4281316,00:06:29.5113544,46.3,46.4
1,amplitude,00:06:29.5113544,00:06:56.5365241,46.4,47.3
1,amplitude,00:06:56.5365241,00:06:56.5510715,47.3,32.6
1,amplitude,00:06:56.5510715,00:06:56.5795384,32.6,28.1
1,amplitude,00:06:56.5795384,00:06:56.5950947,28.1,25.3
1,amplitude,00:06:56.5950947,00:06:56.6106389,25.3,23.2
1,amplitude,00:06:56.6106389,00:06:56.6285325,23.2,19.6
1,amplitude,00:06:56.6285325,00:06:56.6462343,19.6,16.3
1,amplitude,00:06:56.6462343,00:06:56.6601622,16.3,14.1
1,amplitude,00:06:56.6601622,00:06:56.6769483,14.1,12.0
1,amplitude,00:06:56.6769483,00:06:56.6970030,12.0,10.6
1,amplitude,00:06:56.6970030,00:06:56.7115483,10.6,8.3
1,amplitude,00:06:56.7115483,00:06:56.7300367,8.3,6.6
1,amplitude,00:06:56.7300367,00:06:56.7453881,6.6,5.1
1,amplitude,00:06:56.7453881,00:06:56.7625088,5.1,3.9
1,amplitude,00:06:56.7625088,00:06:56.7811887,3.9,3.1
1,amplitude,00:06:56.7811887,00:06:56.7942469,3.1,2.3
1,amplitude,00:06:56.7942469,00:06:56.8125599,2.3,1.1
1,amplitude,00:06:56.8125599,00:06:56.8304064,1.1,0.6
1,amplitude,00:06:56.8304064,00:06:56.8471720,0.6,0.1
1,amplitude,00:06:56.8471720,00:06:56.8621682,0.1,0.0
1,amplitude,00:06:56.8621682,00:06:59.3098276,0.0,0.2
1,amplitude,00:06:59.3098276,00:06:59.3290918,0.2,1.6
1,amplitude,00:06:59.3290918,00:06:59.3459661,1.6,3.8
1,amplitude,00:06:59.3459661,00:06:59.3613071,3.8,5.0
1,amplitude,00:06:59.3613071,00:06:59.3788832,5.0,6.3
1,amplitude,00:06:59.3788832,00:06:59.3962049,6.3,7.4
1,amplitude,00:06:59.3962049,00:06:59.4112843,7.4,8.5
1,amplitude,00:06:59.4112843,00:06:59.4257650,8.5,9.2
1,amplitude,00:06:59.4257650,00:06:59.4445132,9.2,10.1
1,amplitude,00:06:59.4445132,00:06:59.4632430,10.1,10.8
1,amplitude,00:06:59.4632430,00:06:59.4807799,10.8,12.4
1,amplitude,00:06:59.4807799,00:06:59.4941508,12.4,12.8
1,amplitude,00:06:59.4941508,00:06:59.5137937,12.8,13.6
1,amplitude,00:06:59.5137937,00:06:59.5297688,13.6,14.9
1,amplitude,00:06:59.5297688,00:06:59.5469992,14.9,15.4
1,amplitude,00:06:59.5469992,00:06:59.5636277,15.4,16.6
1,amplitude,00:06:59.5636277,00:06:59.5784837,16.6,17.7
1,amplitude,00:06:59.5784837,00:06:59.5964303,17.7,18.7
1,amplitude,00:06:59.5964303,00:06:59.6128317,18.7,19.6
1,amplitude,00:06:59.6128317,00:06:59.6301440,19.6,19.9
1,amplitude,00:06:59.6301440,00:06:59.6460910,19.9,20.9
1,amplitude,00:06:59.6460910,00:06:59.6618912,20.9,21.0
1,amplitude,00:06:59.6618912,00:06:59.6796499,21.0,21.5
1,amplitude,00:06:59.6796499,00:06:59.6942047,21.5,21.7
1,amplitude,00:06:59.6942047,00:06:59.7123126,21.7,22.2
1,amplitude,00:06:59.7123126,00:06:59.7273025,22.2,22.8
1,amplitude,00:06:59.7273025,00:06:59.7434281,22.8,23.4
1,amplitude,00:06:59.7434281,00:06:59.7631851,23.4,24.2
1,amplitude,00:06:59.7631851,00:06:59.7782724,24.2,25.0
1,amplitude,00:06:59.7782724,00:06:59.7944322,25.0,25.9
1,amplitude,00:06:59.7944322,00:06:59.8135287,25.9,26.7
1,amplitude,00:06:59.8135287,00:06:59.8300517,26.7,27.3
1,amplitude,00:06:59.8300517,00:06:59.8474100,27.3,28.3
1,amplitude,00:06:59.8474100,00:06:59.8625674,28.3,28.4
1,amplitude,00:06:59.8625674,00:06:59.8807427,28.4,28.9
1,amplitude,00:06:59.8807427,00:06:59.8948450,28.9,29.0
1,amplitude,00:06:59.8948450,00:06:59.9123348,29.0,29.2
1,amplitude,00:06:59.9123348,00:06:59.9463174,29.2,29.3
1,amplitude,00:06:59.9463174,00:06:59.9628736,29.3,29.4
1,amplitude,00:06:59.9628736,00:06:59.9935296,29.4,29.5
1,amplitude,00:06:59.9935296,00:07:00.0432096,29.5,29.8
1,amplitude,00:07:00.0432096,00:07:00.1097887,29.8,29.9
1,amplitude,00:07:00.1097887,00:07:00.1608270,29.9,30.0
1,amplitude,00:07:00.1608270,00:07:00.3256740,30.0,30.1
1,amplitude,00:07:00.3256740,00:07:02.3784071,30.1,30.3
1,amplitude,00:07:02.3784071,00:07:02.4777628,30.3,33.3
1,amplitude,00:07:02.4777628,00:07:02.4843989,33.3,33.7
1,amplitude,00:07:02.4843989,00:07:02.4957239,33.7,34.1
1,amplitude,00:07:02.4957239,00:07:02.5165750,34.1,35.2
1,amplitude,00:07:02.5165750,00:07:02.5288254,35.2,36.0
1,amplitude,00:07:02.5288254,00:07:02.5545701,36.0,36.6
1,amplitude,00:07:02.5545701,00:07:02.5629481,36.6,36.8
1,amplitude,00:07:02.5629481,00:07:02.5786407,36.8,37.2
1,amplitude,00:07:02.5786407,00:07:02.5949889,37.2,37.3
1,amplitude,00:07:02.5949889,00:07:02.6119336,37.3,37.7
1,amplitude,00:07:02.6119336,00:07:02.6430104,37.7,37.8
1,amplitude,00:07:02.6430104,00:07:02.6623897,37.8,37.9
1,amplitude,00:07:02.6623897,00:07:02.6968736,37.9,38.0
1,amplitude,00:07:02.6968736,00:07:02.7215786,38.0,38.2
1,amplitude,00:07:02.7215786,00:07:02.7276667,38.2,38.4
1,amplitude,00:07:02.7276667,00:07:02.7461499,38.4,38.6
1,amplitude,00:07:02.7461499,00:07:02.7609071,38.6,39.0
1,amplitude,00:07:02.7609071,00:07:02.7776380,39.0,39.1
1,amplitude,00:07:02.7776380,00:07:02.7971022,39.1,39.6
1,amplitude,00:07:02.7971022,00:07:02.8130300,39.6,39.7
1,amplitude,00:07:02.8130300,00:07:02.8301411,39.7,39.9
1,amplitude,00:07:02.8301411,00:07:02.8505319,39.9,40.2
1,amplitude,00:07:02.8505319,00:07:02.8617241,40.2,40.3
1,amplitude,00:07:02.8617241,00:07:02.8781263,40.3,40.5
1,amplitude,00:07:02.8781263,00:07:02.8962339,40.5,40.6
1,amplitude,00:07:02.8962339,00:07:02.9286864,40.6,40.8
1,amplitude,00:07:02.9286864,00:07:02.9433644,40.8,41.0
1,amplitude,00:07:02.9433644,00:07:02.9615426,41.0,41.2
1,amplitude,00:07:02.9615426,00:07:02.9772164,41.2,41.3
1,amplitude,00:07:02.9772164,00:07:02.9954297,41.3,41.4
1,amplitude,00:07:02.9954297,00:07:03.0136950,41.4,41.7
1,amplitude,00:07:03.0136950,00:07:03.0287466,41.7,41.9
1,amplitude,00:07:03.0287466,00:07:03.0467218,41.9,42.4
1,amplitude,00:07:03.0467218,00:07:03.0632308,42.4,43.3
1,amplitude,00:07:03.0632308,00:07:03.0810913,43.3,43.9
1,amplitude,00:07:03.0810913,00:07:03.1035276,43.9,44.4
1,amplitude,00:07:03.1035276,00:07:03.1108568,44.4,44.5
1,amplitude,00:07:03.1108568,00:07:03.1305023,44.5,44.8
1,amplitude,00:07:03.1305023,00:07:03.1466957,44.8,45.1
1,amplitude,00:07:03.1466957,00:07:03.1629338,45.1,45.2
1,amplitude,00:07:03.1629338,00:07:03.5094139,45.2,45.3
1,amplitude,00:07:03.5094139,00:07:03.5406227,45.3,45.4
1,amplitude,00:07:03.5406227,00:07:11.1380819,45.4,43.7
1,amplitude,00:07:11.1380819,00:07:11.2287654,43.7,39.2
1,amplitude,00:07:11.2287654,00:07:11.2459879,39.2,35.6
1,amplitude,00:07:11.2459879,00:07:11.2619335,35.6,32.0
1,amplitude,00:07:11.2619335,00:07:11.2815966,32.0,28.4
1,amplitude,00:07:11.2815966,00:07:11.2955136,28.4,25.4
1,amplitude,00:07:11.2955136,00:07:11.3139299,25.4,22.5
1,amplitude,00:07:11.3139299,00:07:11.3307013,22.5,19.3
1,amplitude,00:07:11.3307013,00:07:11.3476623,19.3,17.9
1,amplitude,00:07:11.3476623,00:07:11.3619572,17.9,17.1
1,amplitude,00:07:11.3619572,00:07:11.3801641,17.1,15.9
1,amplitude,00:07:11.3801641,00:07:11.3957381,15.9,14.5
1,amplitude,00:07:11.3957381,00:07:11.4119836,14.5,13.8
1,amplitude,00:07:11.4119836,00:07:11.4294782,13.8,12.8
1,amplitude,00:07:11.4294782,00:07:11.4472271,12.8,12.4
1,amplitude,00:07:11.4472271,00:07:11.4625283,12.4,11.7
1,amplitude,00:07:11.4625283,00:07:11.4788380,11.7,11.3
1,amplitude,00:07:11.4788380,00:07:11.4938813,11.3,11.0
1,amplitude,00:07:11.4938813,00:07:11.5100238,11.0,10.9
1,amplitude,00:07:11.5100238,00:07:11.5280393,10.9,10.7
1,amplitude,00:07:11.5280393,00:07:11.5445387,10.7,10.6
1,amplitude,00:07:11.5445387,00:07:11.5615540,10.6,10.3
1,amplitude,00:07:11.5615540,00:07:11.5922596,10.3,10.2
1,amplitude,00:07:11.5922596,00:07:11.6123100,10.2,10.1
1,amplitude,00:07:11.6123100,00:07:11.6489009,10.1,10.0
1,amplitude,00:07:11.6489009,00:07:11.6636539,10.0,9.7
1,amplitude,00:07:11.6636539,00:07:11.6797754,9.7,9.6
1,amplitude,00:07:11.6797754,00:07:11.6951210,9.6,9.5
1,amplitude,00:07:11.6951210,00:07:11.7129599,9.5,9.3
1,amplitude,00:07:11.7129599,00:07:11.7438345,9.3,9.1
1,amplitude,00:07:11.7438345,00:07:11.7648474,9.1,9.0
1,amplitude,00:07:11.7648474,00:07:11.7774593,9.0,8.7
1,amplitude,00:07:11.7774593,00:07:11.7949899,8.7,8.5
1,amplitude,00:07:11.7949899,00:07:11.8243784,8.5,8.4
1,amplitude,00:07:11.8243784,00:07:11.8467295,8.4,8.3
1,amplitude,00:07:11.8467295,00:07:11.8783195,8.3,8.1
1,amplitude,00:07:11.8783195,00:07:11.9119760,8.1,8.0
1,amplitude,00:07:11.9119760,00:07:11.9303319,8.0,7.9
1,amplitude,00:07:11.9303319,00:07:12.0794638,7.9,7.8
1,amplitude,00:07:12.0794638,00:07:12.0975345,7.8,7.6
1,amplitude,00:07:12.0975345,00:07:12.1285191,7.6,7.5
1,amplitude,00:07:12.1285191,00:07:12.1467352,7.5,7.4
1,amplitude,00:07:12.1467352,00:07:12.1924363,7.4,7.2
1,amplitude,00:07:12.1924363,00:07:12.2119467,7.2,7.0
1,amplitude,00:07:12.2119467,00:07:12.2299392,7.0,6.9
1,amplitude,00:07:12.2299392,00:07:12.2461381,6.9,6.8
1,amplitude,00:07:12.2461381,00:07:12.2633483,6.8,6.6
1,amplitude,00:07:12.2633483,00:07:12.2808099,6.6,6.4
1,amplitude,00:07:12.2808099,00:07:12.3006697,6.4,6.3
1,amplitude,00:07:12.3006697,00:07:12.3149055,6.3,6.2
1,amplitude,00:07:12.3149055,00:07:12.3260366,6.2,6.1
1,amplitude,00:07:12.3260366,00:07:12.3487106,6.1,5.8
1,amplitude,00:07:12.3487106,00:07:12.3612640,5.8,5.7
1,amplitude,00:07:12.3612640,00:07:12.3791456,5.7,5.6
1,amplitude,00:07:12.3791456,00:07:12.3941384,5.6,5.3
1,amplitude,00:07:12.3941384,00:07:12.4109678,5.3,5.2
1,amplitude,00:07:12.4109678,00:07:12.4303658,5.2,5.0
1,amplitude,00:07:12.4303658,00:07:12.4468896,5.0,4.7
1,amplitude,00:07:12.4468896,00:07:12.4634104,4.7,4.5
1,amplitude,00:07:12.4634104,00:07:12.4788871,4.5,4.1
1,amplitude,00:07:12.4788871,00:07:12.4954740,4.1,3.9
1,amplitude,00:07:12.4954740,00:07:12.5151838,3.9,3.8
1,amplitude,00:07:12.5151838,00:07:12.5279204,3.8,3.4
1,amplitude,00:07:12.5279204,00:07:12.5460652,3.4,3.1
1,amplitude,00:07:12.5460652,00:07:12.5715156,3.1,2.8
1,amplitude,00:07:12.5715156,00:07:12.5786224,2.8,2.4
1,amplitude,00:07:12.5786224,00:07:12.5945108,2.4,1.8
1,amplitude,00:07:12.5945108,00:07:12.6138242,1.8,1.2
1,amplitude,00:07:12.6138242,00:07:12.6321003,1.2,0.4
1,amplitude,00:07:12.6321003,00:07:12.6469062,0.4,0.0
1,amplitude,00:07:12.6469062,00:10:02.4206375,0.0,5.5
1,amplitude,00:10:02.4206375,00:10:02.4228890,5.5,14.2
1,amplitude,00:10:02.4228890,00:10:02.4824314,14.2,17.6
1,amplitude,00:10:02.4824314,00:10:02.4901993,17.6,18.1
1,amplitude,00:10:02.4901993,00:10:02.5007658,18.1,18.5
1,amplitude,00:10:02.5007658,00:10:02.5141662,18.5,18.9
1,amplitude,00:10:02.5141662,00:10:02.5303362,18.9,19.8
1,amplitude,00:10:02.5303362,00:10:02.5467868,19.8,20.3
1,amplitude,00:10:02.5467868,00:10:02.5637309,20.3,20.7
1,amplitude,00:10:02.5637309,00:10:02.5803783,20.7,20.9
1,amplitude,00:10:02.5803783,00:10:02.5967606,20.9,21.1
1,amplitude,00:10:02.5967606,00:10:02.6154640,21.1,21.4
1,amplitude,00:10:02.6154640,00:10:02.6314804,21.4,21.5
1,amplitude,00:10:02.6314804,00:10:02.6497277,21.5,21.7
1,amplitude,00:10:02.6497277,00:10:02.6983802,21.7,21.9
1,amplitude,00:10:02.6983802,00:10:02.7177015,21.9,22.0
1,amplitude,00:10:02.7177015,00:10:02.7471951,22.0,22.1
1,amplitude,00:10:02.7471951,00:10:02.7676441,22.1,22.4
1,amplitude,00:10:02.7676441,00:10:02.7818499,22.4,22.5
1,amplitude,00:10:02.7818499,00:10:02.8005455,22.5,22.7
1,amplitude,00:10:02.8005455,00:10:02.8151494,22.7,22.8
1,amplitude,00:10:02.8151494,00:10:02.8333733,22.8,23.0
1,amplitude,00:10:02.8333733,00:10:02.8485664,23.0,23.4
1,amplitude,00:10:02.8485664,00:10:02.8649732,23.4,23.8
1,amplitude,00:10:02.8649732,00:10:02.8802188,23.8,24.2
1,amplitude,00:10:02.8802188,00:10:02.8982699,24.2,24.4
1,amplitude,00:10:02.8982699,00:10:02.9154640,24.4,24.8
1,amplitude,00:10:02.9154640,00:10:02.9328908,24.8,24.9
1,amplitude,00:10:02.9328908,00:10:02.9496143,24.9,25.1
1,amplitude,00:10:02.9496143,00:10:02.9660562,25.1,25.3
1,amplitude,00:10:02.9660562,00:10:02.9835188,25.3,25.4
1,amplitude,00:10:02.9835188,00:10:02.9989505,25.4,25.5
1,amplitude,00:10:02.9989505,00:10:03.0647366,25.5,25.6
1,amplitude,00:10:03.0647366,00:10:03.1158272,25.6,25.8
1,amplitude,00:10:03.1158272,00:10:03.1789893,25.8,25.9
1,amplitude,00:10:03.1789893,00:10:03.2119112,25.9,26.0
1,amplitude,00:10:03.2119112,00:10:03.2316889,26.0,26.1
1,amplitude,00:10:03.2316889,00:10:03.2483870,26.1,26.2
1,amplitude,00:10:03.2483870,00:10:03.2686965,26.2,26.5
1,amplitude,00:10:03.2686965,00:10:03.2813441,26.5,26.6
1,amplitude,00:10:03.2813441,00:10:03.2993618,26.6,26.9
1,amplitude,00:10:03.2993618,00:10:03.3173924,26.9,27.3
1,amplitude,00:10:03.3173924,00:10:03.3334777,27.3,27.5
1,amplitude,00:10:03.3334777,00:10:03.3505012,27.5,27.9
1,amplitude,00:10:03.3505012,00:10:03.3649316,27.9,28.2
1,amplitude,00:10:03.3649316,00:10:03.3836249,28.2,28.4
1,amplitude,00:10:03.3836249,00:10:03.3997695,28.4,28.7
1,amplitude,00:10:03.3997695,00:10:03.4158000,28.7,28.9
1,amplitude,00:10:03.4158000,00:10:03.4327289,28.9,29.0
1,amplitude,00:10:03.4327289,00:10:03.4501856,29.0,29.3
1,amplitude,00:10:03.4501856,00:10:03.4660973,29.3,29.5
1,amplitude,00:10:03.4660973,00:10:03.4829631,29.5,29.8
1,amplitude,00:10:03.4829631,00:10:03.4966681,29.8,30.1
1,amplitude,00:10:03.4966681,00:10:03.5128266,30.1,30.5
1,amplitude,00:10:03.5128266,00:10:03.5333849,30.5,31.0
1,amplitude,00:10:03.5333849,00:10:03.5519308,31.0,31.7
1,amplitude,00:10:03.5519308,00:10:03.5659884,31.7,32.3
1,amplitude,00:10:03.5659884,00:10:03.5853837,32.3,33.3
1,amplitude,00:10:03.5853837,00:10:03.5982107,33.3,33.5
1,amplitude,00:10:03.5982107,00:10:03.6163862,33.5,34.0
1,amplitude,00:10:03.6163862,00:10:03.6333506,34.0,34.4
1,amplitude,00:10:03.6333506,00:10:03.6498550,34.4,34.9
1,amplitude,00:10:03.6498550,00:10:03.6670529,34.9,35.4
1,amplitude,00:10:03.6670529,00:10:03.6869729,35.4,36.0
1,amplitude,00:10:03.6869729,00:10:03.6982117,36.0,36.3
1,amplitude,00:10:03.6982117,00:10:03.7178181,36.3,36.5
1,amplitude,00:10:03.7178181,00:10:03.7330865,36.5,36.8
1,amplitude,00:10:03.7330865,00:10:03.7490723,36.8,36.9
1,amplitude,00:10:03.7490723,00:10:03.7657255,36.9,37.2
1,amplitude,00:10:03.7657255,00:10:03.7831929,37.2,37.3
1,amplitude,00:10:03.7831929,00:10:03.7973158,37.3,37.4
1,amplitude,00:10:03.7973158,00:10:03.8130301,37.4,37.5
1,amplitude,00:10:03.8130301,00:10:03.8471866,37.5,37.7
1,amplitude,00:10:03.8471866,00:10:03.9799140,37.7,37.8
1,amplitude,00:10:03.9799140,00:10:04.1288476,37.8,37.9
1,amplitude,00:10:04.1288476,00:10:04.7627190,37.9,38.0
1,amplitude,00:10:04.7627190,00:10:04.7809139,38.0,38.2
1,amplitude,00:10:04.7809139,00:10:04.7989334,38.2,38.3
1,amplitude,00:10:04.7989334,00:10:04.8163377,38.3,38.4
1,amplitude,00:10:04.8163377,00:10:04.8348293,38.4,38.8
1,amplitude,00:10:04.8348293,00:10:04.8668888,38.8,39.0
1,amplitude,00:10:04.8668888,00:10:04.8886309,39.0,39.7
1,amplitude,00:10:04.8886309,00:10:04.8986391,39.7,40.0
1,amplitude,00:10:04.8986391,00:10:04.9169343,40.0,40.7
1,amplitude,00:10:04.9169343,00:10:04.9333363,40.7,41.3
1,amplitude,00:10:04.9333363,00:10:04.9497522,41.3,41.8
1,amplitude,00:10:04.9497522,00:10:04.9639216,41.8,42.2
1,amplitude,00:10:04.9639216,00:10:04.9839791,42.2,43.0
1,amplitude,00:10:04.9839791,00:10:04.9984076,43.0,44.5
1,amplitude,00:10:04.9984076,00:10:05.0147990,44.5,45.4
1,amplitude,00:10:05.0147990,00:10:05.0313385,45.4,46.3
1,amplitude,00:10:05.0313385,00:10:05.0483119,46.3,47.3
1,amplitude,00:10:05.0483119,00:10:05.0681498,47.3,48.0
1,amplitude,00:10:05.0681498,00:10:05.0805024,48.0,49.0
1,amplitude,00:10:05.0805024,00:10:05.0970139,49.0,49.7
1,amplitude,00:10:05.0970139,00:10:05.1159434,49.7,50.2
1,amplitude,00:10:05.1159434,00:10:05.1335684,50.2,50.6
1,amplitude,00:10:05.1335684,00:10:05.1493235,50.6,50.9
1,amplitude,00:10:05.1493235,00:10:05.1679632,50.9,51.2
1,amplitude,00:10:05.1679632,00:10:05.1828097,51.2,51.4
1,amplitude,00:10:05.1828097,00:10:05.1982642,51.4,51.5
1,amplitude,00:10:05.1982642,00:10:05.2160582,51.5,51.8
1,amplitude,00:10:05.2160582,00:10:05.2486025,51.8,51.9
1,amplitude,00:10:05.2486025,00:10:05.3176335,51.9,52.0
1,amplitude,00:10:05.3176335,00:10:05.4620296,52.0,52.1
1,amplitude,00:10:05.4620296,00:10:05.5973035,52.1,52.3
1,amplitude,00:10:05.5973035,00:10:05.7803339,52.3,52.4
1,amplitude,00:10:05.7803339,00:10:06.0304990,52.4,52.5
1,amplitude,00:10:06.0304990,00:10:06.2309518,52.5,52.3
1,amplitude,00:10:06.2309518,00:10:06.2480443,52.3,50.3
1,amplitude,00:10:06.2480443,00:10:06.2610159,50.3,44.8
1,amplitude,00:10:06.2610159,00:10:06.2798721,44.8,41.4
1,amplitude,00:10:06.2798721,00:10:06.2972625,41.4,38.0
1,amplitude,00:10:06.2972625,00:10:06.3239774,38.0,33.5
1,amplitude,00:10:06.3239774,00:10:06.3370138,33.5,31.0
1,amplitude,00:10:06.3370138,00:10:06.3486698,31.0,29.8
1,amplitude,00:10:06.3486698,00:10:06.3666871,29.8,26.1
1,amplitude,00:10:06.3666871,00:10:06.3822144,26.1,24.9
1,amplitude,00:10:06.3822144,00:10:06.3992405,24.9,22.8
1,amplitude,00:10:06.3992405,00:10:06.4150877,22.8,21.1
1,amplitude,00:10:06.4150877,00:10:06.4354085,21.1,19.7
1,amplitude,00:10:06.4354085,00:10:06.4507864,19.7,17.5
1,amplitude,00:10:06.4507864,00:10:06.4664150,17.5,16.3
1,amplitude,00:10:06.4664150,00:10:06.4834775,16.3,15.7
1,amplitude,00:10:06.4834775,00:10:06.5006351,15.7,14.2
1,amplitude,00:10:06.5006351,00:10:06.5175450,14.2,13.6
1,amplitude,00:10:06.5175450,00:10:06.5312715,13.6,12.5
1,amplitude,00:10:06.5312715,00:10:06.5486975,12.5,12.0
1,amplitude,00:10:06.5486975,00:10:06.5638573,12.0,11.3
1,amplitude,00:10:06.5638573,00:10:06.5811395,11.3,10.8
1,amplitude,00:10:06.5811395,00:10:06.5977609,10.8,10.3
1,amplitude,00:10:06.5977609,00:10:06.6154594,10.3,9.8
1,amplitude,00:10:06.6154594,00:10:06.6302881,9.8,9.3
1,amplitude,00:10:06.6302881,00:10:06.6500131,9.3,8.9
1,amplitude,00:10:06.6500131,00:10:06.6656688,8.9,8.5
1,amplitude,00:10:06.6656688,00:10:06.6828503,8.5,8.0
1,amplitude,00:10:06.6828503,00:10:06.6992964,8.0,7.6
1,amplitude,00:10:06.6992964,00:10:06.7163703,7.6,7.2
1,amplitude,00:10:06.7163703,00:10:06.7328323,7.2,6.6
1,amplitude,00:10:06.7328323,00:10:06.7490322,6.6,5.6
1,amplitude,00:10:06.7490322,00:10:06.7701038,5.6,4.7
1,amplitude,00:10:06.7701038,00:10:06.7843096,4.7,4.1
1,amplitude,00:10:06.7843096,00:10:06.7993698,4.1,3.5
1,amplitude,00:10:06.7993698,00:10:06.8171389,3.5,2.9
1,amplitude,00:10:06.8171389,00:10:06.8334102,2.9,2.3
1,amplitude,00:10:06.8334102,00:10:06.8491503,2.3,1.7
1,amplitude,00:10:06.8491503,00:10:06.8667948,1.7,1.3
1,amplitude,00:10:06.8667948,00:10:06.8806975,1.3,0.7
1,amplitude,00:10:06.8806975,00:10:06.8970909,0.7,0.1
1,amplitude,00:10:06.8970909,00:10:06.9153183,0.1,0.0
1,amplitude,00:10:06.9153183,00:10:18.8248738,0.0,0.5
1,amplitude,00:10:18.8248738,00:10:18.8822090,0.5,4.5
1,amplitude,00:10:18.8822090,00:10:18.8993189,4.5,8.9
1,amplitude,00:10:18.8993189,00:10:18.9140161,8.9,11.2
1,amplitude,00:10:18.9140161,00:10:18.9355559,11.2,15.7
1,amplitude,00:10:18.9355559,00:10:18.9497453,15.7,22.2
1,amplitude,00:10:18.9497453,00:10:18.9668357,22.2,25.5
1,amplitude,00:10:18.9668357,00:10:18.9839220,25.5,31.1
1,amplitude,00:10:18.9839220,00:10:18.9997109,31.1,36.6
1,amplitude,00:10:18.9997109,00:10:19.0175867,36.6,42.5
1,amplitude,00:10:19.0175867,00:10:19.0338348,42.5,46.8
1,amplitude,00:10:19.0338348,00:10:19.0506699,46.8,52.6
1,amplitude,00:10:19.0506699,00:10:19.0658890,52.6,54.7
1,amplitude,00:10:19.0658890,00:10:19.0826140,54.7,58.1
1,amplitude,00:10:19.0826140,00:10:19.0983321,58.1,62.1
1,amplitude,00:10:19.0983321,00:10:19.1169382,62.1,64.7
1,amplitude,00:10:19.1169382,00:10:19.1327055,64.7,65.6
1,amplitude,00:10:19.1327055,00:10:19.1499087,65.6,68.4
1,amplitude,00:10:19.1499087,00:10:19.1675420,68.4,69.8
1,amplitude,00:10:19.1675420,00:10:19.1821963,69.8,71.3
1,amplitude,00:10:19.1821963,00:10:19.1993440,71.3,72.2
1,amplitude,00:10:19.1993440,00:10:19.2156954,72.2,74.6
1,amplitude,00:10:19.2156954,00:10:19.2318113,74.6,76.2
1,amplitude,00:10:19.2318113,00:10:19.2478216,76.2,77.4
1,amplitude,00:10:19.2478216,00:10:19.2632650,77.4,78.8
1,amplitude,00:10:19.2632650,00:10:19.2832785,78.8,79.8
1,amplitude,00:10:19.2832785,00:10:19.3013814,79.8,81.3
1,amplitude,00:10:19.3013814,00:10:19.3168954,81.3,82.4
1,amplitude,00:10:19.3168954,00:10:19.3314900,82.4,83.7
1,amplitude,00:10:19.3314900,00:10:19.3463791,83.7,85.1
1,amplitude,00:10:19.3463791,00:10:19.3680067,85.1,87.5
1,amplitude,00:10:19.3680067,00:10:19.3827344,87.5,88.6
1,amplitude,00:10:19.3827344,00:10:19.4028391,88.6,90.0
1,amplitude,00:10:19.4028391,00:10:31.1038798,90.0,78.8
1,amplitude,00:10:31.1038798,00:10:31.1188033,78.8,76.0
1,amplitude,00:10:31.1188033,00:10:31.1386517,76.0,73.5
1,amplitude,00:10:31.1386517,00:10:31.1491743,73.5,71.8
1,amplitude,00:10:31.1491743,00:10:31.1707882,71.8,69.8
1,amplitude,00:10:31.1707882,00:10:31.1889777,69.8,68.1
1,amplitude,00:10:31.1889777,00:10:31.1965610,68.1,66.4
1,amplitude,00:10:31.1965610,00:10:31.2141800,66.4,65.0
1,amplitude,00:10:31.2141800,00:10:31.2325409,65.0,63.8
1,amplitude,00:10:31.2325409,00:10:31.2479054,63.8,63.0
1,amplitude,00:10:31.2479054,00:10:31.2661527,63.0,62.3
1,amplitude,00:10:31.2661527,00:10:31.2801898,62.3,61.7
1,amplitude,00:10:31.2801898,00:10:31.3021125,61.7,61.0
1,amplitude,00:10:31.3021125,00:10:31.3179200,61.0,60.5
1,amplitude,00:10:31.3179200,00:10:31.3316045,60.5,60.3
1,amplitude,00:10:31.3316045,00:10:31.3481339,60.3,59.9
1,amplitude,00:10:31.3481339,00:10:31.3632147,59.9,59.8
1,amplitude,00:10:31.3632147,00:10:31.3828428,59.8,59.2
1,amplitude,00:10:31.3828428,00:10:31.3989864,59.2,58.9
1,amplitude,00:10:31.3989864,00:10:31.4179288,58.9,58.7
1,amplitude,00:10:31.4179288,00:10:31.4343899,58.7,58.3
1,amplitude,00:10:31.4343899,00:10:31.4472278,58.3,58.2
1,amplitude,00:10:31.4472278,00:10:31.4657646,58.2,58.0
1,amplitude,00:10:31.4657646,00:10:31.4831432,58.0,57.7
1,amplitude,00:10:31.4831432,00:10:31.4964682,57.7,57.6
1,amplitude,00:10:31.4964682,00:10:31.5151180,57.6,57.4
1,amplitude,00:10:31.5151180,00:10:31.5471490,57.4,57.2
1,amplitude,00:10:31.5471490,00:10:31.5650688,57.2,57.1
1,amplitude,00:10:31.5650688,00:10:31.6985164,57.1,57.0
1,amplitude,00:10:31.6985164,00:10:31.7331271,57.0,56.9
1,amplitude,00:10:31.7331271,00:10:31.7488247,56.9,56.8
1,amplitude,00:10:31.7488247,00:10:32.0152193,56.8,56.6
1,amplitude,00:10:32.0152193,00:10:32.0803386,56.6,56.5
1,amplitude,00:10:32.0803386,00:10:33.1642981,56.5,56.6
1,amplitude,00:10:33.1642981,00:10:33.1833982,56.6,56.8
1,amplitude,00:10:33.1833982,00:10:33.2151534,56.8,56.9
1,amplitude,00:10:33.2151534,00:10:33.2347039,56.9,57.1
1,amplitude,00:10:33.2347039,00:10:33.2657659,57.1,57.2
1,amplitude,00:10:33.2657659,00:10:33.2995573,57.2,57.4
1,amplitude,00:10:33.2995573,00:10:33.3456856,57.4,57.6
1,amplitude,00:10:33.3456856,00:10:33.3643506,57.6,57.8
1,amplitude,00:10:33.3643506,00:10:33.3781362,57.8,58.0
1,amplitude,00:10:33.3781362,00:10:33.3995422,58.0,58.1
1,amplitude,00:10:33.3995422,00:10:33.4161580,58.1,58.5
1,amplitude,00:10:33.4161580,00:10:33.4343022,58.5,58.8
1,amplitude,00:10:33.4343022,00:10:33.4513430,58.8,60.3
1,amplitude,00:10:33.4513430,00:10:33.4685970,60.3,61.2
1,amplitude,00:10:33.4685970,00:10:33.4834126,61.2,62.0
1,amplitude,00:10:33.4834126,00:10:33.5009006,62.0,62.7
1,amplitude,00:10:33.5009006,00:10:33.5168200,62.7,63.0
1,amplitude,00:10:33.5168200,00:10:33.5347221,63.0,63.6
1,amplitude,00:10:33.5347221,00:10:33.5495570,63.6,64.0
1,amplitude,00:10:33.5495570,00:10:33.5682134,64.0,64.2
1,amplitude,00:10:33.5682134,00:10:33.5842937,64.2,64.7
1,amplitude,00:10:33.5842937,00:10:33.6014195,64.7,64.8
1,amplitude,00:10:33.6014195,00:10:33.6149726,64.8,64.9
1,amplitude,00:10:33.6149726,00:10:33.6304536,64.9,65.0
1,amplitude,00:10:33.6304536,00:10:33.6494999,65.0,65.1
1,amplitude,00:10:33.6494999,00:10:33.7632786,65.1,65.3
1,amplitude,00:10:33.7632786,00:10:33.7841896,65.3,65.4
1,amplitude,00:10:33.7841896,00:10:33.8159462,65.4,65.5
1,amplitude,00:10:33.8159462,00:10:33.8342540,65.5,65.7
1,amplitude,00:10:33.8342540,00:10:33.8516933,65.7,66.0
1,amplitude,00:10:33.8516933,00:10:33.8835661,66.0,66.2
1,amplitude,00:10:33.8835661,00:10:33.9014991,66.2,66.5
1,amplitude,00:10:33.9014991,00:10:33.9301691,66.5,66.7
1,amplitude,00:10:33.9301691,00:10:33.9508518,66.7,67.0
1,amplitude,00:10:33.9508518,00:10:33.9659205,67.0,67.1
1,amplitude,00:10:33.9659205,00:10:34.0996245,67.1,67.2
1,amplitude,00:10:34.0996245,00:10:34.1147486,67.2,67.3
1,amplitude,00:10:34.1147486,00:10:34.1322975,67.3,67.4
1,amplitude,00:10:34.1322975,00:10:34.1516979,67.4,67.6
1,amplitude,00:10:34.1516979,00:10:34.1675228,67.6,68.1
1,amplitude,00:10:34.1675228,00:10:34.1840384,68.1,68.5
1,amplitude,00:10:34.1840384,00:10:34.2070467,68.5,69.0
1,amplitude,00:10:34.2070467,00:10:34.2129924,69.0,69.3
1,amplitude,00:10:34.2129924,00:10:34.2340934,69.3,69.8
1,amplitude,00:10:34.2340934,00:10:34.2487202,69.8,69.9
1,amplitude,00:10:34.2487202,00:10:34.2647262,69.9,70.1
1,amplitude,00:10:34.2647262,00:10:34.2813346,70.1,70.2
1,amplitude,00:10:34.2813346,00:10:34.3802950,70.2,70.4
1,amplitude,00:10:34.3802950,00:10:34.5629897,70.4,70.5
1,amplitude,00:10:34.5629897,00:10:34.5967298,70.5,70.6
1,amplitude,00:10:34.5967298,00:10:34.6134855,70.6,70.7
1,amplitude,00:10:34.6134855,00:10:34.6328450,70.7,70.9
1,amplitude,00:10:34.6328450,00:10:34.7809523,70.9,71.0
1,amplitude,00:10:34.7809523,00:11:33.5557023,71.0,73.3
1,amplitude,00:11:33.5557023,00:11:33.5696560,73.3,77.3
1,amplitude,00:11:33.5696560,00:11:33.6474306,77.3,80.1
1,amplitude,00:11:33.6474306,00:11:33.6682318,80.1,80.5
1,amplitude,00:11:33.6682318,00:11:33.6829643,80.5,80.6
1,amplitude,00:11:33.6829643,00:11:33.7002749,80.6,80.7
1,amplitude,00:11:33.7002749,00:11:33.7105341,80.7,80.8
1,frequency,00:05:02.4921405,00:05:02.4936622,0.2,0.3
1,frequency,00:05:02.4951177,00:05:02.5394139,0.3,0.4
1,frequency,00:05:02.5408404,00:05:02.7821322,0.4,0.0
1,frequency,00:05:02.7835180,00:05:02.8477101,0.0,0.1
1,frequency,00:05:02.8489788,00:05:02.8787951,0.1,0.2
1,frequency,00:05:02.8801942,00:05:02.9237316,0.2,0.3
1,frequency,00:05:02.9251398,00:05:03.4248245,0.3,0.2
1,frequency,00:05:03.4262315,00:05:03.5624837,0.2,0.3
1,frequency,00:05:03.5638956,00:05:03.6388449,0.3,0.4
1,frequency,00:05:03.6402517,00:05:24.8234567,0.4,1.0
1,frequency,00:05:24.8234567,00:05:25.1890123,1.0,1.1
1,frequency,00:05:25.1890123,00:05:25.4081897,1.1,0.0
1,frequency,00:05:25.4096534,00:05:25.5234567,0.0,1.0
1,frequency,00:05:25.5234567,00:05:25.8567890,1.0,0.9
1,frequency,00:05:25.8567890,00:05:26.1901234,0.9,0.8
1,frequency,00:05:26.1901234,00:05:26.5234567,0.8,0.7
1,frequency,00:05:26.5234567,00:05:27.1387176,0.7,0.1
1,frequency,00:05:27.1401717,00:05:27.1727098,0.1,0.2
1,frequency,00:05:27.1742089,00:05:27.1802366,0.2,0.3
1,frequency,00:05:27.1817399,00:05:27.2085196,0.3,0.4
1,frequency,00:05:27.2100226,00:05:27.2580658,0.4,0.5
1,frequency,00:05:27.2595525,00:05:27.2744419,0.5,0.6
1,frequency,00:05:27.2759406,00:05:27.3560880,0.6,0.7
1,frequency,00:05:27.3575768,00:05:30.1919046,0.7,0.8
1,frequency,00:05:30.1933044,00:05:30.2403161,0.8,0.9
1,frequency,00:05:30.2418119,00:05:31.0947683,0.9,1.0
1,frequency,00:05:31.0962425,00:05:31.2567778,1.0,1.1
1,frequency,00:05:31.2581758,00:05:31.9549613,1.1,1.0
1,offset,00:05:17.1157819,00:05:17.1224252,88.0,78.0
1,offset,00:05:17.1224252,00:05:17.1744517,78.0,72.0
1,offset,00:05:17.1744517,00:05:17.1843402,72.0,71.0
1,offset,00:05:17.1843402,00:05:17.1947792,71.0,70.0
1,offset,00:05:17.1947792,00:05:17.2074652,70.0,68.0
1,offset,00:05:17.2074652,00:05:17.2248754,68.0,66.0
1,offset,00:05:17.2248754,00:05:17.2436439,66.0,64.0
1,offset,00:05:17.2436439,00:05:17.2578368,64.0,63.0
1,offset,00:05:17.2578368,00:05:17.2823486,63.0,62.0
1,offset,00:05:17.2823486,00:05:17.2915393,62.0,61.0
1,offset,00:05:17.2915393,00:05:17.3094975,61.0,60.0
1,offset,00:05:17.3094975,00:05:17.3426255,60.0,59.0
1,offset,00:05:17.3426255,00:05:17.3757307,59.0,58.0
1,offset,00:05:17.3757307,00:05:17.4393591,58.0,55.0
1,offset,00:05:17.4393591,00:05:18.5300125,55.0,63.0
1,offset,00:05:18.5300125,00:05:18.6078327,63.0,57.0
1,offset,00:05:18.6078327,00:05:18.6153615,57.0,55.0
1,offset,00:05:18.6153615,00:05:18.6266314,55.0,52.0
1,offset,00:05:18.6266314,00:05:18.6421324,52.0,50.0
1,offset,00:05:18.6421324,00:05:18.6591028,50.0,48.0
1,offset,00:05:18.6591028,00:05:18.6756632,48.0,46.0
1,offset,00:05:18.6756632,00:05:18.6920096,46.0,45.0
1,offset,00:05:18.6920096,00:05:18.7100074,45.0,44.0
1,offset,00:05:18.7100074,00:05:18.7243583,44.0,43.0
1,offset,00:05:18.7243583,00:05:18.7411098,43.0,42.0
1,offset,00:05:18.7411098,00:05:18.7908408,42.0,41.0
1,offset,00:05:18.7908408,00:05:18.8407553,41.0,40.0
1,offset,00:05:18.8407553,00:05:19.1570304,40.0,39.0
1,offset,00:05:19.1570304,00:05:25.4103074,39.0,90.0
1,offset,00:05:25.4103074,00:07:09.6688738,90.0,86.0
1,offset,00:07:09.6688738,00:07:09.6812025,86.0,76.0
1,offset,00:07:09.6812025,00:07:09.7632288,76.0,70.0
1,offset,00:07:09.7632288,00:07:09.7806567,70.0,69.0
1,offset,00:07:09.7806567,00:07:09.7987227,69.0,68.0
1,offset,00:07:09.7987227,00:07:09.8159846,68.0,67.0
1,offset,00:07:09.8159846,00:07:09.8310946,67.0,66.0
1,offset,00:07:09.8310946,00:07:09.8464974,66.0,65.0
1,offset,00:07:09.8464974,00:07:09.8624303,65.0,64.0
1,offset,00:07:09.8624303,00:07:09.8790010,64.0,63.0
1,offset,00:07:09.8790010,00:07:09.9266317,63.0,62.0
1,offset,00:07:09.9266317,00:07:09.9473508,62.0,61.0
1,offset,00:07:09.9473508,00:07:09.9792324,61.0,60.0
1,offset,00:07:09.9792324,00:07:09.9976429,60.0,59.0
1,offset,00:07:09.9976429,00:07:10.0286178,59.0,58.0
1,offset,00:07:10.0286178,00:07:10.0452014,58.0,57.0
1,offset,00:07:10.0452014,00:07:10.0923419,57.0,56.0
1,offset,00:07:10.0923419,00:07:10.1463333,56.0,55.0
1,offset,00:07:10.1463333,00:08:41.7058057,55.0,77.0
1,offset,00:08:41.7058057,00:08:41.7168489,77.0,122.0
1,offset,00:08:41.7168489,00:08:41.7516946,122.0,132.0
1,offset,00:08:41.7516946,00:08:41.7582431,132.0,136.0
1,offset,00:08:41.7582431,00:08:41.7663512,136.0,137.0
1,offset,00:08:41.7663512,00:08:41.7838973,137.0,140.0
1,offset,00:08:41.7838973,00:08:41.7992308,140.0,142.0
1,offset,00:08:41.7992308,00:08:41.8167128,142.0,144.0
1,offset,00:08:41.8167128,00:08:41.9696276,144.0,54.0
1,offset,00:08:41.9696276,00:08:42.0276051,54.0,60.0
1,offset,00:08:42.0276051,00:08:42.0486819,60.0,68.0
1,offset,00:08:42.0486819,00:08:42.0642391,68.0,75.0
1,offset,00:08:42.0642391,00:08:42.0888229,75.0,88.0
1,offset,00:08:42.0888229,00:08:42.0971508,88.0,92.0
1,offset,00:08:42.0971508,00:08:42.1149731,92.0,103.0
1,offset,00:08:42.1149731,00:08:42.1341284,103.0,110.0
1,offset,00:08:42.1341284,00:08:42.1491325,110.0,116.0
1,offset,00:08:42.1491325,00:08:42.1655490,116.0,123.0
1,offset,00:08:42.1655490,00:08:42.1828037,123.0,128.0
1,offset,00:08:42.1828037,00:08:42.1981475,128.0,136.0
1,offset,00:08:42.1981475,00:08:42.2146390,136.0,142.0
1,offset,00:08:42.2146390,00:08:42.2355223,142.0,147.0
1,offset,00:08:42.2355223,00:08:42.2523975,147.0,151.0
1,offset,00:08:42.2523975,00:08:42.2603165,151.0,154.0
1,offset,00:08:42.2603165,00:08:42.2792463,154.0,158.0
1,offset,00:08:42.2792463,00:08:42.2969415,158.0,160.0
1,offset,00:08:42.2969415,00:08:42.3150547,160.0,163.0
1,offset,00:08:42.3150547,00:08:42.3321697,163.0,168.0
1,offset,00:08:42.3321697,00:08:42.3488917,168.0,175.0
1,offset,00:08:42.3488917,00:08:42.3666364,175.0,180.0
1,offset,00:08:42.3666364,00:08:44.9182833,180.0,174.0
1,offset,00:08:44.9182833,00:08:45.5004799,174.0,169.0
1,offset,00:08:45.5004799,00:08:45.5823492,169.0,160.0
1,offset,00:08:45.5823492,00:08:45.5981595,160.0,157.0
1,offset,00:08:45.5981595,00:08:45.6152653,157.0,154.0
1,offset,00:08:45.6152653,00:08:45.6297811,154.0,151.0
1,offset,00:08:45.6297811,00:08:45.6463880,151.0,149.0
1,offset,00:08:45.6463880,00:08:45.6630337,149.0,146.0
1,offset,00:08:45.6630337,00:08:45.6791706,146.0,144.0
1,offset,00:08:45.6791706,00:08:45.7058135,144.0,143.0
1,offset,00:08:45.7058135,00:08:45.7108628,143.0,141.0
1,offset,00:08:45.7108628,00:08:45.7286067,141.0,140.0
1,offset,00:08:45.7286067,00:08:45.7487499,140.0,139.0
1,offset,00:08:45.7487499,00:08:45.7632126,139.0,138.0
1,offset,00:08:45.7632126,00:08:45.7965410,138.0,137.0
1,offset,00:08:45.7965410,00:08:45.8298124,137.0,136.0
1,offset,00:08:45.8298124,00:08:56.0032221,136.0,140.0
1,offset,00:08:56.0032221,00:08:56.0074786,140.0,129.0
1,offset,00:08:56.0074786,00:08:56.7974359,129.0,123.0
1,offset,00:08:56.7974359,00:08:56.8972014,123.0,122.0
1,offset,00:08:56.8972014,00:08:57.1416422,122.0,133.0
1,offset,00:08:57.1416422,00:09:23.4553611,133.0,123.0
1,offset,00:09:23.4553611,00:09:23.4901450,123.0,116.0
1,offset,00:09:23.4901450,00:09:23.4961286,116.0,114.0
1,offset,00:09:23.4961286,00:09:23.5151167,114.0,111.0
1,offset,00:09:23.5151167,00:09:23.5301504,111.0,108.0
1,offset,00:09:23.5301504,00:09:23.5490482,108.0,105.0
1,offset,00:09:23.5490482,00:09:23.5640753,105.0,104.0
1,offset,00:09:23.5640753,00:09:23.5780697,104.0,103.0
1,offset,00:09:23.5780697,00:09:23.5957535,103.0,102.0
1,offset,00:09:23.5957535,00:09:23.7155736,102.0,101.0
1,offset,00:09:23.7155736,00:09:23.9281304,101.0,100.0
1,offset,00:09:23.9281304,00:09:23.9783468,100.0,99.0
1,offset,00:09:23.9783468,00:09:24.0337441,99.0,98.0
1,offset,00:09:24.0337441,00:09:24.0656144,98.0,97.0
1,offset,00:09:24.0656144,00:09:24.1143907,97.0,96.0
1,offset,00:09:24.1143907,00:09:24.1464082,96.0,95.0
1,offset,00:09:24.1464082,00:09:24.1957413,95.0,94.0
1,offset,00:09:24.1957413,00:09:24.2462011,94.0,93.0
1,offset,00:09:24.2462011,00:09:24.2946902,93.0,92.0
1,offset,00:09:24.2946902,00:10:13.5005102,92.0,90.0
1,offset,00:10:13.5005102,00:10:15.0017378,90.0,87.0
1,offset,00:10:15.0017378,00:10:15.0330411,87.0,78.0
1,offset,00:10:15.0330411,00:10:15.0389130,78.0,73.0
1,offset,00:10:15.0389130,00:10:15.0507007,73.0,67.0
1,offset,00:10:15.0507007,00:10:15.0659265,67.0,56.0
1,offset,00:10:15.0659265,00:10:15.0812262,56.0,52.0
1,offset,00:10:15.0812262,00:10:15.1021752,52.0,41.0
1,offset,00:10:15.1021752,00:10:15.1152883,41.0,34.0
1,offset,00:10:15.1152883,00:10:15.1324210,34.0,30.0
1,offset,00:10:15.1324210,00:10:15.1498775,30.0,21.0
1,offset,00:10:15.1498775,00:10:15.1667639,21.0,15.0
1,offset,00:10:15.1667639,00:10:15.1824887,15.0,10.0
1,offset,00:10:15.1824887,00:10:15.1968997,10.0,5.0
1,offset,00:10:15.1968997,00:10:15.2131503,5.0,0.0
1,offset,00:10:15.2131503,00:10:17.2202787,0.0,10.0
1,offset,00:10:17.2202787,00:10:17.2782809,10.0,22.0
1,offset,00:10:17.2782809,00:10:17.2975741,22.0,35.0
1,offset,00:10:17.2975741,00:10:17.3194540,35.0,44.0
1,offset,00:10:17.3194540,00:10:17.3334652,44.0,60.0
1,offset,00:10:17.3334652,00:10:17.3496238,60.0,73.0
1,offset,00:10:17.3496238,00:10:17.3658712,73.0,84.0
1,offset,00:10:17.3658712,00:10:17.3854384,84.0,100.0
1,offset,00:10:17.3854384,00:10:17.4007985,100.0,110.0
1,offset,00:10:17.4007985,00:10:17.4163884,110.0,116.0
1,offset,00:10:17.4163884,00:10:17.4324938,116.0,125.0
1,offset,00:10:17.4324938,00:10:17.4515764,125.0,133.0
1,offset,00:10:17.4515764,00:10:17.4670054,133.0,138.0
1,offset,00:10:17.4670054,00:10:17.4833030,138.0,142.0
1,offset,00:10:17.4833030,00:10:17.4999950,142.0,146.0
1,offset,00:10:17.4999950,00:10:17.5153793,146.0,148.0
1,offset,00:10:17.5153793,00:10:17.5318273,148.0,150.0
1,offset,00:10:17.5318273,00:10:17.5488816,150.0,151.0
1,offset,00:10:17.5488816,00:10:17.5653526,151.0,152.0
1,offset,00:10:17.5653526,00:10:17.5902746,152.0,153.0
1,offset,00:10:17.5902746,00:10:17.5938279,153.0,154.0
1,offset,00:10:17.5938279,00:10:17.6175662,154.0,155.0
1,offset,00:10:17.6175662,00:10:17.6464787,155.0,156.0
1,offset,00:10:17.6464787,00:10:17.6665532,156.0,157.0
1,offset,00:10:17.6665532,00:10:17.6997552,157.0,158.0
1,offset,00:10:17.6997552,00:10:17.7472816,158.0,159.0
1,offset,00:10:17.7472816,00:10:17.7828322,159.0,158.0
1,offset,00:10:17.7828322,00:10:17.8007165,158.0,156.0
1,offset,00:10:17.8007165,00:10:17.8174898,156.0,149.0
1,offset,00:10:17.8174898,00:10:17.8324894,149.0,145.0
1,offset,00:10:17.8324894,00:10:17.8499211,145.0,141.0
1,offset,00:10:17.8499211,00:10:17.8688390,141.0,138.0
1,offset,00:10:17.8688390,00:10:17.8837578,138.0,134.0
1,offset,00:10:17.8837578,00:10:17.8977809,134.0,130.0
1,offset,00:10:17.8977809,00:10:17.9163067,130.0,126.0
1,offset,00:10:17.9163067,00:10:17.9314966,126.0,122.0
1,offset,00:10:17.9314966,00:10:17.9518574,122.0,119.0
1,offset,00:10:17.9518574,00:10:17.9652577,119.0,116.0
1,offset,00:10:17.9652577,00:10:17.9827891,116.0,113.0
1,offset,00:10:17.9827891,00:10:17.9996884,113.0,111.0
1,offset,00:10:17.9996884,00:10:18.0165222,111.0,109.0
1,offset,00:10:18.0165222,00:10:18.0350575,109.0,107.0
1,offset,00:10:18.0350575,00:10:18.0504619,107.0,105.0
1,offset,00:10:18.0504619,00:10:18.0665108,105.0,104.0
1,offset,00:10:18.0665108,00:10:18.0837179,104.0,102.0
1,offset,00:10:18.0837179,00:10:18.0996173,102.0,101.0
1,offset,00:10:18.0996173,00:10:18.1338227,101.0,100.0
1,offset,00:10:18.1338227,00:10:18.1803410,100.0,99.0
1,offset,00:10:18.1803410,00:10:18.2463928,99.0,98.0
1,offset,00:10:18.2463928,00:10:18.3464074,98.0,97.0
1,offset,00:10:18.3464074,00:10:18.3822981,97.0,96.0
1,offset,00:10:18.3822981,00:10:18.4037875,96.0,95.0
1,offset,00:10:18.4037875,00:10:18.4173897,95.0,94.0
1,offset,00:10:18.4173897,00:10:18.4466817,94.0,90.0
1,offset,00:10:18.4466817,00:10:18.4652147,90.0,89.0
1,offset,00:10:18.4652147,00:10:18.4824528,89.0,88.0
1,offset,00:10:18.4824528,00:10:18.4974154,88.0,87.0
1,offset,00:10:18.4974154,00:10:20.6322606,87.0,91.0
1,offset,00:10:20.6322606,00:10:20.7164687,91.0,98.0
1,offset,00:10:20.7164687,00:10:20.7208548,98.0,100.0
1,offset,00:10:20.7208548,00:10:20.7349088,100.0,104.0
1,offset,00:10:20.7349088,00:10:20.7482411,104.0,107.0
1,offset,00:10:20.7482411,00:10:20.7682927,107.0,110.0
1,offset,00:10:20.7682927,00:10:20.7825329,110.0,112.0
1,offset,00:10:20.7825329,00:10:20.7991696,112.0,115.0
1,offset,00:10:20.7991696,00:10:20.8147438,115.0,119.0
1,offset,00:10:20.8147438,00:10:20.8306253,119.0,122.0
1,offset,00:10:20.8306253,00:10:20.8467923,122.0,126.0
1,offset,00:10:20.8467923,00:10:20.8671075,126.0,130.0
1,offset,00:10:20.8671075,00:10:20.8952393,130.0,131.0
1,offset,00:10:20.8952393,00:10:20.9178498,131.0,132.0
1,offset,00:10:20.9178498,00:10:20.9502004,132.0,133.0
1,phase shift,00:07:52.6684846,00:07:52.6690386,0.5410521,1.6231562
1,phase shift,00:07:52.6690386,00:07:52.6874345,1.6231562,1.6580629
1,phase shift,00:07:52.6874345,00:07:52.7044097,1.6580629,1.6755162
1,phase shift,00:07:52.7044097,00:07:52.7219142,1.6755162,1.6929693
1,phase shift,00:07:52.7219142,00:07:52.7370007,1.6929693,1.7278761
1,phase shift,00:07:52.7370007,00:07:52.7668357,1.7278761,1.7453294
1,phase shift,00:07:52.7668357,00:07:53.5944246,1.7453294,1.7104228
1,phase shift,00:07:53.5944246,00:07:53.6303828,1.7104228,1.6929693
1,phase shift,00:07:53.6303828,00:07:53.6310270,1.6929693,1.605703
1,phase shift,00:07:53.6310270,00:07:53.6439264,1.605703,1.5358897
1,phase shift,00:07:53.6439264,00:07:53.6513616,1.5358897,1.4835298
1,phase shift,00:07:53.6513616,00:09:44.6168221,1.4835298,1.5358897
1,phase shift,00:09:44.6168221,00:09:44.6183908,1.5358897,1.4137167
1,phase shift,00:09:44.6183908,00:09:44.6372442,1.4137167,1.2217306
1,phase shift,00:09:44.6372442,00:09:47.1118713,1.2217306,6.1086526
1,phase shift,00:09:47.1118713,00:09:47.8875127,6.1086526,6.2482786
2,amplitude,00:05:08.1782175,00:05:08.3633300,18.3,23.3
2,amplitude,00:05:08.3633300,00:05:08.3645573,23.3,23.4
2,amplitude,00:05:08.3645573,00:05:08.3648778,23.4,23.8
2,amplitude,00:05:08.3648778,00:05:08.3652412,23.8,24.3
2,amplitude,00:05:08.3652412,00:05:08.3654642,24.3,24.8
2,amplitude,00:05:08.3654642,00:05:08.3656476,24.8,25.0
2,amplitude,00:05:08.3656476,00:05:08.3838895,25.0,25.4
2,amplitude,00:05:08.3838895,00:05:08.4001508,25.4,25.5
2,amplitude,00:05:08.4001508,00:05:08.4191287,25.5,25.6
2,amplitude,00:05:08.4191287,00:05:08.4353066,25.6,25.8
2,amplitude,00:05:08.4353066,00:05:08.4507269,25.8,26.0
2,amplitude,00:05:08.4507269,00:05:08.5702224,26.0,26.1
2,amplitude,00:05:08.5702224,00:05:08.5711265,26.1,26.2
2,amplitude,00:05:08.5711265,00:05:08.5713277,26.2,26.4
2,amplitude,00:05:08.5713277,00:05:08.5714795,26.4,26.7
2,amplitude,00:05:08.5714795,00:05:08.5718338,26.7,27.1
2,amplitude,00:05:08.5718338,00:05:08.5722560,27.1,27.7
2,amplitude,00:05:08.5722560,00:05:08.5724861,27.7,28.2
2,amplitude,00:05:08.5724861,00:05:08.5848353,28.2,29.0
2,amplitude,00:05:08.5848353,00:05:08.6305334,29.0,29.4
2,amplitude,00:05:08.6305334,00:05:08.6311445,29.4,30.0
2,amplitude,00:05:08.6311445,00:05:08.6330749,30.0,30.6
2,amplitude,00:05:08.6330749,00:05:08.6503414,30.6,31.5
2,amplitude,00:05:08.6503414,00:05:08.7728175,31.5,32.6
2,amplitude,00:05:08.7728175,00:05:08.7734080,32.6,33.3
2,amplitude,00:05:08.7734080,00:05:08.7736059,33.3,33.8
2,amplitude,00:05:08.7736059,00:05:08.7737586,33.8,34.8
2,amplitude,00:05:08.7737586,00:05:08.7741253,34.8,35.6
2,amplitude,00:05:08.7741253,00:05:08.7742677,35.6,36.3
2,amplitude,00:05:08.7742677,00:05:08.7744967,36.3,36.9
2,amplitude,00:05:08.7744967,00:05:08.7836793,36.9,38.0
2,amplitude,00:05:08.7836793,00:05:08.7994391,38.0,38.8
2,amplitude,00:05:08.7994391,00:05:08.8178022,38.8,39.5
2,amplitude,00:05:08.8178022,00:05:08.8386456,39.5,40.2
2,amplitude,00:05:08.8386456,00:05:08.8504906,40.2,41.1
2,amplitude,00:05:08.8504906,00:05:08.9776814,41.1,41.6
2,amplitude,00:05:08.9776814,00:05:08.9782036,41.6,41.8
2,amplitude,00:05:08.9782036,00:05:08.9786733,41.8,42.2
2,amplitude,00:05:08.9786733,00:05:08.9791141,42.2,41.9
2,amplitude,00:05:08.9791141,00:05:08.9842085,41.9,40.8
2,amplitude,00:05:08.9842085,00:05:09.0000098,40.8,39.0
2,amplitude,00:05:09.0000098,00:05:09.0395951,39.0,37.4
2,amplitude,00:05:09.0395951,00:05:09.0401314,37.4,35.7
2,amplitude,00:05:09.0401314,00:05:09.0583348,35.7,33.5
2,amplitude,00:05:09.0583348,00:05:09.0680597,33.5,31.8
2,amplitude,00:05:09.0680597,00:05:09.1305847,31.8,30.6
2,amplitude,00:05:09.1305847,00:05:09.1310434,30.6,29.0
2,amplitude,00:05:09.1310434,00:05:09.1314519,29.0,27.7
2,amplitude,00:05:09.1314519,00:05:09.1338160,27.7,26.2
2,amplitude,00:05:09.1338160,00:05:09.1492762,26.2,24.4
2,amplitude,00:05:09.1492762,00:05:09.1659580,24.4,23.0
2,amplitude,00:05:09.1659580,00:05:09.2335602,23.0,21.5
2,amplitude,00:05:09.2335602,00:05:09.2339714,21.5,20.7
2,amplitude,00:05:09.2339714,00:05:09.2342209,20.7,19.7
2,amplitude,00:05:09.2342209,00:05:09.2344364,19.7,19.3
2,amplitude,00:05:09.2344364,00:05:09.2512016,19.3,19.1
2,amplitude,00:05:09.2512016,00:05:09.2679653,19.1,18.9
2,amplitude,00:05:09.2679653,00:05:09.2845803,18.9,18.7
2,amplitude,00:05:09.2845803,00:05:09.3025030,18.7,18.6
2,amplitude,00:05:09.3025030,00:05:09.3986123,18.6,18.7
2,amplitude,00:05:09.3986123,00:05:09.4176339,18.7,18.9
2,amplitude,00:05:09.4176339,00:05:09.4373414,18.9,19.3
2,amplitude,00:05:09.4373414,00:05:09.4499070,19.3,19.4
2,amplitude,00:05:09.4499070,00:05:09.5656460,19.4,19.3
2,amplitude,00:05:09.5656460,00:05:09.5851532,19.3,19.1
2,amplitude,00:05:09.5851532,00:05:09.6009203,19.1,18.9
2,amplitude,00:05:09.6009203,00:05:09.6165919,18.9,18.7
2,amplitude,00:05:09.6165919,00:05:09.6491335,18.7,18.6
2,amplitude,00:05:09.6491335,00:05:09.7988139,18.6,18.7
2,amplitude,00:05:09.7988139,00:05:09.8187149,18.7,19.2
2,amplitude,00:05:09.8187149,00:05:09.8332059,19.2,19.6
2,amplitude,00:05:09.8332059,00:05:09.8514000,19.6,20.7
2,amplitude,00:05:09.8514000,00:05:09.8683178,20.7,21.3
2,amplitude,00:05:09.8683178,00:05:09.8842677,21.3,22.5
2,amplitude,00:05:09.8842677,00:05:09.9007666,22.5,23.1
2,amplitude,00:05:09.9007666,00:05:09.9177302,23.1,24.1
2,amplitude,00:05:09.9177302,00:05:09.9342459,24.1,25.1
2,amplitude,00:05:09.9342459,00:05:09.9508547,25.1,26.4
2,amplitude,00:05:09.9508547,00:05:09.9675981,26.4,27.0
2,amplitude,00:05:09.9675981,00:05:09.9850077,27.0,28.3
2,amplitude,00:05:09.9850077,00:05:10.0004345,28.3,29.3
2,amplitude,00:05:10.0004345,00:05:10.0170524,29.3,29.8
2,amplitude,00:05:10.0170524,00:05:10.0338057,29.8,30.1
2,amplitude,00:05:10.0338057,00:05:10.0502886,30.1,30.3
2,amplitude,00:05:10.0502886,00:05:10.0655304,30.3,30.4
2,amplitude,00:05:10.0655304,00:06:40.6835583,30.4,31.7
2,amplitude,00:06:40.6835583,00:06:40.7511092,31.7,35.2
2,amplitude,00:06:40.7511092,00:06:40.7566372,35.2,35.7
2,amplitude,00:06:40.7566372,00:06:40.7680066,35.7,36.7
2,amplitude,00:06:40.7680066,00:06:40.7853960,36.7,38.0
2,amplitude,00:06:40.7853960,00:06:40.8028371,38.0,39.5
2,amplitude,00:06:40.8028371,00:06:40.8199786,39.5,41.4
2,amplitude,00:06:40.8199786,00:06:40.8364509,41.4,43.0
2,amplitude,00:06:40.8364509,00:06:40.8527446,43.0,45.0
2,amplitude,00:06:40.8527446,00:06:40.8704848,45.0,46.8
2,amplitude,00:06:40.8704848,00:06:40.8855791,46.8,48.5
2,amplitude,00:06:40.8855791,00:06:40.9029452,48.5,49.8
2,amplitude,00:06:40.9029452,00:06:40.9209863,49.8,51.5
2,amplitude,00:06:40.9209863,00:06:40.9348542,51.5,53.8
2,amplitude,00:06:40.9348542,00:06:40.9512230,53.8,55.7
2,amplitude,00:06:40.9512230,00:06:40.9702066,55.7,57.6
2,amplitude,00:06:40.9702066,00:06:40.9861473,57.6,59.5
2,amplitude,00:06:40.9861473,00:06:41.0044428,59.5,61.7
2,amplitude,00:06:41.0044428,00:06:41.0170259,61.7,63.9
2,amplitude,00:06:41.0170259,00:06:41.0361067,63.9,66.2
2,amplitude,00:06:41.0361067,00:06:41.0596484,66.2,68.8
2,amplitude,00:06:41.0596484,00:06:41.0695244,68.8,70.6
2,amplitude,00:06:41.0695244,00:06:41.0862516,70.6,72.3
2,amplitude,00:06:41.0862516,00:06:41.1039869,72.3,74.1
2,amplitude,00:06:41.1039869,00:06:41.1196621,74.1,75.1
2,amplitude,00:06:41.1196621,00:06:41.1374108,75.1,76.4
2,amplitude,00:06:41.1374108,00:06:41.1536568,76.4,78.4
2,amplitude,00:06:41.1536568,00:06:41.1707838,78.4,79.5
2,amplitude,00:06:41.1707838,00:06:41.1865989,79.5,80.6
2,amplitude,00:06:41.1865989,00:06:41.2036644,80.6,81.5
2,amplitude,00:06:41.2036644,00:06:41.2193484,81.5,82.2
2,amplitude,00:06:41.2193484,00:06:41.2367317,82.2,82.9
2,amplitude,00:06:41.2367317,00:06:41.2540977,82.9,83.4
2,amplitude,00:06:41.2540977,00:06:41.2685962,83.4,83.5
2,amplitude,00:06:41.2685962,00:07:05.9995963,83.5,83.2
2,amplitude,00:07:05.9995963,00:07:06.1194792,83.2,79.7
2,amplitude,00:07:06.1194792,00:07:06.1240992,79.7,78.4
2,amplitude,00:07:06.1240992,00:07:06.1354323,78.4,74.9
2,amplitude,00:07:06.1354323,00:07:06.1525300,74.9,70.6
2,amplitude,00:07:06.1525300,00:07:06.1682016,70.6,65.9
2,amplitude,00:07:06.1682016,00:07:06.1861550,65.9,60.5
2,amplitude,00:07:06.1861550,00:07:06.2032547,60.5,54.7
2,amplitude,00:07:06.2032547,00:07:06.2185173,54.7,50.1
2,amplitude,00:07:06.2185173,00:07:06.2379021,50.1,41.9
2,amplitude,00:07:06.2379021,00:07:06.2530496,41.9,34.8
2,amplitude,00:07:06.2530496,00:07:06.2697879,34.8,27.9
2,amplitude,00:07:06.2697879,00:07:06.2881024,27.9,21.4
2,amplitude,00:07:06.2881024,00:07:06.3040789,21.4,11.0
2,amplitude,00:07:06.3040789,00:07:06.3209627,11.0,6.3
2,amplitude,00:07:06.3209627,00:07:06.3366463,6.3,0.0
2,amplitude,00:07:06.3366463,00:07:22.8848955,0.0,3.1
2,amplitude,00:07:22.8848955,00:07:22.9507058,3.1,7.2
2,amplitude,00:07:22.9507058,00:07:22.9572230,7.2,8.3
2,amplitude,00:07:22.9572230,00:07:22.9699072,8.3,9.3
2,amplitude,00:07:22.9699072,00:07:22.9865936,9.3,11.4
2,amplitude,00:07:22.9865936,00:07:23.0025121,11.4,13.7
2,amplitude,00:07:23.0025121,00:07:23.0213281,13.7,17.4
2,amplitude,00:07:23.0213281,00:07:23.0381084,17.4,20.0
2,amplitude,00:07:23.0381084,00:07:23.0531234,20.0,22.7
2,amplitude,00:07:23.0531234,00:07:23.0684397,22.7,24.9
2,amplitude,00:07:23.0684397,00:07:23.0947442,24.9,27.9
2,amplitude,00:07:23.0947442,00:07:23.1033008,27.9,28.9
2,amplitude,00:07:23.1033008,00:07:23.1180819,28.9,30.5
2,amplitude,00:07:23.1180819,00:07:23.1356826,30.5,32.0
2,amplitude,00:07:23.1356826,00:07:23.1518126,32.0,33.4
2,amplitude,00:07:23.1518126,00:07:23.1718391,33.4,35.5
2,amplitude,00:07:23.1718391,00:07:23.1841620,35.5,36.1
2,amplitude,00:07:23.1841620,00:07:23.2052067,36.1,37.9
2,amplitude,00:07:23.2052067,00:07:23.2210195,37.9,39.0
2,amplitude,00:07:23.2210195,00:07:23.2373326,39.0,40.2
2,amplitude,00:07:23.2373326,00:07:23.2521946,40.2,41.3
2,amplitude,00:07:23.2521946,00:07:23.2698261,41.3,42.3
2,amplitude,00:07:23.2698261,00:07:23.2846945,42.3,42.8
2,amplitude,00:07:23.2846945,00:07:23.3040352,42.8,44.1
2,amplitude,00:07:23.3040352,00:07:23.3184051,44.1,45.1
2,amplitude,00:07:23.3184051,00:07:23.3358505,45.1,45.8
2,amplitude,00:07:23.3358505,00:07:23.3510193,45.8,46.5
2,amplitude,00:07:23.3510193,00:07:23.3679032,46.5,47.1
2,amplitude,00:07:23.3679032,00:07:23.3842871,47.1,47.9
2,amplitude,00:07:23.3842871,00:07:23.4020353,47.9,48.5
2,amplitude,00:07:23.4020353,00:07:23.4199678,48.5,49.0
2,amplitude,00:07:23.4199678,00:07:23.4351764,49.0,49.7
2,amplitude,00:07:23.4351764,00:07:23.4525339,49.7,50.3
2,amplitude,00:07:23.4525339,00:07:23.4714034,50.3,50.8
2,amplitude,00:07:23.4714034,00:07:23.4863374,50.8,51.2
2,amplitude,00:07:23.4863374,00:07:23.5025014,51.2,51.5
2,amplitude,00:07:23.5025014,00:07:23.5237879,51.5,52.1
2,amplitude,00:07:23.5237879,00:07:23.5350797,52.1,52.3
2,amplitude,00:07:23.5350797,00:07:23.5550125,52.3,52.7
2,amplitude,00:07:23.5550125,00:07:23.5710021,52.7,53.1
2,amplitude,00:07:23.5710021,00:07:23.5859391,53.1,53.2
2,amplitude,00:07:23.5859391,00:07:23.6051354,53.2,53.5
2,amplitude,00:07:23.6051354,00:07:23.6227347,53.5,53.6
2,amplitude,00:07:23.6227347,00:07:23.6498761,53.6,53.8
2,amplitude,00:07:23.6498761,00:07:23.6844914,53.8,54.0
2,amplitude,00:07:23.6844914,00:07:23.7011575,54.0,54.1
2,amplitude,00:07:23.7011575,00:07:23.7189619,54.1,54.2
2,amplitude,00:07:23.7189619,00:07:23.7346549,54.2,54.3
2,amplitude,00:07:23.7346549,00:07:23.7524925,54.3,54.6
2,amplitude,00:07:23.7524925,00:07:23.7681439,54.6,54.7
2,amplitude,00:07:23.7681439,00:07:23.7872161,54.7,54.9
2,amplitude,00:07:23.7872161,00:07:23.8022105,54.9,55.0
2,amplitude,00:07:23.8022105,00:07:23.8197203,55.0,55.2
2,amplitude,00:07:23.8197203,00:07:23.8392511,55.2,55.4
2,amplitude,00:07:23.8392511,00:07:23.8535746,55.4,55.7
2,amplitude,00:07:23.8535746,00:07:23.8696167,55.7,56.0
2,amplitude,00:07:23.8696167,00:07:23.8877308,56.0,56.3
2,amplitude,00:07:23.8877308,00:07:23.9032092,56.3,56.4
2,amplitude,00:07:23.9032092,00:07:23.9175673,56.4,56.5
2,amplitude,00:07:23.9175673,00:07:23.9364141,56.5,56.8
2,amplitude,00:07:23.9364141,00:07:23.9521997,56.8,57.0
2,amplitude,00:07:23.9521997,00:07:23.9708511,57.0,57.1
2,amplitude,00:07:23.9708511,00:07:23.9847136,57.1,57.4
2,amplitude,00:07:23.9847136,00:07:24.0013803,57.4,57.5
2,amplitude,00:07:24.0013803,00:07:24.0189579,57.5,57.7
2,amplitude,00:07:24.0189579,00:07:24.0355561,57.7,58.1
2,amplitude,00:07:24.0355561,00:07:24.0517535,58.1,58.3
2,amplitude,00:07:24.0517535,00:07:24.0684730,58.3,58.8
2,amplitude,00:07:24.0684730,00:07:24.0878193,58.8,59.3
2,amplitude,00:07:24.0878193,00:07:24.1023443,59.3,59.8
2,amplitude,00:07:24.1023443,00:07:24.1194055,59.8,60.3
2,amplitude,00:07:24.1194055,00:07:24.1359996,60.3,60.6
2,amplitude,00:07:24.1359996,00:07:24.1541663,60.6,61.1
2,amplitude,00:07:24.1541663,00:07:24.1714288,61.1,61.9
2,amplitude,00:07:24.1714288,00:07:24.1863233,61.9,62.0
2,amplitude,00:07:24.1863233,00:07:24.2046950,62.0,62.5
2,amplitude,00:07:24.2046950,00:07:24.2207141,62.5,62.8
2,amplitude,00:07:24.2207141,00:07:24.2356510,62.8,63.0
2,amplitude,00:07:24.2356510,00:07:24.2512682,63.0,63.6
2,amplitude,00:07:24.2512682,00:07:24.2696160,63.6,63.7
2,amplitude,00:07:24.2696160,00:07:24.2847611,63.7,63.9
2,amplitude,00:07:24.2847611,00:07:24.3034506,63.9,64.2
2,amplitude,00:07:24.3034506,00:07:24.3199056,64.2,64.3
2,amplitude,00:07:24.3199056,00:07:24.3350665,64.3,64.5
2,amplitude,00:07:24.3350665,00:07:24.3517163,64.5,64.7
2,amplitude,00:07:24.3517163,00:07:24.3715018,64.7,64.9
2,amplitude,00:07:24.3715018,00:07:24.3849669,64.9,65.0
2,amplitude,00:07:24.3849669,00:07:24.4045285,65.0,65.1
2,amplitude,00:07:24.4045285,00:07:24.4198529,65.1,65.4
2,amplitude,00:07:24.4198529,00:07:24.4368295,65.4,65.5
2,amplitude,00:07:24.4368295,00:07:24.4536661,65.5,65.7
2,amplitude,00:07:24.4536661,00:07:24.4707452,65.7,66.0
2,amplitude,00:07:24.4707452,00:07:24.4874332,66.0,66.5
2,amplitude,00:07:24.4874332,00:07:24.5024526,66.5,66.7
2,amplitude,00:07:24.5024526,00:07:24.5221053,66.7,67.0
2,amplitude,00:07:24.5221053,00:07:24.5370002,67.0,67.3
2,amplitude,00:07:24.5370002,00:07:24.5523772,67.3,67.6
2,amplitude,00:07:24.5523772,00:07:24.5706789,67.6,67.9
2,amplitude,00:07:24.5706789,00:07:24.5838780,67.9,68.3
2,amplitude,00:07:24.5838780,00:07:24.6006908,68.3,68.7
2,amplitude,00:07:24.6006908,00:07:24.6177151,68.7,68.9
2,amplitude,00:07:24.6177151,00:07:24.6343968,68.9,69.4
2,amplitude,00:07:24.6343968,00:07:24.6509496,69.4,69.9
2,amplitude,00:07:24.6509496,00:07:24.6688628,69.9,70.2
2,amplitude,00:07:24.6688628,00:07:24.6884453,70.2,70.6
2,amplitude,00:07:24.6884453,00:07:24.7036655,70.6,71.1
2,amplitude,00:07:24.7036655,00:07:24.7188141,71.1,71.3
2,amplitude,00:07:24.7188141,00:07:24.7366671,71.3,71.7
2,amplitude,00:07:24.7366671,00:07:24.7538930,71.7,72.1
2,amplitude,00:07:24.7538930,00:07:24.7709322,72.1,72.6
2,amplitude,00:07:24.7709322,00:07:24.7873233,72.6,72.7
2,amplitude,00:07:24.7873233,00:07:24.8069056,72.7,73.3
2,amplitude,00:07:24.8069056,00:07:24.8198412,73.3,73.5
2,amplitude,00:07:24.8198412,00:07:24.8380256,73.5,73.8
2,amplitude,00:07:24.8380256,00:07:24.8504194,73.8,74.0
2,amplitude,00:07:24.8504194,00:07:24.8694576,74.0,74.1
2,amplitude,00:07:24.8694576,00:07:24.8847981,74.1,74.4
2,amplitude,00:07:24.8847981,00:07:24.9024629,74.4,74.5
2,amplitude,00:07:24.9024629,00:07:24.9212577,74.5,74.6
2,amplitude,00:07:24.9212577,00:07:25.0864459,74.6,74.5
2,amplitude,00:07:25.0864459,00:07:25.1049224,74.5,74.4
2,amplitude,00:07:25.1049224,00:07:25.1205122,74.4,74.1
2,amplitude,00:07:25.1205122,00:07:25.1378141,74.1,74.0
2,amplitude,00:07:25.1378141,00:07:25.1542609,74.0,73.9
2,amplitude,00:07:25.1542609,00:07:25.3854170,73.9,74.0
2,amplitude,00:07:25.3854170,00:07:25.4044732,74.0,74.3
2,amplitude,00:07:25.4044732,00:07:25.4202337,74.3,74.5
2,amplitude,00:07:25.4202337,00:07:25.4373443,74.5,74.6
2,amplitude,00:07:25.4373443,00:07:25.4700292,74.6,74.9
2,amplitude,00:07:25.4700292,00:07:41.3346298,74.9,76.0
2,amplitude,00:07:41.3346298,00:07:42.1515020,76.0,75.5
2,amplitude,00:07:42.1515020,00:07:42.2357285,75.5,72.7
2,amplitude,00:07:42.2357285,00:07:42.2417201,72.7,71.9
2,amplitude,00:07:42.2417201,00:07:42.2536615,71.9,70.6
2,amplitude,00:07:42.2536615,00:07:42.2701387,70.6,69.8
2,amplitude,00:07:42.2701387,00:07:42.2863529,69.8,67.1
2,amplitude,00:07:42.2863529,00:07:42.3020050,67.1,65.1
2,amplitude,00:07:42.3020050,00:07:42.3203170,65.1,63.3
2,amplitude,00:07:42.3203170,00:07:42.3368837,63.3,61.4
2,amplitude,00:07:42.3368837,00:07:42.3541062,61.4,59.5
2,amplitude,00:07:42.3541062,00:07:42.3728637,59.5,58.3
2,amplitude,00:07:42.3728637,00:07:42.3854619,58.3,56.1
2,amplitude,00:07:42.3854619,00:07:42.4056889,56.1,54.6
2,amplitude,00:07:42.4056889,00:07:42.4217241,54.6,52.6
2,amplitude,00:07:42.4217241,00:07:42.4382140,52.6,52.0
2,amplitude,00:07:42.4382140,00:07:42.4542104,52.0,50.9
2,amplitude,00:07:42.4542104,00:07:42.4713242,50.9,49.6
2,amplitude,00:07:42.4713242,00:07:42.4878548,49.6,48.6
2,amplitude,00:07:42.4878548,00:07:42.5041993,48.6,48.1
2,amplitude,00:07:42.5041993,00:07:42.5213197,48.1,47.6
2,amplitude,00:07:42.5213197,00:07:42.5544772,47.6,47.4
2,amplitude,00:07:42.5544772,00:07:42.5717428,47.4,47.1
2,amplitude,00:07:42.5717428,00:07:42.6023593,47.1,47.0
2,amplitude,00:07:42.6023593,00:07:42.7679095,47.0,47.3
2,amplitude,00:07:42.7679095,00:07:42.7883018,47.3,47.5
2,amplitude,00:07:42.7883018,00:07:42.8037196,47.5,47.6
2,amplitude,00:07:42.8037196,00:07:42.8221209,47.6,48.0
2,amplitude,00:07:42.8221209,00:07:42.8369683,48.0,48.2
2,amplitude,00:07:42.8369683,00:07:42.8559728,48.2,48.5
2,amplitude,00:07:42.8559728,00:07:42.8708663,48.5,48.9
2,amplitude,00:07:42.8708663,00:07:42.8863870,48.9,49.0
2,amplitude,00:07:42.8863870,00:07:42.9047724,49.0,49.2
2,amplitude,00:07:42.9047724,00:07:42.9190173,49.2,49.5
2,amplitude,00:07:42.9190173,00:07:42.9377305,49.5,49.8
2,amplitude,00:07:42.9377305,00:07:42.9539112,49.8,49.9
2,amplitude,00:07:42.9539112,00:07:42.9718118,49.9,50.2
2,amplitude,00:07:42.9718118,00:07:42.9875464,50.2,50.3
2,amplitude,00:07:42.9875464,00:07:43.0043469,50.3,50.6
2,amplitude,00:07:43.0043469,00:07:43.0211407,50.6,50.7
2,amplitude,00:07:43.0211407,00:07:43.0377489,50.7,50.9
2,amplitude,00:07:43.0377489,00:07:43.0548677,50.9,51.0
2,amplitude,00:07:43.0548677,00:07:43.0712453,51.0,51.2
2,amplitude,00:07:43.0712453,00:07:43.0871934,51.2,51.4
2,amplitude,00:07:43.0871934,00:07:43.1043898,51.4,51.5
2,amplitude,00:07:43.1043898,00:07:43.1222086,51.5,51.6
2,amplitude,00:07:43.1222086,00:07:43.1536576,51.6,51.8
2,amplitude,00:07:43.1536576,00:07:43.1718238,51.8,51.9
2,amplitude,00:07:43.1718238,00:07:43.1855358,51.9,52.0
2,amplitude,00:07:43.1855358,00:07:43.2021204,52.0,52.1
2,amplitude,00:07:43.2021204,00:07:43.2506068,52.1,52.3
2,amplitude,00:07:43.2506068,00:07:43.2714670,52.3,52.4
2,amplitude,00:07:43.2714670,00:07:43.3012720,52.4,52.5
2,amplitude,00:07:43.3012720,00:07:43.3692489,52.5,52.6
2,amplitude,00:07:43.3692489,00:07:43.8008288,52.6,52.7
2,amplitude,00:07:43.8008288,00:07:44.1839566,52.7,52.9
2,amplitude,00:07:44.1839566,00:07:44.2039809,52.9,53.0
2,amplitude,00:07:44.2039809,00:07:44.3524340,53.0,53.1
2,amplitude,00:07:44.3524340,00:07:44.4343785,53.1,53.2
2,amplitude,00:07:44.4343785,00:07:46.1512702,53.2,53.3
2,amplitude,00:07:46.1512702,00:07:46.4009565,53.3,53.5
2,amplitude,00:07:46.4009565,00:07:46.5343038,53.5,53.6
2,amplitude,00:07:46.5343038,00:07:46.7833103,53.6,53.7
2,amplitude,00:07:46.7833103,00:07:46.8508779,53.7,53.8
2,amplitude,00:07:46.8508779,00:07:47.1175667,53.8,54.0
2,amplitude,00:07:47.1175667,00:09:14.7934947,54.0,52.1
2,amplitude,00:09:14.7934947,00:09:14.8857376,52.1,49.3
2,amplitude,00:09:14.8857376,00:09:14.8943716,49.3,48.7
2,amplitude,00:09:14.8943716,00:09:14.9050636,48.7,48.1
2,amplitude,00:09:14.9050636,00:09:14.9225567,48.1,46.9
2,amplitude,00:09:14.9225567,00:09:14.9390489,46.9,45.6
2,amplitude,00:09:14.9390489,00:09:14.9560087,45.6,43.5
2,amplitude,00:09:14.9560087,00:09:14.9731349,43.5,41.9
2,amplitude,00:09:14.9731349,00:09:14.9904445,41.9,40.6
2,amplitude,00:09:14.9904445,00:09:15.0048661,40.6,40.0
2,amplitude,00:09:15.0048661,00:09:15.0218822,40.0,38.9
2,amplitude,00:09:15.0218822,00:09:15.0394806,38.9,37.5
2,amplitude,00:09:15.0394806,00:09:15.0564979,37.5,36.7
2,amplitude,00:09:15.0564979,00:09:15.0720060,36.7,36.0
2,amplitude,00:09:15.0720060,00:09:15.0881081,36.0,35.2
2,amplitude,00:09:15.0881081,00:09:15.1053113,35.2,34.5
2,amplitude,00:09:15.1053113,00:09:15.1213201,34.5,33.5
2,amplitude,00:09:15.1213201,00:09:15.1384249,33.5,32.6
2,amplitude,00:09:15.1384249,00:09:15.1528070,32.6,31.7
2,amplitude,00:09:15.1528070,00:09:15.1750731,31.7,30.9
2,amplitude,00:09:15.1750731,00:09:15.1864848,30.9,30.0
2,amplitude,00:09:15.1864848,00:09:15.2054764,30.0,29.5
2,amplitude,00:09:15.2054764,00:09:15.2242487,29.5,28.9
2,amplitude,00:09:15.2242487,00:09:15.2419351,28.9,28.7
2,amplitude,00:09:15.2419351,00:09:15.2556853,28.7,28.6
2,amplitude,00:09:15.2556853,00:09:15.2724682,28.6,28.4
2,amplitude,00:09:15.2724682,00:09:15.5034442,28.4,28.6
2,amplitude,00:09:15.5034442,00:09:15.5366349,28.6,28.7
2,amplitude,00:09:15.5366349,00:09:15.6030246,28.7,28.8
2,amplitude,00:09:15.6030246,00:09:15.6245709,28.8,29.0
2,amplitude,00:09:15.6245709,00:09:15.6535505,29.0,29.3
2,amplitude,00:09:15.6535505,00:09:15.6722111,29.3,29.5
2,amplitude,00:09:15.6722111,00:09:15.6873424,29.5,29.8
2,amplitude,00:09:15.6873424,00:09:15.7090353,29.8,30.1
2,amplitude,00:09:15.7090353,00:09:15.7207762,30.1,30.4
2,amplitude,00:09:15.7207762,00:09:36.6137764,30.4,29.3
2,amplitude,00:09:36.6137764,00:09:36.7694894,29.3,32.4
2,amplitude,00:09:36.7694894,00:09:36.7759899,32.4,32.7
2,amplitude,00:09:36.7759899,00:09:36.7892981,32.7,33.0
2,amplitude,00:09:36.7892981,00:09:36.8060110,33.0,33.8
2,amplitude,00:09:36.8060110,00:09:36.8218201,33.8,34.1
2,amplitude,00:09:36.8218201,00:09:36.8399356,34.1,34.9
2,amplitude,00:09:36.8399356,00:09:36.8534611,34.9,35.5
2,amplitude,00:09:36.8534611,00:09:36.8725851,35.5,36.0
2,amplitude,00:09:36.8725851,00:09:36.8866808,36.0,36.6
2,amplitude,00:09:36.8866808,00:09:36.9053803,36.6,37.1
2,amplitude,00:09:36.9053803,00:09:36.9238777,37.1,37.5
2,amplitude,00:09:36.9238777,00:09:36.9384070,37.5,38.3
2,amplitude,00:09:36.9384070,00:09:36.9540069,38.3,38.9
2,amplitude,00:09:36.9540069,00:09:36.9713477,38.9,39.4
2,amplitude,00:09:36.9713477,00:09:36.9905960,39.4,40.0
2,amplitude,00:09:36.9905960,00:09:37.0077044,40.0,40.7
2,amplitude,00:09:37.0077044,00:09:37.0248907,40.7,41.0
2,amplitude,00:09:37.0248907,00:09:37.0407354,41.0,41.4
2,amplitude,00:09:37.0407354,00:09:37.0554003,41.4,42.3
2,amplitude,00:09:37.0554003,00:09:37.0748052,42.3,42.7
2,amplitude,00:09:37.0748052,00:09:37.0879070,42.7,42.8
2,amplitude,00:09:37.0879070,00:09:37.1073811,42.8,43.3
2,amplitude,00:09:37.1073811,00:09:37.1247953,43.3,44.0
2,amplitude,00:09:37.1247953,00:09:37.1392113,44.0,44.4
2,amplitude,00:09:37.1392113,00:09:37.1558774,44.4,44.7
2,amplitude,00:09:37.1558774,00:09:37.1701260,44.7,45.2
2,amplitude,00:09:37.1701260,00:09:37.1868956,45.2,45.6
2,amplitude,00:09:37.1868956,00:09:37.2045808,45.6,46.1
2,amplitude,00:09:37.2045808,00:09:37.2221879,46.1,46.4
2,amplitude,00:09:37.2221879,00:09:37.2374914,46.4,46.8
2,amplitude,00:09:37.2374914,00:09:37.2539201,46.8,47.4
2,amplitude,00:09:37.2539201,00:09:37.2718356,47.4,47.8
2,amplitude,00:09:37.2718356,00:09:37.2899064,47.8,48.1
2,amplitude,00:09:37.2899064,00:09:37.3063313,48.1,48.7
2,amplitude,00:09:37.3063313,00:09:37.3231641,48.7,48.9
2,amplitude,00:09:37.3231641,00:09:37.3417896,48.9,49.2
2,amplitude,00:09:37.3417896,00:09:37.3597424,49.2,49.7
2,amplitude,00:09:37.3597424,00:09:37.3738323,49.7,49.8
2,amplitude,00:09:37.3738323,00:09:37.3891148,49.8,50.2
2,amplitude,00:09:37.3891148,00:09:37.4056975,50.2,50.3
2,amplitude,00:09:37.4056975,00:09:37.4219009,50.3,50.4
2,amplitude,00:09:37.4219009,00:09:37.4400029,50.4,50.8
2,amplitude,00:09:37.4400029,00:09:37.4554244,50.8,50.9
2,amplitude,00:09:37.4554244,00:09:37.4711130,50.9,51.2
2,amplitude,00:09:37.4711130,00:09:37.4866621,51.2,51.4
2,amplitude,00:09:37.4866621,00:09:37.5044097,51.4,51.5
2,amplitude,00:09:37.5044097,00:09:37.5206137,51.5,51.6
2,amplitude,00:09:37.5206137,00:09:37.5368690,51.6,51.9
2,amplitude,00:09:37.5368690,00:09:37.5582039,51.9,52.0
2,amplitude,00:09:37.5582039,00:09:37.5737729,52.0,52.1
2,amplitude,00:09:37.5737729,00:09:37.6190745,52.1,52.3
2,amplitude,00:09:37.6190745,00:09:37.6394936,52.3,52.5
2,amplitude,00:09:37.6394936,00:09:37.9210831,52.5,52.6
2,amplitude,00:09:37.9210831,00:09:37.9549036,52.6,52.7
2,amplitude,00:09:37.9549036,00:09:38.0186274,52.7,52.9
2,amplitude,00:09:38.0186274,00:09:38.0398846,52.9,53.0
2,amplitude,00:09:38.0398846,00:09:38.0881376,53.0,53.1
2,amplitude,00:09:38.0881376,00:09:38.1196822,53.1,53.2
2,amplitude,00:09:38.1196822,00:09:38.1697710,53.2,53.3
2,amplitude,00:09:38.1697710,00:09:38.1903468,53.3,53.5
2,amplitude,00:09:38.1903468,00:09:38.2063396,53.5,53.6
2,amplitude,00:09:38.2063396,00:09:38.2703355,53.6,53.7
2,amplitude,00:09:38.2703355,00:09:38.2890247,53.7,53.8
2,amplitude,00:09:38.2890247,00:09:38.3547431,53.8,54.0
2,amplitude,00:09:38.3547431,00:09:38.4032483,54.0,54.1
2,amplitude,00:09:38.4032483,00:09:38.4362567,54.1,54.2
2,amplitude,00:09:38.4362567,00:09:38.4698521,54.2,54.3
2,amplitude,00:09:38.4698521,00:09:38.6362377,54.3,54.4
2,amplitude,00:09:38.6362377,00:09:38.7026301,54.4,54.6
2,amplitude,00:09:38.7026301,00:09:38.8195406,54.6,54.7
2,amplitude,00:09:38.8195406,00:09:38.9212958,54.7,54.8
2,amplitude,00:09:38.9212958,00:09:39.3361389,54.8,54.7
2,amplitude,00:09:39.3361389,00:09:39.3696946,54.7,54.6
2,amplitude,00:09:39.3696946,00:09:39.4028781,54.6,54.4
2,amplitude,00:09:39.4028781,00:09:39.4215753,54.4,54.3
2,amplitude,00:09:39.4215753,00:09:39.4382675,54.3,54.2
2,amplitude,00:09:39.4382675,00:09:39.4565071,54.2,54.1
2,amplitude,00:09:39.4565071,00:09:39.4754490,54.1,53.8
2,amplitude,00:09:39.4754490,00:09:39.4893481,53.8,53.7
2,amplitude,00:09:39.4893481,00:09:39.5063769,53.7,53.3
2,amplitude,00:09:39.5063769,00:09:39.5227433,53.3,53.0
2,amplitude,00:09:39.5227433,00:09:39.5392995,53.0,52.9
2,amplitude,00:09:39.5392995,00:09:39.5574589,52.9,52.4
2,amplitude,00:09:39.5574589,00:09:39.5712918,52.4,52.1
2,amplitude,00:09:39.5712918,00:09:39.5882716,52.1,51.9
2,amplitude,00:09:39.5882716,00:09:39.6047080,51.9,51.2
2,amplitude,00:09:39.6047080,00:09:39.6219108,51.2,50.7
2,amplitude,00:09:39.6219108,00:09:39.6384839,50.7,50.2
2,amplitude,00:09:39.6384839,00:09:39.6536527,50.2,49.7
2,amplitude,00:09:39.6536527,00:09:39.6712624,49.7,49.1
2,amplitude,00:09:39.6712624,00:09:39.6880398,49.1,48.5
2,amplitude,00:09:39.6880398,00:09:39.7055421,48.5,47.8
2,amplitude,00:09:39.7055421,00:09:39.7212246,47.8,47.0
2,amplitude,00:09:39.7212246,00:09:39.7384864,47.0,46.4
2,amplitude,00:09:39.7384864,00:09:39.7575600,46.4,45.7
2,amplitude,00:09:39.7575600,00:09:39.7731906,45.7,44.6
2,amplitude,00:09:39.7731906,00:09:39.7896019,44.6,44.4
2,amplitude,00:09:39.7896019,00:09:39.8058312,44.4,43.6
2,amplitude,00:09:39.8058312,00:09:39.8221560,43.6,43.1
2,amplitude,00:09:39.8221560,00:09:39.8393438,43.1,42.5
2,amplitude,00:09:39.8393438,00:09:39.8568592,42.5,41.7
2,amplitude,00:09:39.8568592,00:09:39.8754856,41.7,41.1
2,amplitude,00:09:39.8754856,00:09:39.8870080,41.1,40.6
2,amplitude,00:09:39.8870080,00:09:39.9079444,40.6,40.0
2,amplitude,00:09:39.9079444,00:09:39.9225886,40.0,39.5
2,amplitude,00:09:39.9225886,00:09:39.9356099,39.5,39.0
2,amplitude,00:09:39.9356099,00:09:39.9543579,39.0,38.5
2,amplitude,00:09:39.9543579,00:09:39.9699836,38.5,38.2
2,amplitude,00:09:39.9699836,00:09:39.9878937,38.2,37.9
2,amplitude,00:09:39.9878937,00:09:40.0061707,37.9,37.8
2,amplitude,00:09:40.0061707,00:09:40.0231162,37.8,37.5
2,amplitude,00:09:40.0231162,00:09:40.0400855,37.5,37.4
2,amplitude,00:09:40.0400855,00:09:40.0558048,37.4,37.3
2,amplitude,00:09:40.0558048,00:09:40.2206193,37.3,37.7
2,amplitude,00:09:40.2206193,00:09:40.2385247,37.7,37.9
2,amplitude,00:09:40.2385247,00:09:40.2556744,37.9,38.3
2,amplitude,00:09:40.2556744,00:09:40.2703837,38.3,38.6
2,amplitude,00:09:40.2703837,00:09:40.2897138,38.6,39.0
2,amplitude,00:09:40.2897138,00:09:40.3038981,39.0,39.2
2,amplitude,00:09:40.3038981,00:09:40.3214894,39.2,39.5
2,amplitude,00:09:40.3214894,00:09:40.3400658,39.5,39.9
2,amplitude,00:09:40.3400658,00:09:40.3572664,39.9,40.2
2,amplitude,00:09:40.3572664,00:09:40.3736245,40.2,40.5
2,amplitude,00:09:40.3736245,00:09:40.3888473,40.5,40.7
2,amplitude,00:09:40.3888473,00:09:40.4064386,40.7,41.0
2,amplitude,00:09:40.4064386,00:09:40.4229900,41.0,41.2
2,amplitude,00:09:40.4229900,00:09:40.4402704,41.2,41.3
2,amplitude,00:09:40.4402704,00:09:40.4573515,41.3,41.4
2,amplitude,00:09:40.4573515,00:09:40.4735008,41.4,41.6
2,amplitude,00:09:40.4735008,00:09:40.5029210,41.6,41.7
2,amplitude,00:09:40.5029210,00:09:40.6518596,41.7,41.8
2,amplitude,00:09:40.6518596,00:09:40.6737045,41.8,41.9
2,frequency,00:05:04.1407947,00:05:59.3456789,1.0,0.9
2,frequency,00:05:59.3456789,00:05:59.7678901,0.9,1.0
2,frequency,00:05:59.7678901,00:06:00.1890123,1.0,0.8
2,frequency,00:06:00.1890123,00:06:00.6012345,0.8,0.9
2,frequency,00:06:00.6012345,00:06:01.0234567,0.9,1.0
2,frequency,00:06:01.0234567,00:06:01.4456789,1.0,1.1
2,frequency,00:06:01.4456789,00:06:01.6318986,1.1,1.3
2,frequency,00:06:01.6332726,00:09:13.5844252,1.3,1.4
2,frequency,00:09:13.5858830,00:09:13.6368025,1.4,1.3
2,frequency,00:09:13.6382883,00:09:13.6553147,1.3,1.2
2,frequency,00:09:13.6568004,00:09:13.6700205,1.2,1.1
2,frequency,00:09:13.6715040,00:09:13.6889624,1.1,1.0
2,frequency,00:09:13.6904507,00:09:13.7035736,1.0,0.9
2,frequency,00:09:13.7050763,00:09:13.7196708,0.9,0.7
2,frequency,00:09:13.7211753,00:09:13.7379223,0.7,0.6
2,frequency,00:09:13.7394214,00:09:13.7532546,0.6,0.5
2,frequency,00:09:13.7547455,00:09:13.7792195,0.5,0.4
2,frequency,00:09:13.7807180,00:09:13.7858155,0.4,0.3
2,frequency,00:09:13.7873012,00:09:13.8030549,0.3,0.2
2,frequency,00:09:13.8045350,00:09:13.8235828,0.2,0.1
2,frequency,00:09:13.8250634,00:09:13.8394695,0.1,0.0
2,frequency,00:09:13.8409602,00:09:19.1914380,0.0,0.1
2,frequency,00:09:19.1928225,00:09:19.2695832,0.1,0.2
2,frequency,00:09:19.2710755,00:09:19.3853995,0.2,0.3
2,frequency,00:09:19.3868867,00:09:21.6524108,0.3,0.4
2,frequency,00:09:21.6538912,00:09:21.7202994,0.4,0.5
2,frequency,00:09:21.7217839,00:09:21.8522807,0.5,0.6
2,frequency,00:09:21.8537124,00:09:22.2696226,0.6,0.7
2,frequency,00:09:22.2711042,00:11:33.4389837,0.7,0.2
2,frequency,00:11:33.4404646,00:11:33.5250734,0.2,0.1
2,frequency,00:11:33.5265611,00:11:33.5559752,0.1,0.0
2,offset,00:05:10.8225146,00:05:10.9834003,84.0,78.0
2,offset,00:05:10.9834003,00:05:11.0015479,78.0,77.0
2,offset,00:05:11.0015479,00:05:11.0158299,77.0,75.0
2,offset,00:05:11.0158299,00:05:11.0358417,75.0,73.0
2,offset,00:05:11.0358417,00:05:11.0516636,73.0,71.0
2,offset,00:05:11.0516636,00:05:11.0813916,71.0,70.0
2,offset,00:05:11.0813916,00:05:11.1009400,70.0,68.0
2,offset,00:05:11.1009400,00:05:11.1190791,68.0,67.0
2,offset,00:05:11.1190791,00:05:11.1342358,67.0,66.0
2,offset,00:05:11.1342358,00:05:11.1513954,66.0,65.0
2,offset,00:05:11.1513954,00:05:11.1666097,65.0,64.0
2,offset,00:05:11.1666097,00:05:11.1990378,64.0,63.0
2,offset,00:05:11.1990378,00:05:11.2181772,63.0,62.0
2,offset,00:05:11.2181772,00:05:11.2490596,62.0,61.0
2,offset,00:05:11.2490596,00:05:11.2664235,61.0,60.0
2,offset,00:05:11.2664235,00:05:11.2993481,60.0,59.0
2,offset,00:05:11.2993481,00:05:11.3332311,59.0,58.0
2,offset,00:05:11.3332311,00:05:11.3523452,58.0,57.0
2,offset,00:05:11.3523452,00:05:11.3696050,57.0,56.0
2,offset,00:05:11.3696050,00:05:11.3990782,56.0,55.0
2,offset,00:05:11.3990782,00:05:11.4491886,55.0,54.0
2,offset,00:05:11.4491886,00:05:11.4987936,54.0,53.0
2,offset,00:05:11.4987936,00:05:11.6646789,53.0,54.0
2,offset,00:05:11.6646789,00:05:11.6840573,54.0,56.0
2,offset,00:05:11.6840573,00:05:11.7010560,56.0,58.0
2,offset,00:05:11.7010560,00:05:11.7185778,58.0,59.0
2,offset,00:05:11.7185778,00:05:11.7339785,59.0,60.0
2,offset,00:05:11.7339785,00:05:11.7504930,60.0,62.0
2,offset,00:05:11.7504930,00:05:11.7677803,62.0,65.0
2,offset,00:05:11.7677803,00:05:11.7894305,65.0,67.0
2,offset,00:05:11.7894305,00:05:11.8099882,67.0,69.0
2,offset,00:05:11.8099882,00:05:11.8198424,69.0,71.0
2,offset,00:05:11.8198424,00:05:11.8326476,71.0,73.0
2,offset,00:05:11.8326476,00:05:11.8512958,73.0,75.0
2,offset,00:05:11.8512958,00:05:11.8682388,75.0,76.0
2,offset,00:05:11.8682388,00:05:11.8853173,76.0,78.0
2,offset,00:05:11.8853173,00:05:11.9001335,78.0,80.0
2,offset,00:05:11.9001335,00:05:11.9184005,80.0,81.0
2,offset,00:05:11.9184005,00:05:11.9342570,81.0,83.0
2,offset,00:05:11.9342570,00:05:11.9530841,83.0,84.0
2,offset,00:05:11.9530841,00:05:11.9683999,84.0,86.0
2,offset,00:05:11.9683999,00:05:11.9860625,86.0,87.0
2,offset,00:05:11.9860625,00:05:12.0024386,87.0,88.0
2,offset,00:05:12.0024386,00:05:12.0193666,88.0,90.0
2,offset,00:05:12.0193666,00:05:12.0350383,90.0,91.0
2,offset,00:05:12.0350383,00:05:12.0521305,91.0,93.0
2,offset,00:05:12.0521305,00:05:12.0689661,93.0,95.0
2,offset,00:05:12.0689661,00:05:12.0851926,95.0,97.0
2,offset,00:05:12.0851926,00:05:12.1008412,97.0,98.0
2,offset,00:05:12.1008412,00:05:12.1169862,98.0,100.0
2,offset,00:05:12.1169862,00:05:12.1368644,100.0,101.0
2,offset,00:05:12.1368644,00:05:12.1504113,101.0,102.0
2,offset,00:05:12.1504113,00:05:12.1855927,102.0,103.0
2,offset,00:05:12.1855927,00:05:12.2031902,103.0,104.0
2,offset,00:05:12.2031902,00:05:12.2337126,104.0,105.0
2,offset,00:05:12.2337126,00:05:12.2829484,105.0,106.0
2,offset,00:05:12.2829484,00:05:12.3331651,106.0,107.0
2,offset,00:05:12.3331651,00:05:12.3826108,107.0,108.0
2,offset,00:05:12.3826108,00:05:12.4634324,108.0,109.0
2,offset,00:05:12.4634324,00:06:41.6549136,109.0,102.0
2,offset,00:06:41.6549136,00:06:41.8067324,102.0,94.0
2,offset,00:06:41.8067324,00:06:41.8204491,94.0,89.0
2,offset,00:06:41.8204491,00:06:41.8371073,89.0,81.0
2,offset,00:06:41.8371073,00:06:41.8531989,81.0,78.0
2,offset,00:06:41.8531989,00:06:41.8692150,78.0,73.0
2,offset,00:06:41.8692150,00:06:41.8857878,73.0,65.0
2,offset,00:06:41.8857878,00:06:41.9028376,65.0,60.0
2,offset,00:06:41.9028376,00:06:41.9206187,60.0,57.0
2,offset,00:06:41.9206187,00:06:41.9377538,57.0,52.0
2,offset,00:06:41.9377538,00:06:41.9542237,52.0,49.0
2,offset,00:06:41.9542237,00:06:41.9704445,49.0,47.0
2,offset,00:06:41.9704445,00:06:41.9860850,47.0,45.0
2,offset,00:06:41.9860850,00:06:42.0024594,45.0,43.0
2,offset,00:06:42.0024594,00:06:42.0169229,43.0,41.0
2,offset,00:06:42.0169229,00:06:42.0359991,41.0,39.0
2,offset,00:06:42.0359991,00:06:42.0524630,39.0,36.0
2,offset,00:06:42.0524630,00:06:42.0692253,36.0,34.0
2,offset,00:06:42.0692253,00:06:42.0863857,34.0,32.0
2,offset,00:06:42.0863857,00:06:42.1023212,32.0,31.0
2,offset,00:06:42.1023212,00:06:42.1188018,31.0,30.0
2,offset,00:06:42.1188018,00:06:42.1362041,30.0,28.0
2,offset,00:06:42.1362041,00:06:42.1538472,28.0,26.0
2,offset,00:06:42.1538472,00:06:42.1696723,26.0,25.0
2,offset,00:06:42.1696723,00:06:42.1858992,25.0,24.0
2,offset,00:06:42.1858992,00:06:42.2040134,24.0,22.0
2,offset,00:06:42.2040134,00:06:42.2215175,22.0,20.0
2,offset,00:06:42.2215175,00:06:42.2363122,20.0,19.0
2,offset,00:06:42.2363122,00:06:42.2548343,19.0,18.0
2,offset,00:06:42.2548343,00:06:42.2852737,18.0,17.0
2,offset,00:06:42.2852737,00:06:42.3025770,17.0,16.0
2,offset,00:06:42.3025770,00:07:26.2653817,16.0,28.0
2,offset,00:07:26.2653817,00:07:26.3544118,28.0,35.0
2,offset,00:07:26.3544118,00:07:26.3597735,35.0,37.0
2,offset,00:07:26.3597735,00:07:26.3714059,37.0,39.0
2,offset,00:07:26.3714059,00:07:26.3859961,39.0,42.0
2,offset,00:07:26.3859961,00:07:26.4041151,42.0,45.0
2,offset,00:07:26.4041151,00:07:26.4178898,45.0,48.0
2,offset,00:07:26.4178898,00:07:26.4353593,48.0,52.0
2,offset,00:07:26.4353593,00:07:26.4539987,52.0,55.0
2,offset,00:07:26.4539987,00:07:26.4733968,55.0,60.0
2,offset,00:07:26.4733968,00:07:26.4849147,60.0,62.0
2,offset,00:07:26.4849147,00:07:26.5050796,62.0,66.0
2,offset,00:07:26.5050796,00:07:26.5244084,66.0,71.0
2,offset,00:07:26.5244084,00:07:26.5361802,71.0,73.0
2,offset,00:07:26.5361802,00:07:26.5555261,73.0,76.0
2,offset,00:07:26.5555261,00:07:26.5712492,76.0,81.0
2,offset,00:07:26.5712492,00:07:26.5864361,81.0,82.0
2,offset,00:07:26.5864361,00:07:26.6038174,82.0,87.0
2,offset,00:07:26.6038174,00:07:26.6210908,87.0,89.0
2,offset,00:07:26.6210908,00:07:26.6354526,89.0,94.0
2,offset,00:07:26.6354526,00:07:26.6521625,94.0,97.0
2,offset,00:07:26.6521625,00:07:26.6703621,97.0,100.0
2,offset,00:07:26.6703621,00:07:26.6873881,100.0,103.0
2,offset,00:07:26.6873881,00:07:26.7021289,103.0,106.0
2,offset,00:07:26.7021289,00:07:26.7186054,106.0,110.0
2,offset,00:07:26.7186054,00:07:26.7376392,110.0,113.0
2,offset,00:07:26.7376392,00:07:26.7510908,113.0,115.0
2,offset,00:07:26.7510908,00:07:26.7765733,115.0,118.0
2,offset,00:07:26.7765733,00:07:26.7851400,118.0,120.0
2,offset,00:07:26.7851400,00:07:26.8034267,120.0,122.0
2,offset,00:07:26.8034267,00:07:26.8209826,122.0,124.0
2,offset,00:07:26.8209826,00:07:26.8399289,124.0,127.0
2,offset,00:07:26.8399289,00:07:26.8535707,127.0,128.0
2,offset,00:07:26.8535707,00:07:26.8715141,128.0,131.0
2,offset,00:07:26.8715141,00:07:26.8866120,131.0,132.0
2,offset,00:07:26.8866120,00:07:26.9021533,132.0,135.0
2,offset,00:07:26.9021533,00:07:26.9198492,135.0,137.0
2,offset,00:07:26.9198492,00:07:26.9340923,137.0,138.0
2,offset,00:07:26.9340923,00:07:26.9564259,138.0,140.0
2,offset,00:07:26.9564259,00:07:26.9714919,140.0,142.0
2,offset,00:07:26.9714919,00:07:26.9850601,142.0,143.0
2,offset,00:07:26.9850601,00:07:27.0020397,143.0,145.0
2,offset,00:07:27.0020397,00:07:27.0180416,145.0,146.0
2,offset,00:07:27.0180416,00:07:27.0356952,146.0,147.0
2,offset,00:07:27.0356952,00:07:27.0531969,147.0,148.0
2,offset,00:07:27.0531969,00:07:27.0690438,148.0,149.0
2,offset,00:07:27.0690438,00:07:27.0874416,149.0,150.0
2,offset,00:07:27.0874416,00:07:27.1033350,150.0,151.0
2,offset,00:07:27.1033350,00:07:27.1235012,151.0,152.0
2,offset,00:07:27.1235012,00:07:27.1377891,152.0,153.0
2,offset,00:07:27.1377891,00:07:27.1544545,153.0,154.0
2,offset,00:07:27.1544545,00:07:27.1848269,154.0,155.0
2,offset,00:07:27.1848269,00:07:27.2066114,155.0,156.0
2,offset,00:07:27.2066114,00:07:27.2522626,156.0,157.0
2,offset,00:07:27.2522626,00:07:27.2845533,157.0,158.0
2,offset,00:07:27.2845533,00:07:27.3338815,158.0,159.0
2,offset,00:07:27.3338815,00:07:27.3832688,159.0,160.0
2,offset,00:07:27.3832688,00:07:27.6011949,160.0,161.0
2,offset,00:07:27.6011949,00:07:27.7498839,161.0,162.0
2,offset,00:07:27.7498839,00:07:27.8509557,162.0,163.0
2,offset,00:07:27.8509557,00:07:27.9168432,163.0,164.0
2,offset,00:07:27.9168432,00:07:27.9831018,164.0,165.0
2,offset,00:07:27.9831018,00:07:28.0345645,165.0,166.0
2,offset,00:07:28.0345645,00:07:28.1020376,166.0,167.0
2,offset,00:07:28.1020376,00:07:28.1550039,167.0,168.0
2,offset,00:07:28.1550039,00:07:28.2070978,168.0,169.0
2,offset,00:07:28.2070978,00:07:28.2678315,169.0,170.0
2,offset,00:07:28.2678315,00:07:50.4348874,170.0,168.0
2,offset,00:07:50.4348874,00:07:50.5341972,168.0,162.0
2,offset,00:07:50.5341972,00:07:50.5402741,162.0,160.0
2,offset,00:07:50.5402741,00:07:50.5535546,160.0,158.0
2,offset,00:07:50.5535546,00:07:50.5710952,158.0,156.0
2,offset,00:07:50.5710952,00:07:50.5965594,156.0,155.0
2,offset,00:07:50.5965594,00:07:50.6040291,155.0,152.0
2,offset,00:07:50.6040291,00:07:50.6229417,152.0,149.0
2,offset,00:07:50.6229417,00:07:50.6400361,149.0,147.0
2,offset,00:07:50.6400361,00:07:50.6532647,147.0,145.0
2,offset,00:07:50.6532647,00:07:50.6676451,145.0,144.0
2,offset,00:07:50.6676451,00:07:50.6899136,144.0,142.0
2,offset,00:07:50.6899136,00:07:50.7038878,142.0,141.0
2,offset,00:07:50.7038878,00:07:50.7177418,141.0,139.0
2,offset,00:07:50.7177418,00:07:50.7382322,139.0,138.0
2,offset,00:07:50.7382322,00:07:50.7560000,138.0,136.0
2,offset,00:07:50.7560000,00:07:50.7713231,136.0,135.0
2,offset,00:07:50.7713231,00:07:50.7889653,135.0,133.0
2,offset,00:07:50.7889653,00:07:50.8048880,133.0,132.0
2,offset,00:07:50.8048880,00:07:50.8201239,132.0,131.0
2,offset,00:07:50.8201239,00:07:50.8374125,131.0,130.0
2,offset,00:07:50.8374125,00:07:50.8556893,130.0,128.0
2,offset,00:07:50.8556893,00:07:50.8703745,128.0,127.0
2,offset,00:07:50.8703745,00:07:50.8884583,127.0,126.0
2,offset,00:07:50.8884583,00:07:50.9051780,126.0,124.0
2,offset,00:07:50.9051780,00:07:50.9205497,124.0,123.0
2,offset,00:07:50.9205497,00:07:50.9370134,123.0,122.0
2,offset,00:07:50.9370134,00:07:50.9539175,122.0,121.0
2,offset,00:07:50.9539175,00:07:50.9703459,121.0,119.0
2,offset,00:07:50.9703459,00:07:50.9879941,119.0,118.0
2,offset,00:07:50.9879941,00:07:51.0046591,118.0,116.0
2,offset,00:07:51.0046591,00:07:51.0220106,116.0,115.0
2,offset,00:07:51.0220106,00:07:51.0375320,115.0,114.0
2,offset,00:07:51.0375320,00:07:51.0548703,114.0,113.0
2,offset,00:07:51.0548703,00:07:51.0714562,113.0,112.0
2,offset,00:07:51.0714562,00:07:51.0887562,112.0,111.0
2,offset,00:07:51.0887562,00:07:51.1203963,111.0,110.0
2,offset,00:07:51.1203963,00:07:51.1399081,110.0,109.0
2,offset,00:07:51.1399081,00:07:51.2011825,109.0,108.0
2,offset,00:07:51.2011825,00:07:51.5426181,108.0,109.0
2,offset,00:07:51.5426181,00:07:51.7343398,109.0,110.0
2,offset,00:07:51.7343398,00:07:52.5193287,110.0,111.0
2,offset,00:07:52.5193287,00:09:09.0918682,111.0,125.0
2,offset,00:09:09.0918682,00:09:09.1209036,125.0,116.0
2,offset,00:09:09.1209036,00:09:09.1367185,116.0,108.0
2,offset,00:09:09.1367185,00:09:09.1372999,108.0,102.0
2,offset,00:09:09.1372999,00:09:09.1562153,102.0,94.0
2,offset,00:09:09.1562153,00:09:09.1725509,94.0,87.0
2,offset,00:09:09.1725509,00:09:09.1874024,87.0,81.0
2,offset,00:09:09.1874024,00:09:09.2028874,81.0,75.0
2,offset,00:09:09.2028874,00:09:09.2202164,75.0,69.0
2,offset,00:09:09.2202164,00:09:09.2393378,69.0,61.0
2,offset,00:09:09.2393378,00:09:09.2562285,61.0,55.0
2,offset,00:09:09.2562285,00:09:09.3031787,55.0,48.0
2,offset,00:09:09.3031787,00:09:09.3038373,48.0,43.0
2,offset,00:09:09.3038373,00:09:09.3042362,43.0,39.0
2,offset,00:09:09.3042362,00:09:09.3212041,39.0,34.0
2,offset,00:09:09.3212041,00:09:09.3689240,34.0,27.0
2,offset,00:09:09.3689240,00:09:09.3694275,27.0,24.0
2,offset,00:09:09.3694275,00:09:09.3710801,24.0,19.0
2,offset,00:09:09.3710801,00:09:09.3865326,19.0,12.0
2,offset,00:09:09.3865326,00:09:09.4371204,12.0,9.0
2,offset,00:09:09.4371204,00:09:09.4377142,9.0,3.0
2,offset,00:09:09.4377142,00:09:09.4389449,3.0,0.0
2,offset,00:09:09.4389449,00:09:10.2668193,0.0,1.0
2,offset,00:09:10.2668193,00:09:10.2987936,1.0,5.0
2,offset,00:09:10.2987936,00:09:10.3041541,5.0,9.0
2,offset,00:09:10.3041541,00:09:10.3252262,9.0,17.0
2,offset,00:09:10.3252262,00:09:10.3355421,17.0,19.0
2,offset,00:09:10.3355421,00:09:10.3857588,19.0,27.0
2,offset,00:09:10.3857588,00:09:10.3862932,27.0,30.0
2,offset,00:09:10.3862932,00:09:10.3940196,30.0,38.0
2,offset,00:09:10.3940196,00:09:10.4036996,38.0,41.0
2,offset,00:09:10.4036996,00:09:10.4287726,41.0,48.0
2,offset,00:09:10.4287726,00:09:10.4374756,48.0,53.0
2,offset,00:09:10.4374756,00:09:10.4630702,53.0,58.0
2,offset,00:09:10.4630702,00:09:10.4696889,58.0,62.0
2,offset,00:09:10.4696889,00:09:10.5089428,62.0,66.0
2,offset,00:09:10.5089428,00:09:10.5096013,66.0,69.0
2,offset,00:09:10.5096013,00:09:10.5225044,69.0,71.0
2,offset,00:09:10.5225044,00:09:10.5367369,71.0,74.0
2,offset,00:09:10.5367369,00:09:10.5929446,74.0,76.0
2,offset,00:09:10.5929446,00:09:10.5940521,76.0,78.0
2,offset,00:09:10.5940521,00:09:10.5945337,78.0,80.0
2,offset,00:09:10.5945337,00:09:10.6035626,80.0,82.0
2,offset,00:09:10.6035626,00:09:10.6603637,82.0,83.0
2,offset,00:09:10.6603637,00:09:10.6607993,83.0,84.0
2,offset,00:09:10.6607993,00:09:10.6609703,84.0,85.0
2,offset,00:09:10.6609703,00:09:10.6746732,85.0,87.0
2,offset,00:09:10.6746732,00:09:10.7304098,87.0,89.0
2,offset,00:09:10.7304098,00:09:10.7328038,89.0,90.0
2,offset,00:09:10.7328038,00:09:10.7332374,90.0,91.0
2,offset,00:09:10.7332374,00:09:10.7415360,91.0,92.0
2,offset,00:09:10.7415360,00:09:10.7523198,92.0,93.0
2,offset,00:09:10.7523198,00:09:11.2078828,93.0,94.0
2,offset,00:09:11.2078828,00:09:11.2083980,94.0,95.0
2,offset,00:09:11.2083980,00:09:11.2205858,95.0,96.0
2,offset,00:09:11.2205858,00:09:11.2765298,96.0,97.0
2,offset,00:09:11.2765298,00:09:11.2773995,97.0,98.0
2,offset,00:09:11.2773995,00:09:11.2867956,98.0,99.0
2,offset,00:09:11.2867956,00:09:11.4179148,99.0,100.0
2,offset,00:09:11.4179148,00:09:11.4822927,100.0,101.0
2,offset,00:09:11.4822927,00:09:11.5511236,101.0,102.0
2,offset,00:09:11.5511236,00:09:11.5530912,102.0,103.0
2,offset,00:09:11.5530912,00:09:11.6190669,103.0,104.0
2,offset,00:09:11.6190669,00:09:26.3711398,104.0,98.0
2,offset,00:09:26.3711398,00:09:26.3788101,98.0,97.0
2,offset,00:09:26.3788101,00:09:26.3902280,97.0,96.0
2,offset,00:09:26.3902280,00:09:26.4084627,96.0,94.0
2,offset,00:09:26.4084627,00:09:26.4305399,94.0,93.0
2,offset,00:09:26.4305399,00:09:26.4434251,93.0,91.0
2,offset,00:09:26.4434251,00:09:26.4558948,91.0,90.0
2,offset,00:09:26.4558948,00:09:26.4741138,90.0,89.0
2,offset,00:09:26.4741138,00:09:26.5056180,89.0,88.0
2,offset,00:09:26.5056180,00:09:26.5223038,88.0,87.0
2,offset,00:09:26.5223038,00:09:26.5694169,87.0,86.0
2,offset,00:09:26.5694169,00:09:26.6043767,86.0,85.0
2,offset,00:09:26.6043767,00:09:26.6533254,85.0,84.0
2,offset,00:09:26.6533254,00:09:26.6887065,84.0,83.0
2,offset,00:09:26.6887065,00:09:26.7109793,83.0,82.0
2,offset,00:09:26.7109793,00:09:26.7485705,82.0,81.0
2,offset,00:09:26.7485705,00:09:26.7706873,81.0,80.0
2,offset,00:09:26.7706873,00:09:26.7892291,80.0,79.0
2,offset,00:09:26.7892291,00:09:26.8054177,79.0,78.0
2,offset,00:09:26.8054177,00:09:26.8538808,78.0,77.0
2,offset,00:09:26.8538808,00:09:26.9029201,77.0,76.0
2,offset,00:09:26.9029201,00:09:27.3023230,76.0,77.0
2,offset,00:09:27.3023230,00:09:27.3519403,77.0,78.0
2,offset,00:09:27.3519403,00:09:27.4034241,78.0,79.0
2,offset,00:09:27.4034241,00:09:27.4530716,79.0,80.0
2,offset,00:09:27.4530716,00:09:27.4725442,80.0,81.0
2,offset,00:09:27.4725442,00:09:27.5201030,81.0,82.0
2,offset,00:09:27.5201030,00:09:27.5887376,82.0,83.0
2,offset,00:09:27.5887376,00:09:27.6865784,83.0,84.0
2,offset,00:09:27.6865784,00:09:27.9527908,84.0,85.0
2,offset,00:09:27.9527908,00:09:35.4547821,85.0,80.0
2,offset,00:09:35.4547821,00:09:35.5884020,80.0,86.0
2,offset,00:09:35.5884020,00:09:35.5945694,86.0,87.0
2,offset,00:09:35.5945694,00:09:35.6180410,87.0,88.0
2,offset,00:09:35.6180410,00:09:35.6527182,88.0,89.0
2,offset,00:09:35.6527182,00:09:35.6728257,89.0,90.0
2,offset,00:09:35.6728257,00:09:35.6886480,90.0,91.0
2,offset,00:09:35.6886480,00:09:35.7211884,91.0,92.0
2,offset,00:09:35.7211884,00:09:35.7393513,92.0,93.0
2,offset,00:09:35.7393513,00:09:35.7556882,93.0,94.0
2,offset,00:09:35.7556882,00:09:35.7746190,94.0,95.0
2,offset,00:09:35.7746190,00:09:35.7899317,95.0,96.0
2,offset,00:09:35.7899317,00:09:35.8056491,96.0,97.0
2,offset,00:09:35.8056491,00:09:35.8393684,97.0,98.0
2,offset,00:09:35.8393684,00:09:35.8547131,98.0,100.0
2,offset,00:09:35.8547131,00:09:35.8864092,100.0,101.0
2,offset,00:09:35.8864092,00:09:35.9047574,101.0,102.0
2,offset,00:09:35.9047574,00:09:35.9365270,102.0,103.0
2,offset,00:09:35.9365270,00:09:35.9864090,103.0,104.0
2,phase shift,00:05:13.2055948,00:05:13.2069269,0.45378563,0.40142575
2,phase shift,00:05:13.2069269,00:05:13.2217212,0.40142575,0.296706
2,phase shift,00:05:13.2217212,00:05:13.2362078,0.296706,0.24434611
2,phase shift,00:05:13.2362078,00:05:13.2565359,0.24434611,0.13962635
2,phase shift,00:05:13.2565359,00:05:13.2710094,0.13962635,0.03490659
2,phase shift,00:05:13.2710094,00:05:13.2865031,0.03490659,6.195919
2,phase shift,00:05:13.2865031,00:05:13.3037453,6.195919,6.0388393
2,phase shift,00:05:13.3037453,00:05:13.3205798,6.0388393,5.8643064
2,phase shift,00:05:13.3205798,00:05:13.3381296,5.8643064,5.6897736
2,phase shift,00:05:13.3381296,00:05:13.3556706,5.6897736,5.5152407
2,phase shift,00:05:13.3556706,00:05:13.3727064,5.5152407,5.375614
2,phase shift,00:05:13.3727064,00:05:13.3873663,5.375614,5.2708945
2,phase shift,00:05:13.3873663,00:05:13.4037758,5.2708945,5.183628
2,phase shift,00:05:13.4037758,00:05:13.4204406,5.183628,5.0963616
2,phase shift,00:05:13.4204406,00:05:13.4373018,5.0963616,5.0090947
2,phase shift,00:05:13.4373018,00:05:13.4528946,5.0090947,4.9218287
2,phase shift,00:05:13.4528946,00:05:13.4717751,4.9218287,4.8694687
2,phase shift,00:05:13.4717751,00:05:13.4901797,4.8694687,4.8171086
2,phase shift,00:05:13.4901797,00:05:13.5072057,4.8171086,4.747296
2,phase shift,00:05:13.5072057,00:05:13.5252300,4.747296,4.712389
2,phase shift,00:05:13.5252300,00:05:13.5400109,4.712389,4.6774826
2,phase shift,00:05:13.5400109,00:05:13.5537599,4.6774826,4.6425757
2,phase shift,00:05:13.5537599,00:05:13.5719229,4.6425757,4.6251225
2,phase shift,00:05:13.5719229,00:05:13.6021388,4.6251225,4.590216
2,phase shift,00:05:13.6021388,00:05:13.6219723,4.590216,4.572763
2,phase shift,00:05:13.6219723,00:05:13.6386068,4.572763,4.55531
2,phase shift,00:05:13.6386068,00:05:13.6546925,4.55531,4.537856
2,phase shift,00:05:13.6546925,00:05:13.6866948,4.537856,4.502949
2,phase shift,00:05:13.6866948,00:05:13.7046818,4.502949,4.4680433
2,phase shift,00:05:13.7046818,00:05:13.7229791,4.4680433,4.4156833
2,phase shift,00:05:13.7229791,00:05:13.7391491,4.4156833,4.363323
2,phase shift,00:05:13.7391491,00:05:13.7554703,4.363323,4.328417
2,phase shift,00:05:13.7554703,00:05:13.7744690,4.328417,4.276057
2,phase shift,00:05:13.7744690,00:05:13.8039453,4.276057,4.2586036
2,phase shift,00:05:13.8039453,00:05:13.8044744,4.2586036,4.2411504
2,phase shift,00:05:13.8044744,00:05:13.8201825,4.2411504,4.2062435
2,phase shift,00:05:13.8201825,00:05:13.8381158,4.2062435,4.1887903
2,phase shift,00:05:13.8381158,00:05:13.8537738,4.1887903,4.153884
2,phase shift,00:05:13.8537738,00:05:13.8701375,4.153884,4.118977
2,phase shift,00:05:13.8701375,00:05:13.8866139,4.118977,4.08407
2,phase shift,00:05:13.8866139,00:05:13.9050161,4.08407,4.0491643
2,phase shift,00:05:13.9050161,00:05:13.9205644,4.0491643,4.0142574
2,phase shift,00:05:13.9205644,00:05:13.9362802,4.0142574,3.9793508
2,phase shift,00:05:13.9362802,00:05:13.9555541,3.9793508,3.9444442
2,phase shift,00:05:13.9555541,00:05:13.9711133,3.9444442,3.8920844
2,phase shift,00:05:13.9711133,00:05:13.9869247,3.8920844,3.8397243
2,phase shift,00:05:13.9869247,00:05:14.0058517,3.8397243,3.7873645
2,phase shift,00:05:14.0058517,00:05:14.0210665,3.7873645,3.7350047
2,phase shift,00:05:14.0210665,00:05:14.0365224,3.7350047,3.6826448
2,phase shift,00:05:14.0365224,00:05:14.0540442,3.6826448,3.630285
2,phase shift,00:05:14.0540442,00:05:14.0719951,3.630285,3.5604718
2,phase shift,00:05:14.0719951,00:05:14.1026135,3.5604718,3.5255651
2,phase shift,00:05:14.1026135,00:05:14.1208667,3.5255651,3.508112
2,phase shift,00:05:14.1208667,00:05:14.1378065,3.508112,3.4732053
2,phase shift,00:05:14.1378065,00:05:14.1538983,3.4732053,3.4382985
2,phase shift,00:05:14.1538983,00:05:14.1725955,3.4382985,3.4033923
2,phase shift,00:05:14.1725955,00:05:14.1888954,3.4033923,3.3684857
2,phase shift,00:05:14.1888954,00:05:14.2054832,3.3684857,3.3510325
2,phase shift,00:05:14.2054832,00:05:14.2237248,3.3510325,3.3335788
2,phase shift,00:05:14.2237248,00:05:14.2375742,3.3335788,3.3161259
2,phase shift,00:05:14.2375742,00:05:14.2526343,3.3161259,3.2986722
2,phase shift,00:05:14.2526343,00:05:14.2901030,3.2986722,3.281219
2,phase shift,00:05:14.2901030,00:05:14.2907166,3.281219,3.2637658
2,phase shift,00:05:14.2907166,00:06:43.8285550,3.2637658,3.1415927
2,phase shift,00:06:43.8285550,00:06:43.8387381,3.1415927,3.089233
2,phase shift,00:06:43.8387381,00:06:43.8587300,3.089233,2.984513
2,phase shift,00:06:43.8587300,00:06:43.8751378,2.984513,2.9146998
2,phase shift,00:06:43.8751378,00:06:43.8959517,2.9146998,2.8448868
2,phase shift,00:06:43.8959517,00:06:43.9101793,2.8448868,2.792527
2,phase shift,00:06:43.9101793,00:06:43.9254178,2.792527,2.687807
2,phase shift,00:06:43.9254178,00:06:43.9311662,2.687807,2.6354473
2,phase shift,00:06:43.9311662,00:06:43.9412359,2.6354473,2.5307276
2,phase shift,00:06:43.9412359,00:06:43.9567244,2.5307276,2.4085543
2,phase shift,00:06:43.9567244,00:06:43.9726257,2.4085543,2.3212879
2,phase shift,00:06:43.9726257,00:06:43.9905954,2.3212879,2.2340217
2,phase shift,00:06:43.9905954,00:06:44.0068289,2.2340217,2.0943952
2,phase shift,00:06:44.0068289,00:06:44.0237021,2.0943952,1.9198622
2,phase shift,00:06:44.0237021,00:06:44.0382044,1.9198622,1.7278761
2,phase shift,00:06:44.0382044,00:06:44.0731229,1.7278761,1.4660766
2,phase shift,00:06:44.0731229,00:06:44.0889673,1.4660766,1.2217306
2,phase shift,00:06:44.0889673,00:06:44.0929993,1.2217306,0.9948377
2,phase shift,00:06:44.0929993,00:06:44.1089177,0.9948377,0.7330383
2,phase shift,00:06:44.1089177,00:06:44.1241851,0.7330383,0.69813174
2,phase shift,00:06:44.1241851,00:06:44.1395617,0.69813174,0.593412
2,phase shift,00:06:44.1395617,00:06:44.1560772,0.593412,0.5235988
2,phase shift,00:06:44.1560772,00:06:44.1752587,0.5235988,0.43633235
2,phase shift,00:06:44.1752587,00:06:44.1905866,0.43633235,0.40142575
2,phase shift,00:06:44.1905866,00:06:44.2091512,0.40142575,0.36651915
2,phase shift,00:06:44.2091512,00:06:44.2247182,0.36651915,0.33161256
2,phase shift,00:06:44.2247182,00:06:44.2549459,0.33161256,0.296706
2,phase shift,00:06:44.2549459,00:06:44.2720176,0.296706,0.2792527
2,phase shift,00:06:44.2720176,00:06:44.2924092,0.2792527,0.2617994
2,phase shift,00:06:44.2924092,00:06:44.3116683,0.2617994,0.22689281
2,phase shift,00:06:44.3116683,00:06:44.3222422,0.22689281,0.20943953
2,phase shift,00:06:44.3222422,00:06:44.3389814,0.20943953,0.19198622
2,phase shift,00:06:44.3389814,00:06:44.3563059,0.19198622,0.15707964
2,phase shift,00:06:44.3563059,00:06:44.3717665,0.15707964,0.13962635
2,phase shift,00:06:44.3717665,00:06:44.3910371,0.13962635,0.104719765
2,phase shift,00:06:44.3910371,00:06:44.4146484,0.104719765,0.06981318
2,phase shift,00:06:44.4146484,00:06:44.4255197,0.06981318,0.052359883
2,phase shift,00:06:44.4255197,00:06:44.4401555,0.052359883,0.03490659
2,phase shift,00:06:44.4401555,00:06:44.4563947,0.03490659,0.017453294
2,phase shift,00:06:44.4563947,00:06:44.4732288,0.017453294,0.0
2,phase shift,00:06:44.4732288,00:06:44.4895802,0.0,6.2657323
2,phase shift,00:06:44.4895802,00:06:44.5047555,6.2657323,6.2482786
2,phase shift,00:06:44.5047555,00:06:44.7388996,6.2482786,6.2657323
2,phase shift,00:06:44.7388996,00:06:44.7553298,6.2657323,0.0
2,phase shift,00:06:44.7553298,00:06:44.7721484,0.0,0.017453294
2,phase shift,00:06:44.7721484,00:06:44.7897932,0.017453294,0.03490659
2,phase shift,00:06:44.7897932,00:06:44.8228608,0.03490659,0.052359883
2,phase shift,00:06:44.8228608,00:06:44.8407877,0.052359883,0.06981318
2,phase shift,00:06:44.8407877,00:06:44.8743489,0.06981318,0.08726647
2,phase shift,00:06:44.8743489,00:06:44.8894748,0.08726647,0.104719765
2,phase shift,00:06:44.8894748,00:06:44.9213078,0.104719765,0.122173056
2,phase shift,00:06:44.9213078,00:06:44.9548168,0.122173056,0.13962635
2,phase shift,00:06:44.9548168,00:06:44.9889770,0.13962635,0.15707964
2,phase shift,00:06:44.9889770,00:06:45.0092013,0.15707964,0.13962635
2,phase shift,00:06:45.0092013,00:06:45.0563588,0.13962635,0.15707964
2,phase shift,00:06:45.0563588,00:06:45.2726312,0.15707964,0.17453294
2,phase shift,00:06:45.2726312,00:06:48.0112359,0.17453294,0.2792527
2,phase shift,00:06:48.0112359,00:06:48.0234219,0.2792527,0.34906587
2,phase shift,00:06:48.0234219,00:06:48.0402056,0.34906587,0.36651915
2,phase shift,00:06:48.0402056,00:06:48.0565973,0.36651915,0.40142575
2,phase shift,00:06:48.0565973,00:06:48.0783080,0.40142575,0.45378563
2,phase shift,00:06:48.0783080,00:06:48.0909784,0.45378563,0.48869222
2,phase shift,00:06:48.0909784,00:06:48.1073400,0.48869222,0.5410521
2,phase shift,00:06:48.1073400,00:06:48.1241732,0.5410521,0.57595867
2,phase shift,00:06:48.1241732,00:06:48.1415792,0.57595867,0.64577186
2,phase shift,00:06:48.1415792,00:06:48.1572653,0.64577186,0.6632251
2,phase shift,00:06:48.1572653,00:06:48.1737062,0.6632251,0.7504916
2,phase shift,00:06:48.1737062,00:06:48.1894565,0.7504916,0.7853982
2,phase shift,00:06:48.1894565,00:06:48.2073323,0.7853982,0.8726647
2,phase shift,00:06:48.2073323,00:06:48.2242618,0.8726647,0.9424779
2,phase shift,00:06:48.2242618,00:06:48.2384661,0.9424779,1.0122911
2,phase shift,00:06:48.2384661,00:06:48.2594244,1.0122911,1.0646509
2,phase shift,00:06:48.2594244,00:06:48.2734807,1.0646509,1.1170108
2,phase shift,00:06:48.2734807,00:06:48.2925409,1.1170108,1.134464
2,phase shift,00:06:48.2925409,00:06:48.3073167,1.134464,1.1693707
2,phase shift,00:06:48.3073167,00:06:48.3234484,1.1693707,1.2042772
2,phase shift,00:06:48.3234484,00:06:48.3406017,1.2042772,1.2566371
2,phase shift,00:06:48.3406017,00:06:48.3563599,1.2566371,1.2740904
2,phase shift,00:06:48.3563599,00:06:48.3733075,1.2740904,1.3089969
2,phase shift,00:06:48.3733075,00:06:48.3884318,1.3089969,1.3264502
2,phase shift,00:06:48.3884318,00:06:48.4257772,1.3264502,1.3439035
2,phase shift,00:06:48.4257772,00:06:48.4400259,1.3439035,1.3613569
2,phase shift,00:06:48.4400259,00:06:48.4407781,1.3613569,1.3788102
2,phase shift,00:06:48.4407781,00:06:48.6061135,1.3788102,1.3439035
2,phase shift,00:06:48.6061135,00:06:48.6210697,1.3439035,1.3089969
2,phase shift,00:06:48.6210697,00:06:48.6568527,1.3089969,1.2915437
2,phase shift,00:06:48.6568527,00:06:48.6734995,1.2915437,1.2566371
2,phase shift,00:06:48.6734995,00:06:48.6899635,1.2566371,1.2391838
2,phase shift,00:06:48.6899635,00:06:48.7070966,1.2391838,1.2217306
2,phase shift,00:06:48.7070966,00:06:48.7249033,1.2217306,1.1693707
2,phase shift,00:06:48.7249033,00:06:48.7395110,1.1693707,1.1519173
2,phase shift,00:06:48.7395110,00:06:48.7559913,1.1519173,1.1170108
2,phase shift,00:06:48.7559913,00:06:48.7721217,1.1170108,1.0646509
2,phase shift,00:06:48.7721217,00:06:48.7893473,1.0646509,1.0297443
2,phase shift,00:06:48.7893473,00:06:48.8082384,1.0297443,0.9599311
2,phase shift,00:06:48.8082384,00:06:48.8239978,0.9599311,0.9250245
2,phase shift,00:06:48.8239978,00:06:48.8389228,0.9250245,0.90757126
2,phase shift,00:06:48.8389228,00:06:48.8575305,0.90757126,0.89011794
2,phase shift,00:06:48.8575305,00:06:48.8783908,0.89011794,0.8552114
2,phase shift,00:06:48.8783908,00:06:48.8939808,0.8552114,0.82030475
2,phase shift,00:06:48.8939808,00:06:48.9064067,0.82030475,0.7853982
2,phase shift,00:06:48.9064067,00:06:48.9221625,0.7853982,0.7504916
2,phase shift,00:06:48.9221625,00:06:48.9387650,0.7504916,0.715585
2,phase shift,00:06:48.9387650,00:06:48.9562901,0.715585,0.69813174
2,phase shift,00:06:48.9562901,00:06:48.9749220,0.69813174,0.6806784
2,phase shift,00:06:48.9749220,00:06:48.9933567,0.6806784,0.64577186
2,phase shift,00:06:48.9933567,00:06:49.0080672,0.64577186,0.6108653
2,phase shift,00:06:49.0080672,00:06:49.0439113,0.6108653,0.593412
2,phase shift,00:06:49.0439113,00:06:49.0589640,0.593412,0.57595867
2,phase shift,00:06:49.0589640,00:06:49.0739961,0.57595867,0.5585054
2,phase shift,00:06:49.0739961,00:06:49.0904732,0.5585054,0.5410521
2,phase shift,00:06:49.0904732,00:06:49.1209140,0.5410521,0.5235988
2,phase shift,00:06:49.1209140,00:06:49.1399838,0.5235988,0.48869222
2,phase shift,00:06:49.1399838,00:06:49.1701788,0.48869222,0.45378563
2,phase shift,00:06:49.1701788,00:06:49.1899733,0.45378563,0.43633235
2,phase shift,00:06:49.1899733,00:06:49.2102653,0.43633235,0.41887906
2,phase shift,00:06:49.2102653,00:06:49.2399448,0.41887906,0.40142575
2,phase shift,00:06:49.2399448,00:06:49.2568685,0.40142575,0.38397244
2,phase shift,00:06:49.2568685,00:06:49.2745977,0.38397244,0.36651915
2,phase shift,00:06:49.2745977,00:06:49.3554902,0.36651915,0.34906587
2,phase shift,00:06:49.3554902,00:06:49.3560846,0.34906587,0.33161256
2,phase shift,00:06:49.3560846,00:06:49.4250936,0.33161256,0.31415927
2,phase shift,00:06:49.4250936,00:06:49.4916813,0.31415927,0.296706
2,phase shift,00:06:49.4916813,00:06:49.6557923,0.296706,0.2792527
2,phase shift,00:06:49.6557923,00:06:49.8054398,0.2792527,0.2617994
3,amplitude,00:05:18.3175915,00:05:18.4755225,0.2,3.3
3,amplitude,00:05:18.4755225,00:05:18.4854007,3.3,3.9
3,amplitude,00:05:18.4854007,00:05:18.4953194,3.9,4.2
3,amplitude,00:05:18.4953194,00:05:18.5144623,4.2,6.1
3,amplitude,00:05:18.5144623,00:05:18.5291746,6.1,7.4
3,amplitude,00:05:18.5291746,00:05:18.5466211,7.4,8.7
3,amplitude,00:05:18.5466211,00:05:18.5629984,8.7,10.2
3,amplitude,00:05:18.5629984,00:05:18.5790499,10.2,11.8
3,amplitude,00:05:18.5790499,00:05:18.5945414,11.8,12.5
3,amplitude,00:05:18.5945414,00:05:18.6142530,12.5,14.5
3,amplitude,00:05:18.6142530,00:05:18.6267633,14.5,15.8
3,amplitude,00:05:18.6267633,00:05:18.6433852,15.8,17.0
3,amplitude,00:05:18.6433852,00:05:18.6595660,17.0,18.0
3,amplitude,00:05:18.6595660,00:05:18.6757184,18.0,19.1
3,amplitude,00:05:18.6757184,00:05:18.6921347,19.1,19.9
3,amplitude,00:05:18.6921347,00:05:18.7091679,19.9,20.9
3,amplitude,00:05:18.7091679,00:05:18.7269600,20.9,21.7
3,amplitude,00:05:18.7269600,00:05:18.7438410,21.7,22.5
3,amplitude,00:05:18.7438410,00:05:18.7601300,22.5,23.3
3,amplitude,00:05:18.7601300,00:05:18.7768434,23.3,24.2
3,amplitude,00:05:18.7768434,00:05:18.7910842,24.2,24.8
3,amplitude,00:05:18.7910842,00:05:18.8142079,24.8,25.5
3,amplitude,00:05:18.8142079,00:05:18.8270388,25.5,26.0
3,amplitude,00:05:18.8270388,00:05:18.8449320,26.0,26.4
3,amplitude,00:05:18.8449320,00:05:18.8636943,26.4,26.9
3,amplitude,00:05:18.8636943,00:05:18.8791294,26.9,27.1
3,amplitude,00:05:18.8791294,00:05:18.8966054,27.1,27.3
3,amplitude,00:05:18.8966054,00:05:18.9107236,27.3,27.5
3,amplitude,00:05:18.9107236,00:05:18.9276456,27.5,27.7
3,amplitude,00:05:18.9276456,00:05:18.9461117,27.7,27.8
3,amplitude,00:05:18.9461117,00:05:18.9594656,27.8,27.9
3,amplitude,00:05:18.9594656,00:05:18.9767426,27.9,28.2
3,amplitude,00:05:18.9767426,00:05:18.9924073,28.2,28.4
3,amplitude,00:05:18.9924073,00:05:19.0132762,28.4,28.8
3,amplitude,00:05:19.0132762,00:05:19.0281837,28.8,29.0
3,amplitude,00:05:19.0281837,00:05:19.0422651,29.0,29.3
3,amplitude,00:05:19.0422651,00:05:19.0597486,29.3,29.4
3,amplitude,00:05:19.0597486,00:05:19.0771843,29.4,29.5
3,amplitude,00:05:19.0771843,00:06:13.2681146,29.5,29.3
3,amplitude,00:06:13.2681146,00:06:13.2948466,29.3,32.3
3,amplitude,00:06:13.2948466,00:06:13.3017680,32.3,33.0
3,amplitude,00:06:13.3017680,00:06:13.3135316,33.0,33.5
3,amplitude,00:06:13.3135316,00:06:13.3300171,33.5,34.6
3,amplitude,00:06:13.3300171,00:06:13.3460049,34.6,35.7
3,amplitude,00:06:13.3460049,00:06:13.3637695,35.7,36.8
3,amplitude,00:06:13.3637695,00:06:13.3825314,36.8,37.8
3,amplitude,00:06:13.3825314,00:06:13.3940779,37.8,38.8
3,amplitude,00:06:13.3940779,00:06:13.4154781,38.8,40.2
3,amplitude,00:06:13.4154781,00:06:13.4318341,40.2,41.0
3,amplitude,00:06:13.4318341,00:06:13.4461309,41.0,41.9
3,amplitude,00:06:13.4461309,00:06:13.4647693,41.9,43.0
3,amplitude,00:06:13.4647693,00:06:13.4802581,43.0,44.4
3,amplitude,00:06:13.4802581,00:06:13.4959394,44.4,45.4
3,amplitude,00:06:13.4959394,00:06:13.5134395,45.4,46.8
3,amplitude,00:06:13.5134395,00:06:13.5312329,46.8,47.6
3,amplitude,00:06:13.5312329,00:06:13.5470663,47.6,48.6
3,amplitude,00:06:13.5470663,00:06:13.5634449,48.6,49.2
3,amplitude,00:06:13.5634449,00:06:13.5800015,49.2,49.9
3,amplitude,00:06:13.5800015,00:06:13.5956494,49.9,50.6
3,amplitude,00:06:13.5956494,00:06:13.6134562,50.6,51.4
3,amplitude,00:06:13.6134562,00:06:13.6313052,51.4,52.1
3,amplitude,00:06:13.6313052,00:06:13.6434743,52.1,52.7
3,amplitude,00:06:13.6434743,00:06:13.6616278,52.7,53.3
3,amplitude,00:06:13.6616278,00:06:13.6802668,53.3,54.0
3,amplitude,00:06:13.6802668,00:06:13.6955638,54.0,54.4
3,amplitude,00:06:13.6955638,00:06:13.7116783,54.4,55.2
3,amplitude,00:06:13.7116783,00:06:13.7296045,55.2,55.8
3,amplitude,00:06:13.7296045,00:06:13.7466523,55.8,56.5
3,amplitude,00:06:13.7466523,00:06:13.7631150,56.5,57.2
3,amplitude,00:06:13.7631150,00:06:13.7801643,57.2,57.8
3,amplitude,00:06:13.7801643,00:06:13.7983493,57.8,58.8
3,amplitude,00:06:13.7983493,00:06:13.8130953,58.8,59.2
3,amplitude,00:06:13.8130953,00:06:13.8309522,59.2,60.2
3,amplitude,00:06:13.8309522,00:06:13.8465080,60.2,60.8
3,amplitude,00:06:13.8465080,00:06:13.8659466,60.8,61.2
3,amplitude,00:06:13.8659466,00:06:13.8810699,61.2,61.6
3,amplitude,00:06:13.8810699,00:06:13.8980973,61.6,61.9
3,amplitude,00:06:13.8980973,00:06:13.9127597,61.9,62.3
3,amplitude,00:06:13.9127597,00:06:13.9287734,62.3,62.7
3,amplitude,00:06:13.9287734,00:06:13.9443317,62.7,63.0
3,amplitude,00:06:13.9443317,00:06:13.9619340,63.0,63.3
3,amplitude,00:06:13.9619340,00:06:13.9784280,63.3,63.7
3,amplitude,00:06:13.9784280,00:06:13.9938085,63.7,64.0
3,amplitude,00:06:13.9938085,00:06:14.0165017,64.0,64.3
3,amplitude,00:06:14.0165017,00:06:14.0267634,64.3,64.7
3,amplitude,00:06:14.0267634,00:06:14.0464260,64.7,65.0
3,amplitude,00:06:14.0464260,00:06:14.0647334,65.0,65.3
3,amplitude,00:06:14.0647334,00:06:14.0800691,65.3,65.5
3,amplitude,00:06:14.0800691,00:06:14.0965185,65.5,65.7
3,amplitude,00:06:14.0965185,00:06:14.1170777,65.7,66.1
3,amplitude,00:06:14.1170777,00:06:14.1299787,66.1,66.2
3,amplitude,00:06:14.1299787,00:06:14.1472030,66.2,66.7
3,amplitude,00:06:14.1472030,00:06:14.1636592,66.7,67.1
3,amplitude,00:06:14.1636592,00:06:14.1819196,67.1,67.6
3,amplitude,00:06:14.1819196,00:06:14.1937495,67.6,67.7
3,amplitude,00:06:14.1937495,00:06:14.2099305,67.7,68.4
3,amplitude,00:06:14.2099305,00:06:14.2317778,68.4,68.8
3,amplitude,00:06:14.2317778,00:06:14.2448975,68.8,69.1
3,amplitude,00:06:14.2448975,00:06:14.2619633,69.1,69.4
3,amplitude,00:06:14.2619633,00:06:14.2777281,69.4,69.8
3,amplitude,00:06:14.2777281,00:06:14.2959727,69.8,70.1
3,amplitude,00:06:14.2959727,00:06:14.3110554,70.1,70.5
3,amplitude,00:06:14.3110554,00:06:14.3411410,70.5,71.0
3,amplitude,00:06:14.3411410,00:06:14.3463480,71.0,71.3
3,amplitude,00:06:14.3463480,00:06:14.3603014,71.3,71.8
3,amplitude,00:06:14.3603014,00:06:14.3818624,71.8,72.4
3,amplitude,00:06:14.3818624,00:06:14.3966956,72.4,72.6
3,amplitude,00:06:14.3966956,00:06:14.4221583,72.6,73.0
3,amplitude,00:06:14.4221583,00:06:14.4282512,73.0,73.3
3,amplitude,00:06:14.4282512,00:06:14.4566107,73.3,73.8
3,amplitude,00:06:14.4566107,00:06:14.4616964,73.8,73.9
3,amplitude,00:06:14.4616964,00:06:14.4801034,73.9,74.1
3,amplitude,00:06:14.4801034,00:06:14.4961082,74.1,74.5
3,amplitude,00:06:14.4961082,00:06:14.5115161,74.5,74.6
3,amplitude,00:06:14.5115161,00:06:14.5621808,74.6,74.9
3,amplitude,00:06:14.5621808,00:06:14.5626435,74.9,75.1
3,amplitude,00:06:14.5626435,00:06:14.5629771,75.1,75.3
3,amplitude,00:06:14.5629771,00:06:14.5828265,75.3,75.5
3,amplitude,00:06:14.5828265,00:06:14.5969288,75.5,75.7
3,amplitude,00:06:14.5969288,00:06:14.6114068,75.7,76.0
3,amplitude,00:06:14.6114068,00:06:14.6271920,76.0,76.1
3,amplitude,00:06:14.6271920,00:06:14.6463393,76.1,76.3
3,amplitude,00:06:14.6463393,00:06:14.6632685,76.3,76.4
3,amplitude,00:06:14.6632685,00:06:14.6879636,76.4,76.8
3,amplitude,00:06:14.6879636,00:06:14.6946433,76.8,76.9
3,amplitude,00:06:14.6946433,00:06:14.7144929,76.9,77.2
3,amplitude,00:06:14.7144929,00:06:14.7299039,77.2,77.3
3,amplitude,00:06:14.7299039,00:06:14.7472408,77.3,77.5
3,amplitude,00:06:14.7472408,00:06:14.7754938,77.5,77.7
3,amplitude,00:06:14.7754938,00:06:14.7776776,77.7,77.8
3,amplitude,00:06:14.7776776,00:06:14.7971511,77.8,78.0
3,amplitude,00:06:14.7971511,00:06:14.8173053,78.0,78.1
3,amplitude,00:06:14.8173053,00:06:14.8279500,78.1,78.4
3,amplitude,00:06:14.8279500,00:06:14.8602890,78.4,78.6
3,amplitude,00:06:14.8602890,00:06:14.8776289,78.6,78.8
3,amplitude,00:06:14.8776289,00:06:14.8979808,78.8,78.9
3,amplitude,00:06:14.8979808,00:06:14.9120982,78.9,79.1
3,amplitude,00:06:14.9120982,00:06:14.9287128,79.1,79.2
3,amplitude,00:06:14.9287128,00:06:14.9474945,79.2,79.5
3,amplitude,00:06:14.9474945,00:06:14.9613280,79.5,79.6
3,amplitude,00:06:14.9613280,00:06:14.9816697,79.6,79.7
3,amplitude,00:06:14.9816697,00:06:14.9974867,79.7,80.0
3,amplitude,00:06:14.9974867,00:06:15.0140543,80.0,80.2
3,amplitude,00:06:15.0140543,00:06:15.0307497,80.2,80.3
3,amplitude,00:06:15.0307497,00:06:15.0467046,80.3,80.6
3,amplitude,00:06:15.0467046,00:06:15.0636924,80.6,80.8
3,amplitude,00:06:15.0636924,00:06:15.0954839,80.8,81.1
3,amplitude,00:06:15.0954839,00:06:15.1112822,81.1,81.3
3,amplitude,00:06:15.1112822,00:06:15.1282504,81.3,81.4
3,amplitude,00:06:15.1282504,00:06:15.1455504,81.4,81.5
3,amplitude,00:06:15.1455504,00:06:15.1635786,81.5,81.7
3,amplitude,00:06:15.1635786,00:06:15.1778914,81.7,81.9
3,amplitude,00:06:15.1778914,00:06:15.1952549,81.9,82.0
3,amplitude,00:06:15.1952549,00:06:15.2104478,82.0,82.2
3,amplitude,00:06:15.2104478,00:06:15.2307183,82.2,82.4
3,amplitude,00:06:15.2307183,00:06:15.2438957,82.4,82.5
3,amplitude,00:06:15.2438957,00:06:15.2637507,82.5,82.6
3,amplitude,00:06:15.2637507,00:06:15.2972218,82.6,82.9
3,amplitude,00:06:15.2972218,00:06:15.3132703,82.9,83.0
3,amplitude,00:06:15.3132703,00:06:15.3301623,83.0,83.1
3,amplitude,00:06:15.3301623,00:06:15.3467121,83.1,83.2
3,amplitude,00:06:15.3467121,00:06:15.3809183,83.2,83.4
3,amplitude,00:06:15.3809183,00:06:15.3981744,83.4,83.5
3,amplitude,00:06:15.3981744,00:06:15.4285163,83.5,83.7
3,amplitude,00:06:15.4285163,00:06:15.4614201,83.7,83.9
3,amplitude,00:06:15.4614201,00:06:15.4794403,83.9,84.0
3,amplitude,00:06:15.4794403,00:06:15.4955283,84.0,84.1
3,amplitude,00:06:15.4955283,00:06:15.5284634,84.1,84.2
3,amplitude,00:06:15.5284634,00:06:15.5464091,84.2,84.3
3,amplitude,00:06:15.5464091,00:06:15.5641647,84.3,84.5
3,amplitude,00:06:15.5641647,00:06:15.5796132,84.5,84.6
3,amplitude,00:06:15.5796132,00:06:15.5967370,84.6,84.7
3,amplitude,00:06:15.5967370,00:06:15.6136921,84.7,84.8
3,amplitude,00:06:15.6136921,00:06:15.6289977,84.8,85.0
3,amplitude,00:06:15.6289977,00:06:15.6451013,85.0,85.1
3,amplitude,00:06:15.6451013,00:06:15.6799445,85.1,85.3
3,amplitude,00:06:15.6799445,00:06:15.6943831,85.3,85.4
3,amplitude,00:06:15.6943831,00:06:15.7132200,85.4,85.6
3,amplitude,00:06:15.7132200,00:06:15.7295570,85.6,85.7
3,amplitude,00:06:15.7295570,00:06:15.7456948,85.7,85.9
3,amplitude,00:06:15.7456948,00:06:15.7609788,85.9,86.0
3,amplitude,00:06:15.7609788,00:06:15.7811716,86.0,86.2
3,amplitude,00:06:15.7811716,00:06:15.7950376,86.2,86.4
3,amplitude,00:06:15.7950376,00:06:15.8118365,86.4,86.5
3,amplitude,00:06:15.8118365,00:06:15.8310028,86.5,86.7
3,amplitude,00:06:15.8310028,00:06:15.8482945,86.7,86.9
3,amplitude,00:06:15.8482945,00:06:15.8639763,86.9,87.0
3,amplitude,00:06:15.8639763,00:06:15.9214339,87.0,87.3
3,amplitude,00:06:15.9214339,00:06:15.9217375,87.3,87.5
3,amplitude,00:06:15.9217375,00:06:15.9280159,87.5,87.6
3,amplitude,00:06:15.9280159,00:06:15.9464883,87.6,87.9
3,amplitude,00:06:15.9464883,00:06:15.9634289,87.9,88.1
3,amplitude,00:06:15.9634289,00:06:15.9869522,88.1,88.4
3,amplitude,00:06:15.9869522,00:06:16.0361862,88.4,88.5
3,amplitude,00:06:16.0361862,00:06:16.0367746,88.5,88.7
3,amplitude,00:06:16.0367746,00:06:16.0370490,88.7,88.8
3,amplitude,00:06:16.0370490,00:06:16.0462522,88.8,89.1
3,amplitude,00:06:16.0462522,00:06:16.0773630,89.1,89.2
3,amplitude,00:06:16.0773630,00:06:16.6090414,89.2,89.1
3,amplitude,00:06:16.6090414,00:06:16.6281868,89.1,88.8
3,amplitude,00:06:16.6281868,00:06:16.6514866,88.8,88.6
3,amplitude,00:06:16.6514866,00:06:16.6611518,88.6,87.9
3,amplitude,00:06:16.6611518,00:06:16.6799014,87.9,87.0
3,amplitude,00:06:16.6799014,00:06:16.6973724,87.0,86.2
3,amplitude,00:06:16.6973724,00:06:16.7207494,86.2,85.2
3,amplitude,00:06:16.7207494,00:06:16.7309680,85.2,84.3
3,amplitude,00:06:16.7309680,00:06:16.7465878,84.3,83.4
3,amplitude,00:06:16.7465878,00:06:16.7630279,83.4,82.0
3,amplitude,00:06:16.7630279,00:06:16.7806106,82.0,81.5
3,amplitude,00:06:16.7806106,00:06:16.7960939,81.5,80.2
3,amplitude,00:06:16.7960939,00:06:16.8131199,80.2,79.7
3,amplitude,00:06:16.8131199,00:06:16.8287327,79.7,78.6
3,amplitude,00:06:16.8287327,00:06:16.8463128,78.6,77.9
3,amplitude,00:06:16.8463128,00:06:16.8605747,77.9,77.3
3,amplitude,00:06:16.8605747,00:06:16.8796979,77.3,76.6
3,amplitude,00:06:16.8796979,00:06:16.8955220,76.6,76.0
3,amplitude,00:06:16.8955220,00:06:16.9110787,76.0,75.3
3,amplitude,00:06:16.9110787,00:06:16.9316674,75.3,75.0
3,amplitude,00:06:16.9316674,00:06:16.9548111,75.0,74.4
3,amplitude,00:06:16.9548111,00:06:16.9599331,74.4,73.8
3,amplitude,00:06:16.9599331,00:06:16.9774363,73.8,73.2
3,amplitude,00:06:16.9774363,00:06:16.9976196,73.2,72.7
3,amplitude,00:06:16.9976196,00:06:17.0143887,72.7,72.2
3,amplitude,00:06:17.0143887,00:06:17.0307586,72.2,71.6
3,amplitude,00:06:17.0307586,00:06:17.0476299,71.6,71.1
3,amplitude,00:06:17.0476299,00:06:17.0637380,71.1,70.1
3,amplitude,00:06:17.0637380,00:06:17.0800837,70.1,69.4
3,amplitude,00:06:17.0800837,00:06:17.0959440,69.4,69.1
3,amplitude,00:06:17.0959440,00:06:17.1143696,69.1,68.2
3,amplitude,00:06:17.1143696,00:06:17.1304136,68.2,67.3
3,amplitude,00:06:17.1304136,00:06:17.1467169,67.3,66.7
3,amplitude,00:06:17.1467169,00:06:17.1606828,66.7,66.0
3,amplitude,00:06:17.1606828,00:06:17.1791933,66.0,65.3
3,amplitude,00:06:17.1791933,00:06:17.2001281,65.3,64.7
3,amplitude,00:06:17.2001281,00:06:17.2114340,64.7,63.8
3,amplitude,00:06:17.2114340,00:06:17.2295553,63.8,63.2
3,amplitude,00:06:17.2295553,00:06:17.2467182,63.2,62.7
3,amplitude,00:06:17.2467182,00:06:17.2619629,62.7,61.7
3,amplitude,00:06:17.2619629,00:06:17.2785324,61.7,60.9
3,amplitude,00:06:17.2785324,00:06:17.2974011,60.9,60.2
3,amplitude,00:06:17.2974011,00:06:17.3138875,60.2,59.4
3,amplitude,00:06:17.3138875,00:06:17.3301510,59.4,58.6
3,amplitude,00:06:17.3301510,00:06:17.3471705,58.6,57.4
3,amplitude,00:06:17.3471705,00:06:17.3633694,57.4,56.9
3,amplitude,00:06:17.3633694,00:06:17.3788470,56.9,55.7
3,amplitude,00:06:17.3788470,00:06:17.3974101,55.7,55.0
3,amplitude,00:06:17.3974101,00:06:17.4137536,55.0,54.7
3,amplitude,00:06:17.4137536,00:06:17.4297507,54.7,53.8
3,amplitude,00:06:17.4297507,00:06:17.4448927,53.8,52.6
3,amplitude,00:06:17.4448927,00:06:17.4618024,52.6,52.1
3,amplitude,00:06:17.4618024,00:06:17.4779626,52.1,51.2
3,amplitude,00:06:17.4779626,00:06:17.4966585,51.2,50.4
3,amplitude,00:06:17.4966585,00:06:17.5120093,50.4,49.7
3,amplitude,00:06:17.5120093,00:06:17.5279502,49.7,48.9
3,amplitude,00:06:17.5279502,00:06:17.5475440,48.9,48.1
3,amplitude,00:06:17.5475440,00:06:17.5618529,48.1,47.4
3,amplitude,00:06:17.5618529,00:06:17.5788529,47.4,46.5
3,amplitude,00:06:17.5788529,00:06:17.5965941,46.5,45.7
3,amplitude,00:06:17.5965941,00:06:17.6132652,45.7,44.8
3,amplitude,00:06:17.6132652,00:06:17.6304988,44.8,43.5
3,amplitude,00:06:17.6304988,00:06:17.6471939,43.5,42.8
3,amplitude,00:06:17.6471939,00:06:17.6635160,42.8,41.7
3,amplitude,00:06:17.6635160,00:06:17.6799064,41.7,40.6
3,amplitude,00:06:17.6799064,00:06:17.6970027,40.6,39.2
3,amplitude,00:06:17.6970027,00:06:17.7156343,39.2,37.9
3,amplitude,00:06:17.7156343,00:06:17.7289312,37.9,36.7
3,amplitude,00:06:17.7289312,00:06:17.7450860,36.7,35.5
3,amplitude,00:06:17.7450860,00:06:17.7618300,35.5,34.1
3,amplitude,00:06:17.7618300,00:06:17.7774907,34.1,32.9
3,amplitude,00:06:17.7774907,00:06:17.7964851,32.9,31.7
3,amplitude,00:06:17.7964851,00:06:17.8118107,31.7,30.6
3,amplitude,00:06:17.8118107,00:06:17.8289828,30.6,29.4
3,amplitude,00:06:17.8289828,00:06:17.8460815,29.4,28.3
3,amplitude,00:06:17.8460815,00:06:17.8617055,28.3,27.3
3,amplitude,00:06:17.8617055,00:06:17.8792739,27.3,26.6
3,amplitude,00:06:17.8792739,00:06:17.8980378,26.6,25.8
3,amplitude,00:06:17.8980378,00:06:17.9121417,25.8,24.8
3,amplitude,00:06:17.9121417,00:06:17.9302243,24.8,23.9
3,amplitude,00:06:17.9302243,00:06:17.9472711,23.9,23.3
3,amplitude,00:06:17.9472711,00:06:17.9642196,23.3,22.1
3,amplitude,00:06:17.9642196,00:06:17.9810339,22.1,21.3
3,amplitude,00:06:17.9810339,00:06:17.9968767,21.3,20.9
3,amplitude,00:06:17.9968767,00:06:18.0142649,20.9,19.8
3,amplitude,00:06:18.0142649,00:06:18.0293142,19.8,19.1
3,amplitude,00:06:18.0293142,00:06:18.0441171,19.1,18.5
3,amplitude,00:06:18.0441171,00:06:18.0617601,18.5,17.7
3,amplitude,00:06:18.0617601,00:06:18.0780937,17.7,17.1
3,amplitude,00:06:18.0780937,00:06:18.0951171,17.1,16.4
3,amplitude,00:06:18.0951171,00:06:18.1147165,16.4,16.0
3,amplitude,00:06:18.1147165,00:06:18.1293256,16.0,15.4
3,amplitude,00:06:18.1293256,00:06:18.1495881,15.4,14.9
3,amplitude,00:06:18.1495881,00:06:18.1639163,14.9,14.5
3,amplitude,00:06:18.1639163,00:06:18.1792620,14.5,13.8
3,amplitude,00:06:18.1792620,00:06:18.1962028,13.8,13.4
3,amplitude,00:06:18.1962028,00:06:18.2131555,13.4,13.0
3,amplitude,00:06:18.2131555,00:06:18.2317871,13.0,12.5
3,amplitude,00:06:18.2317871,00:06:18.2469631,12.5,12.3
3,amplitude,00:06:18.2469631,00:06:18.2647264,12.3,12.0
3,amplitude,00:06:18.2647264,00:06:18.2798788,12.0,11.9
3,amplitude,00:06:18.2798788,00:06:18.2969711,11.9,11.8
3,amplitude,00:06:18.2969711,00:06:18.3141422,11.8,11.5
3,amplitude,00:06:18.3141422,00:06:18.3334579,11.5,11.4
3,amplitude,00:06:18.3334579,00:06:18.3609973,11.4,11.3
3,amplitude,00:06:18.3609973,00:06:18.3943994,11.3,11.2
3,amplitude,00:06:18.3943994,00:06:18.4765202,11.2,11.0
3,amplitude,00:06:18.4765202,00:06:18.4972837,11.0,10.9
3,amplitude,00:06:18.4972837,00:06:18.6605485,10.9,11.0
3,amplitude,00:06:18.6605485,00:06:18.6787941,11.0,11.2
3,amplitude,00:06:18.6787941,00:06:18.6979687,11.2,11.3
3,amplitude,00:06:18.6979687,00:06:18.7126589,11.3,11.4
3,amplitude,00:06:18.7126589,00:06:18.7313939,11.4,11.8
3,amplitude,00:06:18.7313939,00:06:18.7470447,11.8,12.1
3,amplitude,00:06:18.7470447,00:06:18.7603466,12.1,12.5
3,amplitude,00:06:18.7603466,00:06:18.7795893,12.5,12.9
3,amplitude,00:06:18.7795893,00:06:18.7956474,12.9,13.4
3,amplitude,00:06:18.7956474,00:06:18.8144452,13.4,14.0
3,amplitude,00:06:18.8144452,00:06:18.8302453,14.0,14.2
3,amplitude,00:06:18.8302453,00:06:18.8467130,14.2,14.9
3,amplitude,00:06:18.8467130,00:06:18.8693464,14.9,15.7
3,amplitude,00:06:18.8693464,00:06:18.8850868,15.7,16.2
3,amplitude,00:06:18.8850868,00:06:18.8964396,16.2,16.4
3,amplitude,00:06:18.8964396,00:06:18.9109075,16.4,17.0
3,amplitude,00:06:18.9109075,00:06:18.9268905,17.0,17.5
3,amplitude,00:06:18.9268905,00:06:18.9466805,17.5,18.0
3,amplitude,00:06:18.9466805,00:06:18.9610431,18.0,18.3
3,amplitude,00:06:18.9610431,00:06:18.9787081,18.3,18.7
3,amplitude,00:06:18.9787081,00:06:26.3957738,18.7,18.8
3,amplitude,00:06:26.3957738,00:06:26.4175312,18.8,22.5
3,amplitude,00:06:26.4175312,00:06:26.4305349,22.5,24.1
3,amplitude,00:06:26.4305349,00:06:26.4455059,24.1,25.6
3,amplitude,00:06:26.4455059,00:06:26.4638479,25.6,27.5
3,amplitude,00:06:26.4638479,00:06:26.4797703,27.5,29.3
3,amplitude,00:06:26.4797703,00:06:26.4976291,29.3,31.0
3,amplitude,00:06:26.4976291,00:06:26.5133460,31.0,32.7
3,amplitude,00:06:26.5133460,00:06:26.5302149,32.7,34.4
3,amplitude,00:06:26.5302149,00:06:26.5482590,34.4,36.0
3,amplitude,00:06:26.5482590,00:06:26.5649253,36.0,37.7
3,amplitude,00:06:26.5649253,00:06:26.5978352,37.7,39.2
3,amplitude,00:06:26.5978352,00:06:26.5985503,39.2,40.5
3,amplitude,00:06:26.5985503,00:06:26.6135048,40.5,43.0
3,amplitude,00:06:26.6135048,00:06:26.6336790,43.0,44.6
3,amplitude,00:06:26.6336790,00:06:26.6593126,44.6,45.9
3,amplitude,00:06:26.6593126,00:06:26.6614877,45.9,46.7
3,amplitude,00:06:26.6614877,00:06:26.6797360,46.7,48.6
3,amplitude,00:06:26.6797360,00:06:26.7297702,48.6,49.5
3,amplitude,00:06:26.7297702,00:06:26.7304884,49.5,50.8
3,amplitude,00:06:26.7304884,00:06:26.7308417,50.8,51.8
3,amplitude,00:06:26.7308417,00:06:26.7456379,51.8,52.7
3,amplitude,00:06:26.7456379,00:06:26.7622138,52.7,53.7
3,amplitude,00:06:26.7622138,00:06:26.7805340,53.7,54.4
3,amplitude,00:06:26.7805340,00:06:26.7969764,54.4,55.2
3,amplitude,00:06:26.7969764,00:06:26.8134755,55.2,55.7
3,amplitude,00:06:26.8134755,00:06:26.8307079,55.7,56.3
3,amplitude,00:06:26.8307079,00:06:26.8464594,56.3,56.5
3,amplitude,00:06:26.8464594,00:06:26.8636040,56.5,56.8
3,amplitude,00:06:26.8636040,00:06:26.8802087,56.8,57.0
3,amplitude,00:06:26.8802087,00:06:26.8975172,57.0,57.1
3,amplitude,00:06:26.8975172,00:06:26.9442409,57.1,57.2
3,amplitude,00:06:26.9442409,00:06:26.9631025,57.2,57.5
3,amplitude,00:06:26.9631025,00:06:26.9809934,57.5,57.6
3,amplitude,00:06:26.9809934,00:06:26.9961337,57.6,57.7
3,amplitude,00:06:26.9961337,00:06:31.8519488,57.7,57.6
3,amplitude,00:06:31.8519488,00:07:31.0305793,57.6,48.5
3,amplitude,00:07:31.0305793,00:07:31.6037678,48.5,50.1
3,amplitude,00:07:31.6037678,00:07:32.4491242,50.1,50.7
3,amplitude,00:07:32.4491242,00:07:32.5490036,50.7,47.3
3,amplitude,00:07:32.5490036,00:07:32.5578377,47.3,46.3
3,amplitude,00:07:32.5578377,00:07:32.5649438,46.3,45.2
3,amplitude,00:07:32.5649438,00:07:32.5821114,45.2,42.5
3,amplitude,00:07:32.5821114,00:07:32.5970795,42.5,39.2
3,amplitude,00:07:32.5970795,00:07:32.6166245,39.2,33.5
3,amplitude,00:07:32.6166245,00:07:32.6341860,33.5,29.2
3,amplitude,00:07:32.6341860,00:07:32.6469419,29.2,24.7
3,amplitude,00:07:32.6469419,00:07:32.6650950,24.7,20.2
3,amplitude,00:07:32.6650950,00:07:32.6799459,20.2,16.9
3,amplitude,00:07:32.6799459,00:07:32.6954985,16.9,11.7
3,amplitude,00:07:32.6954985,00:07:32.7145951,11.7,7.9
3,amplitude,00:07:32.7145951,00:07:32.7332565,7.9,4.4
3,amplitude,00:07:32.7332565,00:07:32.7479180,4.4,1.2
3,amplitude,00:07:32.7479180,00:07:32.7655554,1.2,0.0
3,amplitude,00:07:32.7655554,00:10:07.9600721,0.0,2.5
3,amplitude,00:10:07.9600721,00:10:07.9607706,2.5,5.6
3,amplitude,00:10:07.9607706,00:10:07.9674462,5.6,5.8
3,amplitude,00:10:07.9674462,00:10:07.9874913,5.8,7.4
3,amplitude,00:10:07.9874913,00:10:08.0035404,7.4,8.5
3,amplitude,00:10:08.0035404,00:10:08.0191354,8.5,9.7
3,amplitude,00:10:08.0191354,00:10:08.0350901,9.7,10.6
3,amplitude,00:10:08.0350901,00:10:08.0514566,10.6,12.3
3,amplitude,00:10:08.0514566,00:10:08.0683234,12.3,13.1
3,amplitude,00:10:08.0683234,00:10:08.0848230,13.1,14.9
3,amplitude,00:10:08.0848230,00:10:08.1007791,14.9,16.3
3,amplitude,00:10:08.1007791,00:10:08.1186405,16.3,17.5
3,amplitude,00:10:08.1186405,00:10:08.1352728,17.5,18.6
3,amplitude,00:10:08.1352728,00:10:08.1524422,18.6,19.6
3,amplitude,00:10:08.1524422,00:10:08.1706494,19.6,20.9
3,amplitude,00:10:08.1706494,00:10:08.1855560,20.9,22.0
3,amplitude,00:10:08.1855560,00:10:08.2025300,22.0,23.1
3,amplitude,00:10:08.2025300,00:10:08.2165779,23.1,24.2
3,amplitude,00:10:08.2165779,00:10:08.2346141,24.2,25.3
3,amplitude,00:10:08.2346141,00:10:08.2566366,25.3,26.2
3,amplitude,00:10:08.2566366,00:10:08.2685937,26.2,27.9
3,amplitude,00:10:08.2685937,00:10:08.2867338,27.9,28.4
3,amplitude,00:10:08.2867338,00:10:08.3020879,28.4,29.8
3,amplitude,00:10:08.3020879,00:10:08.3182016,29.8,30.5
3,amplitude,00:10:08.3182016,00:10:08.3343226,30.5,30.9
3,amplitude,00:10:08.3343226,00:10:08.3522889,30.9,31.8
3,amplitude,00:10:08.3522889,00:10:08.3691034,31.8,32.2
3,amplitude,00:10:08.3691034,00:10:08.3864409,32.2,32.8
3,amplitude,00:10:08.3864409,00:10:08.4015386,32.8,33.3
3,amplitude,00:10:08.4015386,00:10:08.4190780,33.3,33.9
3,amplitude,00:10:08.4190780,00:10:08.4349203,33.9,34.4
3,amplitude,00:10:08.4349203,00:10:08.4529275,34.4,34.9
3,amplitude,00:10:08.4529275,00:10:08.4685975,34.9,35.4
3,amplitude,00:10:08.4685975,00:10:08.4854589,35.4,35.8
3,amplitude,00:10:08.4854589,00:10:08.5032585,35.8,36.3
3,amplitude,00:10:08.5032585,00:10:08.5200723,36.3,36.7
3,amplitude,00:10:08.5200723,00:10:08.5355324,36.7,37.1
3,amplitude,00:10:08.5355324,00:10:08.5522938,37.1,37.3
3,amplitude,00:10:08.5522938,00:10:08.5701793,37.3,37.7
3,amplitude,00:10:08.5701793,00:10:08.5858368,37.7,38.2
3,amplitude,00:10:08.5858368,00:10:08.6186821,38.2,38.4
3,amplitude,00:10:08.6186821,00:10:08.6362900,38.4,38.8
3,amplitude,00:10:08.6362900,00:10:08.6520545,38.8,39.1
3,amplitude,00:10:08.6520545,00:10:08.6682976,39.1,39.4
3,amplitude,00:10:08.6682976,00:10:08.6856381,39.4,39.6
3,amplitude,00:10:08.6856381,00:10:08.7009927,39.6,39.9
3,amplitude,00:10:08.7009927,00:10:08.7188117,39.9,40.1
3,amplitude,00:10:08.7188117,00:10:08.7330557,40.1,40.3
3,amplitude,00:10:08.7330557,00:10:08.7540392,40.3,40.5
3,amplitude,00:10:08.7540392,00:10:08.7717603,40.5,40.6
3,amplitude,00:10:08.7717603,00:10:08.7852499,40.6,40.7
3,amplitude,00:10:08.7852499,00:10:08.8182497,40.7,40.8
3,amplitude,00:10:08.8182497,00:10:47.4161677,40.8,37.5
3,amplitude,00:10:47.4161677,00:10:47.5037571,37.5,34.6
3,amplitude,00:10:47.5037571,00:10:47.5087860,34.6,32.7
3,amplitude,00:10:47.5087860,00:10:47.5216448,32.7,31.7
3,amplitude,00:10:47.5216448,00:10:47.5353257,31.7,29.2
3,amplitude,00:10:47.5353257,00:10:47.5538866,29.2,26.4
3,amplitude,00:10:47.5538866,00:10:47.5667465,26.4,23.4
3,amplitude,00:10:47.5667465,00:10:47.5843607,23.4,20.4
3,amplitude,00:10:47.5843607,00:10:47.6136279,20.4,17.4
3,amplitude,00:10:47.6136279,00:10:47.6184679,17.4,14.2
3,amplitude,00:10:47.6184679,00:10:47.6349429,14.2,11.2
3,amplitude,00:10:47.6349429,00:10:47.6517809,11.2,8.5
3,amplitude,00:10:47.6517809,00:10:47.6695397,8.5,6.2
3,amplitude,00:10:47.6695397,00:10:47.6869502,6.2,4.2
3,amplitude,00:10:47.6869502,00:10:47.7042803,4.2,2.4
3,amplitude,00:10:47.7042803,00:10:47.7189861,2.4,2.1
3,amplitude,00:10:47.7189861,00:10:47.7359115,2.1,1.2
3,amplitude,00:10:47.7359115,00:10:47.7533865,1.2,0.0
3,amplitude,00:10:47.7533865,00:10:57.1836066,0.0,1.0
3,amplitude,00:10:57.1836066,00:10:57.3364559,1.0,3.9
3,amplitude,00:10:57.3364559,00:10:57.3520117,3.9,4.5
3,amplitude,00:10:57.3520117,00:10:57.3709037,4.5,5.0
3,amplitude,00:10:57.3709037,00:10:57.3836536,5.0,5.6
3,amplitude,00:10:57.3836536,00:10:57.4018923,5.6,6.6
3,amplitude,00:10:57.4018923,00:10:57.4210578,6.6,7.4
3,amplitude,00:10:57.4210578,00:10:57.4381426,7.4,8.3
3,amplitude,00:10:57.4381426,00:10:57.4538233,8.3,9.1
3,amplitude,00:10:57.4538233,00:10:57.4702384,9.1,10.1
3,amplitude,00:10:57.4702384,00:10:57.4887734,10.1,11.0
3,amplitude,00:10:57.4887734,00:10:57.5055999,11.0,12.0
3,amplitude,00:10:57.5055999,00:10:57.5189782,12.0,12.9
3,amplitude,00:10:57.5189782,00:10:57.5369122,12.9,14.2
3,amplitude,00:10:57.5369122,00:10:57.5536317,14.2,15.2
3,amplitude,00:10:57.5536317,00:10:57.5702500,15.2,16.0
3,amplitude,00:10:57.5702500,00:10:57.5882558,16.0,17.0
3,amplitude,00:10:57.5882558,00:10:57.6018368,17.0,18.0
3,amplitude,00:10:57.6018368,00:10:57.6236754,18.0,18.7
3,amplitude,00:10:57.6236754,00:10:57.6361655,18.7,19.4
3,amplitude,00:10:57.6361655,00:10:57.6541000,19.4,20.0
3,amplitude,00:10:57.6541000,00:10:57.6691354,20.0,20.5
3,amplitude,00:10:57.6691354,00:10:57.6873228,20.5,21.1
3,amplitude,00:10:57.6873228,00:10:57.7040060,21.1,21.5
3,amplitude,00:10:57.7040060,00:10:57.7206668,21.5,22.1
3,amplitude,00:10:57.7206668,00:10:57.7370807,22.1,22.5
3,amplitude,00:10:57.7370807,00:10:57.7515546,22.5,22.8
3,amplitude,00:10:57.7515546,00:10:57.7727028,22.8,23.0
3,amplitude,00:10:57.7727028,00:10:57.7883923,23.0,23.1
3,amplitude,00:10:57.7883923,00:11:01.8631545,23.1,24.7
3,amplitude,00:11:01.8631545,00:11:01.9190312,24.7,21.1
3,amplitude,00:11:01.9190312,00:11:01.9281662,21.1,20.7
3,amplitude,00:11:01.9281662,00:11:01.9389050,20.7,20.0
3,amplitude,00:11:01.9389050,00:11:01.9563842,20.0,19.2
3,amplitude,00:11:01.9563842,00:11:01.9728807,19.2,18.0
3,amplitude,00:11:01.9728807,00:11:01.9873359,18.0,17.1
3,amplitude,00:11:01.9873359,00:11:02.0037310,17.1,16.4
3,amplitude,00:11:02.0037310,00:11:02.0201284,16.4,15.8
3,amplitude,00:11:02.0201284,00:11:02.0350027,15.8,15.5
3,amplitude,00:11:02.0350027,00:11:02.0524405,15.5,14.8
3,amplitude,00:11:02.0524405,00:11:02.0701974,14.8,14.5
3,amplitude,00:11:02.0701974,00:11:02.0858565,14.5,14.1
3,amplitude,00:11:02.0858565,00:11:02.1037293,14.1,13.6
3,amplitude,00:11:02.1037293,00:11:02.1214379,13.6,13.4
3,amplitude,00:11:02.1214379,00:11:02.1387079,13.4,13.0
3,amplitude,00:11:02.1387079,00:11:02.1542288,13.0,12.8
3,amplitude,00:11:02.1542288,00:11:02.1713915,12.8,12.6
3,amplitude,00:11:02.1713915,00:11:02.1859713,12.6,12.5
3,amplitude,00:11:02.1859713,00:11:02.2065786,12.5,12.3
3,amplitude,00:11:02.2065786,00:11:02.2205644,12.3,12.1
3,amplitude,00:11:02.2205644,00:11:02.2398255,12.1,12.0
3,amplitude,00:11:02.2398255,00:11:02.2545877,12.0,11.9
3,amplitude,00:11:02.2545877,00:11:02.2715866,11.9,11.8
3,amplitude,00:11:02.2715866,00:11:02.2868851,11.8,11.4
3,amplitude,00:11:02.2868851,00:11:02.3035728,11.4,11.3
3,amplitude,00:11:02.3035728,00:11:02.3206249,11.3,11.0
3,amplitude,00:11:02.3206249,00:11:02.3341290,11.0,10.9
3,amplitude,00:11:02.3341290,00:11:02.3553962,10.9,10.7
3,amplitude,00:11:02.3553962,00:11:02.3722524,10.7,10.3
3,amplitude,00:11:02.3722524,00:11:02.3874425,10.3,10.1
3,amplitude,00:11:02.3874425,00:11:02.4038621,10.1,10.0
3,amplitude,00:11:02.4038621,00:11:02.4290572,10.0,9.8
3,amplitude,00:11:02.4290572,00:11:02.4343582,9.8,9.6
3,amplitude,00:11:02.4343582,00:11:02.4695625,9.6,9.5
3,amplitude,00:11:02.4695625,00:11:02.5030522,9.5,9.3
3,frequency,00:05:24.5227940,00:05:24.6075227,0.9,0.8
3,frequency,00:05:24.6090002,00:05:24.7591501,0.8,0.7
3,frequency,00:05:25.0123456,00:05:25.3567890,0.7,0.6
3,frequency,00:05:25.3567890,00:05:25.6901234,0.6,0.5
3,frequency,00:05:25.6901234,00:05:26.0234567,0.5,0.4
3,frequency,00:05:26.0234567,00:05:26.3567890,0.4,0.3
3,offset,00:05:16.8432752,00:05:16.9537235,93.0,87.0
3,offset,00:05:16.9537235,00:05:16.9668288,87.0,86.0
3,offset,00:05:16.9668288,00:05:16.9673618,86.0,83.0
3,offset,00:05:16.9673618,00:05:16.9676794,83.0,82.0
3,offset,00:05:16.9676794,00:05:16.9680614,82.0,80.0
3,offset,00:05:16.9680614,00:05:17.0170537,80.0,78.0
3,offset,00:05:17.0170537,00:05:17.0177958,78.0,76.0
3,offset,00:05:17.0177958,00:05:17.0181692,76.0,74.0
3,offset,00:05:17.0181692,00:05:17.0664587,74.0,72.0
3,offset,00:05:17.0664587,00:05:17.0760844,72.0,70.0
3,offset,00:05:17.0760844,00:05:17.0765579,70.0,68.0
3,offset,00:05:17.0765579,00:05:17.0956753,68.0,67.0
3,offset,00:05:17.0956753,00:05:17.2276177,67.0,66.0
3,offset,00:05:17.2276177,00:05:17.2279764,66.0,65.0
3,offset,00:05:17.2279764,00:05:17.2282036,65.0,64.0
3,offset,00:05:17.2282036,00:05:17.2286293,64.0,63.0
3,offset,00:05:17.2286293,00:05:17.3082364,63.0,62.0
3,offset,00:05:17.3082364,00:05:17.4007467,62.0,61.0
3,offset,00:05:17.4007467,00:05:17.4406092,61.0,60.0
3,offset,00:05:17.4406092,00:05:17.4930030,60.0,59.0
3,offset,00:05:17.4930030,00:05:17.5421054,59.0,58.0
3,offset,00:05:17.5421054,00:05:17.5791523,58.0,57.0
3,offset,00:05:17.5791523,00:06:19.8138868,57.0,49.0
3,offset,00:06:19.8138868,00:06:19.9478829,49.0,55.0
3,offset,00:06:19.9478829,00:06:19.9613688,55.0,57.0
3,offset,00:06:19.9613688,00:06:19.9807227,57.0,58.0
3,offset,00:06:19.9807227,00:06:19.9990697,58.0,59.0
3,offset,00:06:19.9990697,00:06:20.0137714,59.0,61.0
3,offset,00:06:20.0137714,00:06:20.0283600,61.0,62.0
3,offset,00:06:20.0283600,00:06:20.0468055,62.0,64.0
3,offset,00:06:20.0468055,00:06:20.0613700,64.0,65.0
3,offset,00:06:20.0613700,00:06:20.0811770,65.0,66.0
3,offset,00:06:20.0811770,00:06:20.0954125,66.0,68.0
3,offset,00:06:20.0954125,00:06:20.1145155,68.0,70.0
3,offset,00:06:20.1145155,00:06:20.1306458,70.0,71.0
3,offset,00:06:20.1306458,00:06:20.1471080,71.0,73.0
3,offset,00:06:20.1471080,00:06:20.1647513,73.0,75.0
3,offset,00:06:20.1647513,00:06:20.1796127,75.0,76.0
3,offset,00:06:20.1796127,00:06:20.1989433,76.0,77.0
3,offset,00:06:20.1989433,00:06:20.2130192,77.0,79.0
3,offset,00:06:20.2130192,00:06:20.2333365,79.0,80.0
3,offset,00:06:20.2333365,00:06:20.2463957,80.0,81.0
3,offset,00:06:20.2463957,00:06:20.2765826,81.0,83.0
3,offset,00:06:20.2765826,00:06:20.2969068,83.0,85.0
3,offset,00:06:20.2969068,00:06:20.3143404,85.0,86.0
3,offset,00:06:20.3143404,00:06:20.3296446,86.0,87.0
3,offset,00:06:20.3296446,00:06:20.3542982,87.0,88.0
3,offset,00:06:20.3542982,00:06:20.3617386,88.0,89.0
3,offset,00:06:20.3617386,00:06:20.3776323,89.0,90.0
3,offset,00:06:20.3776323,00:06:20.3966836,90.0,91.0
3,offset,00:06:20.3966836,00:06:20.4134138,91.0,92.0
3,offset,00:06:20.4134138,00:06:20.4318181,92.0,93.0
3,offset,00:06:20.4318181,00:06:20.4601633,93.0,94.0
3,offset,00:06:20.4601633,00:06:20.4811204,94.0,95.0
3,offset,00:06:20.4811204,00:06:20.4969602,95.0,96.0
3,offset,00:06:20.4969602,00:06:20.5149866,96.0,97.0
3,offset,00:06:20.5149866,00:06:20.5304289,97.0,98.0
3,offset,00:06:20.5304289,00:06:20.5642714,98.0,99.0
3,offset,00:06:20.5642714,00:06:20.5809557,99.0,100.0
3,offset,00:06:20.5809557,00:06:20.6113664,100.0,101.0
3,offset,00:06:20.6113664,00:06:20.6283069,101.0,102.0
3,offset,00:06:20.6283069,00:06:20.6450373,102.0,103.0
3,offset,00:06:20.6450373,00:06:20.6640460,103.0,104.0
3,offset,00:06:20.6640460,00:06:20.6945885,104.0,105.0
3,offset,00:06:20.6945885,00:06:20.7308396,105.0,106.0
3,offset,00:06:20.7308396,00:06:20.7466978,106.0,107.0
3,offset,00:06:20.7466978,00:06:20.7647118,107.0,108.0
3,offset,00:06:20.7647118,00:06:20.7818814,108.0,109.0
3,offset,00:06:20.7818814,00:06:20.8284001,109.0,110.0
3,offset,00:06:20.8284001,00:06:20.8482345,110.0,111.0
3,offset,00:06:20.8482345,00:06:20.8657561,111.0,112.0
3,offset,00:06:20.8657561,00:06:20.8932956,112.0,113.0
3,offset,00:06:20.8932956,00:06:20.9149079,113.0,114.0
3,offset,00:06:20.9149079,00:06:20.9605193,114.0,115.0
3,offset,00:06:20.9605193,00:06:20.9814644,115.0,116.0
3,offset,00:06:20.9814644,00:06:21.0107938,116.0,117.0
3,offset,00:06:21.0107938,00:06:21.0431643,117.0,118.0
3,offset,00:06:21.0431643,00:06:21.0803612,118.0,119.0
3,offset,00:06:21.0803612,00:06:21.0978362,119.0,120.0
3,offset,00:06:21.0978362,00:06:21.1301408,120.0,121.0
3,offset,00:06:21.1301408,00:06:21.1651003,121.0,122.0
3,offset,00:06:21.1651003,00:06:21.1801590,122.0,123.0
3,offset,00:06:21.1801590,00:06:21.1940502,123.0,124.0
3,offset,00:06:21.1940502,00:06:21.2109738,124.0,125.0
3,offset,00:06:21.2109738,00:06:21.2287717,125.0,126.0
3,offset,00:06:21.2287717,00:06:21.2465679,126.0,127.0
3,offset,00:06:21.2465679,00:06:21.2645844,127.0,128.0
3,offset,00:06:21.2645844,00:06:21.2811264,128.0,130.0
3,offset,00:06:21.2811264,00:06:21.2964253,130.0,131.0
3,offset,00:06:21.2964253,00:06:21.3113768,131.0,132.0
3,offset,00:06:21.3113768,00:06:21.3311768,132.0,133.0
3,offset,00:06:21.3311768,00:06:21.3496102,133.0,135.0
3,offset,00:06:21.3496102,00:06:21.3637896,135.0,136.0
3,offset,00:06:21.3637896,00:06:21.3835782,136.0,139.0
3,offset,00:06:21.3835782,00:06:21.3964386,139.0,140.0
3,offset,00:06:21.3964386,00:06:21.4155717,140.0,141.0
3,offset,00:06:21.4155717,00:06:21.4308878,141.0,142.0
3,offset,00:06:21.4308878,00:06:21.4467761,142.0,143.0
3,offset,00:06:21.4467761,00:06:21.4653479,143.0,144.0
3,offset,00:06:21.4653479,00:06:21.4799275,144.0,145.0
3,offset,00:06:21.4799275,00:06:21.5097082,145.0,146.0
3,offset,00:06:21.5097082,00:06:21.5276554,146.0,147.0
3,offset,00:06:21.5276554,00:06:21.5773059,147.0,148.0
3,offset,00:06:21.5773059,00:06:21.6271851,148.0,149.0
3,offset,00:06:21.6271851,00:06:21.7130839,149.0,150.0
3,offset,00:06:21.7130839,00:06:21.7781126,150.0,151.0
3,offset,00:06:21.7781126,00:06:21.8099721,151.0,152.0
3,offset,00:06:21.8099721,00:06:21.8436386,152.0,153.0
3,offset,00:06:21.8436386,00:06:21.8639214,153.0,154.0
3,offset,00:06:21.8639214,00:06:21.9110919,154.0,155.0
3,offset,00:06:21.9110919,00:06:21.9462954,155.0,156.0
3,offset,00:06:21.9462954,00:06:21.9946340,156.0,157.0
3,offset,00:06:21.9946340,00:06:22.0444001,157.0,158.0
3,offset,00:06:22.0444001,00:06:22.1270894,158.0,159.0
3,offset,00:06:22.1270894,00:06:22.2099816,159.0,160.0
3,offset,00:06:22.2099816,00:06:22.3771571,160.0,161.0
3,offset,00:06:22.3771571,00:06:22.4606173,161.0,162.0
3,offset,00:06:22.4606173,00:06:22.5461994,162.0,163.0
3,offset,00:06:22.5461994,00:06:22.6478628,163.0,164.0
3,offset,00:06:22.6478628,00:06:22.7619674,164.0,165.0
3,offset,00:06:22.7619674,00:06:25.2638404,165.0,160.0
3,offset,00:06:25.2638404,00:06:25.3808914,160.0,154.0
3,offset,00:06:25.3808914,00:06:25.3887138,154.0,152.0
3,offset,00:06:25.3887138,00:06:25.3970751,152.0,151.0
3,offset,00:06:25.3970751,00:06:25.4336361,151.0,149.0
3,offset,00:06:25.4336361,00:06:25.4457645,149.0,147.0
3,offset,00:06:25.4457645,00:06:25.4636245,147.0,144.0
3,offset,00:06:25.4636245,00:06:25.4804572,144.0,142.0
3,offset,00:06:25.4804572,00:06:25.4954748,142.0,140.0
3,offset,00:06:25.4954748,00:06:25.5138573,140.0,139.0
3,offset,00:06:25.5138573,00:06:25.5309364,139.0,137.0
3,offset,00:06:25.5309364,00:06:25.5474566,137.0,136.0
3,offset,00:06:25.5474566,00:06:25.5636971,136.0,135.0
3,offset,00:06:25.5636971,00:06:25.5795739,135.0,134.0
3,offset,00:06:25.5795739,00:06:25.5977737,134.0,133.0
3,offset,00:06:25.5977737,00:06:25.6292590,133.0,132.0
3,offset,00:06:25.6292590,00:06:25.6783013,132.0,131.0
3,offset,00:06:25.6783013,00:06:25.7289361,131.0,130.0
3,offset,00:06:25.7289361,00:06:25.7774392,130.0,129.0
3,offset,00:06:25.7774392,00:07:33.4804373,129.0,127.0
3,offset,00:07:33.4804373,00:07:33.5683425,127.0,120.0
3,offset,00:07:33.5683425,00:07:33.5794752,120.0,115.0
3,offset,00:07:33.5794752,00:07:33.5992833,115.0,110.0
3,offset,00:07:33.5992833,00:07:33.6117761,110.0,104.0
3,offset,00:07:33.6117761,00:07:33.6295759,104.0,96.0
3,offset,00:07:33.6295759,00:07:33.6517345,96.0,91.0
3,offset,00:07:33.6517345,00:07:33.6635355,91.0,81.0
3,offset,00:07:33.6635355,00:07:33.6818885,81.0,71.0
3,offset,00:07:33.6818885,00:07:33.6986176,71.0,62.0
3,offset,00:07:33.6986176,00:07:33.7165337,62.0,53.0
3,offset,00:07:33.7165337,00:07:33.7325634,53.0,45.0
3,offset,00:07:33.7325634,00:07:33.7486014,45.0,37.0
3,offset,00:07:33.7486014,00:07:33.7661664,37.0,31.0
3,offset,00:07:33.7661664,00:07:33.7832104,31.0,24.0
3,offset,00:07:33.7832104,00:07:33.8011823,24.0,20.0
3,offset,00:07:33.8011823,00:07:33.8131173,20.0,19.0
3,offset,00:07:33.8131173,00:07:33.8375668,19.0,14.0
3,offset,00:07:33.8375668,00:07:33.8518219,14.0,9.0
3,offset,00:07:33.8518219,00:07:33.8645612,9.0,4.0
3,offset,00:07:33.8645612,00:07:33.8827132,4.0,0.0
3,offset,00:07:33.8827132,00:08:49.7772315,0.0,6.0
3,offset,00:08:49.7772315,00:08:49.7896248,6.0,19.0
3,offset,00:08:49.7896248,00:08:49.8993401,19.0,25.0
3,offset,00:08:49.8993401,00:08:49.9055241,25.0,26.0
3,offset,00:08:49.9055241,00:08:49.9188252,26.0,27.0
3,offset,00:08:49.9188252,00:08:49.9368319,27.0,28.0
3,offset,00:08:49.9368319,00:08:49.9506616,28.0,29.0
3,offset,00:08:49.9506616,00:08:49.9668235,29.0,32.0
3,offset,00:08:49.9668235,00:08:49.9856182,32.0,33.0
3,offset,00:08:49.9856182,00:08:50.0004334,33.0,34.0
3,offset,00:08:50.0004334,00:08:50.0200315,34.0,35.0
3,offset,00:08:50.0200315,00:08:50.0491913,35.0,37.0
3,offset,00:08:50.0491913,00:08:50.0816376,37.0,39.0
3,offset,00:08:50.0816376,00:08:50.0997882,39.0,42.0
3,offset,00:08:50.0997882,00:08:50.1172112,42.0,47.0
3,offset,00:08:50.1172112,00:08:50.1362136,47.0,54.0
3,offset,00:08:50.1362136,00:08:50.1522690,54.0,61.0
3,offset,00:08:50.1522690,00:08:50.1689544,61.0,70.0
3,offset,00:08:50.1689544,00:08:50.1853106,70.0,78.0
3,offset,00:08:50.1853106,00:08:50.1999347,78.0,87.0
3,offset,00:08:50.1999347,00:08:50.2188813,87.0,98.0
3,offset,00:08:50.2188813,00:08:50.2303326,98.0,107.0
3,offset,00:08:50.2303326,00:08:50.2510700,107.0,116.0
3,offset,00:08:50.2510700,00:08:50.2685664,116.0,126.0
3,offset,00:08:50.2685664,00:08:50.2853198,126.0,137.0
3,offset,00:08:50.2853198,00:08:50.3041759,137.0,142.0
3,offset,00:08:50.3041759,00:08:50.3173334,142.0,153.0
3,offset,00:08:50.3173334,00:08:50.3345512,153.0,160.0
3,offset,00:08:50.3345512,00:08:50.3525618,160.0,166.0
3,offset,00:08:50.3525618,00:08:50.3669752,166.0,170.0
3,offset,00:08:50.3669752,00:08:50.3842359,170.0,175.0
3,offset,00:08:50.3842359,00:08:50.4003039,175.0,178.0
3,offset,00:08:50.4003039,00:08:50.4164928,178.0,180.0
3,offset,00:08:50.4164928,00:08:57.6915067,180.0,177.0
3,offset,00:08:57.6915067,00:08:57.7068170,177.0,168.0
3,offset,00:08:57.7068170,00:08:57.7391226,168.0,163.0
3,offset,00:08:57.7391226,00:08:57.7483832,163.0,161.0
3,offset,00:08:57.7483832,00:08:57.7692439,161.0,158.0
3,offset,00:08:57.7692439,00:08:57.7839664,158.0,155.0
3,offset,00:08:57.7839664,00:08:57.8003586,155.0,151.0
3,offset,00:08:57.8003586,00:08:57.8150305,151.0,149.0
3,offset,00:08:57.8150305,00:08:57.8336373,149.0,148.0
3,offset,00:08:57.8336373,00:08:57.8504957,148.0,145.0
3,offset,00:08:57.8504957,00:08:57.8804824,145.0,144.0
3,offset,00:08:57.8804824,00:08:57.8858790,144.0,142.0
3,offset,00:08:57.8858790,00:08:57.9022694,142.0,141.0
3,offset,00:08:57.9022694,00:08:57.9179845,141.0,140.0
3,offset,00:08:57.9179845,00:08:57.9510474,140.0,139.0
3,offset,00:08:57.9510474,00:08:57.9905115,139.0,138.0
3,offset,00:08:57.9905115,00:08:58.0033392,138.0,137.0
3,offset,00:08:58.0033392,00:08:58.0977461,137.0,135.0
3,offset,00:08:58.0977461,00:08:58.1178405,135.0,133.0
3,offset,00:08:58.1178405,00:08:58.1338321,133.0,131.0
3,offset,00:08:58.1338321,00:08:58.1520638,131.0,130.0
3,offset,00:08:58.1520638,00:08:58.1683810,130.0,128.0
3,offset,00:08:58.1683810,00:08:58.1853099,128.0,127.0
3,offset,00:08:58.1853099,00:08:58.2018453,127.0,126.0
3,offset,00:08:58.2018453,00:08:58.2337575,126.0,125.0
3,offset,00:08:58.2337575,00:08:58.6510675,125.0,124.0
3,offset,00:08:58.6510675,00:08:58.6826199,124.0,123.0
3,offset,00:08:58.6826199,00:08:58.7159267,123.0,122.0
3,offset,00:08:58.7159267,00:08:58.9974595,122.0,123.0
3,offset,00:08:58.9974595,00:08:59.0325744,123.0,124.0
3,offset,00:08:59.0325744,00:08:59.0816116,124.0,125.0
3,offset,00:08:59.0816116,00:08:59.1320207,125.0,126.0
3,offset,00:08:59.1320207,00:08:59.1659465,126.0,127.0
3,offset,00:08:59.1659465,00:08:59.2177596,127.0,128.0
3,offset,00:08:59.2177596,00:08:59.2695881,128.0,129.0
3,offset,00:08:59.2695881,00:08:59.3172675,129.0,130.0
3,offset,00:08:59.3172675,00:08:59.4638046,130.0,131.0
3,offset,00:08:59.4638046,00:09:29.0243799,131.0,133.0
3,offset,00:09:29.0243799,00:09:29.0423209,133.0,116.0
3,offset,00:09:29.0423209,00:09:29.1404166,116.0,111.0
3,offset,00:09:29.1404166,00:09:29.1826901,111.0,110.0
3,offset,00:09:29.1826901,00:09:29.3720166,110.0,125.0
3,offset,00:09:29.3720166,00:09:29.5341714,125.0,120.0
3,offset,00:09:29.5341714,00:09:29.5678502,120.0,118.0
3,offset,00:09:29.5678502,00:09:29.5846877,118.0,117.0
3,offset,00:09:29.5846877,00:09:29.6196097,117.0,116.0
3,offset,00:09:29.6196097,00:09:29.6345835,116.0,115.0
3,offset,00:09:29.6345835,00:09:29.6675654,115.0,114.0
3,offset,00:09:29.6675654,00:09:29.7164348,114.0,113.0
3,offset,00:09:29.7164348,00:09:30.1664721,113.0,112.0
3,offset,00:09:30.1664721,00:09:30.2494884,112.0,111.0
3,offset,00:09:30.2494884,00:09:30.3000644,111.0,110.0
3,offset,00:09:30.3000644,00:09:30.3498963,110.0,109.0
3,offset,00:09:30.3498963,00:09:30.4028722,109.0,108.0
3,offset,00:09:30.4028722,00:09:30.4658207,108.0,107.0
3,offset,00:09:30.4658207,00:09:30.6024091,107.0,106.0
3,offset,00:09:30.6024091,00:09:30.8824285,106.0,105.0
3,offset,00:09:30.8824285,00:09:30.9659653,105.0,104.0
3,offset,00:09:30.9659653,00:09:31.1658568,104.0,103.0
3,offset,00:09:31.1658568,00:09:31.2689275,103.0,102.0
3,offset,00:09:31.2689275,00:09:31.3181387,102.0,101.0
3,offset,00:09:31.3181387,00:09:31.4199597,101.0,100.0
3,offset,00:09:31.4199597,00:09:31.4822490,100.0,99.0
3,offset,00:09:31.4822490,00:09:31.5322287,99.0,98.0
3,offset,00:09:31.5322287,00:09:31.5658134,98.0,97.0
3,offset,00:09:31.5658134,00:09:31.5853358,97.0,96.0
3,offset,00:09:31.5853358,00:09:31.6186853,96.0,95.0
3,offset,00:09:31.6186853,00:09:31.6669841,95.0,94.0
3,offset,00:09:31.6669841,00:09:31.7502781,94.0,93.0
3,offset,00:09:31.7502781,00:09:31.7998371,93.0,92.0
3,offset,00:09:31.7998371,00:09:32.0987585,92.0,91.0
3,offset,00:09:32.0987585,00:09:32.1487990,91.0,90.0
3,offset,00:09:32.1487990,00:09:32.1845396,90.0,89.0
3,offset,00:09:32.1845396,00:09:32.2325542,89.0,88.0
3,offset,00:09:32.2325542,00:10:09.3893681,88.0,87.0
3,offset,00:10:09.3893681,00:10:09.5523888,87.0,82.0
3,offset,00:10:09.5523888,00:10:09.5713530,82.0,81.0
3,offset,00:10:09.5713530,00:10:09.5876994,81.0,80.0
3,offset,00:10:09.5876994,00:10:09.6040086,80.0,79.0
3,offset,00:10:09.6040086,00:10:09.6180597,79.0,78.0
3,offset,00:10:09.6180597,00:10:09.6509021,78.0,77.0
3,offset,00:10:09.6509021,00:10:09.6698053,77.0,76.0
3,offset,00:10:09.6698053,00:10:09.7010111,76.0,75.0
3,offset,00:10:09.7010111,00:10:09.7207141,75.0,74.0
3,offset,00:10:09.7207141,00:10:09.7367260,74.0,73.0
3,offset,00:10:09.7367260,00:10:09.7838893,73.0,72.0
3,offset,00:10:09.7838893,00:10:09.8997986,72.0,73.0
3,offset,00:10:09.8997986,00:10:09.9192871,73.0,74.0
3,offset,00:10:09.9192871,00:10:09.9349650,74.0,76.0
3,offset,00:10:09.9349650,00:10:09.9521268,76.0,78.0
3,offset,00:10:09.9521268,00:10:09.9706385,78.0,80.0
3,offset,00:10:09.9706385,00:10:09.9853918,80.0,82.0
3,offset,00:10:09.9853918,00:10:10.0043110,82.0,85.0
3,offset,00:10:10.0043110,00:10:10.0196734,85.0,87.0
3,offset,00:10:10.0196734,00:10:10.0383244,87.0,90.0
3,offset,00:10:10.0383244,00:10:10.0535870,90.0,92.0
3,offset,00:10:10.0535870,00:10:10.0705324,92.0,95.0
3,offset,00:10:10.0705324,00:10:10.0860983,95.0,97.0
3,offset,00:10:10.0860983,00:10:10.1043425,97.0,99.0
3,offset,00:10:10.1043425,00:10:10.1213667,99.0,101.0
3,offset,00:10:10.1213667,00:10:10.1357785,101.0,102.0
3,offset,00:10:10.1357785,00:10:10.1545954,102.0,104.0
3,offset,00:10:10.1545954,00:10:10.1702883,104.0,106.0
3,offset,00:10:10.1702883,00:10:10.1853681,106.0,107.0
3,offset,00:10:10.1853681,00:10:10.2022998,107.0,108.0
3,offset,00:10:10.2022998,00:10:10.2186592,108.0,110.0
3,offset,00:10:10.2186592,00:10:10.2353037,110.0,111.0
3,offset,00:10:10.2353037,00:10:10.2522442,111.0,112.0
3,offset,00:10:10.2522442,00:10:10.2678117,112.0,113.0
3,offset,00:10:10.2678117,00:10:10.2903252,113.0,114.0
3,offset,00:10:10.2903252,00:10:10.3025772,114.0,115.0
3,offset,00:10:10.3025772,00:10:10.3210101,115.0,116.0
3,offset,00:10:10.3210101,00:10:10.3532443,116.0,117.0
3,offset,00:10:10.3532443,00:10:10.3844483,117.0,118.0
3,offset,00:10:10.3844483,00:10:10.4023045,118.0,119.0
3,offset,00:10:10.4023045,00:10:10.4213941,119.0,120.0
3,offset,00:10:10.4213941,00:10:10.4375149,120.0,121.0
3,offset,00:10:10.4375149,00:10:10.4681400,121.0,122.0
3,offset,00:10:10.4681400,00:10:10.5024262,122.0,123.0
3,offset,00:10:10.5024262,00:10:10.5346334,123.0,124.0
3,offset,00:10:10.5346334,00:10:10.5663337,124.0,125.0
3,offset,00:10:10.5663337,00:10:10.6165174,125.0,126.0
3,offset,00:10:10.6165174,00:10:10.6650202,126.0,127.0
3,offset,00:10:10.6650202,00:10:10.6850937,127.0,128.0
3,offset,00:10:10.6850937,00:10:10.7348945,128.0,129.0
3,offset,00:10:10.7348945,00:10:10.7835087,129.0,130.0
3,offset,00:10:10.7835087,00:10:10.8167073,130.0,131.0
3,offset,00:10:10.8167073,00:10:10.8647959,131.0,132.0
3,offset,00:10:10.8647959,00:10:10.9180266,132.0,133.0
3,offset,00:10:10.9180266,00:10:10.9662558,133.0,134.0
3,offset,00:10:10.9662558,00:10:11.0190772,134.0,135.0
3,offset,00:10:11.0190772,00:10:11.0681538,135.0,136.0
3,offset,00:10:11.0681538,00:10:11.1677040,136.0,137.0
3,offset,00:10:11.1677040,00:10:11.3689270,137.0,138.0
3,offset,00:10:11.3689270,00:10:12.6669891,138.0,137.0
3,offset,00:10:12.6669891,00:10:12.7005490,137.0,136.0
3,offset,00:10:12.7005490,00:10:12.7354821,136.0,135.0
3,offset,00:10:12.7354821,00:10:12.7562994,135.0,134.0
3,offset,00:10:12.7562994,00:10:12.7858108,134.0,133.0
3,offset,00:10:12.7858108,00:10:12.8028300,133.0,132.0
3,offset,00:10:12.8028300,00:10:12.8376524,132.0,131.0
3,offset,00:10:12.8376524,00:10:12.8538080,131.0,129.0
3,offset,00:10:12.8538080,00:10:12.8719046,129.0,128.0
3,offset,00:10:12.8719046,00:10:12.8843068,128.0,127.0
3,offset,00:10:12.8843068,00:10:12.9019422,127.0,125.0
3,offset,00:10:12.9019422,00:10:12.9170672,125.0,124.0
3,offset,00:10:12.9170672,00:10:12.9347435,124.0,123.0
3,offset,00:10:12.9347435,00:10:12.9511931,123.0,122.0
3,offset,00:10:12.9511931,00:10:12.9719279,122.0,121.0
3,offset,00:10:12.9719279,00:10:12.9854045,121.0,119.0
3,offset,00:10:12.9854045,00:10:13.0003740,119.0,118.0
3,offset,00:10:13.0003740,00:10:13.0210291,118.0,117.0
3,offset,00:10:13.0210291,00:10:13.0364793,117.0,116.0
3,offset,00:10:13.0364793,00:10:13.0541973,116.0,115.0
3,offset,00:10:13.0541973,00:10:13.0854981,115.0,114.0
3,offset,00:10:13.0854981,00:10:13.1035792,114.0,110.0
3,offset,00:10:13.1035792,00:10:13.1209800,110.0,106.0
3,offset,00:10:13.1209800,00:10:13.1369303,106.0,105.0
3,offset,00:10:13.1369303,00:10:13.1554370,105.0,98.0
3,offset,00:10:13.1554370,00:10:13.1682394,98.0,93.0
3,offset,00:10:13.1682394,00:10:13.1842035,93.0,87.0
3,offset,00:10:13.1842035,00:10:13.2005111,87.0,82.0
3,offset,00:10:13.2005111,00:10:13.2182650,82.0,76.0
3,offset,00:10:13.2182650,00:10:13.2361100,76.0,71.0
3,offset,00:10:13.2361100,00:10:13.2524298,71.0,65.0
3,offset,00:10:13.2524298,00:10:13.2683008,65.0,60.0
3,offset,00:10:13.2683008,00:10:13.2869034,60.0,56.0
3,offset,00:10:13.2869034,00:10:13.3020684,56.0,51.0
3,offset,00:10:13.3020684,00:10:13.3203279,51.0,47.0
3,offset,00:10:13.3203279,00:10:13.3373190,47.0,43.0
3,offset,00:10:13.3373190,00:10:13.3541256,43.0,38.0
3,offset,00:10:13.3541256,00:10:13.3698834,38.0,33.0
3,offset,00:10:13.3698834,00:10:13.4107363,33.0,26.0
3,offset,00:10:13.4107363,00:10:13.4110201,26.0,24.0
3,offset,00:10:13.4110201,00:10:13.4180170,24.0,20.0
3,offset,00:10:13.4180170,00:10:13.4376117,20.0,16.0
3,offset,00:10:13.4376117,00:10:13.4530204,16.0,14.0
3,offset,00:10:13.4530204,00:10:13.4675502,14.0,13.0
3,offset,00:10:13.4675502,00:10:13.4858188,13.0,12.0
3,offset,00:10:13.4858188,00:10:13.5004666,12.0,11.0
3,offset,00:10:13.5004666,00:10:42.9587839,11.0,3.0
3,offset,00:10:42.9587839,00:10:42.9760680,3.0,9.0
3,offset,00:10:42.9760680,00:10:42.9863134,9.0,11.0
3,offset,00:10:42.9863134,00:10:43.0036583,11.0,13.0
3,offset,00:10:43.0036583,00:10:43.0206738,13.0,16.0
3,offset,00:10:43.0206738,00:10:43.0383037,16.0,18.0
3,offset,00:10:43.0383037,00:10:43.0531503,18.0,23.0
3,offset,00:10:43.0531503,00:10:43.0684826,23.0,27.0
3,offset,00:10:43.0684826,00:10:43.0862170,27.0,30.0
3,offset,00:10:43.0862170,00:10:43.1005744,30.0,34.0
3,offset,00:10:43.1005744,00:10:43.1204760,34.0,38.0
3,offset,00:10:43.1204760,00:10:43.1361851,38.0,42.0
3,offset,00:10:43.1361851,00:10:43.1522681,42.0,45.0
3,offset,00:10:43.1522681,00:10:43.1694703,45.0,49.0
3,offset,00:10:43.1694703,00:10:43.1871530,49.0,52.0
3,offset,00:10:43.1871530,00:10:43.2049213,52.0,56.0
3,offset,00:10:43.2049213,00:10:43.2225264,56.0,58.0
3,offset,00:10:43.2225264,00:10:43.2387819,58.0,60.0
3,offset,00:10:43.2387819,00:10:43.2530892,60.0,61.0
3,offset,00:10:43.2530892,00:10:43.2711949,61.0,64.0
3,offset,00:10:43.2711949,00:10:43.2872308,64.0,67.0
3,offset,00:10:43.2872308,00:10:43.3053701,67.0,69.0
3,offset,00:10:43.3053701,00:10:43.3201934,69.0,72.0
3,offset,00:10:43.3201934,00:10:43.3334469,72.0,75.0
3,offset,00:10:43.3334469,00:10:43.3526339,75.0,78.0
3,offset,00:10:43.3526339,00:10:43.3694459,78.0,81.0
3,offset,00:10:43.3694459,00:10:43.3858293,81.0,83.0
3,offset,00:10:43.3858293,00:10:43.4023768,83.0,86.0
3,offset,00:10:43.4023768,00:10:43.4190212,86.0,88.0
3,offset,00:10:43.4190212,00:10:43.4354959,88.0,91.0
3,offset,00:10:43.4354959,00:10:43.4504932,91.0,94.0
3,offset,00:10:43.4504932,00:10:43.4701292,94.0,97.0
3,offset,00:10:43.4701292,00:10:43.4870084,97.0,101.0
3,offset,00:10:43.4870084,00:10:43.5048445,101.0,104.0
3,offset,00:10:43.5048445,00:10:43.5199459,104.0,107.0
3,offset,00:10:43.5199459,00:10:43.5364143,107.0,109.0
3,offset,00:10:43.5364143,00:10:43.5543717,109.0,113.0
3,offset,00:10:43.5543717,00:10:43.5704565,113.0,116.0
3,offset,00:10:43.5704565,00:10:43.5879566,116.0,118.0
3,offset,00:10:43.5879566,00:10:43.6040283,118.0,119.0
3,offset,00:10:43.6040283,00:10:43.6197270,119.0,122.0
3,offset,00:10:43.6197270,00:10:43.6356152,122.0,124.0
3,offset,00:10:43.6356152,00:10:43.6517867,124.0,126.0
3,offset,00:10:43.6517867,00:10:43.6691805,126.0,127.0
3,offset,00:10:43.6691805,00:10:43.6856824,127.0,129.0
3,offset,00:10:43.6856824,00:10:43.7003209,129.0,130.0
3,offset,00:10:43.7003209,00:10:43.7195110,130.0,131.0
3,offset,00:10:43.7195110,00:10:43.7354165,131.0,132.0
3,offset,00:10:43.7354165,00:10:43.7512542,132.0,133.0
3,offset,00:10:43.7512542,00:10:43.7713805,133.0,134.0
3,offset,00:10:43.7713805,00:10:43.7877061,134.0,135.0
3,offset,00:10:43.7877061,00:10:43.8039206,135.0,136.0
3,offset,00:10:43.8039206,00:10:43.8208481,136.0,137.0
3,offset,00:10:43.8208481,00:10:43.8358614,137.0,138.0
3,offset,00:10:43.8358614,00:10:43.8555674,138.0,139.0
3,offset,00:10:43.8555674,00:10:43.8709879,139.0,140.0
3,offset,00:10:43.8709879,00:10:43.9204921,140.0,141.0
3,offset,00:10:43.9204921,00:10:43.9381937,141.0,142.0
3,offset,00:10:43.9381937,00:10:43.9505412,142.0,143.0
3,offset,00:10:43.9505412,00:10:43.9690474,143.0,144.0
3,offset,00:10:43.9690474,00:10:44.0009149,144.0,145.0
3,offset,00:10:44.0009149,00:10:44.0324027,145.0,146.0
3,offset,00:10:44.0324027,00:10:44.0665466,146.0,147.0
3,offset,00:10:44.0665466,00:10:44.1175001,147.0,148.0
3,offset,00:10:44.1175001,00:10:44.1674575,148.0,149.0
3,offset,00:10:44.1674575,00:10:44.2210659,149.0,150.0
3,offset,00:10:44.2210659,00:10:44.3154896,150.0,151.0
3,offset,00:10:44.3154896,00:10:44.4857285,151.0,152.0
3,offset,00:10:44.4857285,00:10:44.6502319,152.0,153.0
3,offset,00:10:44.6502319,00:10:44.7344428,153.0,154.0
3,offset,00:10:44.7344428,00:10:44.8172107,154.0,155.0
3,offset,00:10:44.8172107,00:10:44.9510295,155.0,156.0
3,offset,00:10:44.9510295,00:10:45.0519131,156.0,157.0
3,offset,00:10:45.0519131,00:10:45.1004539,157.0,158.0
3,offset,00:10:45.1004539,00:10:45.1661167,158.0,159.0
3,offset,00:10:45.1661167,00:10:45.2668429,159.0,160.0
3,offset,00:10:45.2668429,00:10:45.4492410,160.0,161.0
3,offset,00:10:45.4492410,00:10:53.5768141,161.0,167.0
3,offset,00:10:53.5768141,00:10:53.5789973,167.0,152.0
3,offset,00:10:53.5789973,00:10:53.6195337,152.0,147.0
3,offset,00:10:53.6195337,00:10:53.6273196,147.0,144.0
3,offset,00:10:53.6273196,00:10:53.6376024,144.0,143.0
3,offset,00:10:53.6376024,00:10:53.6540581,143.0,141.0
3,offset,00:10:53.6540581,00:10:53.6699482,141.0,138.0
3,offset,00:10:53.6699482,00:10:53.6871925,138.0,137.0
3,offset,00:10:53.6871925,00:10:53.7018587,137.0,136.0
3,offset,00:10:53.7018587,00:10:53.7197349,136.0,135.0
3,offset,00:10:53.7197349,00:10:53.7359630,135.0,134.0
3,offset,00:10:53.7359630,00:10:53.7700580,134.0,133.0
3,offset,00:10:53.7700580,00:10:54.0841500,133.0,132.0
3,offset,00:10:54.0841500,00:10:54.1339228,132.0,131.0
3,offset,00:10:54.1339228,00:10:54.1711628,131.0,130.0
3,offset,00:10:54.1711628,00:10:54.2211008,130.0,129.0
3,offset,00:10:54.2211008,00:10:54.6325583,129.0,128.0
3,offset,00:10:54.6325583,00:10:54.7868717,128.0,127.0
3,offset,00:10:54.7868717,00:10:54.9708393,127.0,126.0
3,offset,00:10:54.9708393,00:10:55.3009613,126.0,125.0
3,offset,00:10:55.3009613,00:10:55.4342305,125.0,124.0
3,offset,00:10:55.4342305,00:10:55.5165332,124.0,123.0
3,offset,00:10:55.5165332,00:10:55.7173703,123.0,122.0
3,offset,00:10:55.7173703,00:10:55.9008927,122.0,121.0
3,offset,00:10:55.9008927,00:10:56.0364463,121.0,120.0
3,offset,00:10:56.0364463,00:10:56.2166515,120.0,119.0
3,offset,00:10:56.2166515,00:10:56.4163569,119.0,118.0
3,offset,00:10:56.4163569,00:10:56.7159558,118.0,117.0
3,phase shift,00:11:10.4802473,00:11:10.4804480,5.934119,5.2010813
3,phase shift,00:11:10.4804480,00:11:10.4912313,5.2010813,5.2185345
3,phase shift,00:11:10.4912313,00:11:10.4940556,5.2185345,5.148721
3,phase shift,00:11:10.4940556,00:11:10.5098040,5.148721,5.0789084
3,phase shift,00:11:10.5098040,00:11:10.5304024,5.0789084,4.974189
3,phase shift,00:11:10.5304024,00:11:10.5448369,4.974189,4.904375
3,phase shift,00:11:10.5448369,00:11:10.5579854,4.904375,4.8171086
3,phase shift,00:11:10.5579854,00:11:10.5747923,4.8171086,4.729842
3,phase shift,00:11:10.5747923,00:11:10.5916366,4.729842,4.694936
3,phase shift,00:11:10.5916366,00:11:10.6084935,4.694936,4.6600294
3,phase shift,00:11:10.6084935,00:11:10.6252371,4.6600294,4.6425757
3,phase shift,00:11:10.6252371,00:11:10.6414019,4.6425757,4.6251225
3,phase shift,00:11:10.6414019,00:11:10.6609232,4.6251225,4.590216
3,phase shift,00:11:10.6609232,00:11:10.6928168,4.590216,4.572763
3,phase shift,00:11:10.6928168,00:11:11.3135391,4.572763,4.2586036
3,phase shift,00:11:11.3135391,00:11:11.3415262,4.2586036,4.2236967
3,phase shift,00:11:11.3415262,00:11:11.3577576,4.2236967,4.2062435
3,phase shift,00:11:11.3577576,00:11:11.3913072,4.2062435,4.171337
3,phase shift,00:11:11.3913072,00:11:11.4091048,4.171337,4.153884
3,phase shift,00:11:11.4091048,00:11:11.4246286,4.153884,4.118977
3,phase shift,00:11:11.4246286,00:11:11.4401151,4.118977,4.08407
3,phase shift,00:11:11.4401151,00:11:11.4613773,4.08407,4.0666175
3,phase shift,00:11:11.4613773,00:11:11.4653345,4.0666175,4.0491643
3,phase shift,00:11:11.4653345,00:11:11.4747994,4.0491643,4.0317106
3,phase shift,00:11:11.4747994,00:11:11.4904431,4.0317106,3.9968042
3,phase shift,00:11:11.4904431,00:11:11.5076494,3.9968042,3.9793508
3,phase shift,00:11:11.5076494,00:11:11.5250692,3.9793508,3.9618976
3,phase shift,00:11:11.5250692,00:11:11.5416125,3.9618976,3.9444442
3,phase shift,00:11:11.5416125,00:11:11.5589388,3.9444442,3.926991
3,phase shift,00:11:11.5589388,00:11:11.5759594,3.926991,3.9095378
3,phase shift,00:11:11.5759594,00:11:11.6251488,3.9095378,3.8920844
3,phase shift,00:11:11.6251488,00:11:11.6409960,3.8920844,3.8746312
3,phase shift,00:11:11.6409960,00:11:11.6582385,3.8746312,3.8920844
3,phase shift,00:11:11.6582385,00:11:11.8041298,3.8920844,3.9095378
3,phase shift,00:11:11.8041298,00:11:11.8566733,3.9095378,3.926991
3,phase shift,00:11:11.8566733,00:11:12.0906811,3.926991,3.9444442
3,phase shift,00:11:12.0906811,00:11:12.7590858,3.9444442,3.9618976
