frame,timestamp_sec,speed_px/s,distance_px/s
1,0.0334,0.000,0.000
2,0.0667,0.000,0.000
3,0.1001,7.493,0.250
4,0.1335,0.000,0.000
5,0.1668,0.000,0.000
6,0.2002,0.000,0.000
7,0.2336,0.000,0.000
8,0.2669,7.493,0.250
9,0.3003,0.000,0.000
10,0.3337,0.000,0.000
11,0.3670,0.000,0.000
12,0.4004,0.000,0.000
13,0.4338,0.000,0.000
14,0.4671,0.000,0.000
15,0.5005,0.000,0.000
16,0.5339,0.000,0.000
17,0.5672,0.000,0.000
18,0.6006,0.000,0.000
19,0.6340,0.000,0.000
20,0.6673,0.000,0.000
21,0.7007,0.000,0.000
22,0.7341,0.000,0.000
23,0.7674,0.000,0.000
24,0.8008,0.000,0.000
25,0.8342,7.493,0.250
26,0.8675,0.000,0.000
27,0.9009,0.000,0.000
28,0.9343,0.000,0.000
29,0.9676,0.000,0.000
30,1.0010,0.000,0.000
31,1.0344,0.000,0.000
32,1.0677,0.000,0.000
33,1.1011,0.000,0.000
34,1.1345,0.000,0.000
35,1.1678,0.000,0.000
36,1.2012,0.000,0.000
37,1.2346,0.000,0.000
38,1.2679,0.000,0.000
39,1.3013,0.000,0.000
40,1.3347,0.000,0.000
41,1.3680,0.000,0.000
42,1.4014,0.000,0.000
43,1.4348,0.000,0.000
44,1.4681,0.000,0.000
45,1.5015,0.000,0.000
46,1.5349,0.000,0.000
47,1.5682,0.000,0.000
48,1.6016,0.000,0.000
49,1.6350,0.000,0.000
50,1.6683,0.000,0.000
51,1.7017,0.000,0.000
52,1.7351,0.000,0.000
53,1.7684,0.000,0.000
54,1.8018,0.000,0.000
55,1.8352,0.000,0.000
56,1.8685,0.000,0.000
57,1.9019,0.000,0.000
58,1.9353,0.000,0.000
59,1.9686,0.000,0.000
60,2.0020,0.000,0.000
61,2.0354,0.000,0.000
62,2.0687,0.000,0.000
63,2.1021,0.000,0.000
64,2.1355,0.000,0.000
65,2.1688,0.000,0.000
66,2.2022,0.000,0.000
67,2.2356,0.000,0.000
68,2.2689,0.000,0.000
69,2.3023,0.000,0.000
70,2.3357,0.000,0.000
71,2.3690,0.000,0.000
72,2.4024,0.000,0.000
73,2.4358,0.000,0.000
74,2.4691,0.000,0.000
75,2.5025,0.000,0.000
76,2.5359,0.000,0.000
77,2.5692,0.000,0.000
78,2.6026,0.000,0.000
79,2.6360,0.000,0.000
80,2.6693,0.000,0.000
81,2.7027,0.000,0.000
82,2.7361,0.000,0.000
83,2.7694,0.000,0.000
84,2.8028,0.000,0.000
85,2.8362,0.000,0.000
86,2.8695,0.000,0.000
87,2.9029,0.000,0.000
88,2.9363,0.000,0.000
89,2.9696,0.000,0.000
90,3.0030,0.000,0.000
91,3.0364,7.493,0.250
92,3.0697,0.000,0.000
93,3.1031,0.000,0.000
94,3.1365,0.000,0.000
95,3.1698,0.000,0.000
96,3.2032,0.000,0.000
97,3.2366,0.000,0.000
98,3.2699,0.000,0.000
99,3.3033,0.000,0.000
100,3.3367,0.000,0.000
101,3.3700,0.000,0.000
102,3.4034,0.000,0.000
103,3.4368,0.000,0.000
104,3.4701,0.000,0.000
105,3.5035,0.000,0.000
106,3.5369,0.000,0.000
107,3.5702,0.000,0.000
108,3.6036,7.493,0.250
109,3.6370,0.000,0.000
110,3.6703,0.000,0.000
111,3.7037,0.000,0.000
112,3.7371,0.000,0.000
113,3.7704,0.000,0.000
114,3.8038,0.000,0.000
115,3.8372,0.000,0.000
116,3.8705,0.000,0.000
117,3.9039,0.000,0.000
118,3.9373,7.493,0.250
119,3.9706,0.000,0.000
120,4.0040,0.000,0.000
121,4.0374,0.000,0.000
122,4.0707,0.000,0.000
123,4.1041,0.000,0.000
124,4.1375,0.000,0.000
125,4.1708,0.000,0.000
126,4.2042,0.000,0.000
127,4.2376,0.000,0.000
128,4.2709,0.000,0.000
129,4.3043,0.000,0.000
130,4.3377,0.000,0.000
131,4.3710,0.000,0.000
132,4.4044,0.000,0.000
133,4.4378,0.000,0.000
134,4.4711,0.000,0.000
135,4.5045,0.000,0.000
136,4.5379,0.000,0.000
137,4.5712,0.000,0.000
138,4.6046,0.000,0.000
139,4.6380,0.000,0.000
140,4.6713,0.000,0.000
141,4.7047,0.000,0.000
142,4.7381,0.000,0.000
143,4.7714,0.000,0.000
144,4.8048,0.000,0.000
145,4.8382,0.000,0.000
146,4.8715,0.000,0.000
147,4.9049,0.000,0.000
148,4.9383,0.000,0.000
149,4.9716,0.000,0.000
150,5.0050,0.000,0.000
151,5.0384,0.000,0.000
152,5.0717,0.000,0.000
153,5.1051,0.000,0.000
154,5.1385,0.000,0.000
155,5.1718,0.000,0.000
156,5.2052,0.000,0.000
157,5.2386,0.000,0.000
158,5.2719,0.000,0.000
159,5.3053,0.000,0.000
160,5.3387,0.000,0.000
161,5.3720,0.000,0.000
162,5.4054,0.000,0.000
163,5.4388,0.000,0.000
164,5.4721,0.000,0.000
165,5.5055,0.000,0.000
166,5.5389,0.000,0.000
167,5.5722,0.000,0.000
168,5.6056,0.000,0.000
169,5.6390,0.000,0.000
170,5.6723,0.000,0.000
171,5.7057,0.000,0.000
172,5.7391,0.000,0.000
173,5.7724,0.000,0.000
174,5.8058,0.000,0.000
175,5.8392,0.000,0.000
176,5.8725,0.000,0.000
177,5.9059,0.000,0.000
178,5.9393,7.493,0.250
179,5.9726,0.000,0.000
180,6.0060,0.000,0.000
181,6.0394,0.000,0.000
182,6.0727,0.000,0.000
183,6.1061,0.000,0.000
184,6.1395,0.000,0.000
185,6.1728,0.000,0.000
186,6.2062,0.000,0.000
187,6.2396,0.000,0.000
188,6.2729,0.000,0.000
189,6.3063,0.000,0.000
190,6.3397,0.000,0.000
191,6.3730,0.000,0.000
192,6.4064,0.000,0.000
193,6.4398,0.000,0.000
194,6.4731,0.000,0.000
195,6.5065,0.000,0.000
196,6.5399,0.000,0.000
197,6.5732,0.000,0.000
198,6.6066,0.000,0.000
199,6.6400,0.000,0.000
200,6.6733,0.000,0.000
201,6.7067,0.000,0.000
202,6.7401,0.000,0.000
203,6.7734,0.000,0.000
204,6.8068,0.000,0.000
205,6.8402,0.000,0.000
206,6.8735,0.000,0.000
207,6.9069,0.000,0.000
208,6.9403,0.000,0.000
209,6.9736,0.000,0.000
210,7.0070,0.000,0.000
211,7.0404,0.000,0.000
212,7.0737,0.000,0.000
213,7.1071,0.000,0.000
214,7.1405,0.000,0.000
215,7.1738,0.000,0.000
216,7.2072,0.000,0.000
217,7.2406,0.000,0.000
218,7.2739,0.000,0.000
219,7.3073,0.000,0.000
220,7.3407,0.000,0.000
221,7.3740,0.000,0.000
222,7.4074,0.000,0.000
223,7.4408,0.000,0.000
224,7.4741,0.000,0.000
225,7.5075,0.000,0.000
226,7.5409,0.000,0.000
227,7.5742,0.000,0.000
228,7.6076,0.000,0.000
229,7.6410,0.000,0.000
230,7.6743,0.000,0.000
231,7.7077,0.000,0.000
232,7.7411,0.000,0.000
233,7.7744,0.000,0.000
234,7.8078,0.000,0.000
235,7.8412,0.000,0.000
236,7.8745,0.000,0.000
237,7.9079,0.000,0.000
238,7.9413,0.000,0.000
239,7.9746,7.493,0.250
240,8.0080,0.000,0.000
241,8.0414,0.000,0.000
242,8.0747,0.000,0.000
243,8.1081,0.000,0.000
244,8.1415,0.000,0.000
245,8.1748,0.000,0.000
246,8.2082,0.000,0.000
247,8.2416,0.000,0.000
248,8.2749,0.000,0.000
249,8.3083,0.000,0.000
250,8.3417,0.000,0.000
251,8.3750,0.000,0.000
252,8.4084,0.000,0.000
253,8.4418,0.000,0.000
254,8.4751,0.000,0.000
255,8.5085,0.000,0.000
256,8.5419,0.000,0.000
257,8.5752,0.000,0.000
258,8.6086,0.000,0.000
259,8.6420,0.000,0.000
260,8.6753,0.000,0.000
261,8.7087,0.000,0.000
262,8.7421,0.000,0.000
263,8.7754,0.000,0.000
264,8.8088,0.000,0.000
265,8.8422,0.000,0.000
266,8.8755,0.000,0.000
267,8.9089,0.000,0.000
268,8.9423,0.000,0.000
269,8.9756,0.000,0.000
270,9.0090,0.000,0.000
271,9.0424,0.000,0.000
272,9.0757,0.000,0.000
273,9.1091,0.000,0.000
274,9.1425,0.000,0.000
275,9.1758,0.000,0.000
276,9.2092,0.000,0.000
277,9.2426,0.000,0.000
278,9.2759,0.000,0.000
279,9.3093,0.000,0.000
280,9.3427,0.000,0.000
281,9.3760,0.000,0.000
282,9.4094,0.000,0.000
283,9.4428,0.000,0.000
284,9.4761,0.000,0.000
285,9.5095,0.000,0.000
286,9.5429,0.000,0.000
287,9.5762,0.000,0.000
288,9.6096,7.493,0.250
289,9.6430,0.000,0.000
290,9.6763,7.493,0.250
291,9.7097,0.000,0.000
292,9.7431,0.000,0.000
293,9.7764,0.000,0.000
294,9.8098,0.000,0.000
295,9.8432,0.000,0.000
296,9.8765,0.000,0.000
297,9.9099,0.000,0.000
298,9.9433,0.000,0.000
299,9.9766,0.000,0.000
300,10.0100,0.000,0.000
301,10.0434,0.000,0.000
302,10.0767,0.000,0.000
303,10.1101,0.000,0.000
304,10.1435,0.000,0.000
305,10.1768,0.000,0.000
306,10.2102,0.000,0.000
307,10.2436,7.493,0.250
308,10.2769,0.000,0.000
309,10.3103,0.000,0.000
310,10.3437,0.000,0.000
311,10.3770,0.000,0.000
312,10.4104,0.000,0.000
313,10.4438,0.000,0.000
314,10.4771,0.000,0.000
315,10.5105,0.000,0.000
316,10.5439,0.000,0.000
317,10.5772,0.000,0.000
318,10.6106,0.000,0.000
319,10.6440,0.000,0.000
320,10.6773,0.000,0.000
321,10.7107,0.000,0.000
322,10.7441,0.000,0.000
323,10.7774,0.000,0.000
324,10.8108,0.000,0.000
325,10.8441,0.000,0.000
326,10.8775,0.000,0.000
327,10.9109,0.000,0.000
328,10.9442,0.000,0.000
329,10.9776,0.000,0.000
330,11.0110,7.493,0.250
331,11.0443,0.000,0.000
332,11.0777,0.000,0.000
333,11.1111,0.000,0.000
334,11.1444,0.000,0.000
335,11.1778,0.000,0.000
336,11.2112,0.000,0.000
337,11.2445,0.000,0.000
338,11.2779,0.000,0.000
339,11.3113,0.000,0.000
340,11.3446,0.000,0.000
341,11.3780,0.000,0.000
342,11.4114,0.000,0.000
343,11.4447,0.000,0.000
344,11.4781,0.000,0.000
345,11.5115,0.000,0.000
346,11.5448,7.493,0.250
347,11.5782,0.000,0.000
348,11.6116,0.000,0.000
349,11.6449,0.000,0.000
350,11.6783,0.000,0.000
351,11.7117,0.000,0.000
352,11.7450,0.000,0.000
353,11.7784,0.000,0.000
354,11.8118,0.000,0.000
355,11.8451,0.000,0.000
356,11.8785,0.000,0.000
357,11.9119,0.000,0.000
358,11.9452,0.000,0.000
359,11.9786,0.000,0.000
360,12.0120,0.000,0.000
361,12.0453,0.000,0.000
362,12.0787,0.000,0.000
363,12.1121,0.000,0.000
364,12.1454,0.000,0.000
365,12.1788,0.000,0.000
366,12.2122,0.000,0.000
367,12.2455,0.000,0.000
368,12.2789,0.000,0.000
369,12.3123,0.000,0.000
370,12.3456,0.000,0.000
371,12.3790,0.000,0.000
372,12.4124,0.000,0.000
373,12.4457,0.000,0.000
374,12.4791,0.000,0.000
375,12.5125,0.000,0.000
376,12.5458,0.000,0.000
377,12.5792,0.000,0.000
378,12.6126,0.000,0.000
379,12.6459,0.000,0.000
380,12.6793,0.000,0.000
381,12.7127,0.000,0.000
382,12.7460,0.000,0.000
383,12.7794,0.000,0.000
384,12.8128,0.000,0.000
385,12.8461,0.000,0.000
386,12.8795,0.000,0.000
387,12.9129,0.000,0.000
388,12.9462,0.000,0.000
389,12.9796,0.000,0.000
390,13.0130,0.000,0.000
391,13.0463,0.000,0.000
392,13.0797,7.493,0.250
393,13.1131,0.000,0.000
394,13.1464,7.493,0.250
395,13.1798,0.000,0.000
396,13.2132,0.000,0.000
397,13.2465,0.000,0.000
398,13.2799,0.000,0.000
399,13.3133,0.000,0.000
400,13.3466,0.000,0.000
401,13.3800,0.000,0.000
402,13.4134,0.000,0.000
403,13.4467,0.000,0.000
404,13.4801,0.000,0.000
405,13.5135,0.000,0.000
406,13.5468,0.000,0.000
407,13.5802,0.000,0.000
408,13.6136,0.000,0.000
409,13.6469,0.000,0.000
410,13.6803,0.000,0.000
411,13.7137,0.000,0.000
412,13.7470,0.000,0.000
413,13.7804,0.000,0.000
414,13.8138,0.000,0.000
415,13.8471,0.000,0.000
416,13.8805,0.000,0.000
417,13.9139,0.000,0.000
418,13.9472,0.000,0.000
419,13.9806,0.000,0.000
420,14.0140,0.000,0.000
421,14.0473,0.000,0.000
422,14.0807,0.000,0.000
423,14.1141,0.000,0.000
424,14.1474,0.000,0.000
425,14.1808,0.000,0.000
426,14.2142,7.493,0.250
427,14.2475,0.000,0.000
428,14.2809,0.000,0.000
429,14.3143,0.000,0.000
430,14.3476,0.000,0.000
431,14.3810,0.000,0.000
432,14.4144,0.000,0.000
433,14.4477,0.000,0.000
434,14.4811,0.000,0.000
435,14.5145,0.000,0.000
436,14.5478,0.000,0.000
437,14.5812,0.000,0.000
438,14.6146,0.000,0.000
439,14.6479,0.000,0.000
440,14.6813,0.000,0.000
441,14.7147,0.000,0.000
442,14.7480,0.000,0.000
443,14.7814,0.000,0.000
444,14.8148,7.493,0.250
445,14.8481,0.000,0.000
446,14.8815,0.000,0.000
447,14.9149,0.000,0.000
448,14.9482,0.000,0.000
449,14.9816,0.000,0.000
450,15.0150,0.000,0.000
451,15.0483,0.000,0.000
452,15.0817,0.000,0.000
453,15.1151,0.000,0.000
454,15.1484,0.000,0.000
455,15.1818,0.000,0.000
456,15.2152,0.000,0.000
457,15.2485,0.000,0.000
458,15.2819,0.000,0.000
459,15.3153,0.000,0.000
460,15.3486,0.000,0.000
461,15.3820,0.000,0.000
462,15.4154,0.000,0.000
463,15.4487,0.000,0.000
464,15.4821,0.000,0.000
465,15.5155,0.000,0.000
466,15.5488,0.000,0.000
467,15.5822,0.000,0.000
468,15.6156,0.000,0.000
469,15.6489,0.000,0.000
470,15.6823,0.000,0.000
471,15.7157,0.000,0.000
472,15.7490,0.000,0.000
473,15.7824,0.000,0.000
474,15.8158,0.000,0.000
475,15.8491,0.000,0.000
476,15.8825,0.000,0.000
477,15.9159,0.000,0.000
478,15.9492,7.493,0.250
479,15.9826,0.000,0.000
480,16.0160,0.000,0.000
481,16.0493,0.000,0.000
482,16.0827,0.000,0.000
483,16.1161,0.000,0.000
484,16.1494,0.000,0.000
485,16.1828,0.000,0.000
486,16.2162,0.000,0.000
487,16.2495,0.000,0.000
488,16.2829,0.000,0.000
489,16.3163,0.000,0.000
490,16.3496,0.000,0.000
491,16.3830,0.000,0.000
492,16.4164,0.000,0.000
493,16.4497,0.000,0.000
494,16.4831,0.000,0.000
495,16.5165,0.000,0.000
496,16.5498,0.000,0.000
497,16.5832,0.000,0.000
498,16.6166,0.000,0.000
499,16.6499,0.000,0.000
500,16.6833,0.000,0.000
501,16.7167,0.000,0.000
502,16.7500,0.000,0.000
503,16.7834,0.000,0.000
504,16.8168,0.000,0.000
505,16.8501,0.000,0.000
506,16.8835,0.000,0.000
507,16.9169,0.000,0.000
508,16.9502,0.000,0.000
509,16.9836,0.000,0.000
510,17.0170,0.000,0.000
511,17.0503,0.000,0.000
512,17.0837,0.000,0.000
513,17.1171,0.000,0.000
514,17.1504,0.000,0.000
515,17.1838,0.000,0.000
516,17.2172,0.000,0.000
517,17.2505,0.000,0.000
518,17.2839,0.000,0.000
519,17.3173,0.000,0.000
520,17.3506,0.000,0.000
521,17.3840,0.000,0.000
522,17.4174,0.000,0.000
523,17.4507,0.000,0.000
524,17.4841,0.000,0.000
525,17.5175,0.000,0.000
526,17.5508,0.000,0.000
527,17.5842,0.000,0.000
528,17.6176,0.000,0.000
529,17.6509,0.000,0.000
530,17.6843,0.000,0.000
531,17.7177,0.000,0.000
532,17.7510,0.000,0.000
533,17.7844,0.000,0.000
534,17.8178,7.493,0.250
535,17.8511,0.000,0.000
536,17.8845,0.000,0.000
537,17.9179,0.000,0.000
538,17.9512,0.000,0.000
539,17.9846,0.000,0.000
540,18.0180,0.000,0.000
541,18.0513,0.000,0.000
542,18.0847,0.000,0.000
543,18.1181,0.000,0.000
544,18.1514,0.000,0.000
545,18.1848,0.000,0.000
546,18.2182,0.000,0.000
547,18.2515,0.000,0.000
548,18.2849,0.000,0.000
549,18.3183,0.000,0.000
550,18.3516,0.000,0.000
551,18.3850,0.000,0.000
552,18.4184,0.000,0.000
553,18.4517,0.000,0.000
554,18.4851,0.000,0.000
555,18.5185,0.000,0.000
556,18.5518,0.000,0.000
557,18.5852,0.000,0.000
558,18.6186,0.000,0.000
559,18.6519,0.000,0.000
560,18.6853,0.000,0.000
561,18.7187,0.000,0.000
562,18.7520,0.000,0.000
563,18.7854,0.000,0.000
564,18.8188,0.000,0.000
565,18.8521,0.000,0.000
566,18.8855,0.000,0.000
567,18.9189,0.000,0.000
568,18.9522,0.000,0.000
569,18.9856,0.000,0.000
570,19.0190,0.000,0.000
571,19.0523,0.000,0.000
572,19.0857,0.000,0.000
573,19.1191,0.000,0.000
574,19.1524,0.000,0.000
575,19.1858,0.000,0.000
576,19.2192,0.000,0.000
577,19.2525,0.000,0.000
578,19.2859,0.000,0.000
579,19.3193,0.000,0.000
580,19.3526,0.000,0.000
581,19.3860,0.000,0.000
582,19.4194,0.000,0.000
583,19.4527,0.000,0.000
584,19.4861,0.000,0.000
585,19.5195,0.000,0.000
586,19.5528,0.000,0.000
587,19.5862,0.000,0.000
588,19.6196,0.000,0.000
589,19.6529,0.000,0.000
590,19.6863,0.000,0.000
591,19.7197,0.000,0.000
592,19.7530,0.000,0.000
593,19.7864,0.000,0.000
594,19.8198,0.000,0.000
595,19.8531,0.000,0.000
596,19.8865,0.000,0.000
597,19.9199,0.000,0.000
598,19.9532,0.000,0.000
599,19.9866,0.000,0.000
600,20.0200,0.000,0.000
601,20.0533,0.000,0.000
602,20.0867,0.000,0.000
603,20.1201,0.000,0.000
604,20.1534,0.000,0.000
605,20.1868,0.000,0.000
606,20.2202,0.000,0.000
607,20.2535,0.000,0.000
608,20.2869,0.000,0.000
609,20.3203,0.000,0.000
610,20.3536,0.000,0.000
611,20.3870,0.000,0.000
612,20.4204,0.000,0.000
613,20.4537,0.000,0.000
614,20.4871,0.000,0.000
615,20.5205,0.000,0.000
616,20.5538,0.000,0.000
617,20.5872,0.000,0.000
618,20.6206,0.000,0.000
619,20.6539,0.000,0.000
620,20.6873,0.000,0.000
621,20.7207,0.000,0.000
622,20.7540,0.000,0.000
623,20.7874,0.000,0.000
624,20.8208,0.000,0.000
625,20.8541,0.000,0.000
626,20.8875,0.000,0.000
627,20.9209,0.000,0.000
628,20.9542,0.000,0.000
629,20.9876,0.000,0.000
630,21.0210,0.000,0.000
631,21.0543,0.000,0.000
632,21.0877,0.000,0.000
633,21.1211,0.000,0.000
634,21.1544,0.000,0.000
635,21.1878,0.000,0.000
636,21.2212,0.000,0.000
637,21.2545,0.000,0.000
638,21.2879,0.000,0.000
639,21.3213,0.000,0.000
640,21.3546,0.000,0.000
641,21.3880,0.000,0.000
642,21.4214,0.000,0.000
643,21.4547,0.000,0.000
644,21.4881,0.000,0.000
645,21.5215,0.000,0.000
646,21.5548,0.000,0.000
647,21.5882,0.000,0.000
648,21.6216,0.000,0.000
649,21.6549,0.000,0.000
650,21.6883,0.000,0.000
651,21.7217,0.000,0.000
652,21.7550,0.000,0.000
653,21.7884,0.000,0.000
654,21.8218,0.000,0.000
655,21.8551,0.000,0.000
656,21.8885,0.000,0.000
657,21.9219,7.493,0.250
658,21.9552,0.000,0.000
659,21.9886,0.000,0.000
660,22.0220,0.000,0.000
661,22.0553,7.493,0.250
662,22.0887,0.000,0.000
663,22.1221,0.000,0.000
664,22.1554,0.000,0.000
665,22.1888,0.000,0.000
666,22.2222,0.000,0.000
667,22.2555,0.000,0.000
668,22.2889,0.000,0.000
669,22.3223,0.000,0.000
670,22.3556,0.000,0.000
671,22.3890,0.000,0.000
672,22.4224,0.000,0.000
673,22.4557,0.000,0.000
674,22.4891,0.000,0.000
675,22.5225,0.000,0.000
676,22.5558,0.000,0.000
677,22.5892,0.000,0.000
678,22.6226,0.000,0.000
679,22.6559,0.000,0.000
680,22.6893,0.000,0.000
681,22.7227,0.000,0.000
682,22.7560,0.000,0.000
683,22.7894,0.000,0.000
684,22.8228,0.000,0.000
685,22.8561,0.000,0.000
686,22.8895,0.000,0.000
687,22.9229,0.000,0.000
688,22.9562,0.000,0.000
689,22.9896,0.000,0.000
690,23.0230,0.000,0.000
691,23.0563,0.000,0.000
692,23.0897,0.000,0.000
693,23.1231,0.000,0.000
694,23.1564,0.000,0.000
695,23.1898,0.000,0.000
696,23.2232,0.000,0.000
697,23.2565,0.000,0.000
698,23.2899,0.000,0.000
699,23.3233,0.000,0.000
700,23.3566,0.000,0.000
701,23.3900,0.000,0.000
702,23.4234,0.000,0.000
703,23.4567,0.000,0.000
704,23.4901,0.000,0.000
705,23.5235,0.000,0.000
706,23.5568,0.000,0.000
707,23.5902,0.000,0.000
708,23.6236,0.000,0.000
709,23.6569,0.000,0.000
710,23.6903,0.000,0.000
711,23.7237,0.000,0.000
712,23.7570,0.000,0.000
713,23.7904,0.000,0.000
714,23.8238,0.000,0.000
715,23.8571,0.000,0.000
716,23.8905,0.000,0.000
717,23.9239,0.000,0.000
718,23.9572,0.000,0.000
719,23.9906,0.000,0.000
720,24.0240,0.000,0.000
721,24.0573,0.000,0.000
722,24.0907,0.000,0.000
723,24.1241,0.000,0.000
724,24.1574,0.000,0.000
725,24.1908,0.000,0.000
726,24.2242,0.000,0.000
727,24.2575,0.000,0.000
728,24.2909,0.000,0.000
729,24.3243,0.000,0.000
730,24.3576,0.000,0.000
731,24.3910,0.000,0.000
732,24.4244,0.000,0.000
733,24.4577,0.000,0.000
734,24.4911,0.000,0.000
735,24.5245,0.000,0.000
736,24.5578,0.000,0.000
737,24.5912,0.000,0.000
738,24.6246,0.000,0.000
739,24.6579,0.000,0.000
740,24.6913,0.000,0.000
741,24.7247,0.000,0.000
742,24.7580,0.000,0.000
743,24.7914,0.000,0.000
744,24.8248,0.000,0.000
745,24.8581,0.000,0.000
746,24.8915,0.000,0.000
747,24.9249,0.000,0.000
748,24.9582,0.000,0.000
749,24.9916,0.000,0.000
750,25.0250,0.000,0.000
751,25.0583,7.493,0.250
752,25.0917,0.000,0.000
753,25.1251,0.000,0.000
754,25.1584,0.000,0.000
755,25.1918,0.000,0.000
756,25.2252,0.000,0.000
757,25.2585,0.000,0.000
758,25.2919,0.000,0.000
759,25.3253,0.000,0.000
760,25.3586,0.000,0.000
761,25.3920,0.000,0.000
762,25.4254,0.000,0.000
763,25.4587,0.000,0.000
764,25.4921,0.000,0.000
765,25.5255,0.000,0.000
766,25.5588,0.000,0.000
767,25.5922,0.000,0.000
768,25.6256,0.000,0.000
769,25.6589,0.000,0.000
770,25.6923,0.000,0.000
771,25.7257,0.000,0.000
772,25.7590,0.000,0.000
773,25.7924,0.000,0.000
774,25.8258,0.000,0.000
775,25.8591,0.000,0.000
776,25.8925,7.493,0.250
777,25.9259,7.493,0.250
778,25.9592,0.000,0.000
779,25.9926,0.000,0.000
780,26.0260,0.000,0.000
781,26.0593,0.000,0.000
782,26.0927,0.000,0.000
783,26.1261,0.000,0.000
784,26.1594,0.000,0.000
785,26.1928,0.000,0.000
786,26.2262,0.000,0.000
787,26.2595,0.000,0.000
788,26.2929,0.000,0.000
789,26.3263,0.000,0.000
790,26.3596,0.000,0.000
791,26.3930,0.000,0.000
792,26.4264,0.000,0.000
793,26.4597,0.000,0.000
794,26.4931,0.000,0.000
795,26.5265,0.000,0.000
796,26.5598,7.493,0.250
797,26.5932,0.000,0.000
798,26.6266,0.000,0.000
799,26.6599,0.000,0.000
800,26.6933,0.000,0.000
801,26.7267,0.000,0.000
802,26.7600,0.000,0.000
803,26.7934,0.000,0.000
804,26.8268,0.000,0.000
805,26.8601,0.000,0.000
806,26.8935,0.000,0.000
807,26.9269,0.000,0.000
808,26.9602,0.000,0.000
809,26.9936,7.493,0.250
810,27.0270,0.000,0.000
811,27.0603,0.000,0.000
812,27.0937,0.000,0.000
813,27.1271,0.000,0.000
814,27.1604,0.000,0.000
815,27.1938,0.000,0.000
816,27.2272,0.000,0.000
817,27.2605,0.000,0.000
818,27.2939,0.000,0.000
819,27.3273,0.000,0.000
820,27.3606,0.000,0.000
821,27.3940,0.000,0.000
822,27.4274,0.000,0.000
823,27.4607,0.000,0.000
824,27.4941,0.000,0.000
825,27.5275,0.000,0.000
826,27.5608,0.000,0.000
827,27.5942,0.000,0.000
828,27.6276,0.000,0.000
829,27.6609,0.000,0.000
830,27.6943,0.000,0.000
831,27.7277,0.000,0.000
832,27.7610,0.000,0.000
833,27.7944,0.000,0.000
834,27.8278,0.000,0.000
835,27.8611,0.000,0.000
836,27.8945,0.000,0.000
837,27.9279,7.493,0.250
838,27.9612,0.000,0.000
839,27.9946,0.000,0.000
840,28.0280,0.000,0.000
841,28.0613,0.000,0.000
842,28.0947,0.000,0.000
843,28.1281,0.000,0.000
844,28.1614,0.000,0.000
845,28.1948,0.000,0.000
846,28.2282,0.000,0.000
847,28.2615,0.000,0.000
848,28.2949,0.000,0.000
849,28.3283,0.000,0.000
850,28.3616,0.000,0.000
851,28.3950,0.000,0.000
852,28.4284,0.000,0.000
853,28.4617,0.000,0.000
854,28.4951,0.000,0.000
855,28.5285,0.000,0.000
856,28.5618,0.000,0.000
857,28.5952,0.000,0.000
858,28.6286,0.000,0.000
859,28.6619,0.000,0.000
860,28.6953,0.000,0.000
861,28.7287,0.000,0.000
862,28.7620,0.000,0.000
863,28.7954,0.000,0.000
864,28.8288,0.000,0.000
865,28.8621,0.000,0.000
866,28.8955,0.000,0.000
867,28.9289,0.000,0.000
868,28.9622,0.000,0.000
869,28.9956,7.493,0.250
870,29.0290,0.000,0.000
871,29.0623,0.000,0.000
872,29.0957,0.000,0.000
873,29.1291,0.000,0.000
874,29.1624,0.000,0.000
875,29.1958,0.000,0.000
876,29.2292,0.000,0.000
877,29.2625,0.000,0.000
878,29.2959,0.000,0.000
879,29.3293,0.000,0.000
880,29.3626,0.000,0.000
881,29.3960,0.000,0.000
882,29.4294,0.000,0.000
883,29.4627,0.000,0.000
884,29.4961,0.000,0.000
885,29.5295,0.000,0.000
886,29.5628,0.000,0.000
887,29.5962,0.000,0.000
888,29.6296,0.000,0.000
889,29.6629,0.000,0.000
890,29.6963,0.000,0.000
891,29.7297,0.000,0.000
892,29.7630,0.000,0.000
893,29.7964,0.000,0.000
894,29.8298,0.000,0.000
895,29.8631,0.000,0.000
896,29.8965,0.000,0.000
897,29.9299,0.000,0.000
898,29.9632,0.000,0.000
899,29.9966,0.000,0.000
900,30.0300,0.000,0.000
901,30.0633,0.000,0.000
902,30.0967,0.000,0.000
903,30.1301,0.000,0.000
904,30.1634,0.000,0.000
905,30.1968,0.000,0.000
906,30.2302,0.000,0.000
907,30.2635,0.000,0.000
908,30.2969,0.000,0.000
909,30.3303,0.000,0.000
910,30.3636,0.000,0.000
911,30.3970,0.000,0.000
912,30.4304,0.000,0.000
913,30.4637,0.000,0.000
914,30.4971,0.000,0.000
915,30.5305,0.000,0.000
916,30.5638,0.000,0.000
917,30.5972,0.000,0.000
918,30.6306,0.000,0.000
919,30.6639,0.000,0.000
920,30.6973,0.000,0.000
921,30.7307,0.000,0.000
922,30.7640,0.000,0.000
923,30.7974,0.000,0.000
924,30.8308,0.000,0.000
925,30.8641,0.000,0.000
926,30.8975,0.000,0.000
927,30.9309,0.000,0.000
928,30.9642,0.000,0.000
929,30.9976,0.000,0.000
930,31.0310,7.493,0.250
931,31.0643,0.000,0.000
932,31.0977,0.000,0.000
933,31.1311,0.000,0.000
934,31.1644,0.000,0.000
935,31.1978,0.000,0.000
936,31.2312,0.000,0.000
937,31.2645,0.000,0.000
938,31.2979,0.000,0.000
939,31.3313,0.000,0.000
940,31.3646,0.000,0.000
941,31.3980,0.000,0.000
942,31.4314,0.000,0.000
943,31.4647,0.000,0.000
944,31.4981,0.000,0.000
945,31.5315,0.000,0.000
946,31.5648,0.000,0.000
947,31.5982,0.000,0.000
948,31.6316,0.000,0.000
949,31.6649,0.000,0.000
950,31.6983,0.000,0.000
951,31.7317,0.000,0.000
952,31.7650,0.000,0.000
953,31.7984,0.000,0.000
954,31.8318,0.000,0.000
955,31.8651,0.000,0.000
956,31.8985,0.000,0.000
957,31.9319,0.000,0.000
958,31.9652,0.000,0.000
959,31.9986,0.000,0.000
960,32.0320,0.000,0.000
961,32.0653,0.000,0.000
962,32.0987,0.000,0.000
963,32.1321,0.000,0.000
964,32.1654,0.000,0.000
965,32.1988,0.000,0.000
966,32.2322,0.000,0.000
967,32.2655,0.000,0.000
968,32.2989,0.000,0.000
969,32.3323,0.000,0.000
970,32.3656,0.000,0.000
971,32.3990,0.000,0.000
972,32.4324,7.493,0.250
973,32.4657,7.493,0.250
974,32.4991,0.000,0.000
975,32.5324,0.000,0.000
976,32.5658,0.000,0.000
977,32.5992,0.000,0.000
978,32.6325,0.000,0.000
979,32.6659,0.000,0.000
980,32.6993,0.000,0.000
981,32.7326,0.000,0.000
982,32.7660,0.000,0.000
983,32.7994,0.000,0.000
984,32.8327,0.000,0.000
985,32.8661,0.000,0.000
986,32.8995,0.000,0.000
987,32.9328,0.000,0.000
988,32.9662,0.000,0.000
989,32.9996,0.000,0.000
990,33.0329,0.000,0.000
991,33.0663,0.000,0.000
992,33.0997,0.000,0.000
993,33.1330,0.000,0.000
994,33.1664,0.000,0.000
995,33.1998,0.000,0.000
996,33.2331,0.000,0.000
997,33.2665,0.000,0.000
998,33.2999,0.000,0.000
999,33.3332,0.000,0.000
1000,33.3666,0.000,0.000
1001,33.4000,0.000,0.000
1002,33.4333,0.000,0.000
1003,33.4667,0.000,0.000
1004,33.5001,0.000,0.000
1005,33.5334,0.000,0.000
1006,33.5668,0.000,0.000
1007,33.6002,0.000,0.000
1008,33.6335,0.000,0.000
1009,33.6669,0.000,0.000
1010,33.7003,0.000,0.000
1011,33.7336,0.000,0.000
1012,33.7670,0.000,0.000
1013,33.8004,0.000,0.000
1014,33.8337,0.000,0.000
1015,33.8671,0.000,0.000
1016,33.9005,0.000,0.000
1017,33.9338,0.000,0.000
1018,33.9672,0.000,0.000
1019,34.0006,0.000,0.000
1020,34.0339,0.000,0.000
1021,34.0673,0.000,0.000
1022,34.1007,0.000,0.000
1023,34.1340,0.000,0.000
1024,34.1674,0.000,0.000
1025,34.2008,0.000,0.000
1026,34.2341,0.000,0.000
1027,34.2675,0.000,0.000
1028,34.3009,0.000,0.000
1029,34.3342,0.000,0.000
1030,34.3676,0.000,0.000
1031,34.4010,0.000,0.000
1032,34.4343,0.000,0.000
1033,34.4677,0.000,0.000
1034,34.5011,0.000,0.000
1035,34.5344,0.000,0.000
1036,34.5678,0.000,0.000
1037,34.6012,0.000,0.000
1038,34.6345,0.000,0.000
1039,34.6679,0.000,0.000
1040,34.7013,0.000,0.000
1041,34.7346,0.000,0.000
1042,34.7680,0.000,0.000
1043,34.8014,7.493,0.250
1044,34.8347,0.000,0.000
1045,34.8681,0.000,0.000
1046,34.9015,0.000,0.000
1047,34.9348,0.000,0.000
1048,34.9682,0.000,0.000
1049,35.0016,0.000,0.000
1050,35.0349,0.000,0.000
1051,35.0683,7.493,0.250
1052,35.1017,0.000,0.000
1053,35.1350,0.000,0.000
1054,35.1684,0.000,0.000
1055,35.2018,0.000,0.000
1056,35.2351,0.000,0.000
1057,35.2685,0.000,0.000
1058,35.3019,0.000,0.000
1059,35.3352,0.000,0.000
1060,35.3686,0.000,0.000
1061,35.4020,0.000,0.000
1062,35.4353,0.000,0.000
1063,35.4687,0.000,0.000
1064,35.5021,0.000,0.000
1065,35.5354,0.000,0.000
1066,35.5688,0.000,0.000
1067,35.6022,0.000,0.000
1068,35.6355,0.000,0.000
1069,35.6689,0.000,0.000
1070,35.7023,0.000,0.000
1071,35.7356,0.000,0.000
1072,35.7690,0.000,0.000
1073,35.8024,0.000,0.000
1074,35.8357,0.000,0.000
1075,35.8691,0.000,0.000
1076,35.9025,0.000,0.000
1077,35.9358,0.000,0.000
1078,35.9692,7.493,0.250
1079,36.0026,0.000,0.000
1080,36.0359,0.000,0.000
1081,36.0693,0.000,0.000
1082,36.1027,0.000,0.000
1083,36.1360,0.000,0.000
1084,36.1694,0.000,0.000
1085,36.2028,0.000,0.000
1086,36.2361,0.000,0.000
1087,36.2695,0.000,0.000
1088,36.3029,0.000,0.000
1089,36.3362,0.000,0.000
1090,36.3696,0.000,0.000
1091,36.4030,0.000,0.000
1092,36.4363,0.000,0.000
1093,36.4697,0.000,0.000
1094,36.5031,0.000,0.000
1095,36.5364,0.000,0.000
1096,36.5698,0.000,0.000
1097,36.6032,0.000,0.000
1098,36.6365,0.000,0.000
1099,36.6699,0.000,0.000
1100,36.7033,0.000,0.000
1101,36.7366,0.000,0.000
1102,36.7700,0.000,0.000
1103,36.8034,0.000,0.000
1104,36.8367,0.000,0.000
1105,36.8701,0.000,0.000
1106,36.9035,7.493,0.250
1107,36.9368,0.000,0.000
1108,36.9702,0.000,0.000
1109,37.0036,0.000,0.000
1110,37.0369,0.000,0.000
1111,37.0703,0.000,0.000
1112,37.1037,0.000,0.000
1113,37.1370,0.000,0.000
1114,37.1704,0.000,0.000
1115,37.2038,0.000,0.000
1116,37.2371,0.000,0.000
1117,37.2705,0.000,0.000
1118,37.3039,0.000,0.000
1119,37.3372,0.000,0.000
1120,37.3706,0.000,0.000
1121,37.4040,0.000,0.000
1122,37.4373,0.000,0.000
1123,37.4707,0.000,0.000
1124,37.5041,0.000,0.000
1125,37.5374,0.000,0.000
1126,37.5708,0.000,0.000
1127,37.6042,0.000,0.000
1128,37.6375,0.000,0.000
1129,37.6709,0.000,0.000
1130,37.7043,0.000,0.000
1131,37.7376,0.000,0.000
1132,37.7710,0.000,0.000
1133,37.8044,0.000,0.000
1134,37.8377,0.000,0.000
1135,37.8711,0.000,0.000
1136,37.9045,0.000,0.000
1137,37.9378,0.000,0.000
1138,37.9712,0.000,0.000
1139,38.0046,0.000,0.000
1140,38.0379,0.000,0.000
1141,38.0713,0.000,0.000
1142,38.1047,0.000,0.000
1143,38.1380,0.000,0.000
1144,38.1714,0.000,0.000
1145,38.2048,0.000,0.000
1146,38.2381,0.000,0.000
1147,38.2715,0.000,0.000
1148,38.3049,0.000,0.000
1149,38.3382,0.000,0.000
1150,38.3716,0.000,0.000
1151,38.4050,0.000,0.000
1152,38.4383,0.000,0.000
1153,38.4717,0.000,0.000
1154,38.5051,0.000,0.000
1155,38.5384,0.000,0.000
1156,38.5718,0.000,0.000
1157,38.6052,0.000,0.000
1158,38.6385,0.000,0.000
1159,38.6719,0.000,0.000
1160,38.7053,0.000,0.000
1161,38.7386,0.000,0.000
1162,38.7720,0.000,0.000
1163,38.8054,0.000,0.000
1164,38.8387,0.000,0.000
1165,38.8721,0.000,0.000
1166,38.9055,0.000,0.000
1167,38.9388,0.000,0.000
1168,38.9722,0.000,0.000
1169,39.0056,0.000,0.000
1170,39.0389,7.493,0.250
1171,39.0723,0.000,0.000
1172,39.1057,0.000,0.000
1173,39.1390,0.000,0.000
1174,39.1724,0.000,0.000
1175,39.2058,0.000,0.000
1176,39.2391,0.000,0.000
1177,39.2725,0.000,0.000
1178,39.3059,0.000,0.000
1179,39.3392,0.000,0.000
1180,39.3726,0.000,0.000
1181,39.4060,0.000,0.000
1182,39.4393,0.000,0.000
1183,39.4727,0.000,0.000
1184,39.5061,0.000,0.000
1185,39.5394,0.000,0.000
1186,39.5728,0.000,0.000
1187,39.6062,0.000,0.000
1188,39.6395,0.000,0.000
1189,39.6729,0.000,0.000
1190,39.7063,0.000,0.000
1191,39.7396,0.000,0.000
1192,39.7730,0.000,0.000
1193,39.8064,0.000,0.000
1194,39.8397,0.000,0.000
1195,39.8731,0.000,0.000
1196,39.9065,0.000,0.000
1197,39.9398,0.000,0.000
1198,39.9732,0.000,0.000
1199,40.0066,0.000,0.000
1200,40.0399,0.000,0.000
1201,40.0733,0.000,0.000
1202,40.1067,0.000,0.000
1203,40.1400,0.000,0.000
1204,40.1734,0.000,0.000
1205,40.2068,0.000,0.000
1206,40.2401,0.000,0.000
1207,40.2735,0.000,0.000
1208,40.3069,0.000,0.000
1209,40.3402,0.000,0.000
1210,40.3736,0.000,0.000
1211,40.4070,0.000,0.000
1212,40.4403,0.000,0.000
1213,40.4737,0.000,0.000
1214,40.5071,0.000,0.000
1215,40.5404,0.000,0.000
1216,40.5738,0.000,0.000
1217,40.6072,0.000,0.000
1218,40.6405,0.000,0.000
1219,40.6739,0.000,0.000
1220,40.7073,0.000,0.000
1221,40.7406,0.000,0.000
1222,40.7740,0.000,0.000
1223,40.8074,0.000,0.000
1224,40.8407,0.000,0.000
1225,40.8741,0.000,0.000
1226,40.9075,0.000,0.000
1227,40.9408,0.000,0.000
1228,40.9742,0.000,0.000
1229,41.0076,0.000,0.000
1230,41.0409,0.000,0.000
1231,41.0743,7.493,0.250
1232,41.1077,0.000,0.000
1233,41.1410,0.000,0.000
1234,41.1744,0.000,0.000
1235,41.2078,0.000,0.000
1236,41.2411,0.000,0.000
1237,41.2745,0.000,0.000
1238,41.3079,0.000,0.000
1239,41.3412,0.000,0.000
1240,41.3746,0.000,0.000
1241,41.4080,0.000,0.000
1242,41.4413,0.000,0.000
1243,41.4747,0.000,0.000
1244,41.5081,0.000,0.000
1245,41.5414,0.000,0.000
1246,41.5748,0.000,0.000
1247,41.6082,0.000,0.000
1248,41.6415,0.000,0.000
1249,41.6749,0.000,0.000
1250,41.7083,0.000,0.000
1251,41.7416,0.000,0.000
1252,41.7750,0.000,0.000
1253,41.8084,0.000,0.000
1254,41.8417,0.000,0.000
1255,41.8751,0.000,0.000
1256,41.9085,0.000,0.000
1257,41.9418,0.000,0.000
1258,41.9752,0.000,0.000
1259,42.0086,0.000,0.000
1260,42.0419,0.000,0.000
1261,42.0753,0.000,0.000
1262,42.1087,0.000,0.000
1263,42.1420,0.000,0.000
1264,42.1754,0.000,0.000
1265,42.2088,0.000,0.000
1266,42.2421,0.000,0.000
1267,42.2755,0.000,0.000
1268,42.3089,0.000,0.000
1269,42.3422,0.000,0.000
1270,42.3756,0.000,0.000
1271,42.4090,0.000,0.000
1272,42.4423,0.000,0.000
1273,42.4757,0.000,0.000
1274,42.5091,0.000,0.000
1275,42.5424,0.000,0.000
1276,42.5758,0.000,0.000
1277,42.6092,0.000,0.000
1278,42.6425,0.000,0.000
1279,42.6759,0.000,0.000
1280,42.7093,0.000,0.000
1281,42.7426,0.000,0.000
1282,42.7760,0.000,0.000
1283,42.8094,0.000,0.000
1284,42.8427,0.000,0.000
1285,42.8761,0.000,0.000
1286,42.9095,0.000,0.000
1287,42.9428,0.000,0.000
1288,42.9762,0.000,0.000
1289,43.0096,0.000,0.000
1290,43.0429,7.493,0.250
1291,43.0763,0.000,0.000
1292,43.1097,0.000,0.000
1293,43.1430,0.000,0.000
1294,43.1764,0.000,0.000
1295,43.2098,0.000,0.000
1296,43.2431,0.000,0.000
1297,43.2765,0.000,0.000
1298,43.3099,0.000,0.000
1299,43.3432,0.000,0.000
1300,43.3766,0.000,0.000
1301,43.4100,0.000,0.000
1302,43.4433,0.000,0.000
1303,43.4767,0.000,0.000
1304,43.5101,0.000,0.000
1305,43.5434,0.000,0.000
1306,43.5768,0.000,0.000
1307,43.6102,0.000,0.000
1308,43.6435,0.000,0.000
1309,43.6769,0.000,0.000
1310,43.7103,0.000,0.000
1311,43.7436,0.000,0.000
1312,43.7770,0.000,0.000
1313,43.8104,0.000,0.000
1314,43.8437,0.000,0.000
1315,43.8771,0.000,0.000
1316,43.9105,0.000,0.000
1317,43.9438,0.000,0.000
1318,43.9772,0.000,0.000
1319,44.0106,0.000,0.000
1320,44.0439,0.000,0.000
1321,44.0773,0.000,0.000
1322,44.1107,0.000,0.000
1323,44.1440,0.000,0.000
1324,44.1774,0.000,0.000
1325,44.2108,0.000,0.000
1326,44.2441,0.000,0.000
1327,44.2775,0.000,0.000
1328,44.3109,0.000,0.000
1329,44.3442,0.000,0.000
1330,44.3776,0.000,0.000
1331,44.4110,0.000,0.000
1332,44.4443,0.000,0.000
1333,44.4777,0.000,0.000
1334,44.5111,0.000,0.000
1335,44.5444,0.000,0.000
1336,44.5778,0.000,0.000
1337,44.6112,0.000,0.000
1338,44.6445,0.000,0.000
1339,44.6779,0.000,0.000
1340,44.7113,0.000,0.000
1341,44.7446,0.000,0.000
1342,44.7780,0.000,0.000
1343,44.8114,0.000,0.000
1344,44.8447,0.000,0.000
1345,44.8781,0.000,0.000
1346,44.9115,0.000,0.000
1347,44.9448,0.000,0.000
1348,44.9782,0.000,0.000
1349,45.0116,0.000,0.000
1350,45.0449,0.000,0.000
1351,45.0783,0.000,0.000
1352,45.1117,0.000,0.000
1353,45.1450,0.000,0.000
1354,45.1784,0.000,0.000
1355,45.2118,0.000,0.000
1356,45.2451,0.000,0.000
1357,45.2785,0.000,0.000
1358,45.3119,0.000,0.000
1359,45.3452,0.000,0.000
1360,45.3786,0.000,0.000
1361,45.4120,0.000,0.000
1362,45.4453,0.000,0.000
1363,45.4787,0.000,0.000
1364,45.5121,0.000,0.000
1365,45.5454,0.000,0.000
1366,45.5788,0.000,0.000
1367,45.6122,0.000,0.000
1368,45.6455,0.000,0.000
1369,45.6789,7.493,0.250
1370,45.7123,0.000,0.000
1371,45.7456,0.000,0.000
1372,45.7790,0.000,0.000
1373,45.8124,0.000,0.000
1374,45.8457,0.000,0.000
1375,45.8791,0.000,0.000
1376,45.9125,0.000,0.000
1377,45.9458,0.000,0.000
1378,45.9792,0.000,0.000
1379,46.0126,0.000,0.000
1380,46.0459,7.493,0.250
1381,46.0793,0.000,0.000
1382,46.1127,0.000,0.000
1383,46.1460,7.493,0.250
1384,46.1794,0.000,0.000
1385,46.2128,0.000,0.000
1386,46.2461,0.000,0.000
1387,46.2795,0.000,0.000
1388,46.3129,0.000,0.000
1389,46.3462,0.000,0.000
1390,46.3796,0.000,0.000
1391,46.4130,0.000,0.000
1392,46.4463,0.000,0.000
1393,46.4797,7.493,0.250
1394,46.5131,0.000,0.000
1395,46.5464,0.000,0.000
1396,46.5798,7.493,0.250
1397,46.6132,0.000,0.000
1398,46.6465,0.000,0.000
1399,46.6799,0.000,0.000
1400,46.7133,0.000,0.000
1401,46.7466,0.000,0.000
1402,46.7800,0.000,0.000
1403,46.8134,0.000,0.000
1404,46.8467,0.000,0.000
1405,46.8801,0.000,0.000
1406,46.9135,0.000,0.000
1407,46.9468,0.000,0.000
1408,46.9802,0.000,0.000
1409,47.0136,0.000,0.000
1410,47.0469,0.000,0.000
1411,47.0803,7.493,0.250
1412,47.1137,0.000,0.000
1413,47.1470,0.000,0.000
1414,47.1804,0.000,0.000
1415,47.2138,7.493,0.250
1416,47.2471,0.000,0.000
1417,47.2805,0.000,0.000
1418,47.3139,0.000,0.000
1419,47.3472,0.000,0.000
1420,47.3806,0.000,0.000
1421,47.4140,0.000,0.000
1422,47.4473,0.000,0.000
1423,47.4807,0.000,0.000
1424,47.5141,0.000,0.000
1425,47.5474,0.000,0.000
1426,47.5808,0.000,0.000
1427,47.6142,0.000,0.000
1428,47.6475,0.000,0.000
1429,47.6809,0.000,0.000
1430,47.7143,0.000,0.000
1431,47.7476,0.000,0.000
1432,47.7810,0.000,0.000
1433,47.8144,0.000,0.000
1434,47.8477,0.000,0.000
1435,47.8811,0.000,0.000
1436,47.9145,0.000,0.000
1437,47.9478,0.000,0.000
1438,47.9812,0.000,0.000
1439,48.0146,0.000,0.000
1440,48.0479,0.000,0.000
1441,48.0813,0.000,0.000
1442,48.1147,0.000,0.000
1443,48.1480,0.000,0.000
1444,48.1814,0.000,0.000
1445,48.2148,0.000,0.000
1446,48.2481,0.000,0.000
1447,48.2815,0.000,0.000
1448,48.3149,0.000,0.000
1449,48.3482,0.000,0.000
1450,48.3816,0.000,0.000
1451,48.4150,0.000,0.000
1452,48.4483,0.000,0.000
1453,48.4817,0.000,0.000
1454,48.5151,0.000,0.000
1455,48.5484,0.000,0.000
1456,48.5818,0.000,0.000
1457,48.6152,0.000,0.000
1458,48.6485,0.000,0.000
1459,48.6819,0.000,0.000
1460,48.7153,0.000,0.000
1461,48.7486,0.000,0.000
1462,48.7820,0.000,0.000
1463,48.8154,0.000,0.000
1464,48.8487,0.000,0.000
1465,48.8821,0.000,0.000
1466,48.9155,0.000,0.000
1467,48.9488,0.000,0.000
1468,48.9822,0.000,0.000
1469,49.0156,0.000,0.000
1470,49.0489,0.000,0.000
1471,49.0823,0.000,0.000
1472,49.1157,0.000,0.000
1473,49.1490,0.000,0.000
1474,49.1824,0.000,0.000
1475,49.2158,0.000,0.000
1476,49.2491,0.000,0.000
1477,49.2825,0.000,0.000
1478,49.3159,0.000,0.000
1479,49.3492,0.000,0.000
1480,49.3826,0.000,0.000
1481,49.4160,0.000,0.000
1482,49.4493,0.000,0.000
1483,49.4827,0.000,0.000
1484,49.5161,0.000,0.000
1485,49.5494,0.000,0.000
1486,49.5828,0.000,0.000
1487,49.6162,0.000,0.000
1488,49.6495,0.000,0.000
1489,49.6829,0.000,0.000
1490,49.7163,0.000,0.000
1491,49.7496,0.000,0.000
1492,49.7830,0.000,0.000
1493,49.8164,0.000,0.000
1494,49.8497,0.000,0.000
1495,49.8831,0.000,0.000
1496,49.9165,0.000,0.000
1497,49.9498,0.000,0.000
1498,49.9832,0.000,0.000
1499,50.0166,0.000,0.000
1500,50.0499,7.493,0.250
1501,50.0833,0.000,0.000
1502,50.1167,0.000,0.000
1503,50.1500,0.000,0.000
1504,50.1834,0.000,0.000
1505,50.2168,0.000,0.000
1506,50.2501,0.000,0.000
1507,50.2835,0.000,0.000
1508,50.3169,0.000,0.000
1509,50.3502,0.000,0.000
1510,50.3836,0.000,0.000
1511,50.4170,0.000,0.000
1512,50.4503,0.000,0.000
1513,50.4837,0.000,0.000
1514,50.5171,0.000,0.000
1515,50.5504,0.000,0.000
1516,50.5838,0.000,0.000
1517,50.6172,0.000,0.000
1518,50.6505,0.000,0.000
1519,50.6839,7.493,0.250
1520,50.7173,0.000,0.000
1521,50.7506,0.000,0.000
1522,50.7840,0.000,0.000
1523,50.8174,0.000,0.000
1524,50.8507,0.000,0.000
1525,50.8841,0.000,0.000
1526,50.9175,0.000,0.000
1527,50.9508,0.000,0.000
1528,50.9842,0.000,0.000
1529,51.0176,0.000,0.000
1530,51.0509,0.000,0.000
1531,51.0843,7.493,0.250
1532,51.1177,0.000,0.000
1533,51.1510,0.000,0.000
1534,51.1844,0.000,0.000
1535,51.2178,0.000,0.000
1536,51.2511,0.000,0.000
1537,51.2845,0.000,0.000
1538,51.3179,0.000,0.000
1539,51.3512,0.000,0.000
1540,51.3846,0.000,0.000
1541,51.4180,0.000,0.000
1542,51.4513,0.000,0.000
1543,51.4847,0.000,0.000
1544,51.5181,0.000,0.000
1545,51.5514,0.000,0.000
1546,51.5848,0.000,0.000
1547,51.6182,0.000,0.000
1548,51.6515,0.000,0.000
1549,51.6849,0.000,0.000
1550,51.7183,0.000,0.000
1551,51.7516,0.000,0.000
1552,51.7850,0.000,0.000
1553,51.8184,0.000,0.000
1554,51.8517,0.000,0.000
1555,51.8851,0.000,0.000
1556,51.9185,0.000,0.000
1557,51.9518,7.493,0.250
1558,51.9852,0.000,0.000
1559,52.0186,0.000,0.000
1560,52.0519,0.000,0.000
1561,52.0853,0.000,0.000
1562,52.1187,0.000,0.000
1563,52.1520,0.000,0.000
1564,52.1854,0.000,0.000
1565,52.2188,0.000,0.000
1566,52.2521,0.000,0.000
1567,52.2855,0.000,0.000
1568,52.3189,0.000,0.000
1569,52.3522,0.000,0.000
1570,52.3856,0.000,0.000
1571,52.4190,0.000,0.000
1572,52.4523,0.000,0.000
1573,52.4857,0.000,0.000
1574,52.5191,0.000,0.000
1575,52.5524,0.000,0.000
1576,52.5858,0.000,0.000
1577,52.6192,0.000,0.000
1578,52.6525,0.000,0.000
1579,52.6859,0.000,0.000
1580,52.7193,0.000,0.000
1581,52.7526,0.000,0.000
1582,52.7860,0.000,0.000
1583,52.8194,0.000,0.000
1584,52.8527,0.000,0.000
1585,52.8861,0.000,0.000
1586,52.9195,0.000,0.000
1587,52.9528,0.000,0.000
1588,52.9862,0.000,0.000
1589,53.0196,7.493,0.250
1590,53.0529,0.000,0.000
1591,53.0863,0.000,0.000
1592,53.1197,0.000,0.000
1593,53.1530,0.000,0.000
1594,53.1864,0.000,0.000
1595,53.2198,0.000,0.000
1596,53.2531,0.000,0.000
1597,53.2865,0.000,0.000
1598,53.3199,0.000,0.000
1599,53.3532,0.000,0.000
1600,53.3866,0.000,0.000
1601,53.4200,0.000,0.000
1602,53.4533,0.000,0.000
1603,53.4867,0.000,0.000
1604,53.5201,0.000,0.000
1605,53.5534,0.000,0.000
1606,53.5868,0.000,0.000
1607,53.6202,0.000,0.000
1608,53.6535,0.000,0.000
1609,53.6869,0.000,0.000
1610,53.7203,0.000,0.000
1611,53.7536,0.000,0.000
1612,53.7870,0.000,0.000
1613,53.8204,0.000,0.000
1614,53.8537,0.000,0.000
1615,53.8871,0.000,0.000
1616,53.9205,0.000,0.000
1617,53.9538,0.000,0.000
1618,53.9872,0.000,0.000
1619,54.0206,0.000,0.000
1620,54.0539,0.000,0.000
1621,54.0873,0.000,0.000
1622,54.1207,0.000,0.000
1623,54.1540,0.000,0.000
1624,54.1874,0.000,0.000
1625,54.2207,0.000,0.000
1626,54.2541,0.000,0.000
1627,54.2875,0.000,0.000
1628,54.3208,0.000,0.000
1629,54.3542,0.000,0.000
1630,54.3876,0.000,0.000
1631,54.4209,0.000,0.000
1632,54.4543,0.000,0.000
1633,54.4877,0.000,0.000
1634,54.5210,0.000,0.000
1635,54.5544,0.000,0.000
1636,54.5878,0.000,0.000
1637,54.6211,0.000,0.000
1638,54.6545,0.000,0.000
1639,54.6879,0.000,0.000
1640,54.7212,0.000,0.000
1641,54.7546,0.000,0.000
1642,54.7880,0.000,0.000
1643,54.8213,0.000,0.000
1644,54.8547,0.000,0.000
1645,54.8881,0.000,0.000
1646,54.9214,0.000,0.000
1647,54.9548,0.000,0.000
1648,54.9882,0.000,0.000
1649,55.0215,0.000,0.000
1650,55.0549,0.000,0.000
1651,55.0883,0.000,0.000
1652,55.1216,0.000,0.000
1653,55.1550,0.000,0.000
1654,55.1884,0.000,0.000
1655,55.2217,0.000,0.000
1656,55.2551,0.000,0.000
1657,55.2885,0.000,0.000
1658,55.3218,0.000,0.000
1659,55.3552,0.000,0.000
1660,55.3886,0.000,0.000
1661,55.4219,0.000,0.000
1662,55.4553,0.000,0.000
1663,55.4887,0.000,0.000
1664,55.5220,0.000,0.000
1665,55.5554,0.000,0.000
1666,55.5888,0.000,0.000
1667,55.6221,0.000,0.000
1668,55.6555,0.000,0.000
1669,55.6889,0.000,0.000
1670,55.7222,0.000,0.000
1671,55.7556,0.000,0.000
1672,55.7890,0.000,0.000
1673,55.8223,0.000,0.000
1674,55.8557,0.000,0.000
1675,55.8891,0.000,0.000
1676,55.9224,0.000,0.000
1677,55.9558,0.000,0.000
1678,55.9892,0.000,0.000
1679,56.0225,0.000,0.000
1680,56.0559,0.000,0.000
1681,56.0893,0.000,0.000
1682,56.1226,0.000,0.000
1683,56.1560,0.000,0.000
1684,56.1894,0.000,0.000
1685,56.2227,0.000,0.000
1686,56.2561,7.493,0.250
1687,56.2895,0.000,0.000
1688,56.3228,0.000,0.000
1689,56.3562,0.000,0.000
1690,56.3896,0.000,0.000
1691,56.4229,7.493,0.250
1692,56.4563,0.000,0.000
1693,56.4897,0.000,0.000
1694,56.5230,0.000,0.000
1695,56.5564,0.000,0.000
1696,56.5898,7.493,0.250
1697,56.6231,0.000,0.000
1698,56.6565,0.000,0.000
1699,56.6899,0.000,0.000
1700,56.7232,0.000,0.000
1701,56.7566,0.000,0.000
1702,56.7900,0.000,0.000
1703,56.8233,0.000,0.000
1704,56.8567,0.000,0.000
1705,56.8901,0.000,0.000
1706,56.9234,0.000,0.000
1707,56.9568,0.000,0.000
1708,56.9902,0.000,0.000
1709,57.0235,7.493,0.250
1710,57.0569,0.000,0.000
1711,57.0903,0.000,0.000
1712,57.1236,0.000,0.000
1713,57.1570,0.000,0.000
1714,57.1904,0.000,0.000
1715,57.2237,0.000,0.000
1716,57.2571,0.000,0.000
1717,57.2905,0.000,0.000
1718,57.3238,0.000,0.000
1719,57.3572,0.000,0.000
1720,57.3906,0.000,0.000
1721,57.4239,0.000,0.000
1722,57.4573,0.000,0.000
1723,57.4907,0.000,0.000
1724,57.5240,0.000,0.000
1725,57.5574,0.000,0.000
1726,57.5908,0.000,0.000
1727,57.6241,0.000,0.000
1728,57.6575,0.000,0.000
1729,57.6909,0.000,0.000
1730,57.7242,0.000,0.000
1731,57.7576,0.000,0.000
1732,57.7910,0.000,0.000
1733,57.8243,0.000,0.000
1734,57.8577,0.000,0.000
1735,57.8911,0.000,0.000
1736,57.9244,0.000,0.000
1737,57.9578,0.000,0.000
1738,57.9912,0.000,0.000
1739,58.0245,0.000,0.000
1740,58.0579,7.493,0.250
1741,58.0913,0.000,0.000
1742,58.1246,0.000,0.000
1743,58.1580,0.000,0.000
1744,58.1914,0.000,0.000
1745,58.2247,0.000,0.000
1746,58.2581,0.000,0.000
1747,58.2915,0.000,0.000
1748,58.3248,0.000,0.000
1749,58.3582,0.000,0.000
1750,58.3916,0.000,0.000
1751,58.4249,0.000,0.000
1752,58.4583,0.000,0.000
1753,58.4917,0.000,0.000
1754,58.5250,0.000,0.000
1755,58.5584,0.000,0.000
1756,58.5918,0.000,0.000
1757,58.6251,0.000,0.000
1758,58.6585,0.000,0.000
1759,58.6919,0.000,0.000
1760,58.7252,0.000,0.000
1761,58.7586,0.000,0.000
1762,58.7920,0.000,0.000
1763,58.8253,0.000,0.000
1764,58.8587,0.000,0.000
1765,58.8921,0.000,0.000
1766,58.9254,0.000,0.000
1767,58.9588,0.000,0.000
1768,58.9922,0.000,0.000
1769,59.0255,0.000,0.000
1770,59.0589,0.000,0.000
1771,59.0923,7.493,0.250
1772,59.1256,0.000,0.000
1773,59.1590,0.000,0.000
1774,59.1924,0.000,0.000
1775,59.2257,0.000,0.000
1776,59.2591,0.000,0.000
1777,59.2925,0.000,0.000
1778,59.3258,0.000,0.000
1779,59.3592,0.000,0.000
1780,59.3926,0.000,0.000
1781,59.4259,0.000,0.000
1782,59.4593,0.000,0.000
1783,59.4927,0.000,0.000
1784,59.5260,0.000,0.000
1785,59.5594,0.000,0.000
1786,59.5928,0.000,0.000
1787,59.6261,0.000,0.000
1788,59.6595,0.000,0.000
1789,59.6929,0.000,0.000
1790,59.7262,0.000,0.000
1791,59.7596,0.000,0.000
1792,59.7930,0.000,0.000
1793,59.8263,0.000,0.000
1794,59.8597,0.000,0.000
1795,59.8931,0.000,0.000
1796,59.9264,0.000,0.000
1797,59.9598,0.000,0.000
1798,59.9932,0.000,0.000
1799,60.0265,0.000,0.000
1800,60.0599,0.000,0.000
1801,60.0933,0.000,0.000
1802,60.1266,0.000,0.000
1803,60.1600,0.000,0.000
1804,60.1934,0.000,0.000
1805,60.2267,0.000,0.000
1806,60.2601,0.000,0.000
1807,60.2935,0.000,0.000
1808,60.3268,0.000,0.000
1809,60.3602,0.000,0.000
1810,60.3936,0.000,0.000
1811,60.4269,0.000,0.000
1812,60.4603,0.000,0.000
1813,60.4937,0.000,0.000
1814,60.5270,0.000,0.000
1815,60.5604,0.000,0.000
1816,60.5938,0.000,0.000
1817,60.6271,0.000,0.000
1818,60.6605,0.000,0.000
1819,60.6939,0.000,0.000
1820,60.7272,0.000,0.000
1821,60.7606,0.000,0.000
1822,60.7940,0.000,0.000
1823,60.8273,0.000,0.000
1824,60.8607,0.000,0.000
1825,60.8941,0.000,0.000
1826,60.9274,0.000,0.000
1827,60.9608,0.000,0.000
1828,60.9942,0.000,0.000
1829,61.0275,0.000,0.000
1830,61.0609,0.000,0.000
1831,61.0943,0.000,0.000
1832,61.1276,0.000,0.000
1833,61.1610,0.000,0.000
1834,61.1944,0.000,0.000
1835,61.2277,0.000,0.000
1836,61.2611,0.000,0.000
1837,61.2945,0.000,0.000
1838,61.3278,0.000,0.000
1839,61.3612,0.000,0.000
1840,61.3946,0.000,0.000
1841,61.4279,0.000,0.000
1842,61.4613,0.000,0.000
1843,61.4947,0.000,0.000
1844,61.5280,0.000,0.000
1845,61.5614,0.000,0.000
1846,61.5948,7.493,0.250
1847,61.6281,0.000,0.000
1848,61.6615,0.000,0.000
1849,61.6949,0.000,0.000
1850,61.7282,0.000,0.000
1851,61.7616,0.000,0.000
1852,61.7950,0.000,0.000
1853,61.8283,0.000,0.000
1854,61.8617,0.000,0.000
1855,61.8951,0.000,0.000
1856,61.9284,0.000,0.000
1857,61.9618,7.493,0.250
1858,61.9952,0.000,0.000
1859,62.0285,0.000,0.000
1860,62.0619,0.000,0.000
1861,62.0953,0.000,0.000
1862,62.1286,0.000,0.000
1863,62.1620,0.000,0.000
1864,62.1954,0.000,0.000
1865,62.2287,0.000,0.000
1866,62.2621,0.000,0.000
1867,62.2955,0.000,0.000
1868,62.3288,0.000,0.000
1869,62.3622,0.000,0.000
1870,62.3956,0.000,0.000
1871,62.4289,7.493,0.250
1872,62.4623,0.000,0.000
1873,62.4957,0.000,0.000
1874,62.5290,0.000,0.000
1875,62.5624,0.000,0.000
1876,62.5958,0.000,0.000
1877,62.6291,0.000,0.000
1878,62.6625,0.000,0.000
1879,62.6959,0.000,0.000
1880,62.7292,0.000,0.000
1881,62.7626,0.000,0.000
1882,62.7960,0.000,0.000
1883,62.8293,0.000,0.000
1884,62.8627,0.000,0.000
1885,62.8961,0.000,0.000
1886,62.9294,0.000,0.000
1887,62.9628,0.000,0.000
1888,62.9962,0.000,0.000
1889,63.0295,0.000,0.000
1890,63.0629,0.000,0.000
1891,63.0963,0.000,0.000
1892,63.1296,0.000,0.000
1893,63.1630,0.000,0.000
1894,63.1964,0.000,0.000
1895,63.2297,0.000,0.000
1896,63.2631,0.000,0.000
1897,63.2965,0.000,0.000
1898,63.3298,0.000,0.000
1899,63.3632,0.000,0.000
1900,63.3966,0.000,0.000
1901,63.4299,0.000,0.000
1902,63.4633,0.000,0.000
1903,63.4967,0.000,0.000
1904,63.5300,0.000,0.000
1905,63.5634,0.000,0.000
1906,63.5968,0.000,0.000
1907,63.6301,0.000,0.000
1908,63.6635,0.000,0.000
1909,63.6969,0.000,0.000
1910,63.7302,0.000,0.000
1911,63.7636,0.000,0.000
1912,63.7970,0.000,0.000
1913,63.8303,0.000,0.000
1914,63.8637,0.000,0.000
1915,63.8971,0.000,0.000
1916,63.9304,0.000,0.000
1917,63.9638,0.000,0.000
1918,63.9972,0.000,0.000
1919,64.0305,7.493,0.250
1920,64.0639,0.000,0.000
1921,64.0973,0.000,0.000
1922,64.1306,0.000,0.000
1923,64.1640,0.000,0.000
1924,64.1974,0.000,0.000
1925,64.2307,0.000,0.000
1926,64.2641,0.000,0.000
1927,64.2975,0.000,0.000
1928,64.3308,0.000,0.000
1929,64.3642,0.000,0.000
1930,64.3976,0.000,0.000
1931,64.4309,0.000,0.000
1932,64.4643,0.000,0.000
1933,64.4977,0.000,0.000
1934,64.5310,0.000,0.000
1935,64.5644,0.000,0.000
1936,64.5978,0.000,0.000
1937,64.6311,0.000,0.000
1938,64.6645,0.000,0.000
1939,64.6979,0.000,0.000
1940,64.7312,0.000,0.000
1941,64.7646,0.000,0.000
1942,64.7980,0.000,0.000
1943,64.8313,0.000,0.000
1944,64.8647,0.000,0.000
1945,64.8981,0.000,0.000
1946,64.9314,0.000,0.000
1947,64.9648,0.000,0.000
1948,64.9982,0.000,0.000
1949,65.0315,0.000,0.000
1950,65.0649,0.000,0.000
1951,65.0983,0.000,0.000
1952,65.1316,0.000,0.000
1953,65.1650,0.000,0.000
1954,65.1984,0.000,0.000
1955,65.2317,0.000,0.000
1956,65.2651,0.000,0.000
1957,65.2985,0.000,0.000
1958,65.3318,0.000,0.000
1959,65.3652,0.000,0.000
1960,65.3986,0.000,0.000
1961,65.4319,0.000,0.000
1962,65.4653,0.000,0.000
1963,65.4987,0.000,0.000
1964,65.5320,0.000,0.000
1965,65.5654,0.000,0.000
1966,65.5988,0.000,0.000
1967,65.6321,0.000,0.000
1968,65.6655,0.000,0.000
1969,65.6989,0.000,0.000
1970,65.7322,0.000,0.000
1971,65.7656,0.000,0.000
1972,65.7990,0.000,0.000
1973,65.8323,0.000,0.000
1974,65.8657,0.000,0.000
1975,65.8991,0.000,0.000
1976,65.9324,0.000,0.000
1977,65.9658,0.000,0.000
1978,65.9992,0.000,0.000
1979,66.0325,7.493,0.250
1980,66.0659,7.493,0.250
1981,66.0993,0.000,0.000
1982,66.1326,0.000,0.000
1983,66.1660,0.000,0.000
1984,66.1994,0.000,0.000
1985,66.2327,0.000,0.000
1986,66.2661,0.000,0.000
1987,66.2995,0.000,0.000
1988,66.3328,0.000,0.000
1989,66.3662,0.000,0.000
1990,66.3996,0.000,0.000
1991,66.4329,0.000,0.000
1992,66.4663,0.000,0.000
1993,66.4997,0.000,0.000
1994,66.5330,0.000,0.000
1995,66.5664,0.000,0.000
1996,66.5998,0.000,0.000
1997,66.6331,0.000,0.000
1998,66.6665,0.000,0.000
1999,66.6999,0.000,0.000
2000,66.7332,0.000,0.000
2001,66.7666,0.000,0.000
2002,66.8000,0.000,0.000
2003,66.8333,0.000,0.000
2004,66.8667,0.000,0.000
2005,66.9001,0.000,0.000
2006,66.9334,0.000,0.000
2007,66.9668,0.000,0.000
2008,67.0002,0.000,0.000
2009,67.0335,0.000,0.000
2010,67.0669,0.000,0.000
2011,67.1003,0.000,0.000
2012,67.1336,7.493,0.250
2013,67.1670,0.000,0.000
2014,67.2004,0.000,0.000
2015,67.2337,0.000,0.000
2016,67.2671,0.000,0.000
2017,67.3005,0.000,0.000
2018,67.3338,0.000,0.000
2019,67.3672,0.000,0.000
2020,67.4006,0.000,0.000
2021,67.4339,0.000,0.000
2022,67.4673,0.000,0.000
2023,67.5007,0.000,0.000
2024,67.5340,0.000,0.000
2025,67.5674,0.000,0.000
2026,67.6008,0.000,0.000
2027,67.6341,0.000,0.000
2028,67.6675,0.000,0.000
2029,67.7009,0.000,0.000
2030,67.7342,0.000,0.000
2031,67.7676,0.000,0.000
2032,67.8010,0.000,0.000
2033,67.8343,0.000,0.000
2034,67.8677,0.000,0.000
2035,67.9011,0.000,0.000
2036,67.9344,0.000,0.000
2037,67.9678,7.493,0.250
2038,68.0012,0.000,0.000
2039,68.0345,0.000,0.000
2040,68.0679,0.000,0.000
2041,68.1013,0.000,0.000
2042,68.1346,0.000,0.000
2043,68.1680,0.000,0.000
2044,68.2014,0.000,0.000
2045,68.2347,0.000,0.000
2046,68.2681,0.000,0.000
2047,68.3015,0.000,0.000
2048,68.3348,0.000,0.000
2049,68.3682,0.000,0.000
2050,68.4016,0.000,0.000
2051,68.4349,0.000,0.000
2052,68.4683,0.000,0.000
2053,68.5017,0.000,0.000
2054,68.5350,0.000,0.000
2055,68.5684,0.000,0.000
2056,68.6018,0.000,0.000
2057,68.6351,0.000,0.000
2058,68.6685,0.000,0.000
2059,68.7019,0.000,0.000
2060,68.7352,0.000,0.000
2061,68.7686,0.000,0.000
2062,68.8020,0.000,0.000
2063,68.8353,0.000,0.000
2064,68.8687,0.000,0.000
2065,68.9021,0.000,0.000
2066,68.9354,0.000,0.000
2067,68.9688,0.000,0.000
2068,69.0022,0.000,0.000
2069,69.0355,0.000,0.000
2070,69.0689,0.000,0.000
2071,69.1023,0.000,0.000
2072,69.1356,0.000,0.000
2073,69.1690,0.000,0.000
2074,69.2024,0.000,0.000
2075,69.2357,7.493,0.250
2076,69.2691,0.000,0.000
2077,69.3025,0.000,0.000
2078,69.3358,0.000,0.000
2079,69.3692,0.000,0.000
2080,69.4026,0.000,0.000
2081,69.4359,0.000,0.000
2082,69.4693,0.000,0.000
2083,69.5027,0.000,0.000
2084,69.5360,0.000,0.000
2085,69.5694,0.000,0.000
2086,69.6028,0.000,0.000
2087,69.6361,0.000,0.000
2088,69.6695,0.000,0.000
2089,69.7029,0.000,0.000
2090,69.7362,0.000,0.000
2091,69.7696,0.000,0.000
2092,69.8030,0.000,0.000
2093,69.8363,0.000,0.000
2094,69.8697,0.000,0.000
2095,69.9031,0.000,0.000
2096,69.9364,0.000,0.000
2097,69.9698,0.000,0.000
2098,70.0032,0.000,0.000
2099,70.0365,0.000,0.000
2100,70.0699,7.493,0.250
2101,70.1033,0.000,0.000
2102,70.1366,0.000,0.000
2103,70.1700,0.000,0.000
2104,70.2034,0.000,0.000
2105,70.2367,0.000,0.000
2106,70.2701,0.000,0.000
2107,70.3035,0.000,0.000
2108,70.3368,0.000,0.000
2109,70.3702,0.000,0.000
2110,70.4036,0.000,0.000
2111,70.4369,0.000,0.000
2112,70.4703,0.000,0.000
2113,70.5037,0.000,0.000
2114,70.5370,0.000,0.000
2115,70.5704,0.000,0.000
2116,70.6038,0.000,0.000
2117,70.6371,0.000,0.000
2118,70.6705,0.000,0.000
2119,70.7039,0.000,0.000
2120,70.7372,0.000,0.000
2121,70.7706,0.000,0.000
2122,70.8040,0.000,0.000
2123,70.8373,0.000,0.000
2124,70.8707,0.000,0.000
2125,70.9041,0.000,0.000
2126,70.9374,0.000,0.000
2127,70.9708,0.000,0.000
2128,71.0042,0.000,0.000
2129,71.0375,0.000,0.000
2130,71.0709,0.000,0.000
2131,71.1043,0.000,0.000
2132,71.1376,0.000,0.000
2133,71.1710,0.000,0.000
2134,71.2044,0.000,0.000
2135,71.2377,0.000,0.000
2136,71.2711,0.000,0.000
2137,71.3045,0.000,0.000
2138,71.3378,7.493,0.250
2139,71.3712,0.000,0.000
2140,71.4046,0.000,0.000
2141,71.4379,0.000,0.000
2142,71.4713,7.493,0.250
2143,71.5047,7.493,0.250
2144,71.5380,0.000,0.000
2145,71.5714,0.000,0.000
2146,71.6048,0.000,0.000
2147,71.6381,0.000,0.000
2148,71.6715,0.000,0.000
2149,71.7049,7.493,0.250
2150,71.7382,0.000,0.000
2151,71.7716,0.000,0.000
2152,71.8050,0.000,0.000
2153,71.8383,0.000,0.000
2154,71.8717,0.000,0.000
2155,71.9051,0.000,0.000
2156,71.9384,0.000,0.000
2157,71.9718,0.000,0.000
2158,72.0052,0.000,0.000
2159,72.0385,0.000,0.000
2160,72.0719,0.000,0.000
2161,72.1053,0.000,0.000
2162,72.1386,0.000,0.000
2163,72.1720,0.000,0.000
2164,72.2054,0.000,0.000
2165,72.2387,0.000,0.000
2166,72.2721,0.000,0.000
2167,72.3055,0.000,0.000
2168,72.3388,0.000,0.000
2169,72.3722,0.000,0.000
2170,72.4056,0.000,0.000
2171,72.4389,0.000,0.000
2172,72.4723,0.000,0.000
2173,72.5057,0.000,0.000
2174,72.5390,0.000,0.000
2175,72.5724,0.000,0.000
2176,72.6058,0.000,0.000
2177,72.6391,0.000,0.000
2178,72.6725,0.000,0.000
2179,72.7059,0.000,0.000
2180,72.7392,0.000,0.000
2181,72.7726,0.000,0.000
2182,72.8060,0.000,0.000
2183,72.8393,0.000,0.000
2184,72.8727,0.000,0.000
2185,72.9061,0.000,0.000
2186,72.9394,0.000,0.000
2187,72.9728,0.000,0.000
2188,73.0062,0.000,0.000
2189,73.0395,0.000,0.000
2190,73.0729,0.000,0.000
2191,73.1063,0.000,0.000
2192,73.1396,0.000,0.000
2193,73.1730,0.000,0.000
2194,73.2064,0.000,0.000
2195,73.2397,0.000,0.000
2196,73.2731,0.000,0.000
2197,73.3065,0.000,0.000
2198,73.3398,0.000,0.000
2199,73.3732,0.000,0.000
2200,73.4066,0.000,0.000
2201,73.4399,0.000,0.000
2202,73.4733,0.000,0.000
2203,73.5067,0.000,0.000
2204,73.5400,0.000,0.000
2205,73.5734,0.000,0.000
2206,73.6068,0.000,0.000
2207,73.6401,0.000,0.000
2208,73.6735,0.000,0.000
2209,73.7069,0.000,0.000
2210,73.7402,0.000,0.000
2211,73.7736,0.000,0.000
2212,73.8070,0.000,0.000
2213,73.8403,0.000,0.000
2214,73.8737,0.000,0.000
2215,73.9071,0.000,0.000
2216,73.9404,0.000,0.000
2217,73.9738,0.000,0.000
2218,74.0072,0.000,0.000
2219,74.0405,0.000,0.000
2220,74.0739,0.000,0.000
2221,74.1073,0.000,0.000
2222,74.1406,0.000,0.000
2223,74.1740,0.000,0.000
2224,74.2074,0.000,0.000
2225,74.2407,0.000,0.000
2226,74.2741,0.000,0.000
2227,74.3075,0.000,0.000
2228,74.3408,0.000,0.000
2229,74.3742,0.000,0.000
2230,74.4076,0.000,0.000
2231,74.4409,0.000,0.000
2232,74.4743,0.000,0.000
2233,74.5077,0.000,0.000
2234,74.5410,0.000,0.000
2235,74.5744,0.000,0.000
2236,74.6078,0.000,0.000
2237,74.6411,0.000,0.000
2238,74.6745,0.000,0.000
2239,74.7079,0.000,0.000
2240,74.7412,0.000,0.000
2241,74.7746,0.000,0.000
2242,74.8080,0.000,0.000
2243,74.8413,0.000,0.000
2244,74.8747,0.000,0.000
2245,74.9081,0.000,0.000
2246,74.9414,0.000,0.000
2247,74.9748,0.000,0.000
2248,75.0082,0.000,0.000
2249,75.0415,0.000,0.000
2250,75.0749,0.000,0.000
2251,75.1083,0.000,0.000
2252,75.1416,0.000,0.000
2253,75.1750,0.000,0.000
2254,75.2084,0.000,0.000
2255,75.2417,0.000,0.000
2256,75.2751,0.000,0.000
2257,75.3085,0.000,0.000
2258,75.3418,0.000,0.000
2259,75.3752,0.000,0.000
2260,75.4086,0.000,0.000
2261,75.4419,0.000,0.000
2262,75.4753,0.000,0.000
2263,75.5087,0.000,0.000
2264,75.5420,0.000,0.000
2265,75.5754,0.000,0.000
2266,75.6088,0.000,0.000
2267,75.6421,0.000,0.000
2268,75.6755,0.000,0.000
2269,75.7089,0.000,0.000
2270,75.7422,0.000,0.000
2271,75.7756,0.000,0.000
2272,75.8089,0.000,0.000
2273,75.8423,0.000,0.000
2274,75.8757,0.000,0.000
2275,75.9090,0.000,0.000
2276,75.9424,0.000,0.000
2277,75.9758,0.000,0.000
2278,76.0091,0.000,0.000
2279,76.0425,0.000,0.000
2280,76.0759,0.000,0.000
2281,76.1092,0.000,0.000
2282,76.1426,0.000,0.000
2283,76.1760,0.000,0.000
2284,76.2093,0.000,0.000
2285,76.2427,0.000,0.000
2286,76.2761,0.000,0.000
2287,76.3094,0.000,0.000
2288,76.3428,0.000,0.000
2289,76.3762,0.000,0.000
2290,76.4095,0.000,0.000
2291,76.4429,0.000,0.000
2292,76.4763,0.000,0.000
2293,76.5096,0.000,0.000
2294,76.5430,0.000,0.000
2295,76.5764,0.000,0.000
2296,76.6097,0.000,0.000
2297,76.6431,0.000,0.000
2298,76.6765,0.000,0.000
2299,76.7098,0.000,0.000
2300,76.7432,0.000,0.000
2301,76.7766,0.000,0.000
2302,76.8099,0.000,0.000
2303,76.8433,0.000,0.000
2304,76.8767,0.000,0.000
2305,76.9100,0.000,0.000
2306,76.9434,0.000,0.000
2307,76.9768,0.000,0.000
2308,77.0101,0.000,0.000
2309,77.0435,0.000,0.000
2310,77.0769,0.000,0.000
2311,77.1102,0.000,0.000
2312,77.1436,0.000,0.000
2313,77.1770,0.000,0.000
2314,77.2103,0.000,0.000
2315,77.2437,7.493,0.250
2316,77.2771,0.000,0.000
2317,77.3104,7.493,0.250
2318,77.3438,0.000,0.000
2319,77.3772,0.000,0.000
2320,77.4105,0.000,0.000
2321,77.4439,0.000,0.000
2322,77.4773,30.892,1.031
2323,77.5106,10.596,0.354
2324,77.5440,7.493,0.250
2325,77.5774,0.000,0.000
2326,77.6107,0.000,0.000
2327,77.6441,7.493,0.250
2328,77.6775,10.596,0.354
2329,77.7108,0.000,0.000
2330,77.7442,0.000,0.000
2331,77.7776,7.493,0.250
2332,77.8109,0.000,0.000
2333,77.8443,0.000,0.000
2334,77.8777,14.985,0.500
2335,77.9110,0.000,0.000
2336,77.9444,16.754,0.559
2337,77.9778,0.000,0.000
2338,78.0111,16.754,0.559
2339,78.0445,7.493,0.250
2340,78.0779,0.000,0.000
2341,78.1112,0.000,0.000
2342,78.1446,0.000,0.000
2343,78.1780,0.000,0.000
2344,78.2113,21.192,0.707
2345,78.2447,7.493,0.250
2346,78.2781,0.000,0.000
2347,78.3114,7.493,0.250
2348,78.3448,0.000,0.000
2349,78.3782,0.000,0.000
2350,78.4115,7.493,0.250
2351,78.4449,0.000,0.000
2352,78.4783,7.493,0.250
2353,78.5116,0.000,0.000
2354,78.5450,7.493,0.250
2355,78.5784,0.000,0.000
2356,78.6117,0.000,0.000
2357,78.6451,0.000,0.000
2358,78.6785,0.000,0.000
2359,78.7118,0.000,0.000
2360,78.7452,0.000,0.000
2361,78.7786,0.000,0.000
2362,78.8119,0.000,0.000
2363,78.8453,0.000,0.000
2364,78.8787,0.000,0.000
2365,78.9120,0.000,0.000
2366,78.9454,0.000,0.000
2367,78.9788,10.596,0.354
2368,79.0121,7.493,0.250
2369,79.0455,0.000,0.000
2370,79.0789,16.754,0.559
2371,79.1122,0.000,0.000
2372,79.1456,0.000,0.000
2373,79.1790,0.000,0.000
2374,79.2123,0.000,0.000
2375,79.2457,0.000,0.000
2376,79.2791,0.000,0.000
2377,79.3124,0.000,0.000
2378,79.3458,0.000,0.000
2379,79.3792,0.000,0.000
2380,79.4125,0.000,0.000
2381,79.4459,0.000,0.000
2382,79.4793,0.000,0.000
2383,79.5126,0.000,0.000
2384,79.5460,7.493,0.250
2385,79.5794,7.493,0.250
2386,79.6127,0.000,0.000
2387,79.6461,0.000,0.000
2388,79.6795,0.000,0.000
2389,79.7128,0.000,0.000
2390,79.7462,0.000,0.000
2391,79.7796,0.000,0.000
2392,79.8129,0.000,0.000
2393,79.8463,0.000,0.000
2394,79.8797,0.000,0.000
2395,79.9130,0.000,0.000
2396,79.9464,0.000,0.000
2397,79.9798,0.000,0.000
2398,80.0131,0.000,0.000
2399,80.0465,0.000,0.000
2400,80.0799,7.493,0.250
2401,80.1132,10.596,0.354
2402,80.1466,0.000,0.000
2403,80.1800,0.000,0.000
2404,80.2133,0.000,0.000
2405,80.2467,0.000,0.000
2406,80.2801,0.000,0.000
2407,80.3134,0.000,0.000
2408,80.3468,0.000,0.000
2409,80.3802,0.000,0.000
2410,80.4135,0.000,0.000
2411,80.4469,0.000,0.000
2412,80.4803,0.000,0.000
2413,80.5136,0.000,0.000
2414,80.5470,0.000,0.000
2415,80.5804,0.000,0.000
2416,80.6137,0.000,0.000
2417,80.6471,0.000,0.000
2418,80.6805,10.596,0.354
2419,80.7138,0.000,0.000
2420,80.7472,0.000,0.000
2421,80.7806,0.000,0.000
2422,80.8139,0.000,0.000
2423,80.8473,0.000,0.000
2424,80.8807,0.000,0.000
2425,80.9140,0.000,0.000
2426,80.9474,0.000,0.000
2427,80.9808,0.000,0.000
2428,81.0141,0.000,0.000
2429,81.0475,0.000,0.000
2430,81.0809,0.000,0.000
2431,81.1142,0.000,0.000
2432,81.1476,0.000,0.000
2433,81.1810,0.000,0.000
2434,81.2143,0.000,0.000
2435,81.2477,0.000,0.000
2436,81.2811,0.000,0.000
2437,81.3144,0.000,0.000
2438,81.3478,0.000,0.000
2439,81.3812,0.000,0.000
2440,81.4145,0.000,0.000
2441,81.4479,0.000,0.000
2442,81.4813,0.000,0.000
2443,81.5146,0.000,0.000
2444,81.5480,0.000,0.000
2445,81.5814,0.000,0.000
2446,81.6147,0.000,0.000
2447,81.6481,0.000,0.000
2448,81.6815,0.000,0.000
2449,81.7148,0.000,0.000
2450,81.7482,0.000,0.000
2451,81.7816,0.000,0.000
2452,81.8149,0.000,0.000
2453,81.8483,0.000,0.000
2454,81.8817,0.000,0.000
2455,81.9150,0.000,0.000
2456,81.9484,10.596,0.354
2457,81.9818,21.192,0.707
2458,82.0151,10.596,0.354
2459,82.0485,16.754,0.559
2460,82.0819,7.493,0.250
2461,82.1152,14.985,0.500
2462,82.1486,0.000,0.000
2463,82.1820,16.754,0.559
2464,82.2153,0.000,0.000
2465,82.2487,7.493,0.250
2466,82.2821,10.596,0.354
2467,82.3154,16.754,0.559
2468,82.3488,7.493,0.250
2469,82.3822,7.493,0.250
2470,82.4155,7.493,0.250
2471,82.4489,0.000,0.000
2472,82.4823,16.754,0.559
2473,82.5156,7.493,0.250
2474,82.5490,7.493,0.250
2475,82.5824,0.000,0.000
2476,82.6157,0.000,0.000
2477,82.6491,33.508,1.118
2478,82.6825,0.000,0.000
2479,82.7158,0.000,0.000
2480,82.7492,7.493,0.250
2481,82.7826,7.493,0.250
2482,82.8159,7.493,0.250
2483,82.8493,0.000,0.000
2484,82.8827,0.000,0.000
2485,82.9160,0.000,0.000
2486,82.9494,14.985,0.500
2487,82.9828,10.596,0.354
2488,83.0161,10.596,0.354
2489,83.0495,0.000,0.000
2490,83.0829,7.493,0.250
2491,83.1162,0.000,0.000
2492,83.1496,7.493,0.250
2493,83.1830,0.000,0.000
2494,83.2163,7.493,0.250
2495,83.2497,0.000,0.000
2496,83.2831,10.596,0.354
2497,83.3164,10.596,0.354
2498,83.3498,7.493,0.250
2499,83.3832,7.493,0.250
2500,83.4165,7.493,0.250
2501,83.4499,0.000,0.000
2502,83.4833,0.000,0.000
2503,83.5166,0.000,0.000
2504,83.5500,7.493,0.250
2505,83.5834,0.000,0.000
2506,83.6167,7.493,0.250
2507,83.6501,7.493,0.250
2508,83.6835,10.596,0.354
2509,83.7168,0.000,0.000
2510,83.7502,0.000,0.000
2511,83.7836,0.000,0.000
2512,83.8169,0.000,0.000
2513,83.8503,0.000,0.000
2514,83.8837,0.000,0.000
2515,83.9170,0.000,0.000
2516,83.9504,0.000,0.000
2517,83.9838,0.000,0.000
2518,84.0171,0.000,0.000
2519,84.0505,0.000,0.000
2520,84.0839,0.000,0.000
2521,84.1172,0.000,0.000
2522,84.1506,0.000,0.000
2523,84.1840,0.000,0.000
2524,84.2173,0.000,0.000
2525,84.2507,0.000,0.000
2526,84.2841,0.000,0.000
2527,84.3174,0.000,0.000
2528,84.3508,0.000,0.000
2529,84.3842,0.000,0.000
2530,84.4175,33.508,1.118
2531,84.4509,0.000,0.000
2532,84.4843,0.000,0.000
2533,84.5176,10.596,0.354
2534,84.5510,0.000,0.000
2535,84.5844,0.000,0.000
2536,84.6177,0.000,0.000
2537,84.6511,0.000,0.000
2538,84.6845,0.000,0.000
2539,84.7178,7.493,0.250
2540,84.7512,0.000,0.000
2541,84.7846,0.000,0.000
2542,84.8179,0.000,0.000
2543,84.8513,0.000,0.000
2544,84.8847,0.000,0.000
2545,84.9180,0.000,0.000
2546,84.9514,0.000,0.000
2547,84.9848,0.000,0.000
2548,85.0181,0.000,0.000
2549,85.0515,0.000,0.000
2550,85.0849,7.493,0.250
2551,85.1182,0.000,0.000
2552,85.1516,0.000,0.000
2553,85.1850,0.000,0.000
2554,85.2183,0.000,0.000
2555,85.2517,0.000,0.000
2556,85.2851,0.000,0.000
2557,85.3184,0.000,0.000
2558,85.3518,0.000,0.000
2559,85.3852,0.000,0.000
2560,85.4185,0.000,0.000
2561,85.4519,10.596,0.354
2562,85.4853,0.000,0.000
2563,85.5186,0.000,0.000
2564,85.5520,0.000,0.000
2565,85.5854,0.000,0.000
2566,85.6187,0.000,0.000
2567,85.6521,0.000,0.000
2568,85.6855,0.000,0.000
2569,85.7188,0.000,0.000
2570,85.7522,0.000,0.000
2571,85.7856,0.000,0.000
2572,85.8189,0.000,0.000
2573,85.8523,0.000,0.000
2574,85.8857,0.000,0.000
2575,85.9190,0.000,0.000
2576,85.9524,0.000,0.000
2577,85.9858,0.000,0.000
2578,86.0191,0.000,0.000
2579,86.0525,0.000,0.000
2580,86.0859,0.000,0.000
2581,86.1192,0.000,0.000
2582,86.1526,0.000,0.000
2583,86.1860,0.000,0.000
2584,86.2193,0.000,0.000
2585,86.2527,0.000,0.000
2586,86.2861,0.000,0.000
2587,86.3194,0.000,0.000
2588,86.3528,0.000,0.000
2589,86.3862,0.000,0.000
2590,86.4195,0.000,0.000
2591,86.4529,0.000,0.000
2592,86.4863,0.000,0.000
2593,86.5196,0.000,0.000
2594,86.5530,0.000,0.000
2595,86.5864,0.000,0.000
2596,86.6197,0.000,0.000
2597,86.6531,0.000,0.000
2598,86.6865,0.000,0.000
2599,86.7198,0.000,0.000
2600,86.7532,7.493,0.250
2601,86.7866,7.493,0.250
2602,86.8199,0.000,0.000
2603,86.8533,0.000,0.000
2604,86.8867,0.000,0.000
2605,86.9200,0.000,0.000
2606,86.9534,0.000,0.000
2607,86.9868,0.000,0.000
2608,87.0201,0.000,0.000
2609,87.0535,0.000,0.000
2610,87.0869,0.000,0.000
2611,87.1202,0.000,0.000
2612,87.1536,0.000,0.000
2613,87.1870,0.000,0.000
2614,87.2203,0.000,0.000
2615,87.2537,0.000,0.000
2616,87.2871,0.000,0.000
2617,87.3204,0.000,0.000
2618,87.3538,0.000,0.000
2619,87.3872,0.000,0.000
2620,87.4205,0.000,0.000
2621,87.4539,0.000,0.000
2622,87.4873,0.000,0.000
2623,87.5206,0.000,0.000
2624,87.5540,0.000,0.000
2625,87.5874,0.000,0.000
2626,87.6207,0.000,0.000
2627,87.6541,0.000,0.000
2628,87.6875,0.000,0.000
2629,87.7208,0.000,0.000
2630,87.7542,0.000,0.000
2631,87.7876,0.000,0.000
2632,87.8209,0.000,0.000
2633,87.8543,0.000,0.000
2634,87.8877,0.000,0.000
2635,87.9210,0.000,0.000
2636,87.9544,0.000,0.000
2637,87.9878,7.493,0.250
2638,88.0211,0.000,0.000
2639,88.0545,0.000,0.000
2640,88.0879,0.000,0.000
2641,88.1212,0.000,0.000
2642,88.1546,0.000,0.000
2643,88.1880,0.000,0.000
2644,88.2213,0.000,0.000
2645,88.2547,0.000,0.000
2646,88.2881,0.000,0.000
2647,88.3214,0.000,0.000
2648,88.3548,0.000,0.000
2649,88.3882,0.000,0.000
2650,88.4215,0.000,0.000
2651,88.4549,0.000,0.000
2652,88.4883,0.000,0.000
2653,88.5216,0.000,0.000
2654,88.5550,0.000,0.000
2655,88.5884,0.000,0.000
2656,88.6217,0.000,0.000
2657,88.6551,0.000,0.000
2658,88.6885,0.000,0.000
2659,88.7218,0.000,0.000
2660,88.7552,0.000,0.000
2661,88.7886,0.000,0.000
2662,88.8219,0.000,0.000
2663,88.8553,0.000,0.000
2664,88.8887,0.000,0.000
2665,88.9220,0.000,0.000
2666,88.9554,0.000,0.000
2667,88.9888,0.000,0.000
2668,89.0221,0.000,0.000
2669,89.0555,0.000,0.000
2670,89.0889,0.000,0.000
2671,89.1222,0.000,0.000
2672,89.1556,0.000,0.000
2673,89.1890,0.000,0.000
2674,89.2223,0.000,0.000
2675,89.2557,0.000,0.000
2676,89.2891,0.000,0.000
2677,89.3224,0.000,0.000
2678,89.3558,0.000,0.000
2679,89.3892,0.000,0.000
2680,89.4225,0.000,0.000
2681,89.4559,0.000,0.000
2682,89.4893,0.000,0.000
2683,89.5226,0.000,0.000
2684,89.5560,0.000,0.000
2685,89.5894,0.000,0.000
2686,89.6227,0.000,0.000
2687,89.6561,0.000,0.000
2688,89.6895,0.000,0.000
2689,89.7228,0.000,0.000
2690,89.7562,0.000,0.000
2691,89.7896,0.000,0.000
2692,89.8229,0.000,0.000
2693,89.8563,0.000,0.000
2694,89.8897,0.000,0.000
2695,89.9230,0.000,0.000
2696,89.9564,0.000,0.000
2697,89.9898,0.000,0.000
2698,90.0231,0.000,0.000
2699,90.0565,0.000,0.000
2700,90.0899,0.000,0.000
2701,90.1232,0.000,0.000
2702,90.1566,0.000,0.000
2703,90.1900,0.000,0.000
2704,90.2233,0.000,0.000
2705,90.2567,0.000,0.000
2706,90.2901,0.000,0.000
2707,90.3234,0.000,0.000
2708,90.3568,0.000,0.000
2709,90.3902,0.000,0.000
2710,90.4235,0.000,0.000
2711,90.4569,0.000,0.000
2712,90.4903,0.000,0.000
2713,90.5236,0.000,0.000
2714,90.5570,0.000,0.000
2715,90.5904,0.000,0.000
2716,90.6237,0.000,0.000
2717,90.6571,0.000,0.000
2718,90.6905,0.000,0.000
2719,90.7238,0.000,0.000
2720,90.7572,0.000,0.000
2721,90.7906,0.000,0.000
2722,90.8239,0.000,0.000
2723,90.8573,0.000,0.000
2724,90.8907,0.000,0.000
2725,90.9240,0.000,0.000
2726,90.9574,0.000,0.000
2727,90.9908,0.000,0.000
2728,91.0241,0.000,0.000
2729,91.0575,0.000,0.000
2730,91.0909,0.000,0.000
2731,91.1242,0.000,0.000
2732,91.1576,0.000,0.000
2733,91.1910,0.000,0.000
2734,91.2243,0.000,0.000
2735,91.2577,0.000,0.000
2736,91.2911,0.000,0.000
2737,91.3244,0.000,0.000
2738,91.3578,0.000,0.000
2739,91.3912,0.000,0.000
2740,91.4245,0.000,0.000
2741,91.4579,0.000,0.000
2742,91.4913,0.000,0.000
2743,91.5246,0.000,0.000
2744,91.5580,0.000,0.000
2745,91.5914,0.000,0.000
2746,91.6247,0.000,0.000
2747,91.6581,0.000,0.000
2748,91.6915,0.000,0.000
2749,91.7248,0.000,0.000
2750,91.7582,0.000,0.000
2751,91.7916,0.000,0.000
2752,91.8249,0.000,0.000
2753,91.8583,0.000,0.000
2754,91.8917,0.000,0.000
2755,91.9250,0.000,0.000
2756,91.9584,0.000,0.000
2757,91.9918,0.000,0.000
2758,92.0251,0.000,0.000
2759,92.0585,0.000,0.000
2760,92.0919,0.000,0.000
2761,92.1252,0.000,0.000
2762,92.1586,0.000,0.000
2763,92.1920,0.000,0.000
2764,92.2253,0.000,0.000
2765,92.2587,0.000,0.000
2766,92.2921,0.000,0.000
2767,92.3254,0.000,0.000
2768,92.3588,0.000,0.000
2769,92.3922,0.000,0.000
2770,92.4255,0.000,0.000
2771,92.4589,0.000,0.000
2772,92.4923,0.000,0.000
2773,92.5256,0.000,0.000
2774,92.5590,0.000,0.000
2775,92.5924,0.000,0.000
2776,92.6257,0.000,0.000
2777,92.6591,0.000,0.000
2778,92.6925,0.000,0.000
2779,92.7258,0.000,0.000
2780,92.7592,0.000,0.000
2781,92.7926,0.000,0.000
2782,92.8259,0.000,0.000
2783,92.8593,0.000,0.000
2784,92.8927,0.000,0.000
2785,92.9260,0.000,0.000
2786,92.9594,0.000,0.000
2787,92.9928,0.000,0.000
2788,93.0261,0.000,0.000
2789,93.0595,0.000,0.000
2790,93.0929,0.000,0.000
2791,93.1262,0.000,0.000
2792,93.1596,0.000,0.000
2793,93.1930,0.000,0.000
2794,93.2263,0.000,0.000
2795,93.2597,0.000,0.000
2796,93.2931,0.000,0.000
2797,93.3264,0.000,0.000
2798,93.3598,0.000,0.000
2799,93.3932,0.000,0.000
2800,93.4265,0.000,0.000
2801,93.4599,0.000,0.000
2802,93.4933,0.000,0.000
2803,93.5266,0.000,0.000
2804,93.5600,0.000,0.000
2805,93.5934,0.000,0.000
2806,93.6267,0.000,0.000
2807,93.6601,0.000,0.000
2808,93.6935,0.000,0.000
2809,93.7268,0.000,0.000
2810,93.7602,0.000,0.000
2811,93.7936,0.000,0.000
2812,93.8269,0.000,0.000
2813,93.8603,0.000,0.000
2814,93.8937,0.000,0.000
2815,93.9270,0.000,0.000
2816,93.9604,0.000,0.000
2817,93.9938,0.000,0.000
2818,94.0271,0.000,0.000
2819,94.0605,0.000,0.000
2820,94.0939,0.000,0.000
2821,94.1272,0.000,0.000
2822,94.1606,0.000,0.000
2823,94.1940,0.000,0.000
2824,94.2273,0.000,0.000
2825,94.2607,0.000,0.000
2826,94.2941,0.000,0.000
2827,94.3274,0.000,0.000
2828,94.3608,0.000,0.000
2829,94.3942,0.000,0.000
2830,94.4275,0.000,0.000
2831,94.4609,0.000,0.000
2832,94.4943,0.000,0.000
2833,94.5276,0.000,0.000
2834,94.5610,0.000,0.000
2835,94.5944,0.000,0.000
2836,94.6277,0.000,0.000
2837,94.6611,0.000,0.000
2838,94.6945,0.000,0.000
2839,94.7278,0.000,0.000
2840,94.7612,0.000,0.000
2841,94.7946,0.000,0.000
2842,94.8279,0.000,0.000
2843,94.8613,0.000,0.000
2844,94.8947,0.000,0.000
2845,94.9280,0.000,0.000
2846,94.9614,0.000,0.000
2847,94.9948,0.000,0.000
2848,95.0281,0.000,0.000
2849,95.0615,0.000,0.000
2850,95.0949,0.000,0.000
2851,95.1282,0.000,0.000
2852,95.1616,0.000,0.000
2853,95.1950,0.000,0.000
2854,95.2283,0.000,0.000
2855,95.2617,0.000,0.000
2856,95.2951,0.000,0.000
2857,95.3284,0.000,0.000
2858,95.3618,0.000,0.000
2859,95.3952,0.000,0.000
2860,95.4285,0.000,0.000
2861,95.4619,0.000,0.000
2862,95.4953,0.000,0.000
2863,95.5286,0.000,0.000
2864,95.5620,0.000,0.000
2865,95.5954,0.000,0.000
2866,95.6287,0.000,0.000
2867,95.6621,0.000,0.000
2868,95.6955,0.000,0.000
2869,95.7288,0.000,0.000
2870,95.7622,0.000,0.000
2871,95.7956,0.000,0.000
2872,95.8289,0.000,0.000
2873,95.8623,0.000,0.000
2874,95.8957,0.000,0.000
2875,95.9290,0.000,0.000
2876,95.9624,0.000,0.000
2877,95.9958,0.000,0.000
2878,96.0291,0.000,0.000
2879,96.0625,0.000,0.000
2880,96.0959,0.000,0.000
2881,96.1292,0.000,0.000
2882,96.1626,0.000,0.000
2883,96.1960,0.000,0.000
2884,96.2293,0.000,0.000
2885,96.2627,0.000,0.000
2886,96.2961,0.000,0.000
2887,96.3294,0.000,0.000
2888,96.3628,0.000,0.000
2889,96.3962,0.000,0.000
2890,96.4295,0.000,0.000
2891,96.4629,0.000,0.000
2892,96.4963,0.000,0.000
2893,96.5296,0.000,0.000
2894,96.5630,0.000,0.000
2895,96.5964,0.000,0.000
2896,96.6297,0.000,0.000
2897,96.6631,0.000,0.000
2898,96.6965,0.000,0.000
2899,96.7298,0.000,0.000
2900,96.7632,0.000,0.000
2901,96.7966,0.000,0.000
2902,96.8299,0.000,0.000
2903,96.8633,0.000,0.000
2904,96.8967,0.000,0.000
2905,96.9300,0.000,0.000
2906,96.9634,0.000,0.000
2907,96.9968,0.000,0.000
2908,97.0301,0.000,0.000
2909,97.0635,0.000,0.000
2910,97.0969,0.000,0.000
2911,97.1302,0.000,0.000
2912,97.1636,0.000,0.000
2913,97.1970,0.000,0.000
2914,97.2303,0.000,0.000
2915,97.2637,0.000,0.000
2916,97.2971,0.000,0.000
2917,97.3304,0.000,0.000
2918,97.3638,0.000,0.000
2919,97.3972,0.000,0.000
2920,97.4305,0.000,0.000
2921,97.4639,0.000,0.000
2922,97.4972,0.000,0.000
2923,97.5306,0.000,0.000
2924,97.5640,0.000,0.000
2925,97.5973,0.000,0.000
2926,97.6307,0.000,0.000
2927,97.6641,0.000,0.000
2928,97.6974,0.000,0.000
2929,97.7308,0.000,0.000
2930,97.7642,0.000,0.000
2931,97.7975,0.000,0.000
2932,97.8309,0.000,0.000
2933,97.8643,0.000,0.000
2934,97.8976,0.000,0.000
2935,97.9310,0.000,0.000
2936,97.9644,0.000,0.000
2937,97.9977,0.000,0.000
2938,98.0311,0.000,0.000
2939,98.0645,0.000,0.000
2940,98.0978,0.000,0.000
2941,98.1312,0.000,0.000
2942,98.1646,0.000,0.000
2943,98.1979,0.000,0.000
2944,98.2313,0.000,0.000
2945,98.2647,0.000,0.000
2946,98.2980,0.000,0.000
2947,98.3314,0.000,0.000
2948,98.3648,0.000,0.000
2949,98.3981,0.000,0.000
2950,98.4315,0.000,0.000
2951,98.4649,0.000,0.000
2952,98.4982,0.000,0.000
2953,98.5316,0.000,0.000
2954,98.5650,0.000,0.000
2955,98.5983,0.000,0.000
2956,98.6317,0.000,0.000
2957,98.6651,0.000,0.000
2958,98.6984,0.000,0.000
2959,98.7318,0.000,0.000
2960,98.7652,0.000,0.000
2961,98.7985,0.000,0.000
2962,98.8319,0.000,0.000
2963,98.8653,0.000,0.000
2964,98.8986,0.000,0.000
2965,98.9320,0.000,0.000
2966,98.9654,0.000,0.000
2967,98.9987,0.000,0.000
2968,99.0321,0.000,0.000
2969,99.0655,0.000,0.000
2970,99.0988,0.000,0.000
2971,99.1322,0.000,0.000
2972,99.1656,0.000,0.000
2973,99.1989,0.000,0.000
2974,99.2323,0.000,0.000
2975,99.2657,0.000,0.000
2976,99.2990,0.000,0.000
2977,99.3324,0.000,0.000
2978,99.3658,0.000,0.000
2979,99.3991,0.000,0.000
2980,99.4325,0.000,0.000
2981,99.4659,0.000,0.000
2982,99.4992,0.000,0.000
2983,99.5326,0.000,0.000
2984,99.5660,0.000,0.000
2985,99.5993,0.000,0.000
2986,99.6327,0.000,0.000
2987,99.6661,0.000,0.000
2988,99.6994,0.000,0.000
2989,99.7328,0.000,0.000
2990,99.7662,0.000,0.000
2991,99.7995,0.000,0.000
2992,99.8329,0.000,0.000
2993,99.8663,0.000,0.000
2994,99.8996,0.000,0.000
2995,99.9330,0.000,0.000
2996,99.9664,0.000,0.000
2997,99.9997,0.000,0.000
2998,100.0331,0.000,0.000
2999,100.0665,0.000,0.000
3000,100.0998,0.000,0.000
3001,100.1332,0.000,0.000
3002,100.1666,0.000,0.000
3003,100.1999,0.000,0.000
3004,100.2333,0.000,0.000
3005,100.2667,0.000,0.000
3006,100.3000,0.000,0.000
3007,100.3334,0.000,0.000
3008,100.3668,0.000,0.000
3009,100.4001,0.000,0.000
3010,100.4335,0.000,0.000
3011,100.4669,0.000,0.000
3012,100.5002,0.000,0.000
3013,100.5336,0.000,0.000
3014,100.5670,0.000,0.000
3015,100.6003,0.000,0.000
3016,100.6337,0.000,0.000
3017,100.6671,0.000,0.000
3018,100.7004,0.000,0.000
3019,100.7338,0.000,0.000
3020,100.7672,0.000,0.000
3021,100.8005,0.000,0.000
3022,100.8339,0.000,0.000
3023,100.8673,0.000,0.000
3024,100.9006,0.000,0.000
3025,100.9340,0.000,0.000
3026,100.9674,0.000,0.000
3027,101.0007,0.000,0.000
3028,101.0341,0.000,0.000
3029,101.0675,0.000,0.000
3030,101.1008,0.000,0.000
3031,101.1342,0.000,0.000
3032,101.1676,7.493,0.250
3033,101.2009,0.000,0.000
3034,101.2343,0.000,0.000
3035,101.2677,0.000,0.000
3036,101.3010,0.000,0.000
3037,101.3344,0.000,0.000
3038,101.3678,0.000,0.000
3039,101.4011,0.000,0.000
3040,101.4345,0.000,0.000
3041,101.4679,0.000,0.000
3042,101.5012,0.000,0.000
3043,101.5346,0.000,0.000
3044,101.5680,0.000,0.000
3045,101.6013,0.000,0.000
3046,101.6347,0.000,0.000
3047,101.6681,0.000,0.000
3048,101.7014,0.000,0.000
3049,101.7348,0.000,0.000
3050,101.7682,0.000,0.000
3051,101.8015,0.000,0.000
3052,101.8349,0.000,0.000
3053,101.8683,0.000,0.000
3054,101.9016,0.000,0.000
3055,101.9350,0.000,0.000
3056,101.9684,0.000,0.000
3057,102.0017,0.000,0.000
3058,102.0351,7.493,0.250
3059,102.0685,0.000,0.000
3060,102.1018,0.000,0.000
3061,102.1352,0.000,0.000
3062,102.1686,0.000,0.000
3063,102.2019,0.000,0.000
3064,102.2353,0.000,0.000
3065,102.2687,0.000,0.000
3066,102.3020,0.000,0.000
3067,102.3354,0.000,0.000
3068,102.3688,0.000,0.000
3069,102.4021,0.000,0.000
3070,102.4355,0.000,0.000
3071,102.4689,0.000,0.000
3072,102.5022,0.000,0.000
3073,102.5356,0.000,0.000
3074,102.5690,0.000,0.000
3075,102.6023,0.000,0.000
3076,102.6357,0.000,0.000
3077,102.6691,0.000,0.000
3078,102.7024,0.000,0.000
3079,102.7358,0.000,0.000
3080,102.7692,0.000,0.000
3081,102.8025,0.000,0.000
3082,102.8359,0.000,0.000
3083,102.8693,0.000,0.000
3084,102.9026,0.000,0.000
3085,102.9360,0.000,0.000
3086,102.9694,0.000,0.000
3087,103.0027,0.000,0.000
3088,103.0361,0.000,0.000
3089,103.0695,0.000,0.000
3090,103.1028,0.000,0.000
3091,103.1362,0.000,0.000
3092,103.1696,0.000,0.000
3093,103.2029,0.000,0.000
3094,103.2363,0.000,0.000
3095,103.2697,0.000,0.000
3096,103.3030,0.000,0.000
3097,103.3364,0.000,0.000
3098,103.3698,0.000,0.000
3099,103.4031,0.000,0.000
3100,103.4365,0.000,0.000
3101,103.4699,0.000,0.000
3102,103.5032,0.000,0.000
3103,103.5366,0.000,0.000
3104,103.5700,0.000,0.000
3105,103.6033,0.000,0.000
3106,103.6367,0.000,0.000
3107,103.6701,0.000,0.000
3108,103.7034,0.000,0.000
3109,103.7368,0.000,0.000
3110,103.7702,0.000,0.000
3111,103.8035,0.000,0.000
3112,103.8369,0.000,0.000
3113,103.8703,0.000,0.000
3114,103.9036,0.000,0.000
3115,103.9370,0.000,0.000
3116,103.9704,0.000,0.000
3117,104.0037,0.000,0.000
3118,104.0371,0.000,0.000
3119,104.0705,0.000,0.000
3120,104.1038,0.000,0.000
3121,104.1372,0.000,0.000
3122,104.1706,0.000,0.000
3123,104.2039,0.000,0.000
3124,104.2373,0.000,0.000
3125,104.2707,0.000,0.000
3126,104.3040,0.000,0.000
3127,104.3374,0.000,0.000
3128,104.3708,0.000,0.000
3129,104.4041,0.000,0.000
3130,104.4375,0.000,0.000
3131,104.4709,0.000,0.000
3132,104.5042,0.000,0.000
3133,104.5376,0.000,0.000
3134,104.5710,0.000,0.000
3135,104.6043,0.000,0.000
3136,104.6377,0.000,0.000
3137,104.6711,0.000,0.000
3138,104.7044,0.000,0.000
3139,104.7378,0.000,0.000
3140,104.7712,0.000,0.000
3141,104.8045,0.000,0.000
3142,104.8379,0.000,0.000
3143,104.8713,0.000,0.000
3144,104.9046,0.000,0.000
3145,104.9380,0.000,0.000
3146,104.9714,0.000,0.000
3147,105.0047,0.000,0.000
3148,105.0381,0.000,0.000
3149,105.0715,0.000,0.000
3150,105.1048,0.000,0.000
3151,105.1382,0.000,0.000
3152,105.1716,0.000,0.000
3153,105.2049,0.000,0.000
3154,105.2383,0.000,0.000
3155,105.2717,0.000,0.000
3156,105.3050,0.000,0.000
3157,105.3384,0.000,0.000
3158,105.3718,0.000,0.000
3159,105.4051,0.000,0.000
3160,105.4385,0.000,0.000
3161,105.4719,0.000,0.000
3162,105.5052,0.000,0.000
3163,105.5386,0.000,0.000
3164,105.5720,0.000,0.000
3165,105.6053,0.000,0.000
3166,105.6387,0.000,0.000
3167,105.6721,0.000,0.000
3168,105.7054,0.000,0.000
3169,105.7388,0.000,0.000
3170,105.7722,0.000,0.000
3171,105.8055,0.000,0.000
3172,105.8389,0.000,0.000
3173,105.8723,0.000,0.000
3174,105.9056,0.000,0.000
3175,105.9390,0.000,0.000
3176,105.9724,0.000,0.000
3177,106.0057,0.000,0.000
3178,106.0391,0.000,0.000
3179,106.0725,0.000,0.000
3180,106.1058,0.000,0.000
3181,106.1392,0.000,0.000
3182,106.1726,0.000,0.000
3183,106.2059,0.000,0.000
3184,106.2393,0.000,0.000
3185,106.2727,0.000,0.000
3186,106.3060,0.000,0.000
3187,106.3394,0.000,0.000
3188,106.3728,0.000,0.000
3189,106.4061,0.000,0.000
3190,106.4395,0.000,0.000
3191,106.4729,0.000,0.000
3192,106.5062,0.000,0.000
3193,106.5396,0.000,0.000
3194,106.5730,0.000,0.000
3195,106.6063,0.000,0.000
3196,106.6397,0.000,0.000
3197,106.6731,0.000,0.000
3198,106.7064,0.000,0.000
3199,106.7398,0.000,0.000
3200,106.7732,0.000,0.000
3201,106.8065,0.000,0.000
3202,106.8399,0.000,0.000
3203,106.8733,0.000,0.000
3204,106.9066,0.000,0.000
3205,106.9400,0.000,0.000
3206,106.9734,0.000,0.000
3207,107.0067,0.000,0.000
3208,107.0401,0.000,0.000
3209,107.0735,0.000,0.000
3210,107.1068,0.000,0.000
3211,107.1402,0.000,0.000
3212,107.1736,0.000,0.000
3213,107.2069,0.000,0.000
3214,107.2403,0.000,0.000
3215,107.2737,0.000,0.000
3216,107.3070,0.000,0.000
3217,107.3404,0.000,0.000
3218,107.3738,0.000,0.000
3219,107.4071,0.000,0.000
3220,107.4405,0.000,0.000
3221,107.4739,0.000,0.000
3222,107.5072,0.000,0.000
3223,107.5406,0.000,0.000
3224,107.5740,0.000,0.000
3225,107.6073,0.000,0.000
3226,107.6407,0.000,0.000
3227,107.6741,0.000,0.000
3228,107.7074,0.000,0.000
3229,107.7408,0.000,0.000
3230,107.7742,0.000,0.000
3231,107.8075,0.000,0.000
3232,107.8409,0.000,0.000
3233,107.8743,0.000,0.000
3234,107.9076,0.000,0.000
3235,107.9410,0.000,0.000
3236,107.9744,0.000,0.000
3237,108.0077,0.000,0.000
3238,108.0411,0.000,0.000
3239,108.0745,0.000,0.000
3240,108.1078,7.493,0.250
3241,108.1412,0.000,0.000
3242,108.1746,0.000,0.000
3243,108.2079,0.000,0.000
3244,108.2413,0.000,0.000
3245,108.2747,0.000,0.000
3246,108.3080,0.000,0.000
3247,108.3414,0.000,0.000
3248,108.3748,0.000,0.000
3249,108.4081,0.000,0.000
3250,108.4415,0.000,0.000
3251,108.4749,0.000,0.000
3252,108.5082,0.000,0.000
3253,108.5416,0.000,0.000
3254,108.5750,0.000,0.000
3255,108.6083,0.000,0.000
3256,108.6417,0.000,0.000
3257,108.6751,0.000,0.000
3258,108.7084,0.000,0.000
3259,108.7418,0.000,0.000
3260,108.7752,0.000,0.000
3261,108.8085,0.000,0.000
3262,108.8419,0.000,0.000
3263,108.8753,0.000,0.000
3264,108.9086,0.000,0.000
3265,108.9420,0.000,0.000
3266,108.9754,0.000,0.000
3267,109.0087,0.000,0.000
3268,109.0421,0.000,0.000
3269,109.0755,7.493,0.250
3270,109.1088,0.000,0.000
3271,109.1422,0.000,0.000
3272,109.1756,0.000,0.000
3273,109.2089,0.000,0.000
3274,109.2423,0.000,0.000
3275,109.2757,0.000,0.000
3276,109.3090,0.000,0.000
3277,109.3424,0.000,0.000
3278,109.3758,0.000,0.000
3279,109.4091,0.000,0.000
3280,109.4425,0.000,0.000
3281,109.4759,0.000,0.000
3282,109.5092,0.000,0.000
3283,109.5426,0.000,0.000
3284,109.5760,0.000,0.000
3285,109.6093,0.000,0.000
3286,109.6427,0.000,0.000
3287,109.6761,0.000,0.000
3288,109.7094,0.000,0.000
3289,109.7428,0.000,0.000
3290,109.7762,0.000,0.000
3291,109.8095,0.000,0.000
3292,109.8429,0.000,0.000
3293,109.8763,0.000,0.000
3294,109.9096,0.000,0.000
3295,109.9430,0.000,0.000
3296,109.9764,0.000,0.000
3297,110.0097,0.000,0.000
3298,110.0431,0.000,0.000
3299,110.0765,0.000,0.000
3300,110.1098,7.493,0.250
3301,110.1432,0.000,0.000
3302,110.1766,0.000,0.000
3303,110.2099,0.000,0.000
3304,110.2433,0.000,0.000
3305,110.2767,7.493,0.250
3306,110.3100,0.000,0.000
3307,110.3434,0.000,0.000
3308,110.3768,0.000,0.000
3309,110.4101,0.000,0.000
3310,110.4435,0.000,0.000
3311,110.4769,7.493,0.250
3312,110.5102,0.000,0.000
3313,110.5436,0.000,0.000
3314,110.5770,0.000,0.000
3315,110.6103,0.000,0.000
3316,110.6437,0.000,0.000
3317,110.6771,0.000,0.000
3318,110.7104,0.000,0.000
3319,110.7438,0.000,0.000
3320,110.7772,0.000,0.000
3321,110.8105,0.000,0.000
3322,110.8439,0.000,0.000
3323,110.8773,0.000,0.000
3324,110.9106,0.000,0.000
3325,110.9440,0.000,0.000
3326,110.9774,0.000,0.000
3327,111.0107,0.000,0.000
3328,111.0441,0.000,0.000
3329,111.0775,0.000,0.000
3330,111.1108,0.000,0.000
3331,111.1442,0.000,0.000
3332,111.1776,0.000,0.000
3333,111.2109,0.000,0.000
3334,111.2443,0.000,0.000
3335,111.2777,0.000,0.000
3336,111.3110,0.000,0.000
3337,111.3444,7.493,0.250
3338,111.3778,0.000,0.000
3339,111.4111,0.000,0.000
3340,111.4445,0.000,0.000
3341,111.4779,0.000,0.000
3342,111.5112,7.493,0.250
3343,111.5446,10.596,0.354
3344,111.5780,0.000,0.000
3345,111.6113,7.493,0.250
3346,111.6447,7.493,0.250
3347,111.6781,10.596,0.354
3348,111.7114,0.000,0.000
3349,111.7448,0.000,0.000
3350,111.7782,0.000,0.000
3351,111.8115,10.596,0.354
3352,111.8449,0.000,0.000
3353,111.8783,7.493,0.250
3354,111.9116,0.000,0.000
3355,111.9450,0.000,0.000
3356,111.9784,0.000,0.000
3357,112.0117,0.000,0.000
3358,112.0451,7.493,0.250
3359,112.0785,0.000,0.000
3360,112.1118,10.596,0.354
3361,112.1452,0.000,0.000
3362,112.1786,0.000,0.000
3363,112.2119,0.000,0.000
3364,112.2453,7.493,0.250
3365,112.2787,0.000,0.000
3366,112.3120,0.000,0.000
3367,112.3454,0.000,0.000
3368,112.3788,7.493,0.250
3369,112.4121,0.000,0.000
3370,112.4455,0.000,0.000
3371,112.4789,0.000,0.000
3372,112.5122,7.493,0.250
3373,112.5456,0.000,0.000
3374,112.5790,0.000,0.000
3375,112.6123,0.000,0.000
3376,112.6457,0.000,0.000
3377,112.6791,0.000,0.000
3378,112.7124,0.000,0.000
3379,112.7458,0.000,0.000
3380,112.7792,0.000,0.000
3381,112.8125,0.000,0.000
3382,112.8459,0.000,0.000
3383,112.8793,0.000,0.000
3384,112.9126,7.493,0.250
3385,112.9460,10.596,0.354
3386,112.9794,0.000,0.000
3387,113.0127,0.000,0.000
3388,113.0461,0.000,0.000
3389,113.0795,0.000,0.000
3390,113.1128,10.596,0.354
3391,113.1462,0.000,0.000
3392,113.1796,0.000,0.000
3393,113.2129,0.000,0.000
3394,113.2463,0.000,0.000
3395,113.2797,0.000,0.000
3396,113.3130,10.596,0.354
3397,113.3464,0.000,0.000
3398,113.3798,14.985,0.500
3399,113.4131,0.000,0.000
3400,113.4465,0.000,0.000
3401,113.4799,0.000,0.000
3402,113.5132,0.000,0.000
3403,113.5466,0.000,0.000
3404,113.5800,0.000,0.000
3405,113.6133,0.000,0.000
3406,113.6467,10.596,0.354
3407,113.6801,0.000,0.000
3408,113.7134,0.000,0.000
3409,113.7468,0.000,0.000
3410,113.7802,0.000,0.000
3411,113.8135,0.000,0.000
3412,113.8469,10.596,0.354
3413,113.8803,0.000,0.000
3414,113.9136,0.000,0.000
3415,113.9470,0.000,0.000
3416,113.9804,0.000,0.000
3417,114.0137,0.000,0.000
3418,114.0471,0.000,0.000
3419,114.0805,0.000,0.000
3420,114.1138,0.000,0.000
3421,114.1472,0.000,0.000
3422,114.1806,0.000,0.000
3423,114.2139,0.000,0.000
3424,114.2473,0.000,0.000
3425,114.2807,0.000,0.000
3426,114.3140,0.000,0.000
3427,114.3474,0.000,0.000
3428,114.3808,0.000,0.000
3429,114.4141,0.000,0.000
3430,114.4475,0.000,0.000
3431,114.4809,0.000,0.000
3432,114.5142,0.000,0.000
3433,114.5476,0.000,0.000
3434,114.5810,0.000,0.000
3435,114.6143,0.000,0.000
3436,114.6477,0.000,0.000
3437,114.6811,0.000,0.000
3438,114.7144,10.596,0.354
3439,114.7478,0.000,0.000
3440,114.7812,0.000,0.000
3441,114.8145,0.000,0.000
3442,114.8479,0.000,0.000
3443,114.8813,10.596,0.354
3444,114.9146,0.000,0.000
3445,114.9480,0.000,0.000
3446,114.9814,0.000,0.000
3447,115.0147,0.000,0.000
3448,115.0481,0.000,0.000
3449,115.0815,0.000,0.000
3450,115.1148,0.000,0.000
3451,115.1482,0.000,0.000
3452,115.1816,0.000,0.000
3453,115.2149,0.000,0.000
3454,115.2483,0.000,0.000
3455,115.2817,0.000,0.000
3456,115.3150,0.000,0.000
3457,115.3484,0.000,0.000
3458,115.3818,0.000,0.000
3459,115.4151,0.000,0.000
3460,115.4485,0.000,0.000
3461,115.4819,0.000,0.000
3462,115.5152,0.000,0.000
3463,115.5486,0.000,0.000
3464,115.5820,0.000,0.000
3465,115.6153,0.000,0.000
3466,115.6487,0.000,0.000
3467,115.6821,0.000,0.000
3468,115.7154,0.000,0.000
3469,115.7488,0.000,0.000
3470,115.7822,0.000,0.000
3471,115.8155,0.000,0.000
3472,115.8489,0.000,0.000
3473,115.8823,0.000,0.000
3474,115.9156,0.000,0.000
3475,115.9490,0.000,0.000
3476,115.9824,0.000,0.000
3477,116.0157,0.000,0.000
3478,116.0491,0.000,0.000
3479,116.0825,0.000,0.000
3480,116.1158,0.000,0.000
3481,116.1492,0.000,0.000
3482,116.1826,0.000,0.000
3483,116.2159,0.000,0.000
3484,116.2493,0.000,0.000
3485,116.2827,0.000,0.000
3486,116.3160,0.000,0.000
3487,116.3494,0.000,0.000
3488,116.3828,0.000,0.000
3489,116.4161,0.000,0.000
3490,116.4495,0.000,0.000
3491,116.4829,0.000,0.000
3492,116.5162,0.000,0.000
3493,116.5496,0.000,0.000
3494,116.5830,0.000,0.000
3495,116.6163,0.000,0.000
3496,116.6497,0.000,0.000
3497,116.6831,0.000,0.000
3498,116.7164,0.000,0.000
3499,116.7498,0.000,0.000
3500,116.7832,0.000,0.000
3501,116.8165,0.000,0.000
3502,116.8499,0.000,0.000
3503,116.8833,0.000,0.000
3504,116.9166,0.000,0.000
3505,116.9500,0.000,0.000
3506,116.9834,0.000,0.000
3507,117.0167,0.000,0.000
3508,117.0501,0.000,0.000
3509,117.0835,0.000,0.000
3510,117.1168,0.000,0.000
3511,117.1502,0.000,0.000
3512,117.1836,0.000,0.000
3513,117.2169,0.000,0.000
3514,117.2503,0.000,0.000
3515,117.2837,0.000,0.000
3516,117.3170,0.000,0.000
3517,117.3504,0.000,0.000
3518,117.3838,0.000,0.000
3519,117.4171,0.000,0.000
3520,117.4505,0.000,0.000
3521,117.4839,0.000,0.000
3522,117.5172,0.000,0.000
3523,117.5506,0.000,0.000
3524,117.5840,0.000,0.000
3525,117.6173,0.000,0.000
3526,117.6507,0.000,0.000
3527,117.6841,0.000,0.000
3528,117.7174,0.000,0.000
3529,117.7508,0.000,0.000
3530,117.7842,0.000,0.000
3531,117.8175,0.000,0.000
3532,117.8509,0.000,0.000
3533,117.8843,0.000,0.000
3534,117.9176,0.000,0.000
3535,117.9510,0.000,0.000
3536,117.9844,0.000,0.000
3537,118.0177,0.000,0.000
3538,118.0511,0.000,0.000
3539,118.0845,0.000,0.000
3540,118.1178,0.000,0.000
3541,118.1512,0.000,0.000
3542,118.1846,0.000,0.000
3543,118.2179,0.000,0.000
3544,118.2513,0.000,0.000
3545,118.2847,0.000,0.000
3546,118.3180,0.000,0.000
3547,118.3514,0.000,0.000
3548,118.3848,0.000,0.000
3549,118.4181,0.000,0.000
3550,118.4515,0.000,0.000
3551,118.4849,0.000,0.000
3552,118.5182,0.000,0.000
3553,118.5516,0.000,0.000
3554,118.5850,0.000,0.000
3555,118.6183,0.000,0.000
3556,118.6517,0.000,0.000
3557,118.6851,0.000,0.000
3558,118.7184,0.000,0.000
3559,118.7518,0.000,0.000
3560,118.7852,0.000,0.000
3561,118.8185,0.000,0.000
3562,118.8519,0.000,0.000
3563,118.8853,0.000,0.000
3564,118.9186,0.000,0.000
3565,118.9520,0.000,0.000
3566,118.9854,0.000,0.000
3567,119.0187,0.000,0.000
3568,119.0521,0.000,0.000
3569,119.0855,0.000,0.000
3570,119.1188,0.000,0.000
3571,119.1522,0.000,0.000
3572,119.1855,7.493,0.250
3573,119.2189,0.000,0.000
3574,119.2523,7.493,0.250
3575,119.2856,0.000,0.000
3576,119.3190,0.000,0.000
3577,119.3524,0.000,0.000
3578,119.3857,0.000,0.000
3579,119.4191,0.000,0.000
3580,119.4525,0.000,0.000
3581,119.4858,0.000,0.000
3582,119.5192,0.000,0.000
3583,119.5526,0.000,0.000
3584,119.5859,0.000,0.000
3585,119.6193,0.000,0.000
3586,119.6527,0.000,0.000
3587,119.6860,0.000,0.000
3588,119.7194,0.000,0.000
3589,119.7528,0.000,0.000
3590,119.7861,0.000,0.000
3591,119.8195,0.000,0.000
3592,119.8529,0.000,0.000
3593,119.8862,0.000,0.000
3594,119.9196,0.000,0.000
3595,119.9530,0.000,0.000
3596,119.9863,0.000,0.000
3597,120.0197,0.000,0.000
3598,120.0531,0.000,0.000
3599,120.0864,0.000,0.000
3600,120.1198,0.000,0.000
3601,120.1532,0.000,0.000
3602,120.1865,0.000,0.000
3603,120.2199,0.000,0.000
3604,120.2533,0.000,0.000
3605,120.2866,0.000,0.000
3606,120.3200,0.000,0.000
3607,120.3534,0.000,0.000
3608,120.3867,0.000,0.000
3609,120.4201,0.000,0.000
3610,120.4535,0.000,0.000
3611,120.4868,0.000,0.000
3612,120.5202,0.000,0.000
3613,120.5536,0.000,0.000
3614,120.5869,0.000,0.000
3615,120.6203,0.000,0.000
3616,120.6537,0.000,0.000
3617,120.6870,0.000,0.000
3618,120.7204,0.000,0.000
3619,120.7538,0.000,0.000
3620,120.7871,10.596,0.354
3621,120.8205,0.000,0.000
3622,120.8539,10.596,0.354
3623,120.8872,16.754,0.559
3624,120.9206,0.000,0.000
3625,120.9540,0.000,0.000
3626,120.9873,0.000,0.000
3627,121.0207,0.000,0.000
3628,121.0541,0.000,0.000
3629,121.0874,16.754,0.559
3630,121.1208,7.493,0.250
3631,121.1542,0.000,0.000
3632,121.1875,0.000,0.000
3633,121.2209,14.985,0.500
3634,121.2543,0.000,0.000
3635,121.2876,0.000,0.000
3636,121.3210,0.000,0.000
3637,121.3544,0.000,0.000
3638,121.3877,7.493,0.250
3639,121.4211,10.596,0.354
3640,121.4545,0.000,0.000
3641,121.4878,0.000,0.000
3642,121.5212,14.985,0.500
3643,121.5546,0.000,0.000
3644,121.5879,7.493,0.250
3645,121.6213,0.000,0.000
3646,121.6547,0.000,0.000
3647,121.6880,0.000,0.000
3648,121.7214,10.596,0.354
3649,121.7548,10.596,0.354
3650,121.7881,0.000,0.000
3651,121.8215,0.000,0.000
3652,121.8549,7.493,0.250
3653,121.8882,0.000,0.000
3654,121.9216,0.000,0.000
3655,121.9550,0.000,0.000
3656,121.9883,0.000,0.000
3657,122.0217,7.493,0.250
3658,122.0551,7.493,0.250
3659,122.0884,0.000,0.000
3660,122.1218,0.000,0.000
3661,122.1552,0.000,0.000
3662,122.1885,0.000,0.000
3663,122.2219,7.493,0.250
3664,122.2553,0.000,0.000
3665,122.2886,0.000,0.000
3666,122.3220,0.000,0.000
3667,122.3554,0.000,0.000
3668,122.3887,0.000,0.000
3669,122.4221,0.000,0.000
3670,122.4555,7.493,0.250
3671,122.4888,0.000,0.000
3672,122.5222,0.000,0.000
3673,122.5556,0.000,0.000
3674,122.5889,0.000,0.000
3675,122.6223,0.000,0.000
3676,122.6557,0.000,0.000
3677,122.6890,0.000,0.000
3678,122.7224,0.000,0.000
3679,122.7558,7.493,0.250
3680,122.7891,0.000,0.000
3681,122.8225,0.000,0.000
3682,122.8559,0.000,0.000
3683,122.8892,0.000,0.000
3684,122.9226,0.000,0.000
3685,122.9560,0.000,0.000
3686,122.9893,0.000,0.000
3687,123.0227,0.000,0.000
3688,123.0561,0.000,0.000
3689,123.0894,7.493,0.250
3690,123.1228,0.000,0.000
3691,123.1562,0.000,0.000
3692,123.1895,0.000,0.000
3693,123.2229,0.000,0.000
3694,123.2563,7.493,0.250
3695,123.2896,7.493,0.250
3696,123.3230,16.754,0.559
3697,123.3564,7.493,0.250
3698,123.3897,16.754,0.559
3699,123.4231,16.754,0.559
3700,123.4565,0.000,0.000
3701,123.4898,16.754,0.559
3702,123.5232,7.493,0.250
3703,123.5566,14.985,0.500
3704,123.5899,10.596,0.354
3705,123.6233,0.000,0.000
3706,123.6567,7.493,0.250
3707,123.6900,14.985,0.500
3708,123.7234,7.493,0.250
3709,123.7568,7.493,0.250
3710,123.7901,16.754,0.559
3711,123.8235,0.000,0.000
3712,123.8569,14.985,0.500
3713,123.8902,7.493,0.250
3714,123.9236,16.754,0.559
3715,123.9570,10.596,0.354
3716,123.9903,16.754,0.559
3717,124.0237,10.596,0.354
3718,124.0571,7.493,0.250
3719,124.0904,0.000,0.000
3720,124.1238,10.596,0.354
3721,124.1572,0.000,0.000
3722,124.1905,0.000,0.000
3723,124.2239,16.754,0.559
3724,124.2573,0.000,0.000
3725,124.2906,7.493,0.250
3726,124.3240,7.493,0.250
3727,124.3574,7.493,0.250
3728,124.3907,0.000,0.000
3729,124.4241,10.596,0.354
3730,124.4575,16.754,0.559
3731,124.4908,7.493,0.250
3732,124.5242,0.000,0.000
3733,124.5576,0.000,0.000
3734,124.5909,16.754,0.559
3735,124.6243,16.754,0.559
3736,124.6577,7.493,0.250
3737,124.6910,0.000,0.000
3738,124.7244,7.493,0.250
3739,124.7578,0.000,0.000
3740,124.7911,7.493,0.250
3741,124.8245,0.000,0.000
3742,124.8579,14.985,0.500
3743,124.8912,7.493,0.250
3744,124.9246,0.000,0.000
3745,124.9580,10.596,0.354
3746,124.9913,10.596,0.354
3747,125.0247,0.000,0.000
3748,125.0581,16.754,0.559
3749,125.0914,0.000,0.000
3750,125.1248,0.000,0.000
3751,125.1582,16.754,0.559
3752,125.1915,0.000,0.000
3753,125.2249,7.493,0.250
3754,125.2583,7.493,0.250
3755,125.2916,7.493,0.250
3756,125.3250,0.000,0.000
3757,125.3584,7.493,0.250
3758,125.3917,7.493,0.250
3759,125.4251,7.493,0.250
3760,125.4585,0.000,0.000
3761,125.4918,0.000,0.000
3762,125.5252,0.000,0.000
3763,125.5586,0.000,0.000
3764,125.5919,21.192,0.707
3765,125.6253,0.000,0.000
3766,125.6587,0.000,0.000
3767,125.6920,0.000,0.000
3768,125.7254,10.596,0.354
3769,125.7588,0.000,0.000
3770,125.7921,0.000,0.000
3771,125.8255,0.000,0.000
3772,125.8589,0.000,0.000
3773,125.8922,14.985,0.500
3774,125.9256,14.985,0.500
3775,125.9590,0.000,0.000
3776,125.9923,0.000,0.000
3777,126.0257,0.000,0.000
3778,126.0591,7.493,0.250
3779,126.0924,0.000,0.000
3780,126.1258,7.493,0.250
3781,126.1592,0.000,0.000
3782,126.1925,0.000,0.000
3783,126.2259,0.000,0.000
3784,126.2593,7.493,0.250
3785,126.2926,0.000,0.000
3786,126.3260,0.000,0.000
3787,126.3594,0.000,0.000
3788,126.3927,7.493,0.250
3789,126.4261,0.000,0.000
3790,126.4595,27.015,0.901
3791,126.4928,0.000,0.000
3792,126.5262,0.000,0.000
3793,126.5596,7.493,0.250
3794,126.5929,0.000,0.000
3795,126.6263,0.000,0.000
3796,126.6597,0.000,0.000
3797,126.6930,0.000,0.000
3798,126.7264,0.000,0.000
3799,126.7598,0.000,0.000
3800,126.7931,0.000,0.000
3801,126.8265,0.000,0.000
3802,126.8599,0.000,0.000
3803,126.8932,0.000,0.000
3804,126.9266,0.000,0.000
3805,126.9600,0.000,0.000
3806,126.9933,7.493,0.250
3807,127.0267,7.493,0.250
3808,127.0601,0.000,0.000
3809,127.0934,0.000,0.000
3810,127.1268,0.000,0.000
3811,127.1602,0.000,0.000
3812,127.1935,7.493,0.250
3813,127.2269,0.000,0.000
3814,127.2603,0.000,0.000
3815,127.2936,0.000,0.000
3816,127.3270,0.000,0.000
3817,127.3604,0.000,0.000
3818,127.3937,7.493,0.250
3819,127.4271,0.000,0.000
3820,127.4605,0.000,0.000
3821,127.4938,7.493,0.250
3822,127.5272,0.000,0.000
3823,127.5606,0.000,0.000
3824,127.5939,0.000,0.000
3825,127.6273,0.000,0.000
3826,127.6607,0.000,0.000
3827,127.6940,0.000,0.000
3828,127.7274,0.000,0.000
3829,127.7608,0.000,0.000
3830,127.7941,0.000,0.000
3831,127.8275,0.000,0.000
3832,127.8609,0.000,0.000
3833,127.8942,0.000,0.000
3834,127.9276,0.000,0.000
3835,127.9610,0.000,0.000
3836,127.9943,0.000,0.000
3837,128.0277,0.000,0.000
3838,128.0611,0.000,0.000
3839,128.0944,0.000,0.000
3840,128.1278,0.000,0.000
3841,128.1612,0.000,0.000
3842,128.1945,0.000,0.000
3843,128.2279,0.000,0.000
3844,128.2613,0.000,0.000
3845,128.2946,0.000,0.000
3846,128.3280,0.000,0.000
3847,128.3614,0.000,0.000
3848,128.3947,0.000,0.000
3849,128.4281,0.000,0.000
3850,128.4615,0.000,0.000
3851,128.4948,0.000,0.000
3852,128.5282,0.000,0.000
3853,128.5616,0.000,0.000
3854,128.5949,0.000,0.000
3855,128.6283,0.000,0.000
3856,128.6617,0.000,0.000
3857,128.6950,0.000,0.000
3858,128.7284,0.000,0.000
3859,128.7618,0.000,0.000
3860,128.7951,0.000,0.000
3861,128.8285,0.000,0.000
3862,128.8619,0.000,0.000
3863,128.8952,0.000,0.000
3864,128.9286,0.000,0.000
3865,128.9620,0.000,0.000
3866,128.9953,0.000,0.000
3867,129.0287,0.000,0.000
3868,129.0621,0.000,0.000
3869,129.0954,0.000,0.000
3870,129.1288,0.000,0.000
3871,129.1622,0.000,0.000
3872,129.1955,0.000,0.000
3873,129.2289,0.000,0.000
3874,129.2623,0.000,0.000
3875,129.2956,0.000,0.000
3876,129.3290,0.000,0.000
3877,129.3624,0.000,0.000
3878,129.3957,0.000,0.000
3879,129.4291,0.000,0.000
3880,129.4625,0.000,0.000
3881,129.4958,0.000,0.000
3882,129.5292,0.000,0.000
3883,129.5626,0.000,0.000
3884,129.5959,0.000,0.000
3885,129.6293,0.000,0.000
3886,129.6627,0.000,0.000
3887,129.6960,0.000,0.000
3888,129.7294,0.000,0.000
3889,129.7628,0.000,0.000
3890,129.7961,0.000,0.000
3891,129.8295,0.000,0.000
3892,129.8629,0.000,0.000
3893,129.8962,0.000,0.000
3894,129.9296,0.000,0.000
3895,129.9630,0.000,0.000
3896,129.9963,0.000,0.000
3897,130.0297,0.000,0.000
3898,130.0631,0.000,0.000
3899,130.0964,0.000,0.000
3900,130.1298,0.000,0.000
3901,130.1632,0.000,0.000
3902,130.1965,0.000,0.000
3903,130.2299,0.000,0.000
3904,130.2633,0.000,0.000
3905,130.2966,0.000,0.000
3906,130.3300,0.000,0.000
3907,130.3634,0.000,0.000
3908,130.3967,0.000,0.000
3909,130.4301,0.000,0.000
3910,130.4635,0.000,0.000
3911,130.4968,0.000,0.000
3912,130.5302,0.000,0.000
3913,130.5636,0.000,0.000
3914,130.5969,0.000,0.000
3915,130.6303,0.000,0.000
3916,130.6637,0.000,0.000
3917,130.6970,0.000,0.000
3918,130.7304,0.000,0.000
3919,130.7638,0.000,0.000
3920,130.7971,0.000,0.000
3921,130.8305,0.000,0.000
3922,130.8639,0.000,0.000
3923,130.8972,0.000,0.000
3924,130.9306,0.000,0.000
3925,130.9640,0.000,0.000
3926,130.9973,0.000,0.000
3927,131.0307,0.000,0.000
3928,131.0641,0.000,0.000
3929,131.0974,0.000,0.000
3930,131.1308,0.000,0.000
3931,131.1642,0.000,0.000
3932,131.1975,0.000,0.000
3933,131.2309,0.000,0.000
3934,131.2643,0.000,0.000
3935,131.2976,0.000,0.000
3936,131.3310,0.000,0.000
3937,131.3644,0.000,0.000
3938,131.3977,0.000,0.000
3939,131.4311,0.000,0.000
3940,131.4645,0.000,0.000
3941,131.4978,0.000,0.000
3942,131.5312,0.000,0.000
3943,131.5646,0.000,0.000
3944,131.5979,0.000,0.000
3945,131.6313,0.000,0.000
3946,131.6647,0.000,0.000
3947,131.6980,0.000,0.000
3948,131.7314,0.000,0.000
3949,131.7648,0.000,0.000
3950,131.7981,0.000,0.000
3951,131.8315,0.000,0.000
3952,131.8649,0.000,0.000
3953,131.8982,0.000,0.000
3954,131.9316,0.000,0.000
3955,131.9650,7.493,0.250
3956,131.9983,0.000,0.000
3957,132.0317,0.000,0.000
3958,132.0651,0.000,0.000
3959,132.0984,0.000,0.000
3960,132.1318,7.493,0.250
3961,132.1652,0.000,0.000
3962,132.1985,0.000,0.000
3963,132.2319,0.000,0.000
3964,132.2653,0.000,0.000
3965,132.2986,0.000,0.000
3966,132.3320,0.000,0.000
3967,132.3654,0.000,0.000
3968,132.3987,0.000,0.000
3969,132.4321,0.000,0.000
3970,132.4655,0.000,0.000
3971,132.4988,0.000,0.000
3972,132.5322,0.000,0.000
3973,132.5656,0.000,0.000
3974,132.5989,0.000,0.000
3975,132.6323,0.000,0.000
3976,132.6657,0.000,0.000
3977,132.6990,0.000,0.000
3978,132.7324,0.000,0.000
3979,132.7658,0.000,0.000
3980,132.7991,0.000,0.000
3981,132.8325,0.000,0.000
3982,132.8659,0.000,0.000
3983,132.8992,0.000,0.000
3984,132.9326,0.000,0.000
3985,132.9660,0.000,0.000
3986,132.9993,0.000,0.000
3987,133.0327,0.000,0.000
3988,133.0661,0.000,0.000
3989,133.0994,0.000,0.000
3990,133.1328,0.000,0.000
3991,133.1662,0.000,0.000
3992,133.1995,0.000,0.000
3993,133.2329,0.000,0.000
3994,133.2663,0.000,0.000
3995,133.2996,0.000,0.000
3996,133.3330,0.000,0.000
3997,133.3664,0.000,0.000
3998,133.3997,0.000,0.000
3999,133.4331,0.000,0.000
4000,133.4665,0.000,0.000
4001,133.4998,0.000,0.000
4002,133.5332,0.000,0.000
4003,133.5666,0.000,0.000
4004,133.5999,0.000,0.000
4005,133.6333,0.000,0.000
4006,133.6667,0.000,0.000
4007,133.7000,0.000,0.000
4008,133.7334,0.000,0.000
4009,133.7668,0.000,0.000
4010,133.8001,0.000,0.000
4011,133.8335,0.000,0.000
4012,133.8669,0.000,0.000
4013,133.9002,0.000,0.000
4014,133.9336,0.000,0.000
4015,133.9670,0.000,0.000
4016,134.0003,0.000,0.000
4017,134.0337,0.000,0.000
4018,134.0671,0.000,0.000
4019,134.1004,0.000,0.000
4020,134.1338,0.000,0.000
4021,134.1672,0.000,0.000
4022,134.2005,0.000,0.000
4023,134.2339,0.000,0.000
4024,134.2673,0.000,0.000
4025,134.3006,0.000,0.000
4026,134.3340,0.000,0.000
4027,134.3674,0.000,0.000
4028,134.4007,0.000,0.000
4029,134.4341,0.000,0.000
4030,134.4675,0.000,0.000
4031,134.5008,0.000,0.000
4032,134.5342,10.596,0.354
4033,134.5676,0.000,0.000
4034,134.6009,0.000,0.000
4035,134.6343,0.000,0.000
4036,134.6677,0.000,0.000
4037,134.7010,0.000,0.000
4038,134.7344,0.000,0.000
4039,134.7678,0.000,0.000
4040,134.8011,0.000,0.000
4041,134.8345,0.000,0.000
4042,134.8679,0.000,0.000
4043,134.9012,0.000,0.000
4044,134.9346,0.000,0.000
4045,134.9680,10.596,0.354
4046,135.0013,0.000,0.000
4047,135.0347,0.000,0.000
4048,135.0681,0.000,0.000
4049,135.1014,0.000,0.000
4050,135.1348,0.000,0.000
4051,135.1682,0.000,0.000
4052,135.2015,0.000,0.000
4053,135.2349,0.000,0.000
4054,135.2683,0.000,0.000
4055,135.3016,0.000,0.000
4056,135.3350,0.000,0.000
4057,135.3684,0.000,0.000
4058,135.4017,0.000,0.000
4059,135.4351,0.000,0.000
4060,135.4685,0.000,0.000
4061,135.5018,0.000,0.000
4062,135.5352,0.000,0.000
4063,135.5686,0.000,0.000
4064,135.6019,0.000,0.000
4065,135.6353,0.000,0.000
4066,135.6687,0.000,0.000
4067,135.7020,0.000,0.000
4068,135.7354,0.000,0.000
4069,135.7688,0.000,0.000
4070,135.8021,0.000,0.000
4071,135.8355,0.000,0.000
4072,135.8689,0.000,0.000
4073,135.9022,0.000,0.000
4074,135.9356,0.000,0.000
4075,135.9690,0.000,0.000
4076,136.0023,0.000,0.000
4077,136.0357,0.000,0.000
4078,136.0691,0.000,0.000
4079,136.1024,0.000,0.000
4080,136.1358,0.000,0.000
4081,136.1692,0.000,0.000
4082,136.2025,0.000,0.000
4083,136.2359,0.000,0.000
4084,136.2693,0.000,0.000
4085,136.3026,0.000,0.000
4086,136.3360,0.000,0.000
4087,136.3694,0.000,0.000
4088,136.4027,0.000,0.000
4089,136.4361,0.000,0.000
4090,136.4695,0.000,0.000
4091,136.5028,0.000,0.000
4092,136.5362,0.000,0.000
4093,136.5696,0.000,0.000
4094,136.6029,0.000,0.000
4095,136.6363,0.000,0.000
4096,136.6697,0.000,0.000
4097,136.7030,0.000,0.000
4098,136.7364,0.000,0.000
4099,136.7698,0.000,0.000
4100,136.8031,0.000,0.000
4101,136.8365,0.000,0.000
4102,136.8699,0.000,0.000
4103,136.9032,0.000,0.000
4104,136.9366,0.000,0.000
4105,136.9700,0.000,0.000
4106,137.0033,0.000,0.000
4107,137.0367,10.596,0.354
4108,137.0701,0.000,0.000
4109,137.1034,0.000,0.000
4110,137.1368,0.000,0.000
4111,137.1702,0.000,0.000
4112,137.2035,0.000,0.000
4113,137.2369,0.000,0.000
4114,137.2703,0.000,0.000
4115,137.3036,0.000,0.000
4116,137.3370,0.000,0.000
4117,137.3704,0.000,0.000
4118,137.4037,0.000,0.000
4119,137.4371,0.000,0.000
4120,137.4705,0.000,0.000
4121,137.5038,0.000,0.000
4122,137.5372,0.000,0.000
4123,137.5706,0.000,0.000
4124,137.6039,0.000,0.000
4125,137.6373,0.000,0.000
4126,137.6707,0.000,0.000
4127,137.7040,0.000,0.000
4128,137.7374,0.000,0.000
4129,137.7708,10.596,0.354
4130,137.8041,0.000,0.000
4131,137.8375,0.000,0.000
4132,137.8709,0.000,0.000
4133,137.9042,0.000,0.000
4134,137.9376,0.000,0.000
4135,137.9710,0.000,0.000
4136,138.0043,0.000,0.000
4137,138.0377,0.000,0.000
4138,138.0711,0.000,0.000
4139,138.1044,0.000,0.000
4140,138.1378,0.000,0.000
4141,138.1712,0.000,0.000
4142,138.2045,0.000,0.000
4143,138.2379,0.000,0.000
4144,138.2713,0.000,0.000
4145,138.3046,0.000,0.000
4146,138.3380,0.000,0.000
4147,138.3714,0.000,0.000
4148,138.4047,0.000,0.000
4149,138.4381,0.000,0.000
4150,138.4715,0.000,0.000
4151,138.5048,0.000,0.000
4152,138.5382,0.000,0.000
4153,138.5716,0.000,0.000
4154,138.6049,0.000,0.000
4155,138.6383,0.000,0.000
4156,138.6717,0.000,0.000
4157,138.7050,0.000,0.000
4158,138.7384,0.000,0.000
4159,138.7718,0.000,0.000
4160,138.8051,0.000,0.000
4161,138.8385,0.000,0.000
4162,138.8719,10.596,0.354
4163,138.9052,0.000,0.000
4164,138.9386,0.000,0.000
4165,138.9720,0.000,0.000
4166,139.0053,0.000,0.000
4167,139.0387,0.000,0.000
4168,139.0721,0.000,0.000
4169,139.1054,0.000,0.000
4170,139.1388,0.000,0.000
4171,139.1722,0.000,0.000
4172,139.2055,10.596,0.354
4173,139.2389,10.596,0.354
4174,139.2723,0.000,0.000
4175,139.3056,0.000,0.000
4176,139.3390,0.000,0.000
4177,139.3724,0.000,0.000
4178,139.4057,0.000,0.000
4179,139.4391,0.000,0.000
4180,139.4725,0.000,0.000
4181,139.5058,0.000,0.000
4182,139.5392,0.000,0.000
4183,139.5726,0.000,0.000
4184,139.6059,0.000,0.000
4185,139.6393,0.000,0.000
4186,139.6727,0.000,0.000
4187,139.7060,0.000,0.000
4188,139.7394,0.000,0.000
4189,139.7728,0.000,0.000
4190,139.8061,0.000,0.000
4191,139.8395,0.000,0.000
4192,139.8729,0.000,0.000
4193,139.9062,0.000,0.000
4194,139.9396,0.000,0.000
4195,139.9730,0.000,0.000
4196,140.0063,0.000,0.000
4197,140.0397,0.000,0.000
4198,140.0731,0.000,0.000
4199,140.1064,0.000,0.000
4200,140.1398,16.754,0.559
4201,140.1732,0.000,0.000
4202,140.2065,7.493,0.250
4203,140.2399,0.000,0.000
4204,140.2733,0.000,0.000
4205,140.3066,0.000,0.000
4206,140.3400,0.000,0.000
4207,140.3734,0.000,0.000
4208,140.4067,0.000,0.000
4209,140.4401,0.000,0.000
4210,140.4735,0.000,0.000
4211,140.5068,0.000,0.000
4212,140.5402,0.000,0.000
4213,140.5736,0.000,0.000
4214,140.6069,0.000,0.000
4215,140.6403,0.000,0.000
4216,140.6737,0.000,0.000
4217,140.7070,0.000,0.000
4218,140.7404,0.000,0.000
4219,140.7737,0.000,0.000
4220,140.8071,0.000,0.000
4221,140.8405,0.000,0.000
4222,140.8738,0.000,0.000
4223,140.9072,0.000,0.000
4224,140.9406,0.000,0.000
4225,140.9739,0.000,0.000
4226,141.0073,0.000,0.000
4227,141.0407,0.000,0.000
4228,141.0740,0.000,0.000
4229,141.1074,0.000,0.000
4230,141.1408,0.000,0.000
4231,141.1741,0.000,0.000
4232,141.2075,0.000,0.000
4233,141.2409,0.000,0.000
4234,141.2742,0.000,0.000
4235,141.3076,0.000,0.000
4236,141.3410,0.000,0.000
4237,141.3743,0.000,0.000
4238,141.4077,0.000,0.000
4239,141.4411,0.000,0.000
4240,141.4744,0.000,0.000
4241,141.5078,0.000,0.000
4242,141.5412,0.000,0.000
4243,141.5745,0.000,0.000
4244,141.6079,0.000,0.000
4245,141.6413,0.000,0.000
4246,141.6746,0.000,0.000
4247,141.7080,0.000,0.000
4248,141.7414,0.000,0.000
4249,141.7747,0.000,0.000
4250,141.8081,0.000,0.000
4251,141.8415,0.000,0.000
4252,141.8748,0.000,0.000
4253,141.9082,0.000,0.000
4254,141.9416,0.000,0.000
4255,141.9749,0.000,0.000
4256,142.0083,0.000,0.000
4257,142.0417,10.596,0.354
4258,142.0750,0.000,0.000
4259,142.1084,0.000,0.000
4260,142.1418,0.000,0.000
4261,142.1751,0.000,0.000
4262,142.2085,0.000,0.000
4263,142.2419,0.000,0.000
4264,142.2752,0.000,0.000
4265,142.3086,0.000,0.000
4266,142.3420,0.000,0.000
4267,142.3753,10.596,0.354
4268,142.4087,0.000,0.000
4269,142.4421,0.000,0.000
4270,142.4754,0.000,0.000
4271,142.5088,0.000,0.000
4272,142.5422,0.000,0.000
4273,142.5755,0.000,0.000
4274,142.6089,0.000,0.000
4275,142.6423,0.000,0.000
4276,142.6756,0.000,0.000
4277,142.7090,0.000,0.000
4278,142.7424,0.000,0.000
4279,142.7757,0.000,0.000
4280,142.8091,0.000,0.000
4281,142.8425,0.000,0.000
4282,142.8758,0.000,0.000
4283,142.9092,0.000,0.000
4284,142.9426,0.000,0.000
4285,142.9759,0.000,0.000
4286,143.0093,0.000,0.000
4287,143.0427,0.000,0.000
4288,143.0760,0.000,0.000
4289,143.1094,0.000,0.000
4290,143.1428,0.000,0.000
4291,143.1761,0.000,0.000
4292,143.2095,0.000,0.000
4293,143.2429,0.000,0.000
4294,143.2762,0.000,0.000
4295,143.3096,0.000,0.000
4296,143.3430,0.000,0.000
4297,143.3763,0.000,0.000
4298,143.4097,0.000,0.000
4299,143.4431,0.000,0.000
4300,143.4764,0.000,0.000
4301,143.5098,0.000,0.000
4302,143.5432,0.000,0.000
4303,143.5765,0.000,0.000
4304,143.6099,0.000,0.000
4305,143.6433,0.000,0.000
4306,143.6766,0.000,0.000
4307,143.7100,0.000,0.000
4308,143.7434,0.000,0.000
4309,143.7767,0.000,0.000
4310,143.8101,0.000,0.000
4311,143.8435,0.000,0.000
4312,143.8768,0.000,0.000
4313,143.9102,0.000,0.000
4314,143.9436,0.000,0.000
4315,143.9769,0.000,0.000
4316,144.0103,0.000,0.000
4317,144.0437,0.000,0.000
4318,144.0770,0.000,0.000
4319,144.1104,0.000,0.000
4320,144.1438,0.000,0.000
4321,144.1771,0.000,0.000
4322,144.2105,0.000,0.000
4323,144.2439,0.000,0.000
4324,144.2772,0.000,0.000
4325,144.3106,0.000,0.000
4326,144.3440,0.000,0.000
4327,144.3773,0.000,0.000
4328,144.4107,0.000,0.000
4329,144.4441,0.000,0.000
4330,144.4774,0.000,0.000
4331,144.5108,0.000,0.000
4332,144.5442,0.000,0.000
4333,144.5775,0.000,0.000
4334,144.6109,0.000,0.000
4335,144.6443,0.000,0.000
4336,144.6776,0.000,0.000
4337,144.7110,0.000,0.000
4338,144.7444,0.000,0.000
4339,144.7777,0.000,0.000
4340,144.8111,0.000,0.000
4341,144.8445,0.000,0.000
4342,144.8778,0.000,0.000
4343,144.9112,0.000,0.000
4344,144.9446,0.000,0.000
4345,144.9779,0.000,0.000
4346,145.0113,0.000,0.000
4347,145.0447,0.000,0.000
4348,145.0780,0.000,0.000
4349,145.1114,0.000,0.000
4350,145.1448,0.000,0.000
4351,145.1781,0.000,0.000
4352,145.2115,0.000,0.000
4353,145.2449,0.000,0.000
4354,145.2782,0.000,0.000
4355,145.3116,0.000,0.000
4356,145.3450,0.000,0.000
4357,145.3783,0.000,0.000
4358,145.4117,0.000,0.000
4359,145.4451,0.000,0.000
4360,145.4784,0.000,0.000
4361,145.5118,0.000,0.000
4362,145.5452,0.000,0.000
4363,145.5785,0.000,0.000
4364,145.6119,0.000,0.000
4365,145.6453,0.000,0.000
4366,145.6786,0.000,0.000
4367,145.7120,0.000,0.000
4368,145.7454,0.000,0.000
4369,145.7787,0.000,0.000
4370,145.8121,0.000,0.000
4371,145.8455,0.000,0.000
4372,145.8788,0.000,0.000
4373,145.9122,0.000,0.000
4374,145.9456,0.000,0.000
4375,145.9789,0.000,0.000
4376,146.0123,0.000,0.000
4377,146.0457,0.000,0.000
4378,146.0790,0.000,0.000
4379,146.1124,0.000,0.000
4380,146.1458,7.493,0.250
4381,146.1791,0.000,0.000
4382,146.2125,16.754,0.559
4383,146.2459,7.493,0.250
4384,146.2792,10.596,0.354
4385,146.3126,7.493,0.250
4386,146.3460,10.596,0.354
4387,146.3793,22.478,0.750
4388,146.4127,7.493,0.250
4389,146.4461,7.493,0.250
4390,146.4794,38.205,1.275
4391,146.5128,14.985,0.500
4392,146.5462,22.478,0.750
4393,146.5795,40.348,1.346
4394,146.6129,22.478,0.750
4395,146.6463,23.693,0.791
4396,146.6796,57.061,1.904
4397,146.7130,22.478,0.750
4398,146.7464,40.348,1.346
4399,146.7797,45.575,1.521
4400,146.8131,97.403,3.250
4401,146.8465,22.478,0.750
4402,146.8798,29.970,1.000
4403,146.9132,52.980,1.768
4404,146.9466,60.407,2.016
4405,146.9799,91.150,3.041
4406,147.0133,22.478,0.750
4407,147.0467,52.448,1.750
4408,147.0800,67.433,2.250
4409,147.1134,29.970,1.000
4410,147.1468,40.348,1.346
4411,147.1801,38.205,1.275
4412,147.2135,37.463,1.250
4413,147.2469,16.754,0.559
4414,147.2802,23.693,0.791
4415,147.3136,16.754,0.559
4416,147.3470,16.754,0.559
4417,147.3803,0.000,0.000
4418,147.4137,0.000,0.000
4419,147.4471,0.000,0.000
4420,147.4804,0.000,0.000
4421,147.5138,0.000,0.000
4422,147.5472,0.000,0.000
4423,147.5805,0.000,0.000
4424,147.6139,0.000,0.000
4425,147.6473,0.000,0.000
4426,147.6806,21.192,0.707
4427,147.7140,16.754,0.559
4428,147.7474,22.478,0.750
4429,147.7807,47.976,1.601
4430,147.8141,42.384,1.414
4431,147.8475,60.407,2.016
4432,147.8808,84.768,2.828
4433,147.9142,81.044,2.704
4434,147.9476,52.980,1.768
4435,147.9809,60.407,2.016
4436,148.0143,93.881,3.132
4437,148.0477,101.909,3.400
4438,148.0810,144.705,4.828
4439,148.1144,40.348,1.346
4440,148.1478,69.078,2.305
4441,148.1811,52.448,1.750
4442,148.2145,54.029,1.803
4443,148.2479,31.788,1.061
4444,148.2812,10.596,0.354
4445,148.3146,7.493,0.250
4446,148.3480,10.596,0.354
4447,148.3813,27.015,0.901
4448,148.4147,16.754,0.559
4449,148.4481,16.754,0.559
4450,148.4814,82.418,2.750
4451,148.5148,43.689,1.458
4452,148.5482,38.205,1.275
4453,148.5815,54.546,1.820
4454,148.6149,150.598,5.025
4455,148.6483,61.785,2.062
4456,148.6816,91.150,3.041
4457,148.7150,149.287,4.981
4458,148.7484,60.407,2.016
4459,148.7817,114.614,3.824
4460,148.8151,82.758,2.761
4461,148.8485,52.980,1.768
4462,148.8818,29.970,1.000
4463,148.9152,21.192,0.707
4464,148.9486,0.000,0.000
4465,148.9819,22.478,0.750
4466,149.0153,7.493,0.250
4467,149.0487,0.000,0.000
4468,149.0820,0.000,0.000
4469,149.1154,0.000,0.000
4470,149.1488,0.000,0.000
4471,149.1821,23.693,0.791
4472,149.2155,29.970,1.000
4473,149.2489,47.387,1.581
4474,149.2822,135.073,4.507
4475,149.3156,124.023,4.138
4476,149.3490,73.793,2.462
4477,149.3823,61.785,2.062
4478,149.4157,144.705,4.828
4479,149.4491,110.626,3.691
4480,149.4824,116.315,3.881
4481,149.5158,98.549,3.288
4482,149.5492,27.015,0.901
4483,149.5825,31.788,1.061
4484,149.6159,0.000,0.000
4485,149.6493,16.754,0.559
4486,149.6826,33.508,1.118
4487,149.7160,16.754,0.559
4488,149.7494,61.785,2.062
4489,149.7827,90.222,3.010
4490,149.8161,92.677,3.092
4491,149.8495,94.774,3.162
4492,149.8828,109.093,3.640
4493,149.9162,121.045,4.039
4494,149.9496,130.851,4.366
4495,149.9829,61.785,2.062
4496,150.0163,57.061,1.904
4497,150.0497,101.909,3.400
4498,150.0830,82.758,2.761
4499,150.1164,40.348,1.346
4500,150.1498,23.693,0.791
4501,150.1831,30.892,1.031
4502,150.2165,27.015,0.901
4503,150.2499,30.892,1.031
4504,150.2832,22.478,0.750
4505,150.3166,0.000,0.000
4506,150.3500,29.970,1.000
4507,150.3833,33.508,1.118
4508,150.4167,45.575,1.521
4509,150.4501,138.155,4.610
4510,150.4834,71.080,2.372
4511,150.5168,61.785,2.062
4512,150.5502,124.023,4.138
4513,150.5835,134.030,4.472
4514,150.6169,124.023,4.138
4515,150.6503,111.384,3.717
4516,150.6836,112.637,3.758
4517,150.7170,27.015,0.901
4518,150.7504,22.478,0.750
4519,150.7837,7.493,0.250
4520,150.8171,16.754,0.559
4521,150.8505,0.000,0.000
4522,150.8838,50.261,1.677
4523,150.9172,16.754,0.559
4524,150.9506,82.418,2.750
4525,150.9839,44.955,1.500
4526,151.0173,52.448,1.750
4527,151.0507,167.538,5.590
4528,151.0840,113.382,3.783
4529,151.1174,105.960,3.536
4530,151.1508,52.980,1.768
4531,151.1841,60.407,2.016
4532,151.2175,112.637,3.758
4533,151.2509,104.895,3.500
4534,151.2842,76.409,2.550
4535,151.3176,69.078,2.305
4536,151.3510,42.384,1.414
4537,151.3843,47.387,1.581
4538,151.4177,0.000,0.000
4539,151.4511,23.693,0.791
4540,151.4844,22.478,0.750
4541,151.5178,14.985,0.500
4542,151.5512,0.000,0.000
4543,151.5845,0.000,0.000
4544,151.6179,0.000,0.000
4545,151.6513,0.000,0.000
4546,151.6846,0.000,0.000
4547,151.7180,7.493,0.250
4548,151.7514,0.000,0.000
4549,151.7847,0.000,0.000
4550,151.8181,30.892,1.031
4551,151.8515,27.015,0.901
4552,151.8848,61.785,2.062
4553,151.9182,52.980,1.768
4554,151.9516,77.140,2.574
4555,151.9849,30.892,1.031
4556,152.0183,43.689,1.458
4557,152.0517,67.015,2.236
4558,152.0850,107.277,3.579
4559,152.1184,83.769,2.795
4560,152.1518,80.697,2.693
4561,152.1851,23.693,0.791
4562,152.2185,85.428,2.850
4563,152.2519,57.061,1.904
4564,152.2852,54.029,1.803
4565,152.3186,75.299,2.512
4566,152.3520,16.754,0.559
4567,152.3853,38.205,1.275
4568,152.4187,23.693,0.791
4569,152.4521,30.892,1.031
4570,152.4854,7.493,0.250
4571,152.5188,30.892,1.031
4572,152.5522,0.000,0.000
4573,152.5855,0.000,0.000
4574,152.6189,7.493,0.250
4575,152.6523,0.000,0.000
4576,152.6856,7.493,0.250
4577,152.7190,7.493,0.250
4578,152.7524,0.000,0.000
4579,152.7857,22.478,0.750
4580,152.8191,0.000,0.000
4581,152.8525,10.596,0.354
4582,152.8858,22.478,0.750
4583,152.9192,0.000,0.000
4584,152.9526,29.970,1.000
4585,152.9859,22.478,0.750
4586,153.0193,23.693,0.791
4587,153.0527,27.015,0.901
4588,153.0860,57.061,1.904
4589,153.1194,30.892,1.031
4590,153.1528,61.785,2.062
4591,153.1861,21.192,0.707
4592,153.2195,45.575,1.521
4593,153.2529,71.080,2.372
4594,153.2862,23.693,0.791
4595,153.3196,61.785,2.062
4596,153.3530,52.980,1.768
4597,153.3863,60.407,2.016
4598,153.4197,90.222,3.010
4599,153.4531,30.892,1.031
4600,153.4864,22.478,0.750
4601,153.5198,44.955,1.500
4602,153.5532,52.448,1.750
4603,153.5865,44.955,1.500
4604,153.6199,37.463,1.250
4605,153.6533,38.205,1.275
4606,153.6866,31.788,1.061
4607,153.7200,38.205,1.275
4608,153.7534,47.976,1.601
4609,153.7867,47.976,1.601
4610,153.8201,50.261,1.677
4611,153.8535,29.970,1.000
4612,153.8868,29.970,1.000
4613,153.9202,38.205,1.275
4614,153.9536,23.693,0.791
4615,153.9869,21.192,0.707
4616,154.0203,7.493,0.250
4617,154.0537,0.000,0.000
4618,154.0870,0.000,0.000
4619,154.1204,0.000,0.000
4620,154.1538,10.596,0.354
4621,154.1871,0.000,0.000
4622,154.2205,0.000,0.000
4623,154.2539,0.000,0.000
4624,154.2872,0.000,0.000
4625,154.3206,0.000,0.000
4626,154.3540,0.000,0.000
4627,154.3873,0.000,0.000
4628,154.4207,0.000,0.000
4629,154.4541,0.000,0.000
4630,154.4874,0.000,0.000
4631,154.5208,0.000,0.000
4632,154.5542,0.000,0.000
4633,154.5875,0.000,0.000
4634,154.6209,0.000,0.000
4635,154.6543,0.000,0.000
4636,154.6876,0.000,0.000
4637,154.7210,0.000,0.000
4638,154.7544,0.000,0.000
4639,154.7877,0.000,0.000
4640,154.8211,0.000,0.000
4641,154.8545,0.000,0.000
4642,154.8878,0.000,0.000
4643,154.9212,0.000,0.000
4644,154.9546,0.000,0.000
4645,154.9879,0.000,0.000
4646,155.0213,0.000,0.000
4647,155.0547,0.000,0.000
4648,155.0880,0.000,0.000
4649,155.1214,10.596,0.354
4650,155.1548,7.493,0.250
4651,155.1881,0.000,0.000
4652,155.2215,7.493,0.250
4653,155.2549,14.985,0.500
4654,155.2882,14.985,0.500
4655,155.3216,7.493,0.250
4656,155.3550,16.754,0.559
4657,155.3883,16.754,0.559
4658,155.4217,14.985,0.500
4659,155.4551,27.015,0.901
4660,155.4884,42.384,1.414
4661,155.5218,14.985,0.500
4662,155.5552,10.596,0.354
4663,155.5885,23.693,0.791
4664,155.6219,37.463,1.250
4665,155.6553,29.970,1.000
4666,155.6886,16.754,0.559
4667,155.7220,47.387,1.581
4668,155.7554,16.754,0.559
4669,155.7887,27.015,0.901
4670,155.8221,29.970,1.000
4671,155.8555,27.015,0.901
4672,155.8888,30.892,1.031
4673,155.9222,33.508,1.118
4674,155.9556,16.754,0.559
4675,155.9889,29.970,1.000
4676,156.0223,42.384,1.414
4677,156.0557,29.970,1.000
4678,156.0890,21.192,0.707
4679,156.1224,23.693,0.791
4680,156.1558,27.015,0.901
4681,156.1891,14.985,0.500
4682,156.2225,23.693,0.791
4683,156.2559,33.508,1.118
4684,156.2892,10.596,0.354
4685,156.3226,54.546,1.820
4686,156.3560,10.596,0.354
4687,156.3893,21.192,0.707
4688,156.4227,14.985,0.500
4689,156.4561,10.596,0.354
4690,156.4894,22.478,0.750
4691,156.5228,7.493,0.250
4692,156.5562,50.261,1.677
4693,156.5895,10.596,0.354
4694,156.6229,0.000,0.000
4695,156.6563,16.754,0.559
4696,156.6896,10.596,0.354
4697,156.7230,10.596,0.354
4698,156.7564,22.478,0.750
4699,156.7897,0.000,0.000
4700,156.8231,7.493,0.250
4701,156.8565,23.693,0.791
4702,156.8898,10.596,0.354
4703,156.9232,7.493,0.250
4704,156.9566,7.493,0.250
4705,156.9899,10.596,0.354
4706,157.0233,0.000,0.000
4707,157.0567,7.493,0.250
4708,157.0900,7.493,0.250
4709,157.1234,14.985,0.500
4710,157.1568,0.000,0.000
4711,157.1901,7.493,0.250
4712,157.2235,10.596,0.354
4713,157.2569,0.000,0.000
4714,157.2902,10.596,0.354
4715,157.3236,0.000,0.000
4716,157.3570,0.000,0.000
4717,157.3903,7.493,0.250
4718,157.4237,14.985,0.500
4719,157.4571,0.000,0.000
4720,157.4904,10.596,0.354
4721,157.5238,0.000,0.000
4722,157.5572,0.000,0.000
4723,157.5905,0.000,0.000
4724,157.6239,0.000,0.000
4725,157.6573,0.000,0.000
4726,157.6906,0.000,0.000
4727,157.7240,0.000,0.000
4728,157.7574,0.000,0.000
4729,157.7907,0.000,0.000
4730,157.8241,0.000,0.000
4731,157.8575,0.000,0.000
4732,157.8908,0.000,0.000
4733,157.9242,0.000,0.000
4734,157.9576,0.000,0.000
4735,157.9909,0.000,0.000
4736,158.0243,0.000,0.000
4737,158.0577,0.000,0.000
4738,158.0910,7.493,0.250
4739,158.1244,0.000,0.000
4740,158.1578,0.000,0.000
4741,158.1911,10.596,0.354
4742,158.2245,7.493,0.250
4743,158.2579,14.985,0.500
4744,158.2912,0.000,0.000
4745,158.3246,0.000,0.000
4746,158.3580,7.493,0.250
4747,158.3913,27.015,0.901
4748,158.4247,7.493,0.250
4749,158.4581,7.493,0.250
4750,158.4914,7.493,0.250
4751,158.5248,0.000,0.000
4752,158.5582,0.000,0.000
4753,158.5915,7.493,0.250
4754,158.6249,10.596,0.354
4755,158.6583,16.754,0.559
4756,158.6916,16.754,0.559
4757,158.7250,0.000,0.000
4758,158.7584,23.693,0.791
4759,158.7917,0.000,0.000
4760,158.8251,0.000,0.000
4761,158.8585,22.478,0.750
4762,158.8918,7.493,0.250
4763,158.9252,27.015,0.901
4764,158.9586,0.000,0.000
4765,158.9919,23.693,0.791
4766,159.0253,7.493,0.250
4767,159.0587,10.596,0.354
4768,159.0920,22.478,0.750
4769,159.1254,10.596,0.354
4770,159.1588,27.015,0.901
4771,159.1921,10.596,0.354
4772,159.2255,22.478,0.750
4773,159.2589,7.493,0.250
4774,159.2922,14.985,0.500
4775,159.3256,14.985,0.500
4776,159.3590,37.463,1.250
4777,159.3923,16.754,0.559
4778,159.4257,21.192,0.707
4779,159.4591,37.463,1.250
4780,159.4924,16.754,0.559
4781,159.5258,23.693,0.791
4782,159.5592,16.754,0.559
4783,159.5925,14.985,0.500
4784,159.6259,16.754,0.559
4785,159.6593,30.892,1.031
4786,159.6926,30.892,1.031
4787,159.7260,7.493,0.250
4788,159.7594,29.970,1.000
4789,159.7927,16.754,0.559
4790,159.8261,21.192,0.707
4791,159.8595,38.205,1.275
4792,159.8928,0.000,0.000
4793,159.9262,29.970,1.000
4794,159.9596,30.892,1.031
4795,159.9929,0.000,0.000
4796,160.0263,29.970,1.000
4797,160.0597,22.478,0.750
4798,160.0930,16.754,0.559
4799,160.1264,16.754,0.559
4800,160.1598,27.015,0.901
4801,160.1931,29.970,1.000
4802,160.2265,14.985,0.500
4803,160.2599,7.493,0.250
4804,160.2932,14.985,0.500
4805,160.3266,14.985,0.500
4806,160.3600,29.970,1.000
4807,160.3933,23.693,0.791
4808,160.4267,0.000,0.000
4809,160.4601,10.596,0.354
4810,160.4934,22.478,0.750
4811,160.5268,22.478,0.750
4812,160.5602,42.384,1.414
4813,160.5935,0.000,0.000
4814,160.6269,7.493,0.250
4815,160.6603,23.693,0.791
4816,160.6936,16.754,0.559
4817,160.7270,52.980,1.768
4818,160.7604,14.985,0.500
4819,160.7937,45.575,1.521
4820,160.8271,29.970,1.000
4821,160.8605,30.892,1.031
4822,160.8938,29.970,1.000
4823,160.9272,37.463,1.250
4824,160.9606,22.478,0.750
4825,160.9939,29.970,1.000
4826,161.0273,22.478,0.750
4827,161.0607,37.463,1.250
4828,161.0940,29.970,1.000
4829,161.1274,0.000,0.000
4830,161.1608,7.493,0.250
4831,161.1941,7.493,0.250
4832,161.2275,0.000,0.000
4833,161.2609,0.000,0.000
4834,161.2942,7.493,0.250
4835,161.3276,0.000,0.000
4836,161.3610,0.000,0.000
4837,161.3943,0.000,0.000
4838,161.4277,0.000,0.000
4839,161.4611,0.000,0.000
4840,161.4944,0.000,0.000
4841,161.5278,0.000,0.000
4842,161.5612,0.000,0.000
4843,161.5945,0.000,0.000
4844,161.6279,0.000,0.000
4845,161.6613,0.000,0.000
4846,161.6946,0.000,0.000
4847,161.7280,0.000,0.000
4848,161.7614,0.000,0.000
4849,161.7947,0.000,0.000
4850,161.8281,0.000,0.000
4851,161.8615,0.000,0.000
4852,161.8948,0.000,0.000
4853,161.9282,0.000,0.000
4854,161.9616,0.000,0.000
4855,161.9949,0.000,0.000
4856,162.0283,0.000,0.000
4857,162.0617,7.493,0.250
4858,162.0950,0.000,0.000
4859,162.1284,0.000,0.000
4860,162.1618,0.000,0.000
4861,162.1951,0.000,0.000
4862,162.2285,0.000,0.000
4863,162.2619,0.000,0.000
4864,162.2952,0.000,0.000
4865,162.3286,0.000,0.000
4866,162.3620,0.000,0.000
4867,162.3953,0.000,0.000
4868,162.4287,0.000,0.000
4869,162.4620,0.000,0.000
4870,162.4954,0.000,0.000
4871,162.5288,0.000,0.000
4872,162.5621,0.000,0.000
4873,162.5955,0.000,0.000
4874,162.6289,0.000,0.000
4875,162.6622,0.000,0.000
4876,162.6956,0.000,0.000
4877,162.7290,0.000,0.000
4878,162.7623,0.000,0.000
4879,162.7957,0.000,0.000
4880,162.8291,0.000,0.000
4881,162.8624,0.000,0.000
4882,162.8958,0.000,0.000
4883,162.9292,0.000,0.000
4884,162.9625,0.000,0.000
4885,162.9959,0.000,0.000
4886,163.0293,7.493,0.250
4887,163.0626,0.000,0.000
4888,163.0960,0.000,0.000
4889,163.1294,7.493,0.250
4890,163.1627,0.000,0.000
4891,163.1961,0.000,0.000
4892,163.2295,14.985,0.500
4893,163.2628,14.985,0.500
4894,163.2962,22.478,0.750
4895,163.3296,10.596,0.354
4896,163.3629,0.000,0.000
4897,163.3963,0.000,0.000
4898,163.4297,0.000,0.000
4899,163.4630,7.493,0.250
4900,163.4964,14.985,0.500
4901,163.5298,0.000,0.000
4902,163.5631,0.000,0.000
4903,163.5965,0.000,0.000
4904,163.6299,0.000,0.000
4905,163.6632,0.000,0.000
4906,163.6966,7.493,0.250
4907,163.7300,7.493,0.250
4908,163.7633,0.000,0.000
4909,163.7967,14.985,0.500
4910,163.8301,16.754,0.559
4911,163.8634,7.493,0.250
4912,163.8968,7.493,0.250
4913,163.9302,7.493,0.250
4914,163.9635,10.596,0.354
4915,163.9969,7.493,0.250
4916,164.0303,10.596,0.354
4917,164.0636,22.478,0.750
4918,164.0970,23.693,0.791
4919,164.1304,30.892,1.031
4920,164.1637,0.000,0.000
4921,164.1971,7.493,0.250
4922,164.2305,14.985,0.500
4923,164.2638,23.693,0.791
4924,164.2972,23.693,0.791
4925,164.3306,16.754,0.559
4926,164.3639,29.970,1.000
4927,164.3973,7.493,0.250
4928,164.4307,16.754,0.559
4929,164.4640,21.192,0.707
4930,164.4974,29.970,1.000
4931,164.5308,7.493,0.250
4932,164.5641,10.596,0.354
4933,164.5975,22.478,0.750
4934,164.6309,27.015,0.901
4935,164.6642,16.754,0.559
4936,164.6976,10.596,0.354
4937,164.7310,22.478,0.750
4938,164.7643,14.985,0.500
4939,164.7977,23.693,0.791
4940,164.8311,14.985,0.500
4941,164.8644,14.985,0.500
4942,164.8978,16.754,0.559
4943,164.9312,30.892,1.031
4944,164.9645,7.493,0.250
4945,164.9979,23.693,0.791
4946,165.0313,7.493,0.250
4947,165.0646,22.478,0.750
4948,165.0980,31.788,1.061
4949,165.1314,23.693,0.791
4950,165.1647,0.000,0.000
4951,165.1981,10.596,0.354
4952,165.2315,16.754,0.559
4953,165.2648,7.493,0.250
4954,165.2982,16.754,0.559
4955,165.3316,30.892,1.031
4956,165.3649,23.693,0.791
4957,165.3983,16.754,0.559
4958,165.4317,7.493,0.250
4959,165.4650,22.478,0.750
4960,165.4984,22.478,0.750
4961,165.5318,16.754,0.559
4962,165.5651,7.493,0.250
4963,165.5985,16.754,0.559
4964,165.6319,0.000,0.000
4965,165.6652,14.985,0.500
4966,165.6986,21.192,0.707
4967,165.7320,7.493,0.250
4968,165.7653,14.985,0.500
4969,165.7987,21.192,0.707
4970,165.8321,38.205,1.275
4971,165.8654,27.015,0.901
4972,165.8988,10.596,0.354
4973,165.9322,0.000,0.000
4974,165.9655,30.892,1.031
4975,165.9989,16.754,0.559
4976,166.0323,7.493,0.250
4977,166.0656,7.493,0.250
4978,166.0990,0.000,0.000
4979,166.1324,16.754,0.559
4980,166.1657,7.493,0.250
4981,166.1991,0.000,0.000
4982,166.2325,7.493,0.250
4983,166.2658,0.000,0.000
4984,166.2992,7.493,0.250
4985,166.3326,0.000,0.000
4986,166.3659,0.000,0.000
4987,166.3993,7.493,0.250
4988,166.4327,7.493,0.250
4989,166.4660,10.596,0.354
4990,166.4994,0.000,0.000
4991,166.5328,7.493,0.250
4992,166.5661,0.000,0.000
4993,166.5995,0.000,0.000
4994,166.6329,0.000,0.000
4995,166.6662,7.493,0.250
4996,166.6996,10.596,0.354
4997,166.7330,10.596,0.354
4998,166.7663,0.000,0.000
4999,166.7997,7.493,0.250
5000,166.8331,0.000,0.000
5001,166.8664,0.000,0.000
5002,166.8998,0.000,0.000
5003,166.9332,0.000,0.000
5004,166.9665,0.000,0.000
5005,166.9999,0.000,0.000
5006,167.0333,0.000,0.000
5007,167.0666,0.000,0.000
5008,167.1000,0.000,0.000
5009,167.1334,0.000,0.000
5010,167.1667,0.000,0.000
5011,167.2001,0.000,0.000
5012,167.2335,0.000,0.000
5013,167.2668,0.000,0.000
5014,167.3002,0.000,0.000
5015,167.3336,0.000,0.000
5016,167.3669,0.000,0.000
5017,167.4003,0.000,0.000
5018,167.4337,0.000,0.000
5019,167.4670,0.000,0.000
5020,167.5004,0.000,0.000
5021,167.5338,0.000,0.000
5022,167.5671,0.000,0.000
5023,167.6005,0.000,0.000
5024,167.6339,0.000,0.000
5025,167.6672,0.000,0.000
5026,167.7006,0.000,0.000
5027,167.7340,0.000,0.000
5028,167.7673,0.000,0.000
5029,167.8007,0.000,0.000
5030,167.8341,0.000,0.000
5031,167.8674,0.000,0.000
5032,167.9008,0.000,0.000
5033,167.9342,0.000,0.000
5034,167.9675,0.000,0.000
5035,168.0009,0.000,0.000
5036,168.0343,0.000,0.000
5037,168.0676,0.000,0.000
5038,168.1010,0.000,0.000
5039,168.1344,7.493,0.250
5040,168.1677,7.493,0.250
5041,168.2011,0.000,0.000
5042,168.2345,10.596,0.354
5043,168.2678,0.000,0.000
5044,168.3012,10.596,0.354
5045,168.3346,10.596,0.354
5046,168.3679,0.000,0.000
5047,168.4013,0.000,0.000
5048,168.4347,0.000,0.000
5049,168.4680,7.493,0.250
5050,168.5014,10.596,0.354
5051,168.5348,7.493,0.250
5052,168.5681,0.000,0.000
5053,168.6015,7.493,0.250
5054,168.6349,7.493,0.250
5055,168.6682,21.192,0.707
5056,168.7016,0.000,0.000
5057,168.7350,0.000,0.000
5058,168.7683,0.000,0.000
5059,168.8017,16.754,0.559
5060,168.8351,7.493,0.250
5061,168.8684,23.693,0.791
5062,168.9018,23.693,0.791
5063,168.9352,7.493,0.250
5064,168.9685,30.892,1.031
5065,169.0019,7.493,0.250
5066,169.0353,29.970,1.000
5067,169.0686,7.493,0.250
5068,169.1020,29.970,1.000
5069,169.1354,29.970,1.000
5070,169.1687,10.596,0.354
5071,169.2021,52.980,1.768
5072,169.2355,14.985,0.500
5073,169.2688,14.985,0.500
5074,169.3022,30.892,1.031
5075,169.3356,0.000,0.000
5076,169.3689,7.493,0.250
5077,169.4023,29.970,1.000
5078,169.4357,33.508,1.118
5079,169.4690,23.693,0.791
5080,169.5024,7.493,0.250
5081,169.5358,7.493,0.250
5082,169.5691,14.985,0.500
5083,169.6025,22.478,0.750
5084,169.6359,16.754,0.559
5085,169.6692,27.015,0.901
5086,169.7026,7.493,0.250
5087,169.7360,22.478,0.750
5088,169.7693,14.985,0.500
5089,169.8027,7.493,0.250
5090,169.8361,14.985,0.500
5091,169.8694,7.493,0.250
5092,169.9028,31.788,1.061
5093,169.9362,10.596,0.354
5094,169.9695,14.985,0.500
5095,170.0029,7.493,0.250
5096,170.0363,21.192,0.707
5097,170.0696,27.015,0.901
5098,170.1030,7.493,0.250
5099,170.1364,14.985,0.500
5100,170.1697,0.000,0.000
5101,170.2031,0.000,0.000
5102,170.2365,33.508,1.118
5103,170.2698,14.985,0.500
5104,170.3032,7.493,0.250
5105,170.3366,22.478,0.750
5106,170.3699,7.493,0.250
5107,170.4033,16.754,0.559
5108,170.4367,7.493,0.250
5109,170.4700,16.754,0.559
5110,170.5034,16.754,0.559
5111,170.5368,30.892,1.031
5112,170.5701,14.985,0.500
5113,170.6035,7.493,0.250
5114,170.6369,7.493,0.250
5115,170.6702,16.754,0.559
5116,170.7036,0.000,0.000
5117,170.7370,7.493,0.250
5118,170.7703,16.754,0.559
5119,170.8037,7.493,0.250
5120,170.8371,16.754,0.559
5121,170.8704,7.493,0.250
5122,170.9038,16.754,0.559
5123,170.9372,16.754,0.559
5124,170.9705,0.000,0.000
5125,171.0039,21.192,0.707
5126,171.0373,0.000,0.000
5127,171.0706,0.000,0.000
5128,171.1040,10.596,0.354
5129,171.1374,7.493,0.250
5130,171.1707,0.000,0.000
5131,171.2041,0.000,0.000
5132,171.2375,0.000,0.000
5133,171.2708,0.000,0.000
5134,171.3042,0.000,0.000
5135,171.3376,7.493,0.250
5136,171.3709,0.000,0.000
5137,171.4043,0.000,0.000
5138,171.4377,0.000,0.000
5139,171.4710,0.000,0.000
5140,171.5044,0.000,0.000
5141,171.5378,0.000,0.000
5142,171.5711,7.493,0.250
5143,171.6045,10.596,0.354
5144,171.6379,0.000,0.000
5145,171.6712,0.000,0.000
5146,171.7046,0.000,0.000
5147,171.7380,0.000,0.000
5148,171.7713,0.000,0.000
5149,171.8047,0.000,0.000
5150,171.8381,0.000,0.000
5151,171.8714,0.000,0.000
5152,171.9048,0.000,0.000
5153,171.9382,0.000,0.000
5154,171.9715,0.000,0.000
5155,172.0049,10.596,0.354
5156,172.0383,0.000,0.000
5157,172.0716,0.000,0.000
5158,172.1050,0.000,0.000
5159,172.1384,0.000,0.000
5160,172.1717,0.000,0.000
5161,172.2051,0.000,0.000
5162,172.2385,0.000,0.000
5163,172.2718,0.000,0.000
5164,172.3052,0.000,0.000
5165,172.3386,0.000,0.000
5166,172.3719,0.000,0.000
5167,172.4053,0.000,0.000
5168,172.4387,0.000,0.000
5169,172.4720,0.000,0.000
5170,172.5054,0.000,0.000
5171,172.5388,0.000,0.000
5172,172.5721,0.000,0.000
5173,172.6055,0.000,0.000
5174,172.6389,0.000,0.000
5175,172.6722,0.000,0.000
5176,172.7056,0.000,0.000
5177,172.7390,0.000,0.000
5178,172.7723,0.000,0.000
5179,172.8057,0.000,0.000
5180,172.8391,0.000,0.000
5181,172.8724,0.000,0.000
5182,172.9058,0.000,0.000
5183,172.9392,0.000,0.000
5184,172.9725,0.000,0.000
5185,173.0059,0.000,0.000
5186,173.0393,0.000,0.000
5187,173.0726,0.000,0.000
5188,173.1060,0.000,0.000
5189,173.1394,0.000,0.000
5190,173.1727,0.000,0.000
5191,173.2061,0.000,0.000
5192,173.2395,7.493,0.250
5193,173.2728,0.000,0.000
5194,173.3062,7.493,0.250
5195,173.3396,0.000,0.000
5196,173.3729,7.493,0.250
5197,173.4063,0.000,0.000
5198,173.4397,0.000,0.000
5199,173.4730,7.493,0.250
5200,173.5064,7.493,0.250
5201,173.5398,7.493,0.250
5202,173.5731,0.000,0.000
5203,173.6065,0.000,0.000
5204,173.6399,23.693,0.791
5205,173.6732,10.596,0.354
5206,173.7066,29.970,1.000
5207,173.7400,16.754,0.559
5208,173.7733,74.925,2.500
5209,173.8067,10.596,0.354
5210,173.8401,60.407,2.016
5211,173.8734,33.508,1.118
5212,173.9068,10.596,0.354
5213,173.9402,38.205,1.275
5214,173.9735,37.463,1.250
5215,174.0069,37.463,1.250
5216,174.0403,57.061,1.904
5217,174.0736,23.693,0.791
5218,174.1070,10.596,0.354
5219,174.1404,16.754,0.559
5220,174.1737,21.192,0.707
5221,174.2071,0.000,0.000
5222,174.2405,22.478,0.750
5223,174.2738,21.192,0.707
5224,174.3072,27.015,0.901
5225,174.3406,7.493,0.250
5226,174.3739,16.754,0.559
5227,174.4073,27.015,0.901
5228,174.4407,16.754,0.559
5229,174.4740,22.478,0.750
5230,174.5074,16.754,0.559
5231,174.5408,14.985,0.500
5232,174.5741,21.192,0.707
5233,174.6075,22.478,0.750
5234,174.6409,7.493,0.250
5235,174.6742,30.892,1.031
5236,174.7076,22.478,0.750
5237,174.7410,22.478,0.750
5238,174.7743,14.985,0.500
5239,174.8077,16.754,0.559
5240,174.8411,27.015,0.901
5241,174.8744,0.000,0.000
5242,174.9078,23.693,0.791
5243,174.9412,16.754,0.559
5244,174.9745,10.596,0.354
5245,175.0079,27.015,0.901
5246,175.0413,0.000,0.000
5247,175.0746,23.693,0.791
5248,175.1080,14.985,0.500
5249,175.1414,37.463,1.250
5250,175.1747,7.493,0.250
5251,175.2081,10.596,0.354
5252,175.2415,21.192,0.707
5253,175.2748,7.493,0.250
5254,175.3082,7.493,0.250
5255,175.3416,29.970,1.000
5256,175.3749,22.478,0.750
5257,175.4083,0.000,0.000
5258,175.4417,22.478,0.750
5259,175.4750,7.493,0.250
5260,175.5084,22.478,0.750
5261,175.5418,23.693,0.791
5262,175.5751,10.596,0.354
5263,175.6085,22.478,0.750
5264,175.6419,0.000,0.000
5265,175.6752,0.000,0.000
5266,175.7086,22.478,0.750
5267,175.7420,21.192,0.707
5268,175.7753,22.478,0.750
5269,175.8087,0.000,0.000
5270,175.8421,29.970,1.000
5271,175.8754,33.508,1.118
5272,175.9088,14.985,0.500
5273,175.9422,14.985,0.500
5274,175.9755,14.985,0.500
5275,176.0089,7.493,0.250
5276,176.0423,0.000,0.000
5277,176.0756,7.493,0.250
5278,176.1090,10.596,0.354
5279,176.1424,0.000,0.000
5280,176.1757,16.754,0.559
5281,176.2091,0.000,0.000
5282,176.2425,7.493,0.250
5283,176.2758,7.493,0.250
5284,176.3092,7.493,0.250
5285,176.3426,16.754,0.559
5286,176.3759,0.000,0.000
5287,176.4093,0.000,0.000
5288,176.4427,0.000,0.000
5289,176.4760,0.000,0.000
5290,176.5094,0.000,0.000
5291,176.5428,0.000,0.000
5292,176.5761,7.493,0.250
5293,176.6095,0.000,0.000
5294,176.6429,7.493,0.250
5295,176.6762,0.000,0.000
5296,176.7096,7.493,0.250
5297,176.7430,10.596,0.354
5298,176.7763,0.000,0.000
5299,176.8097,16.754,0.559
5300,176.8431,0.000,0.000
5301,176.8764,0.000,0.000
5302,176.9098,0.000,0.000
5303,176.9432,0.000,0.000
5304,176.9765,0.000,0.000
5305,177.0099,0.000,0.000
5306,177.0433,0.000,0.000
5307,177.0766,0.000,0.000
5308,177.1100,0.000,0.000
5309,177.1434,0.000,0.000
5310,177.1767,0.000,0.000
5311,177.2101,0.000,0.000
5312,177.2435,0.000,0.000
5313,177.2768,0.000,0.000
5314,177.3102,0.000,0.000
5315,177.3436,0.000,0.000
5316,177.3769,0.000,0.000
5317,177.4103,0.000,0.000
5318,177.4437,0.000,0.000
5319,177.4770,0.000,0.000
5320,177.5104,0.000,0.000
5321,177.5438,0.000,0.000
5322,177.5771,0.000,0.000
5323,177.6105,0.000,0.000
5324,177.6439,0.000,0.000
5325,177.6772,0.000,0.000
5326,177.7106,0.000,0.000
5327,177.7440,0.000,0.000
5328,177.7773,0.000,0.000
5329,177.8107,0.000,0.000
5330,177.8441,0.000,0.000
5331,177.8774,0.000,0.000
5332,177.9108,0.000,0.000
5333,177.9442,0.000,0.000
5334,177.9775,0.000,0.000
5335,178.0109,0.000,0.000
5336,178.0443,0.000,0.000
5337,178.0776,0.000,0.000
5338,178.1110,10.596,0.354
5339,178.1444,7.493,0.250
5340,178.1777,7.493,0.250
5341,178.2111,0.000,0.000
5342,178.2445,7.493,0.250
5343,178.2778,0.000,0.000
5344,178.3112,0.000,0.000
5345,178.3446,7.493,0.250
5346,178.3779,22.478,0.750
5347,178.4113,0.000,0.000
5348,178.4447,7.493,0.250
5349,178.4780,0.000,0.000
5350,178.5114,7.493,0.250
5351,178.5448,7.493,0.250
5352,178.5781,7.493,0.250
5353,178.6115,7.493,0.250
5354,178.6449,7.493,0.250
5355,178.6782,16.754,0.559
5356,178.7116,14.985,0.500
5357,178.7450,7.493,0.250
5358,178.7783,7.493,0.250
5359,178.8117,0.000,0.000
5360,178.8451,23.693,0.791
5361,178.8784,16.754,0.559
5362,178.9118,10.596,0.354
5363,178.9452,7.493,0.250
5364,178.9785,22.478,0.750
5365,179.0119,23.693,0.791
5366,179.0453,14.985,0.500
5367,179.0786,22.478,0.750
5368,179.1120,37.463,1.250
5369,179.1454,16.754,0.559
5370,179.1787,29.970,1.000
5371,179.2121,29.970,1.000
5372,179.2455,23.693,0.791
5373,179.2788,16.754,0.559
5374,179.3122,7.493,0.250
5375,179.3456,7.493,0.250
5376,179.3789,7.493,0.250
5377,179.4123,29.970,1.000
5378,179.4457,7.493,0.250
5379,179.4790,7.493,0.250
5380,179.5124,33.508,1.118
5381,179.5458,29.970,1.000
5382,179.5791,14.985,0.500
5383,179.6125,23.693,0.791
5384,179.6459,10.596,0.354
5385,179.6792,33.508,1.118
5386,179.7126,21.192,0.707
5387,179.7460,21.192,0.707
5388,179.7793,14.985,0.500
5389,179.8127,10.596,0.354
5390,179.8461,14.985,0.500
5391,179.8794,27.015,0.901
5392,179.9128,7.493,0.250
5393,179.9462,14.985,0.500
5394,179.9795,14.985,0.500
5395,180.0129,37.463,1.250
5396,180.0463,7.493,0.250
5397,180.0796,0.000,0.000
5398,180.1130,16.754,0.559
5399,180.1464,21.192,0.707
5400,180.1797,14.985,0.500
5401,180.2131,10.596,0.354
5402,180.2465,14.985,0.500
5403,180.2798,14.985,0.500
5404,180.3132,14.985,0.500
5405,180.3466,16.754,0.559
5406,180.3799,27.015,0.901
5407,180.4133,7.493,0.250
5408,180.4467,0.000,0.000
5409,180.4800,10.596,0.354
5410,180.5134,23.693,0.791
5411,180.5468,7.493,0.250
5412,180.5801,16.754,0.559
5413,180.6135,16.754,0.559
5414,180.6469,0.000,0.000
5415,180.6802,14.985,0.500
5416,180.7136,10.596,0.354
5417,180.7470,23.693,0.791
5418,180.7803,0.000,0.000
5419,180.8137,0.000,0.000
5420,180.8471,0.000,0.000
5421,180.8804,7.493,0.250
5422,180.9138,16.754,0.559
5423,180.9472,16.754,0.559
5424,180.9805,7.493,0.250
5425,181.0139,0.000,0.000
5426,181.0473,0.000,0.000
5427,181.0806,7.493,0.250
5428,181.1140,7.493,0.250
5429,181.1474,0.000,0.000
5430,181.1807,14.985,0.500
5431,181.2141,10.596,0.354
5432,181.2475,0.000,0.000
5433,181.2808,14.985,0.500
5434,181.3142,0.000,0.000
5435,181.3476,0.000,0.000
5436,181.3809,0.000,0.000
5437,181.4143,0.000,0.000
5438,181.4477,0.000,0.000
5439,181.4810,0.000,0.000
5440,181.5144,0.000,0.000
5441,181.5478,0.000,0.000
5442,181.5811,0.000,0.000
5443,181.6145,0.000,0.000
5444,181.6479,7.493,0.250
5445,181.6812,0.000,0.000
5446,181.7146,0.000,0.000
5447,181.7480,0.000,0.000
5448,181.7813,0.000,0.000
5449,181.8147,0.000,0.000
5450,181.8481,0.000,0.000
5451,181.8814,0.000,0.000
5452,181.9148,10.596,0.354
5453,181.9482,0.000,0.000
5454,181.9815,0.000,0.000
5455,182.0149,0.000,0.000
5456,182.0483,0.000,0.000
5457,182.0816,0.000,0.000
5458,182.1150,10.596,0.354
5459,182.1484,7.493,0.250
5460,182.1817,7.493,0.250
5461,182.2151,7.493,0.250
5462,182.2485,0.000,0.000
5463,182.2818,10.596,0.354
5464,182.3152,0.000,0.000
5465,182.3486,0.000,0.000
5466,182.3819,10.596,0.354
5467,182.4153,0.000,0.000
5468,182.4487,0.000,0.000
5469,182.4820,0.000,0.000
5470,182.5154,0.000,0.000
5471,182.5488,0.000,0.000
5472,182.5821,0.000,0.000
5473,182.6155,0.000,0.000
5474,182.6489,7.493,0.250
5475,182.6822,7.493,0.250
5476,182.7156,0.000,0.000
5477,182.7490,0.000,0.000
5478,182.7823,0.000,0.000
5479,182.8157,0.000,0.000
5480,182.8491,7.493,0.250
5481,182.8824,0.000,0.000
5482,182.9158,0.000,0.000
5483,182.9492,0.000,0.000
5484,182.9825,0.000,0.000
5485,183.0159,0.000,0.000
5486,183.0493,0.000,0.000
5487,183.0826,0.000,0.000
5488,183.1160,0.000,0.000
5489,183.1494,0.000,0.000
5490,183.1827,0.000,0.000
5491,183.2161,0.000,0.000
5492,183.2495,0.000,0.000
5493,183.2828,0.000,0.000
5494,183.3162,7.493,0.250
5495,183.3496,7.493,0.250
5496,183.3829,0.000,0.000
5497,183.4163,0.000,0.000
5498,183.4497,16.754,0.559
5499,183.4830,0.000,0.000
5500,183.5164,0.000,0.000
5501,183.5498,0.000,0.000
5502,183.5831,0.000,0.000
5503,183.6165,0.000,0.000
5504,183.6499,0.000,0.000
5505,183.6832,7.493,0.250
5506,183.7166,10.596,0.354
5507,183.7500,0.000,0.000
5508,183.7833,0.000,0.000
5509,183.8167,7.493,0.250
5510,183.8501,16.754,0.559
5511,183.8834,0.000,0.000
5512,183.9168,27.015,0.901
5513,183.9502,7.493,0.250
5514,183.9835,37.463,1.250
5515,184.0169,0.000,0.000
5516,184.0502,7.493,0.250
5517,184.0836,7.493,0.250
5518,184.1170,16.754,0.559
5519,184.1503,16.754,0.559
5520,184.1837,16.754,0.559
5521,184.2171,23.693,0.791
5522,184.2504,7.493,0.250
5523,184.2838,30.892,1.031
5524,184.3172,0.000,0.000
5525,184.3505,7.493,0.250
5526,184.3839,14.985,0.500
5527,184.4173,16.754,0.559
5528,184.4506,29.970,1.000
5529,184.4840,14.985,0.500
5530,184.5174,16.754,0.559
5531,184.5507,21.192,0.707
5532,184.5841,7.493,0.250
5533,184.6175,38.205,1.275
5534,184.6508,7.493,0.250
5535,184.6842,21.192,0.707
5536,184.7176,0.000,0.000
5537,184.7509,16.754,0.559
5538,184.7843,16.754,0.559
5539,184.8177,27.015,0.901
5540,184.8510,10.596,0.354
5541,184.8844,7.493,0.250
5542,184.9178,14.985,0.500
5543,184.9511,37.463,1.250
5544,184.9845,16.754,0.559
5545,185.0179,29.970,1.000
5546,185.0512,7.493,0.250
5547,185.0846,7.493,0.250
5548,185.1180,14.985,0.500
5549,185.1513,7.493,0.250
5550,185.1847,7.493,0.250
5551,185.2181,33.508,1.118
5552,185.2514,7.493,0.250
5553,185.2848,37.463,1.250
5554,185.3182,0.000,0.000
5555,185.3515,29.970,1.000
5556,185.3849,33.508,1.118
5557,185.4183,40.348,1.346
5558,185.4516,22.478,0.750
5559,185.4850,22.478,0.750
5560,185.5184,22.478,0.750
5561,185.5517,0.000,0.000
5562,185.5851,22.478,0.750
5563,185.6185,29.970,1.000
5564,185.6518,7.493,0.250
5565,185.6852,7.493,0.250
5566,185.7186,23.693,0.791
5567,185.7519,23.693,0.791
5568,185.7853,7.493,0.250
5569,185.8187,30.892,1.031
5570,185.8520,7.493,0.250
5571,185.8854,16.754,0.559
5572,185.9188,14.985,0.500
5573,185.9521,14.985,0.500
5574,185.9855,10.596,0.354
5575,186.0189,23.693,0.791
5576,186.0522,0.000,0.000
5577,186.0856,29.970,1.000
5578,186.1190,7.493,0.250
5579,186.1523,30.892,1.031
5580,186.1857,7.493,0.250
5581,186.2191,10.596,0.354
5582,186.2524,22.478,0.750
5583,186.2858,7.493,0.250
5584,186.3192,10.596,0.354
5585,186.3525,10.596,0.354
5586,186.3859,14.985,0.500
5587,186.4193,7.493,0.250
5588,186.4526,0.000,0.000
5589,186.4860,30.892,1.031
5590,186.5194,0.000,0.000
5591,186.5527,0.000,0.000
5592,186.5861,0.000,0.000
5593,186.6195,0.000,0.000
5594,186.6528,0.000,0.000
5595,186.6862,0.000,0.000
5596,186.7196,0.000,0.000
5597,186.7529,0.000,0.000
5598,186.7863,10.596,0.354
5599,186.8197,0.000,0.000
5600,186.8530,7.493,0.250
5601,186.8864,0.000,0.000
5602,186.9198,0.000,0.000
5603,186.9531,7.493,0.250
5604,186.9865,14.985,0.500
5605,187.0199,0.000,0.000
5606,187.0532,0.000,0.000
5607,187.0866,0.000,0.000
5608,187.1200,0.000,0.000
5609,187.1533,0.000,0.000
5610,187.1867,0.000,0.000
5611,187.2201,10.596,0.354
5612,187.2534,0.000,0.000
5613,187.2868,0.000,0.000
5614,187.3202,0.000,0.000
5615,187.3535,0.000,0.000
5616,187.3869,0.000,0.000
5617,187.4203,0.000,0.000
5618,187.4536,0.000,0.000
5619,187.4870,0.000,0.000
5620,187.5204,0.000,0.000
5621,187.5537,0.000,0.000
5622,187.5871,0.000,0.000
5623,187.6205,0.000,0.000
5624,187.6538,0.000,0.000
5625,187.6872,0.000,0.000
5626,187.7206,0.000,0.000
5627,187.7539,0.000,0.000
5628,187.7873,0.000,0.000
5629,187.8207,0.000,0.000
5630,187.8540,0.000,0.000
5631,187.8874,10.596,0.354
5632,187.9208,0.000,0.000
5633,187.9541,14.985,0.500
5634,187.9875,7.493,0.250
5635,188.0209,7.493,0.250
5636,188.0542,7.493,0.250
5637,188.0876,7.493,0.250
5638,188.1210,7.493,0.250
5639,188.1543,0.000,0.000
5640,188.1877,7.493,0.250
5641,188.2211,0.000,0.000
5642,188.2544,0.000,0.000
5643,188.2878,7.493,0.250
5644,188.3212,7.493,0.250
5645,188.3545,10.596,0.354
5646,188.3879,14.985,0.500
5647,188.4213,16.754,0.559
5648,188.4546,14.985,0.500
5649,188.4880,7.493,0.250
5650,188.5214,0.000,0.000
5651,188.5547,23.693,0.791
5652,188.5881,7.493,0.250
5653,188.6215,0.000,0.000
5654,188.6548,16.754,0.559
5655,188.6882,29.970,1.000
5656,188.7216,7.493,0.250
5657,188.7549,16.754,0.559
5658,188.7883,14.985,0.500
5659,188.8217,7.493,0.250
5660,188.8550,0.000,0.000
5661,188.8884,23.693,0.791
5662,188.9218,14.985,0.500
5663,188.9551,7.493,0.250
5664,188.9885,14.985,0.500
5665,189.0219,16.754,0.559
5666,189.0552,14.985,0.500
5667,189.0886,10.596,0.354
5668,189.1220,30.892,1.031
5669,189.1553,7.493,0.250
5670,189.1887,29.970,1.000
5671,189.2221,16.754,0.559
5672,189.2554,22.478,0.750
5673,189.2888,7.493,0.250
5674,189.3222,16.754,0.559
5675,189.3555,38.205,1.275
5676,189.3889,14.985,0.500
5677,189.4223,23.693,0.791
5678,189.4556,10.596,0.354
5679,189.4890,23.693,0.791
5680,189.5224,30.892,1.031
5681,189.5557,23.693,0.791
5682,189.5891,16.754,0.559
5683,189.6225,21.192,0.707
5684,189.6558,30.892,1.031
5685,189.6892,16.754,0.559
5686,189.7226,7.493,0.250
5687,189.7559,22.478,0.750
5688,189.7893,22.478,0.750
5689,189.8227,14.985,0.500
5690,189.8560,14.985,0.500
5691,189.8894,10.596,0.354
5692,189.9228,33.508,1.118
5693,189.9561,10.596,0.354
5694,189.9895,0.000,0.000
5695,190.0229,29.970,1.000
5696,190.0562,16.754,0.559
5697,190.0896,23.693,0.791
5698,190.1230,16.754,0.559
5699,190.1563,14.985,0.500
5700,190.1897,10.596,0.354
5701,190.2231,10.596,0.354
5702,190.2564,21.192,0.707
5703,190.2898,14.985,0.500
5704,190.3232,14.985,0.500
5705,190.3565,7.493,0.250
5706,190.3899,16.754,0.559
5707,190.4233,16.754,0.559
5708,190.4566,23.693,0.791
5709,190.4900,0.000,0.000
5710,190.5234,14.985,0.500
5711,190.5567,22.478,0.750
5712,190.5901,16.754,0.559
5713,190.6235,21.192,0.707
5714,190.6568,21.192,0.707
5715,190.6902,16.754,0.559
5716,190.7236,7.493,0.250
5717,190.7569,10.596,0.354
5718,190.7903,7.493,0.250
5719,190.8237,7.493,0.250
5720,190.8570,23.693,0.791
5721,190.8904,7.493,0.250
5722,190.9238,7.493,0.250
5723,190.9571,22.478,0.750
5724,190.9905,0.000,0.000
5725,191.0239,14.985,0.500
5726,191.0572,14.985,0.500
5727,191.0906,33.508,1.118
5728,191.1240,33.508,1.118
5729,191.1573,38.205,1.275
5730,191.1907,23.693,0.791
5731,191.2241,0.000,0.000
5732,191.2574,31.788,1.061
5733,191.2908,10.596,0.354
5734,191.3242,0.000,0.000
5735,191.3575,7.493,0.250
5736,191.3909,7.493,0.250
5737,191.4243,0.000,0.000
5738,191.4576,0.000,0.000
5739,191.4910,0.000,0.000
5740,191.5244,0.000,0.000
5741,191.5577,14.985,0.500
5742,191.5911,0.000,0.000
5743,191.6245,0.000,0.000
5744,191.6578,0.000,0.000
5745,191.6912,0.000,0.000
5746,191.7246,0.000,0.000
5747,191.7579,0.000,0.000
5748,191.7913,0.000,0.000
5749,191.8247,0.000,0.000
5750,191.8580,0.000,0.000
5751,191.8914,0.000,0.000
5752,191.9248,0.000,0.000
5753,191.9581,0.000,0.000
5754,191.9915,0.000,0.000
5755,192.0249,22.478,0.750
5756,192.0582,0.000,0.000
5757,192.0916,0.000,0.000
5758,192.1250,0.000,0.000
5759,192.1583,0.000,0.000
5760,192.1917,0.000,0.000
5761,192.2251,0.000,0.000
5762,192.2584,0.000,0.000
5763,192.2918,0.000,0.000
5764,192.3252,0.000,0.000
5765,192.3585,0.000,0.000
5766,192.3919,0.000,0.000
5767,192.4253,0.000,0.000
5768,192.4586,0.000,0.000
5769,192.4920,0.000,0.000
5770,192.5254,0.000,0.000
5771,192.5587,0.000,0.000
5772,192.5921,0.000,0.000
5773,192.6255,0.000,0.000
5774,192.6588,0.000,0.000
5775,192.6922,0.000,0.000
5776,192.7256,0.000,0.000
5777,192.7589,0.000,0.000
5778,192.7923,0.000,0.000
5779,192.8257,0.000,0.000
5780,192.8590,0.000,0.000
5781,192.8924,0.000,0.000
5782,192.9258,0.000,0.000
5783,192.9591,0.000,0.000
5784,192.9925,0.000,0.000
5785,193.0259,0.000,0.000
5786,193.0592,0.000,0.000
5787,193.0926,0.000,0.000
5788,193.1260,0.000,0.000
5789,193.1593,0.000,0.000
5790,193.1927,0.000,0.000
5791,193.2261,0.000,0.000
5792,193.2594,0.000,0.000
5793,193.2928,0.000,0.000
5794,193.3262,0.000,0.000
5795,193.3595,0.000,0.000
5796,193.3929,0.000,0.000
5797,193.4263,7.493,0.250
5798,193.4596,14.985,0.500
5799,193.4930,0.000,0.000
5800,193.5264,0.000,0.000
5801,193.5597,0.000,0.000
5802,193.5931,0.000,0.000
5803,193.6265,7.493,0.250
5804,193.6598,0.000,0.000
5805,193.6932,0.000,0.000
5806,193.7266,16.754,0.559
5807,193.7599,16.754,0.559
5808,193.7933,23.693,0.791
5809,193.8267,7.493,0.250
5810,193.8600,7.493,0.250
5811,193.8934,30.892,1.031
5812,193.9268,14.985,0.500
5813,193.9601,14.985,0.500
5814,193.9935,23.693,0.791
5815,194.0269,0.000,0.000
5816,194.0602,7.493,0.250
5817,194.0936,10.596,0.354
5818,194.1270,23.693,0.791
5819,194.1603,7.493,0.250
5820,194.1937,10.596,0.354
5821,194.2271,7.493,0.250
5822,194.2604,0.000,0.000
5823,194.2938,16.754,0.559
5824,194.3272,21.192,0.707
5825,194.3605,16.754,0.559
5826,194.3939,21.192,0.707
5827,194.4273,42.384,1.414
5828,194.4606,16.754,0.559
5829,194.4940,23.693,0.791
5830,194.5274,14.985,0.500
5831,194.5607,29.970,1.000
5832,194.5941,0.000,0.000
5833,194.6275,10.596,0.354
5834,194.6608,16.754,0.559
5835,194.6942,7.493,0.250
5836,194.7276,27.015,0.901
5837,194.7609,27.015,0.901
5838,194.7943,7.493,0.250
5839,194.8277,16.754,0.559
5840,194.8610,27.015,0.901
5841,194.8944,33.508,1.118
5842,194.9278,40.348,1.346
5843,194.9611,7.493,0.250
5844,194.9945,27.015,0.901
5845,195.0279,54.029,1.803
5846,195.0612,7.493,0.250
5847,195.0946,23.693,0.791
5848,195.1280,45.575,1.521
5849,195.1613,14.985,0.500
5850,195.1947,37.463,1.250
5851,195.2281,23.693,0.791
5852,195.2614,37.463,1.250
5853,195.2948,10.596,0.354
5854,195.3282,7.493,0.250
5855,195.3615,27.015,0.901
5856,195.3949,10.596,0.354
5857,195.4283,29.970,1.000
5858,195.4616,7.493,0.250
5859,195.4950,21.192,0.707
5860,195.5284,16.754,0.559
5861,195.5617,0.000,0.000
5862,195.5951,29.970,1.000
5863,195.6285,0.000,0.000
5864,195.6618,10.596,0.354
5865,195.6952,22.478,0.750
5866,195.7286,21.192,0.707
5867,195.7619,14.985,0.500
5868,195.7953,7.493,0.250
5869,195.8287,7.493,0.250
5870,195.8620,14.985,0.500
5871,195.8954,16.754,0.559
5872,195.9288,23.693,0.791
5873,195.9621,0.000,0.000
5874,195.9955,10.596,0.354
5875,196.0289,10.596,0.354
5876,196.0622,21.192,0.707
5877,196.0956,0.000,0.000
5878,196.1290,14.985,0.500
5879,196.1623,0.000,0.000
5880,196.1957,7.493,0.250
5881,196.2291,10.596,0.354
5882,196.2624,0.000,0.000
5883,196.2958,0.000,0.000
5884,196.3292,10.596,0.354
5885,196.3625,16.754,0.559
5886,196.3959,14.985,0.500
5887,196.4293,0.000,0.000
5888,196.4626,0.000,0.000
5889,196.4960,0.000,0.000
5890,196.5294,7.493,0.250
5891,196.5627,16.754,0.559
5892,196.5961,7.493,0.250
5893,196.6295,10.596,0.354
5894,196.6628,0.000,0.000
5895,196.6962,16.754,0.559
5896,196.7296,0.000,0.000
5897,196.7629,0.000,0.000
5898,196.7963,0.000,0.000
5899,196.8297,14.985,0.500
5900,196.8630,7.493,0.250
5901,196.8964,0.000,0.000
5902,196.9298,0.000,0.000
5903,196.9631,7.493,0.250
5904,196.9965,16.754,0.559
5905,197.0299,7.493,0.250
5906,197.0632,7.493,0.250
5907,197.0966,16.754,0.559
5908,197.1300,10.596,0.354
5909,197.1633,7.493,0.250
5910,197.1967,16.754,0.559
5911,197.2301,0.000,0.000
5912,197.2634,0.000,0.000
5913,197.2968,0.000,0.000
5914,197.3302,14.985,0.500
5915,197.3635,0.000,0.000
5916,197.3969,0.000,0.000
5917,197.4303,0.000,0.000
5918,197.4636,0.000,0.000
5919,197.4970,0.000,0.000
5920,197.5304,0.000,0.000
5921,197.5637,0.000,0.000
5922,197.5971,7.493,0.250
5923,197.6305,0.000,0.000
5924,197.6638,0.000,0.000
5925,197.6972,0.000,0.000
5926,197.7306,7.493,0.250
5927,197.7639,0.000,0.000
5928,197.7973,0.000,0.000
5929,197.8307,0.000,0.000
5930,197.8640,0.000,0.000
5931,197.8974,0.000,0.000
5932,197.9308,0.000,0.000
5933,197.9641,0.000,0.000
5934,197.9975,0.000,0.000
5935,198.0309,0.000,0.000
5936,198.0642,7.493,0.250
5937,198.0976,16.754,0.559
5938,198.1310,7.493,0.250
5939,198.1643,10.596,0.354
5940,198.1977,7.493,0.250
5941,198.2311,0.000,0.000
5942,198.2644,0.000,0.000
5943,198.2978,0.000,0.000
5944,198.3312,0.000,0.000
5945,198.3645,0.000,0.000
5946,198.3979,0.000,0.000
5947,198.4313,0.000,0.000
5948,198.4646,7.493,0.250
5949,198.4980,14.985,0.500
5950,198.5314,10.596,0.354
5951,198.5647,0.000,0.000
5952,198.5981,23.693,0.791
5953,198.6315,7.493,0.250
5954,198.6648,0.000,0.000
5955,198.6982,0.000,0.000
5956,198.7316,7.493,0.250
5957,198.7649,0.000,0.000
5958,198.7983,37.463,1.250
5959,198.8317,0.000,0.000
5960,198.8650,0.000,0.000
5961,198.8984,29.970,1.000
5962,198.9318,10.596,0.354
5963,198.9651,14.985,0.500
5964,198.9985,23.693,0.791
5965,199.0319,0.000,0.000
5966,199.0652,0.000,0.000
5967,199.0986,27.015,0.901
5968,199.1320,16.754,0.559
5969,199.1653,0.000,0.000
5970,199.1987,23.693,0.791
5971,199.2321,23.693,0.791
5972,199.2654,0.000,0.000
5973,199.2988,10.596,0.354
5974,199.3322,23.693,0.791
5975,199.3655,22.478,0.750
5976,199.3989,7.493,0.250
5977,199.4323,7.493,0.250
5978,199.4656,14.985,0.500
5979,199.4990,21.192,0.707
5980,199.5324,21.192,0.707
5981,199.5657,16.754,0.559
5982,199.5991,10.596,0.354
5983,199.6325,23.693,0.791
5984,199.6658,10.596,0.354
5985,199.6992,22.478,0.750
5986,199.7326,7.493,0.250
5987,199.7659,23.693,0.791
5988,199.7993,23.693,0.791
5989,199.8327,7.493,0.250
5990,199.8660,22.478,0.750
5991,199.8994,14.985,0.500
5992,199.9328,23.693,0.791
5993,199.9661,0.000,0.000
5994,199.9995,23.693,0.791
5995,200.0329,16.754,0.559
5996,200.0662,10.596,0.354
5997,200.0996,14.985,0.500
5998,200.1330,10.596,0.354
5999,200.1663,16.754,0.559
6000,200.1997,16.754,0.559
6001,200.2331,7.493,0.250
6002,200.2664,33.508,1.118
6003,200.2998,7.493,0.250
6004,200.3332,14.985,0.500
6005,200.3665,16.754,0.559
6006,200.3999,23.693,0.791
6007,200.4333,14.985,0.500
6008,200.4666,10.596,0.354
6009,200.5000,23.693,0.791
6010,200.5334,10.596,0.354
6011,200.5667,27.015,0.901
6012,200.6001,7.493,0.250
6013,200.6335,14.985,0.500
6014,200.6668,21.192,0.707
6015,200.7002,0.000,0.000
6016,200.7336,23.693,0.791
6017,200.7669,7.493,0.250
6018,200.8003,10.596,0.354
6019,200.8337,29.970,1.000
6020,200.8670,7.493,0.250
6021,200.9004,10.596,0.354
6022,200.9338,7.493,0.250
6023,200.9671,14.985,0.500
6024,201.0005,16.754,0.559
6025,201.0339,0.000,0.000
6026,201.0672,0.000,0.000
6027,201.1006,22.478,0.750
6028,201.1340,0.000,0.000
6029,201.1673,0.000,0.000
6030,201.2007,27.015,0.901
6031,201.2341,0.000,0.000
6032,201.2674,0.000,0.000
6033,201.3008,7.493,0.250
6034,201.3342,0.000,0.000
6035,201.3675,22.478,0.750
6036,201.4009,7.493,0.250
6037,201.4343,0.000,0.000
6038,201.4676,0.000,0.000
6039,201.5010,0.000,0.000
6040,201.5344,14.985,0.500
6041,201.5677,7.493,0.250
6042,201.6011,16.754,0.559
6043,201.6345,14.985,0.500
6044,201.6678,0.000,0.000
6045,201.7012,0.000,0.000
6046,201.7346,21.192,0.707
6047,201.7679,0.000,0.000
6048,201.8013,14.985,0.500
6049,201.8347,10.596,0.354
6050,201.8680,10.596,0.354
6051,201.9014,10.596,0.354
6052,201.9348,0.000,0.000
6053,201.9681,0.000,0.000
6054,202.0015,10.596,0.354
6055,202.0349,0.000,0.000
6056,202.0682,7.493,0.250
6057,202.1016,0.000,0.000
6058,202.1350,16.754,0.559
6059,202.1683,10.596,0.354
6060,202.2017,0.000,0.000
6061,202.2351,7.493,0.250
6062,202.2684,0.000,0.000
6063,202.3018,0.000,0.000
6064,202.3352,7.493,0.250
6065,202.3685,7.493,0.250
6066,202.4019,7.493,0.250
6067,202.4353,7.493,0.250
6068,202.4686,0.000,0.000
6069,202.5020,7.493,0.250
6070,202.5354,0.000,0.000
6071,202.5687,0.000,0.000
6072,202.6021,0.000,0.000
6073,202.6355,0.000,0.000
6074,202.6688,7.493,0.250
6075,202.7022,0.000,0.000
6076,202.7356,16.754,0.559
6077,202.7689,7.493,0.250
6078,202.8023,0.000,0.000
6079,202.8357,29.970,1.000
6080,202.8690,7.493,0.250
6081,202.9024,22.478,0.750
6082,202.9358,30.892,1.031
6083,202.9691,14.985,0.500
6084,203.0025,10.596,0.354
6085,203.0359,7.493,0.250
6086,203.0692,23.693,0.791
6087,203.1026,23.693,0.791
6088,203.1360,22.478,0.750
6089,203.1693,23.693,0.791
6090,203.2027,30.892,1.031
6091,203.2361,37.463,1.250
6092,203.2694,38.205,1.275
6093,203.3028,22.478,0.750
6094,203.3362,47.976,1.601
6095,203.3695,23.693,0.791
6096,203.4029,79.647,2.658
6097,203.4363,60.407,2.016
6098,203.4696,42.384,1.414
6099,203.5030,37.463,1.250
6100,203.5364,42.384,1.414
6101,203.5697,95.951,3.202
6102,203.6031,33.508,1.118
6103,203.6365,27.015,0.901
6104,203.6698,29.970,1.000
6105,203.7032,43.689,1.458
6106,203.7366,30.892,1.031
6107,203.7699,37.463,1.250
6108,203.8033,29.970,1.000
6109,203.8367,30.892,1.031
6110,203.8700,52.980,1.768
6111,203.9034,23.693,0.791
6112,203.9368,29.970,1.000
6113,203.9701,29.970,1.000
6114,204.0035,22.478,0.750
6115,204.0369,29.970,1.000
6116,204.0702,21.192,0.707
6117,204.1036,7.493,0.250
6118,204.1370,16.754,0.559
6119,204.1703,10.596,0.354
6120,204.2037,0.000,0.000
6121,204.2371,16.754,0.559
6122,204.2704,0.000,0.000
6123,204.3038,7.493,0.250
6124,204.3372,16.754,0.559
6125,204.3705,7.493,0.250
6126,204.4039,0.000,0.000
6127,204.4373,7.493,0.250
6128,204.4706,0.000,0.000
6129,204.5040,0.000,0.000
6130,204.5374,0.000,0.000
6131,204.5707,7.493,0.250
6132,204.6041,0.000,0.000
6133,204.6375,0.000,0.000
6134,204.6708,10.596,0.354
6135,204.7042,0.000,0.000
6136,204.7376,7.493,0.250
6137,204.7709,7.493,0.250
6138,204.8043,0.000,0.000
6139,204.8377,0.000,0.000
6140,204.8710,7.493,0.250
6141,204.9044,0.000,0.000
6142,204.9378,10.596,0.354
6143,204.9711,0.000,0.000
6144,205.0045,7.493,0.250
6145,205.0379,0.000,0.000
6146,205.0712,0.000,0.000
6147,205.1046,16.754,0.559
6148,205.1380,76.409,2.550
6149,205.1713,22.478,0.750
6150,205.2047,31.788,1.061
6151,205.2381,38.205,1.275
6152,205.2714,47.976,1.601
6153,205.3048,7.493,0.250
6154,205.3382,43.689,1.458
6155,205.3715,79.647,2.658
6156,205.4049,16.754,0.559
6157,205.4383,30.892,1.031
6158,205.4716,31.788,1.061
6159,205.5050,43.689,1.458
6160,205.5384,40.348,1.346
6161,205.5717,43.689,1.458
6162,205.6051,23.693,0.791
6163,205.6385,29.970,1.000
6164,205.6718,31.788,1.061
6165,205.7052,58.518,1.953
6166,205.7385,23.693,0.791
6167,205.7719,33.508,1.118
6168,205.8053,50.261,1.677
6169,205.8386,16.754,0.559
6170,205.8720,7.493,0.250
6171,205.9054,54.029,1.803
6172,205.9387,0.000,0.000
6173,205.9721,7.493,0.250
6174,206.0055,29.970,1.000
6175,206.0388,7.493,0.250
6176,206.0722,27.015,0.901
6177,206.1056,29.970,1.000
6178,206.1389,0.000,0.000
6179,206.1723,14.985,0.500
6180,206.2057,33.508,1.118
6181,206.2390,7.493,0.250
6182,206.2724,7.493,0.250
6183,206.3058,14.985,0.500
6184,206.3391,0.000,0.000
6185,206.3725,7.493,0.250
6186,206.4059,10.596,0.354
6187,206.4392,22.478,0.750
6188,206.4726,7.493,0.250
6189,206.5060,7.493,0.250
6190,206.5393,0.000,0.000
6191,206.5727,7.493,0.250
6192,206.6061,0.000,0.000
6193,206.6394,0.000,0.000
6194,206.6728,7.493,0.250
6195,206.7062,7.493,0.250
6196,206.7395,37.463,1.250
6197,206.7729,0.000,0.000
6198,206.8063,0.000,0.000
6199,206.8396,57.061,1.904
6200,206.8730,29.970,1.000
6201,206.9064,7.493,0.250
6202,206.9397,7.493,0.250
6203,206.9731,0.000,0.000
6204,207.0065,33.508,1.118
6205,207.0398,40.348,1.346
6206,207.0732,52.448,1.750
6207,207.1066,16.754,0.559
6208,207.1399,91.150,3.041
6209,207.1733,61.785,2.062
6210,207.2067,14.985,0.500
6211,207.2400,22.478,0.750
6212,207.2734,47.387,1.581
6213,207.3068,87.698,2.926
6214,207.3401,50.261,1.677
6215,207.3735,40.348,1.346
6216,207.4069,43.689,1.458
6217,207.4402,44.955,1.500
6218,207.4736,22.478,0.750
6219,207.5070,29.970,1.000
6220,207.5403,71.080,2.372
6221,207.5737,16.754,0.559
6222,207.6071,22.478,0.750
6223,207.6404,23.693,0.791
6224,207.6738,40.348,1.346
6225,207.7072,7.493,0.250
6226,207.7405,7.493,0.250
6227,207.7739,7.493,0.250
6228,207.8073,0.000,0.000
6229,207.8406,7.493,0.250
6230,207.8740,0.000,0.000
6231,207.9074,0.000,0.000
6232,207.9407,22.478,0.750
6233,207.9741,0.000,0.000
6234,208.0075,7.493,0.250
6235,208.0408,0.000,0.000
6236,208.0742,0.000,0.000
6237,208.1076,0.000,0.000
6238,208.1409,0.000,0.000
6239,208.1743,0.000,0.000
6240,208.2077,0.000,0.000
6241,208.2410,0.000,0.000
6242,208.2744,0.000,0.000
6243,208.3078,0.000,0.000
6244,208.3411,0.000,0.000
6245,208.3745,7.493,0.250
6246,208.4079,0.000,0.000
6247,208.4412,7.493,0.250
6248,208.4746,14.985,0.500
6249,208.5080,16.754,0.559
6250,208.5413,0.000,0.000
6251,208.5747,38.205,1.275
6252,208.6081,30.892,1.031
6253,208.6414,23.693,0.791
6254,208.6748,33.508,1.118
6255,208.7082,78.224,2.610
6256,208.7415,42.384,1.414
6257,208.7749,30.892,1.031
6258,208.8083,23.693,0.791
6259,208.8416,27.015,0.901
6260,208.8750,90.222,3.010
6261,208.9084,27.015,0.901
6262,208.9417,21.192,0.707
6263,208.9751,40.348,1.346
6264,209.0085,54.029,1.803
6265,209.0418,60.407,2.016
6266,209.0752,27.015,0.901
6267,209.1086,30.892,1.031
6268,209.1419,37.463,1.250
6269,209.1753,30.892,1.031
6270,209.2087,73.793,2.462
6271,209.2420,23.693,0.791
6272,209.2754,30.892,1.031
6273,209.3088,31.788,1.061
6274,209.3421,23.693,0.791
6275,209.3755,21.192,0.707
6276,209.4089,27.015,0.901
6277,209.4422,22.478,0.750
6278,209.4756,10.596,0.354
6279,209.5090,7.493,0.250
6280,209.5423,7.493,0.250
6281,209.5757,0.000,0.000
6282,209.6091,16.754,0.559
6283,209.6424,0.000,0.000
6284,209.6758,0.000,0.000
6285,209.7092,7.493,0.250
6286,209.7425,10.596,0.354
6287,209.7759,22.478,0.750
6288,209.8093,0.000,0.000
6289,209.8426,7.493,0.250
6290,209.8760,23.693,0.791
6291,209.9094,0.000,0.000
6292,209.9427,0.000,0.000
6293,209.9761,0.000,0.000
6294,210.0095,0.000,0.000
6295,210.0428,7.493,0.250
6296,210.0762,7.493,0.250
6297,210.1096,7.493,0.250
6298,210.1429,22.478,0.750
6299,210.1763,7.493,0.250
6300,210.2097,10.596,0.354
6301,210.2430,37.463,1.250
6302,210.2764,23.693,0.791
6303,210.3098,10.596,0.354
6304,210.3431,23.693,0.791
6305,210.3765,27.015,0.901
6306,210.4099,14.985,0.500
6307,210.4432,16.754,0.559
6308,210.4766,29.970,1.000
6309,210.5100,16.754,0.559
6310,210.5433,29.970,1.000
6311,210.5767,14.985,0.500
6312,210.6101,27.015,0.901
6313,210.6434,0.000,0.000
6314,210.6768,16.754,0.559
6315,210.7102,16.754,0.559
6316,210.7435,29.970,1.000
6317,210.7769,29.970,1.000
6318,210.8103,7.493,0.250
6319,210.8436,22.478,0.750
6320,210.8770,27.015,0.901
6321,210.9104,10.596,0.354
6322,210.9437,7.493,0.250
6323,210.9771,44.955,1.500
6324,211.0105,7.493,0.250
6325,211.0438,52.448,1.750
6326,211.0772,29.970,1.000
6327,211.1106,14.985,0.500
6328,211.1439,37.463,1.250
6329,211.1773,45.575,1.521
6330,211.2107,38.205,1.275
6331,211.2440,29.970,1.000
6332,211.2774,27.015,0.901
6333,211.3108,37.463,1.250
6334,211.3441,29.970,1.000
6335,211.3775,0.000,0.000
6336,211.4109,14.985,0.500
6337,211.4442,22.478,0.750
6338,211.4776,0.000,0.000
6339,211.5110,29.970,1.000
6340,211.5443,14.985,0.500
6341,211.5777,29.970,1.000
6342,211.6111,22.478,0.750
6343,211.6444,29.970,1.000
6344,211.6778,0.000,0.000
6345,211.7112,22.478,0.750
6346,211.7445,75.299,2.512
6347,211.7779,59.940,2.000
6348,211.8113,99.963,3.335
6349,211.8446,37.463,1.250
6350,211.8780,30.892,1.031
6351,211.9114,22.478,0.750
6352,211.9447,91.150,3.041
6353,211.9781,30.892,1.031
6354,212.0115,44.955,1.500
6355,212.0448,21.192,0.707
6356,212.0782,21.192,0.707
6357,212.1116,60.407,2.016
6358,212.1449,37.463,1.250
6359,212.1783,74.925,2.500
6360,212.2117,37.463,1.250
6361,212.2450,91.458,3.052
6362,212.2784,47.976,1.601
6363,212.3118,37.463,1.250
6364,212.3451,69.078,2.305
6365,212.3785,74.925,2.500
6366,212.4119,91.458,3.052
6367,212.4452,27.015,0.901
6368,212.4786,29.970,1.000
6369,212.5120,165.006,5.506
6370,212.5453,67.848,2.264
6371,212.5787,30.892,1.031
6372,212.6121,47.387,1.581
6373,212.6454,69.078,2.305
6374,212.6788,54.546,1.820
6375,212.7122,44.955,1.500
6376,212.7455,29.970,1.000
6377,212.7789,38.205,1.275
6378,212.8123,37.463,1.250
6379,212.8456,47.976,1.601
6380,212.8790,22.478,0.750
6381,212.9124,7.493,0.250
6382,212.9457,10.596,0.354
6383,212.9791,30.892,1.031
6384,213.0125,7.493,0.250
6385,213.0458,7.493,0.250
6386,213.0792,7.493,0.250
6387,213.1126,0.000,0.000
6388,213.1459,7.493,0.250
6389,213.1793,7.493,0.250
6390,213.2127,0.000,0.000
6391,213.2460,0.000,0.000
6392,213.2794,0.000,0.000
6393,213.3128,0.000,0.000
6394,213.3461,7.493,0.250
6395,213.3795,0.000,0.000
6396,213.4129,7.493,0.250
6397,213.4462,16.754,0.559
6398,213.4796,7.493,0.250
6399,213.5130,10.596,0.354
6400,213.5463,16.754,0.559
6401,213.5797,7.493,0.250
6402,213.6131,7.493,0.250
6403,213.6464,21.192,0.707
6404,213.6798,16.754,0.559
6405,213.7132,23.693,0.791
6406,213.7465,57.061,1.904
6407,213.7799,43.689,1.458
6408,213.8133,38.205,1.275
6409,213.8466,69.078,2.305
6410,213.8800,91.458,3.052
6411,213.9134,31.788,1.061
6412,213.9467,43.689,1.458
6413,213.9801,22.478,0.750
6414,214.0135,16.754,0.559
6415,214.0468,37.463,1.250
6416,214.0802,37.463,1.250
6417,214.1136,0.000,0.000
6418,214.1469,22.478,0.750
6419,214.1803,23.693,0.791
6420,214.2137,43.689,1.458
6421,214.2470,10.596,0.354
6422,214.2804,30.892,1.031
6423,214.3138,30.892,1.031
6424,214.3471,60.407,2.016
6425,214.3805,67.433,2.250
6426,214.4139,30.892,1.031
6427,214.4472,29.970,1.000
6428,214.4806,50.261,1.677
6429,214.5140,23.693,0.791
6430,214.5473,30.892,1.031
6431,214.5807,29.970,1.000
6432,214.6141,10.596,0.354
6433,214.6474,16.754,0.559
6434,214.6808,22.478,0.750
6435,214.7142,10.596,0.354
6436,214.7475,30.892,1.031
6437,214.7809,45.575,1.521
6438,214.8143,14.985,0.500
6439,214.8476,14.985,0.500
6440,214.8810,29.970,1.000
6441,214.9144,22.478,0.750
6442,214.9477,22.478,0.750
6443,214.9811,37.463,1.250
6444,215.0145,43.689,1.458
6445,215.0478,40.348,1.346
6446,215.0812,52.448,1.750
6447,215.1146,14.985,0.500
6448,215.1479,14.985,0.500
6449,215.1813,7.493,0.250
6450,215.2147,45.575,1.521
6451,215.2480,0.000,0.000
6452,215.2814,16.754,0.559
6453,215.3148,16.754,0.559
6454,215.3481,7.493,0.250
6455,215.3815,7.493,0.250
6456,215.4149,38.205,1.275
6457,215.4482,22.478,0.750
6458,215.4816,64.453,2.151
6459,215.5150,42.384,1.414
6460,215.5483,64.453,2.151
6461,215.5817,47.976,1.601
6462,215.6151,60.407,2.016
6463,215.6484,111.384,3.717
6464,215.6818,58.518,1.953
6465,215.7152,42.384,1.414
6466,215.7485,58.518,1.953
6467,215.7819,40.348,1.346
6468,215.8153,52.448,1.750
6469,215.8486,105.163,3.509
6470,215.8820,30.892,1.031
6471,215.9154,83.769,2.795
6472,215.9487,79.647,2.658
6473,215.9821,27.015,0.901
6474,216.0155,16.754,0.559
6475,216.0488,22.478,0.750
6476,216.0822,7.493,0.250
6477,216.1156,21.192,0.707
6478,216.1489,16.754,0.559
6479,216.1823,21.192,0.707
6480,216.2157,7.493,0.250
6481,216.2490,0.000,0.000
6482,216.2824,0.000,0.000
6483,216.3158,22.478,0.750
6484,216.3491,0.000,0.000
6485,216.3825,0.000,0.000
6486,216.4159,0.000,0.000
6487,216.4492,0.000,0.000
6488,216.4826,0.000,0.000
6489,216.5160,0.000,0.000
6490,216.5493,0.000,0.000
6491,216.5827,0.000,0.000
6492,216.6161,0.000,0.000
6493,216.6494,0.000,0.000
6494,216.6828,0.000,0.000
6495,216.7162,0.000,0.000
6496,216.7495,0.000,0.000
6497,216.7829,16.754,0.559
6498,216.8163,29.970,1.000
6499,216.8496,7.493,0.250
6500,216.8830,30.892,1.031
6501,216.9164,14.985,0.500
6502,216.9497,30.892,1.031
6503,216.9831,23.693,0.791
6504,217.0165,7.493,0.250
6505,217.0498,14.985,0.500
6506,217.0832,87.377,2.915
6507,217.1166,78.224,2.610
6508,217.1499,43.689,1.458
6509,217.1833,74.925,2.500
6510,217.2167,30.892,1.031
6511,217.2500,27.015,0.901
6512,217.2834,29.970,1.000
6513,217.3168,57.061,1.904
6514,217.3501,42.384,1.414
6515,217.3835,42.384,1.414
6516,217.4169,54.029,1.803
6517,217.4502,29.970,1.000
6518,217.4836,14.985,0.500
6519,217.5170,10.596,0.354
6520,217.5503,21.192,0.707
6521,217.5837,16.754,0.559
6522,217.6171,16.754,0.559
6523,217.6504,61.785,2.062
6524,217.6838,44.955,1.500
6525,217.7172,57.061,1.904
6526,217.7505,73.793,2.462
6527,217.7839,47.387,1.581
6528,217.8173,16.754,0.559
6529,217.8506,33.508,1.118
6530,217.8840,21.192,0.707
6531,217.9174,23.693,0.791
6532,217.9507,0.000,0.000
6533,217.9841,29.970,1.000
6534,218.0175,7.493,0.250
6535,218.0508,23.693,0.791
6536,218.0842,7.493,0.250
6537,218.1176,29.970,1.000
6538,218.1509,0.000,0.000
6539,218.1843,0.000,0.000
6540,218.2177,23.693,0.791
6541,218.2510,0.000,0.000
6542,218.2844,29.970,1.000
6543,218.3178,30.892,1.031
6544,218.3511,22.478,0.750
6545,218.3845,16.754,0.559
6546,218.4179,29.970,1.000
6547,218.4512,75.299,2.512
6548,218.4846,59.940,2.000
6549,218.5180,75.299,2.512
6550,218.5513,38.205,1.275
6551,218.5847,52.448,1.750
6552,218.6181,67.433,2.250
6553,218.6514,37.463,1.250
6554,218.6848,42.384,1.414
6555,218.7182,30.892,1.031
6556,218.7515,42.384,1.414
6557,218.7849,27.015,0.901
6558,218.8183,52.980,1.768
6559,218.8516,47.976,1.601
6560,218.8850,31.788,1.061
6561,218.9184,74.172,2.475
6562,218.9517,143.927,4.802
6563,218.9851,37.463,1.250
6564,219.0185,79.647,2.658
6565,219.0518,42.384,1.414
6566,219.0852,74.172,2.475
6567,219.1186,84.768,2.828
6568,219.1519,57.061,1.904
6569,219.1853,71.080,2.372
6570,219.2187,67.848,2.264
6571,219.2520,64.453,2.151
6572,219.2854,57.061,1.904
6573,219.3188,23.693,0.791
6574,219.3521,14.985,0.500
6575,219.3855,27.015,0.901
6576,219.4189,22.478,0.750
6577,219.4522,30.892,1.031
6578,219.4856,16.754,0.559
6579,219.5190,16.754,0.559
6580,219.5523,16.754,0.559
6581,219.5857,7.493,0.250
6582,219.6191,0.000,0.000
6583,219.6524,16.754,0.559
6584,219.6858,0.000,0.000
6585,219.7192,0.000,0.000
6586,219.7525,0.000,0.000
6587,219.7859,0.000,0.000
6588,219.8193,0.000,0.000
6589,219.8526,0.000,0.000
6590,219.8860,0.000,0.000
6591,219.9194,0.000,0.000
6592,219.9527,0.000,0.000
6593,219.9861,0.000,0.000
6594,220.0195,0.000,0.000
6595,220.0528,0.000,0.000
6596,220.0862,0.000,0.000
6597,220.1196,7.493,0.250
6598,220.1529,23.693,0.791
6599,220.1863,14.985,0.500
6600,220.2197,14.985,0.500
6601,220.2530,23.693,0.791
6602,220.2864,21.192,0.707
6603,220.3198,14.985,0.500
6604,220.3531,29.970,1.000
6605,220.3865,23.693,0.791
6606,220.4199,79.647,2.658
6607,220.4532,67.015,2.236
6608,220.4866,81.044,2.704
6609,220.5200,47.387,1.581
6610,220.5533,31.788,1.061
6611,220.5867,27.015,0.901
6612,220.6201,7.493,0.250
6613,220.6534,7.493,0.250
6614,220.6868,14.985,0.500
6615,220.7202,14.985,0.500
6616,220.7535,10.596,0.354
6617,220.7869,29.970,1.000
6618,220.8203,14.985,0.500
6619,220.8536,27.015,0.901
6620,220.8870,7.493,0.250
6621,220.9204,27.015,0.901
6622,220.9537,54.546,1.820
6623,220.9871,44.955,1.500
6624,221.0205,37.463,1.250
6625,221.0538,60.407,2.016
6626,221.0872,33.508,1.118
6627,221.1206,30.892,1.031
6628,221.1539,31.788,1.061
6629,221.1873,22.478,0.750
6630,221.2207,33.508,1.118
6631,221.2540,16.754,0.559
6632,221.2874,7.493,0.250
6633,221.3208,30.892,1.031
6634,221.3541,16.754,0.559
6635,221.3875,14.985,0.500
6636,221.4209,7.493,0.250
6637,221.4542,16.754,0.559
6638,221.4876,7.493,0.250
6639,221.5210,29.970,1.000
6640,221.5543,7.493,0.250
6641,221.5877,16.754,0.559
6642,221.6211,7.493,0.250
6643,221.6544,21.192,0.707
6644,221.6878,31.788,1.061
6645,221.7212,23.693,0.791
6646,221.7545,52.448,1.750
6647,221.7879,60.407,2.016
6648,221.8213,74.925,2.500
6649,221.8546,74.925,2.500
6650,221.8880,59.940,2.000
6651,221.9214,37.463,1.250
6652,221.9547,30.892,1.031
6653,221.9881,50.261,1.677
6654,222.0215,37.463,1.250
6655,222.0548,27.015,0.901
6656,222.0882,16.754,0.559
6657,222.1216,37.463,1.250
6658,222.1549,58.518,1.953
6659,222.1883,42.384,1.414
6660,222.2217,69.078,2.305
6661,222.2550,58.518,1.953
6662,222.2884,69.078,2.305
6663,222.3218,52.980,1.768
6664,222.3551,63.576,2.121
6665,222.3885,85.428,2.850
6666,222.4219,101.909,3.400
6667,222.4552,50.261,1.677
6668,222.4886,22.478,0.750
6669,222.5220,109.093,3.640
6670,222.5553,58.518,1.953
6671,222.5887,69.078,2.305
6672,222.6221,69.078,2.305
6673,222.6554,37.463,1.250
6674,222.6888,29.970,1.000
6675,222.7222,14.985,0.500
6676,222.7555,10.596,0.354
6677,222.7889,43.689,1.458
6678,222.8223,0.000,0.000
6679,222.8556,27.015,0.901
6680,222.8890,14.985,0.500
6681,222.9224,0.000,0.000
6682,222.9557,0.000,0.000
6683,222.9891,29.970,1.000
6684,223.0225,0.000,0.000
6685,223.0558,0.000,0.000
6686,223.0892,0.000,0.000
6687,223.1226,0.000,0.000
6688,223.1559,0.000,0.000
6689,223.1893,0.000,0.000
6690,223.2227,0.000,0.000
6691,223.2560,0.000,0.000
6692,223.2894,0.000,0.000
6693,223.3228,0.000,0.000
6694,223.3561,0.000,0.000
6695,223.3895,0.000,0.000
6696,223.4229,21.192,0.707
6697,223.4562,14.985,0.500
6698,223.4896,0.000,0.000
6699,223.5230,14.985,0.500
6700,223.5563,10.596,0.354
6701,223.5897,30.892,1.031
6702,223.6231,23.693,0.791
6703,223.6564,23.693,0.791
6704,223.6898,33.508,1.118
6705,223.7232,10.596,0.354
6706,223.7565,108.059,3.606
6707,223.7899,37.463,1.250
6708,223.8233,83.769,2.795
6709,223.8566,33.508,1.118
6710,223.8900,70.684,2.358
6711,223.9234,23.693,0.791
6712,223.9567,7.493,0.250
6713,223.9901,16.754,0.559
6714,224.0235,23.693,0.791
6715,224.0568,14.985,0.500
6716,224.0902,16.754,0.559
6717,224.1236,16.754,0.559
6718,224.1569,23.693,0.791
6719,224.1903,16.754,0.559
6720,224.2237,7.493,0.250
6721,224.2570,16.754,0.559
6722,224.2904,7.493,0.250
6723,224.3238,7.493,0.250
6724,224.3571,37.463,1.250
6725,224.3905,52.980,1.768
6726,224.4239,30.892,1.031
6727,224.4572,29.970,1.000
6728,224.4906,16.754,0.559
6729,224.5240,30.892,1.031
6730,224.5573,21.192,0.707
6731,224.5907,14.985,0.500
6732,224.6241,0.000,0.000
6733,224.6574,29.970,1.000
6734,224.6908,0.000,0.000
6735,224.7242,52.448,1.750
6736,224.7575,0.000,0.000
6737,224.7909,10.596,0.354
6738,224.8243,14.985,0.500
6739,224.8576,7.493,0.250
6740,224.8910,30.892,1.031
6741,224.9244,40.348,1.346
6742,224.9577,14.985,0.500
6743,224.9911,23.693,0.791
6744,225.0245,7.493,0.250
6745,225.0578,23.693,0.791
6746,225.0912,67.433,2.250
6747,225.1246,60.407,2.016
6748,225.1579,67.433,2.250
6749,225.1913,97.403,3.250
6750,225.2247,45.575,1.521
6752,225.2914,33.924,2.264
6753,225.3248,73.793,2.462
6754,225.3581,38.205,1.275
6755,225.3915,23.693,0.791
6756,225.4249,21.192,0.707
6757,225.4582,47.976,1.601
6758,225.4916,85.428,2.850
6759,225.5250,27.015,0.901
6760,225.5583,47.976,1.601
6761,225.5917,69.078,2.305
6762,225.6251,105.960,3.536
6763,225.6584,42.384,1.414
6764,225.6918,74.172,2.475
6765,225.7252,74.172,2.475
6766,225.7585,74.925,2.500
6767,225.7919,63.576,2.121
6768,225.8253,61.785,2.062
6769,225.8586,67.015,2.236
6770,225.8920,125.598,4.191
6771,225.9254,38.205,1.275
6772,225.9587,23.693,0.791
6773,225.9921,52.980,1.768
6774,226.0255,22.478,0.750
6775,226.0588,0.000,0.000
6776,226.0922,14.985,0.500
6777,226.1256,27.015,0.901
6778,226.1589,10.596,0.354
6779,226.1923,16.754,0.559
6780,226.2257,7.493,0.250
6781,226.2590,16.754,0.559
6782,226.2924,0.000,0.000
6783,226.3258,16.754,0.559
6784,226.3591,0.000,0.000
6785,226.3925,0.000,0.000
6786,226.4259,0.000,0.000
6787,226.4592,0.000,0.000
6788,226.4926,0.000,0.000
6789,226.5260,0.000,0.000
6790,226.5593,0.000,0.000
6791,226.5927,0.000,0.000
6792,226.6261,0.000,0.000
6793,226.6594,0.000,0.000
6794,226.6928,0.000,0.000
6795,226.7262,0.000,0.000
6796,226.7595,7.493,0.250
6797,226.7929,0.000,0.000
6798,226.8263,0.000,0.000
6799,226.8596,10.596,0.354
6800,226.8930,14.985,0.500
6801,226.9264,21.192,0.707
6802,226.9597,7.493,0.250
6803,226.9931,61.785,2.062
6804,227.0265,22.478,0.750
6805,227.0598,23.693,0.791
6806,227.0932,77.140,2.574
6807,227.1266,85.428,2.850
6808,227.1599,52.980,1.768
6809,227.1933,83.769,2.795
6810,227.2267,31.788,1.061
6811,227.2600,7.493,0.250
6812,227.2934,0.000,0.000
6813,227.3268,10.596,0.354
6814,227.3601,16.754,0.559
6815,227.3935,30.892,1.031
6816,227.4268,14.985,0.500
6817,227.4602,10.596,0.354
6818,227.4936,7.493,0.250
6819,227.5269,16.754,0.559
6820,227.5603,14.985,0.500
6821,227.5937,7.493,0.250
6822,227.6270,27.015,0.901
6823,227.6604,40.348,1.346
6824,227.6938,10.596,0.354
6825,227.7271,44.955,1.500
6826,227.7605,47.387,1.581
6827,227.7939,14.985,0.500
6828,227.8272,30.892,1.031
6829,227.8606,33.508,1.118
6830,227.8940,37.463,1.250
6831,227.9273,7.493,0.250
6832,227.9607,7.493,0.250
6833,227.9941,22.478,0.750
6834,228.0274,7.493,0.250
6835,228.0608,22.478,0.750
6836,228.0942,22.478,0.750
6837,228.1275,10.596,0.354
6838,228.1609,0.000,0.000
6839,228.1943,22.478,0.750
6840,228.2276,7.493,0.250
6841,228.2610,7.493,0.250
6842,228.2944,33.508,1.118
6843,228.3277,16.754,0.559
6844,228.3611,27.015,0.901
6845,228.3945,29.970,1.000
6846,228.4278,67.433,2.250
6847,228.4612,59.940,2.000
6848,228.4946,74.925,2.500
6849,228.5279,52.980,1.768
6850,228.5613,52.980,1.768
6851,228.5947,60.407,2.016
6852,228.6280,21.192,0.707
6853,228.6614,61.785,2.062
6854,228.6948,23.693,0.791
6855,228.7281,23.693,0.791
6856,228.7615,33.508,1.118
6857,228.7949,40.348,1.346
6858,228.8282,74.925,2.500
6859,228.8616,37.463,1.250
6860,228.8950,70.684,2.358
6861,228.9283,37.463,1.250
6862,228.9617,69.078,2.305
6863,228.9951,90.222,3.010
6864,229.0284,106.489,3.553
6865,229.0618,42.384,1.414
6866,229.0952,69.078,2.305
6867,229.1285,63.576,2.121
6868,229.1619,67.015,2.236
6869,229.1953,94.774,3.162
6870,229.2286,60.407,2.016
6871,229.2620,52.980,1.768
6872,229.2954,42.384,1.414
6873,229.3287,31.788,1.061
6874,229.3621,0.000,0.000
6875,229.3955,21.192,0.707
6876,229.4288,16.754,0.559
6877,229.4622,16.754,0.559
6878,229.4956,16.754,0.559
6879,229.5289,0.000,0.000
6880,229.5623,22.478,0.750
6881,229.5957,7.493,0.250
6882,229.6290,0.000,0.000
6883,229.6624,0.000,0.000
6884,229.6958,7.493,0.250
6885,229.7291,0.000,0.000
6886,229.7625,0.000,0.000
6887,229.7959,7.493,0.250
6888,229.8292,0.000,0.000
6889,229.8626,0.000,0.000
6890,229.8960,0.000,0.000
6891,229.9293,7.493,0.250
6892,229.9627,0.000,0.000
6893,229.9961,0.000,0.000
6894,230.0294,0.000,0.000
6895,230.0628,0.000,0.000
6896,230.0962,0.000,0.000
6897,230.1295,7.493,0.250
6898,230.1629,29.970,1.000
6899,230.1963,7.493,0.250
6900,230.2296,21.192,0.707
6901,230.2630,0.000,0.000
6902,230.2964,22.478,0.750
6903,230.3297,40.348,1.346
6904,230.3631,22.478,0.750
6905,230.3965,22.478,0.750
6906,230.4298,104.089,3.473
6907,230.4632,37.463,1.250
6908,230.4966,91.458,3.052
6909,230.5299,38.205,1.275
6910,230.5633,74.172,2.475
6911,230.5967,7.493,0.250
6912,230.6300,0.000,0.000
6913,230.6634,16.754,0.559
6914,230.6968,10.596,0.354
6915,230.7301,37.463,1.250
6916,230.7635,16.754,0.559
6917,230.7969,0.000,0.000
6918,230.8302,29.970,1.000
6919,230.8636,16.754,0.559
6920,230.8970,16.754,0.559
6921,230.9303,10.596,0.354
6922,230.9637,27.015,0.901
6923,230.9971,14.985,0.500
6924,231.0304,14.985,0.500
6925,231.0638,38.205,1.275
6926,231.0972,30.892,1.031
6927,231.1305,21.192,0.707
6928,231.1639,22.478,0.750
6929,231.1973,23.693,0.791
6930,231.2306,27.015,0.901
6931,231.2640,16.754,0.559
6932,231.2974,14.985,0.500
6933,231.3307,14.985,0.500
6934,231.3641,23.693,0.791
6935,231.3975,10.596,0.354
6936,231.4308,23.693,0.791
6937,231.4642,7.493,0.250
6938,231.4976,22.478,0.750
6939,231.5309,7.493,0.250
6940,231.5643,10.596,0.354
6941,231.5977,27.015,0.901
6942,231.6310,23.693,0.791
6943,231.6644,0.000,0.000
6944,231.6978,27.015,0.901
6945,231.7311,67.848,2.264
6946,231.7645,45.575,1.521
6947,231.7979,61.785,2.062
6948,231.8312,82.758,2.761
6949,231.8646,44.955,1.500
6950,231.8980,44.955,1.500
6951,231.9313,61.785,2.062
6952,231.9647,21.192,0.707
6953,231.9981,22.478,0.750
6954,232.0314,33.508,1.118
6955,232.0648,50.261,1.677
6956,232.0982,52.980,1.768
6957,232.1315,22.478,0.750
6958,232.1649,84.768,2.828
6959,232.1983,47.976,1.601
6960,232.2316,60.407,2.016
6961,232.2650,37.463,1.250
6962,232.2984,79.647,2.658
6963,232.3317,117.037,3.905
6964,232.3651,85.428,2.850
6965,232.3985,37.463,1.250
6966,232.4318,74.925,2.500
6967,232.4652,43.689,1.458
6968,232.4986,80.697,2.693
6969,232.5319,97.403,3.250
6970,232.5653,67.015,2.236
6971,232.5987,54.546,1.820
6972,232.6320,29.970,1.000
6973,232.6654,50.261,1.677
6974,232.6988,22.478,0.750
6975,232.7321,7.493,0.250
6976,232.7655,31.788,1.061
6977,232.7989,7.493,0.250
6978,232.8322,16.754,0.559
6979,232.8656,16.754,0.559
6980,232.8990,14.985,0.500
6981,232.9323,14.985,0.500
6982,232.9657,7.493,0.250
6983,232.9991,22.478,0.750
6984,233.0324,7.493,0.250
6985,233.0658,0.000,0.000
6986,233.0992,0.000,0.000
6987,233.1325,0.000,0.000
6988,233.1659,0.000,0.000
6989,233.1993,0.000,0.000
6990,233.2326,0.000,0.000
6991,233.2660,0.000,0.000
6992,233.2994,0.000,0.000
6993,233.3327,0.000,0.000
6994,233.3661,0.000,0.000
6995,233.3995,0.000,0.000
6996,233.4328,0.000,0.000
6997,233.4662,10.596,0.354
6998,233.4996,16.754,0.559
6999,233.5329,7.493,0.250
7000,233.5663,0.000,0.000
7001,233.5997,7.493,0.250
7002,233.6330,23.693,0.791
7003,233.6664,45.575,1.521
7004,233.6998,14.985,0.500
7005,233.7331,52.980,1.768
7006,233.7665,38.205,1.275
7007,233.7999,52.980,1.768
7008,233.8332,74.925,2.500
7009,233.8666,77.140,2.574
7010,233.9000,64.453,2.151
7011,233.9333,7.493,0.250
7012,233.9667,10.596,0.354
7013,234.0001,16.754,0.559
7014,234.0334,16.754,0.559
7015,234.0668,7.493,0.250
7016,234.1002,42.384,1.414
7017,234.1335,27.015,0.901
7018,234.1669,16.754,0.559
7019,234.2003,7.493,0.250
7020,234.2336,37.463,1.250
7021,234.2670,7.493,0.250
7022,234.3004,7.493,0.250
7023,234.3337,16.754,0.559
7024,234.3671,0.000,0.000
7025,234.4005,22.478,0.750
7026,234.4338,38.205,1.275
7027,234.4672,23.693,0.791
7028,234.5006,16.754,0.559
7029,234.5339,30.892,1.031
7030,234.5673,37.463,1.250
7031,234.6007,22.478,0.750
7032,234.6340,10.596,0.354
7033,234.6674,16.754,0.559
7034,234.7008,14.985,0.500
7035,234.7341,14.985,0.500
7036,234.7675,7.493,0.250
7037,234.8009,14.985,0.500
7038,234.8342,14.985,0.500
7039,234.8676,16.754,0.559
7040,234.9010,7.493,0.250
7041,234.9343,0.000,0.000
7042,234.9677,37.463,1.250
7043,235.0011,42.384,1.414
7044,235.0344,29.970,1.000
7045,235.0678,37.463,1.250
7046,235.1012,52.448,1.750
7047,235.1345,67.433,2.250
7048,235.1679,89.910,3.000
7049,235.2013,52.448,1.750
7050,235.2346,44.955,1.500
7051,235.2680,37.463,1.250
7052,235.3014,38.205,1.275
7053,235.3347,30.892,1.031
7054,235.3681,27.015,0.901
7055,235.4015,29.970,1.000
7056,235.4348,29.970,1.000
7057,235.4682,33.508,1.118
7058,235.5016,84.768,2.828
7059,235.5349,37.463,1.250
7060,235.5683,69.078,2.305
7061,235.6017,74.925,2.500
7062,235.6350,69.078,2.305
7063,235.6684,160.347,5.350
7064,235.7018,42.384,1.414
7065,235.7351,74.925,2.500
7066,235.7685,43.689,1.458
7067,235.8019,30.892,1.031
7068,235.8352,134.030,4.472
7069,235.8686,105.960,3.536
7070,235.9020,74.172,2.475
7071,235.9353,29.970,1.000
7072,235.9687,30.892,1.031
7073,236.0021,54.546,1.820
7074,236.0354,29.970,1.000
7075,236.0688,47.387,1.581
7076,236.1022,47.387,1.581
7077,236.1355,27.015,0.901
7078,236.1689,14.985,0.500
7079,236.2023,7.493,0.250
7080,236.2356,45.575,1.521
7081,236.2690,0.000,0.000
7082,236.3024,23.693,0.791
7083,236.3357,0.000,0.000
7084,236.3691,0.000,0.000
7085,236.4025,10.596,0.354
7086,236.4358,7.493,0.250
7087,236.4692,0.000,0.000
7088,236.5026,0.000,0.000
7089,236.5359,0.000,0.000
7090,236.5693,0.000,0.000
7091,236.6027,7.493,0.250
7092,236.6360,23.693,0.791
7093,236.6694,16.754,0.559
7094,236.7028,16.754,0.559
7095,236.7361,14.985,0.500
7096,236.7695,16.754,0.559
7097,236.8029,27.015,0.901
7098,236.8362,22.478,0.750
7099,236.8696,95.364,3.182
7100,236.9030,45.575,1.521
7101,236.9363,100.802,3.363
7102,236.9697,114.368,3.816
7103,237.0031,22.478,0.750
7104,237.0364,23.693,0.791
7105,237.0698,0.000,0.000
7106,237.1032,7.493,0.250
7107,237.1365,45.575,1.521
7108,237.1699,10.596,0.354
7109,237.2033,14.985,0.500
7110,237.2366,23.693,0.791
7111,237.2700,14.985,0.500
7112,237.3034,21.192,0.707
7113,237.3367,30.892,1.031
7114,237.3701,54.029,1.803
7115,237.4035,47.387,1.581
7116,237.4368,23.693,0.791
7117,237.4702,27.015,0.901
7118,237.5036,16.754,0.559
7119,237.5369,50.261,1.677
7120,237.5703,0.000,0.000
7121,237.6037,27.015,0.901
7122,237.6370,23.693,0.791
7123,237.6704,22.478,0.750
7124,237.7038,16.754,0.559
7125,237.7371,7.493,0.250
7126,237.7705,22.478,0.750
7127,237.8039,43.689,1.458
7128,237.8372,67.848,2.264
7129,237.8706,52.448,1.750
7130,237.9040,83.769,2.795
7131,237.9373,45.575,1.521
7132,237.9707,43.689,1.458
7133,238.0041,76.409,2.550
7134,238.0374,52.448,1.750
7135,238.0708,94.774,3.162
7136,238.1042,116.556,3.889
7137,238.1375,54.029,1.803
7138,238.1709,165.006,5.506
7139,238.2043,116.556,3.889
7140,238.2376,67.015,2.236
7141,238.2710,58.518,1.953
7142,238.3044,40.348,1.346
7143,238.3377,127.373,4.250
7144,238.3711,134.030,4.472
7145,238.4045,60.407,2.016
7146,238.4378,61.785,2.062
7147,238.4712,61.785,2.062
7148,238.5046,50.261,1.677
7149,238.5379,82.418,2.750
7150,238.5713,52.980,1.768
7151,238.6047,50.261,1.677
7152,238.6380,52.980,1.768
7153,238.6714,27.015,0.901
7154,238.7048,38.205,1.275
7155,238.7381,99.963,3.335
7156,238.7715,45.575,1.521
7157,238.8049,29.970,1.000
7158,238.8382,82.758,2.761
7159,238.8716,23.693,0.791
7160,238.9050,14.985,0.500
7161,238.9383,16.754,0.559
7162,238.9717,23.693,0.791
7163,239.0051,44.955,1.500
7164,239.0384,27.015,0.901
7165,239.0718,23.693,0.791
7166,239.1052,14.985,0.500
7167,239.1385,70.684,2.358
7168,239.1719,191.023,6.374
7169,239.2053,67.015,2.236
7170,239.2386,0.000,0.000
7171,239.2720,29.970,1.000
7172,239.3054,10.596,0.354
7173,239.3387,30.892,1.031
7174,239.3721,30.892,1.031
7175,239.4055,44.955,1.500
7176,239.4388,23.693,0.791
7177,239.4722,21.192,0.707
7178,239.5056,16.754,0.559
7179,239.5389,22.478,0.750
7180,239.5723,70.684,2.358
7181,239.6057,22.478,0.750
7182,239.6390,47.387,1.581
7183,239.6724,21.192,0.707
7184,239.7058,21.192,0.707
7185,239.7391,38.205,1.275
7186,239.7725,22.478,0.750
7187,239.8059,22.478,0.750
7188,239.8392,22.478,0.750
7189,239.8726,16.754,0.559
7190,239.9060,30.892,1.031
7191,239.9393,10.596,0.354
7192,239.9727,54.546,1.820
7193,240.0061,60.407,2.016
7194,240.0394,52.980,1.768
7195,240.0728,82.758,2.761
7196,240.1062,30.892,1.031
7197,240.1395,64.016,2.136
7198,240.1729,44.955,1.500
7199,240.2063,50.261,1.677
7200,240.2396,150.784,5.031
7201,240.2730,112.388,3.750
7202,240.3064,74.172,2.475
7203,240.3397,40.348,1.346
7204,240.3731,133.401,4.451
7205,240.4065,118.467,3.953
7206,240.4398,124.023,4.138
7207,240.4732,85.428,2.850
7208,240.5066,71.080,2.372
7209,240.5399,78.224,2.610
7210,240.5733,75.299,2.512
7211,240.6067,16.754,0.559
7212,240.6400,82.418,2.750
7213,240.6734,38.205,1.275
7214,240.7068,38.205,1.275
7215,240.7401,43.689,1.458
7216,240.7735,22.478,0.750
7217,240.8069,29.970,1.000
7218,240.8402,67.015,2.236
7219,240.8736,29.970,1.000
7220,240.9070,22.478,0.750
7221,240.9403,22.478,0.750
7222,240.9737,38.205,1.275
7223,241.0071,52.448,1.750
7224,241.0404,0.000,0.000
7225,241.0738,16.754,0.559
7226,241.1072,16.754,0.559
7227,241.1405,23.693,0.791
7228,241.1739,43.689,1.458
7229,241.2073,117.037,3.905
7230,241.2406,60.407,2.016
7231,241.2740,130.851,4.366
7232,241.3074,47.976,1.601
7233,241.3407,16.754,0.559
7234,241.3741,30.892,1.031
7235,241.4075,30.892,1.031
7236,241.4408,7.493,0.250
7237,241.4742,22.478,0.750
7238,241.5076,0.000,0.000
7239,241.5409,29.970,1.000
7240,241.5743,10.596,0.354
7241,241.6077,10.596,0.354
7242,241.6410,45.575,1.521
7243,241.6744,37.463,1.250
7244,241.7078,21.192,0.707
7245,241.7411,23.693,0.791
7246,241.7745,33.508,1.118
7247,241.8079,29.970,1.000
7248,241.8412,37.463,1.250
7249,241.8746,16.754,0.559
7250,241.9080,23.693,0.791
7251,241.9413,29.970,1.000
7252,241.9747,0.000,0.000
7253,242.0081,37.463,1.250
7254,242.0414,45.575,1.521
7255,242.0748,52.448,1.750
7256,242.1082,45.575,1.521
7257,242.1415,29.970,1.000
7258,242.1749,94.774,3.162
7259,242.2083,76.409,2.550
7260,242.2416,40.348,1.346
7261,242.2750,108.059,3.606
7262,242.3084,97.690,3.260
7263,242.3417,121.969,4.070
7264,242.3751,70.684,2.358
7265,242.4085,64.453,2.151
7266,242.4418,116.556,3.889
7267,242.4752,133.401,4.451
7268,242.5086,110.626,3.691
7269,242.5419,64.453,2.151
7270,242.5753,64.016,2.136
7271,242.6087,104.359,3.482
7272,242.6420,30.892,1.031
7273,242.6754,67.433,2.250
7274,242.7088,44.955,1.500
7275,242.7421,38.205,1.275
7276,242.7755,50.261,1.677
7277,242.8089,23.693,0.791
7278,242.8422,30.892,1.031
7279,242.8756,29.970,1.000
7280,242.9090,30.892,1.031
7281,242.9423,30.892,1.031
7282,242.9757,30.892,1.031
7283,243.0091,10.596,0.354
7284,243.0424,7.493,0.250
7285,243.0758,29.970,1.000
7286,243.1092,29.970,1.000
7287,243.1425,7.493,0.250
7288,243.1759,0.000,0.000
7289,243.2093,0.000,0.000
7290,243.2426,110.626,3.691
7291,243.2760,60.407,2.016
7292,243.3094,127.373,4.250
7293,243.3427,31.788,1.061
7294,243.3761,10.596,0.354
7295,243.4095,67.848,2.264
7296,243.4428,40.348,1.346
7297,243.4762,22.478,0.750
7298,243.5096,27.015,0.901
7299,243.5429,47.976,1.601
7300,243.5763,14.985,0.500
7301,243.6097,23.693,0.791
7302,243.6430,30.892,1.031
7303,243.6764,87.698,2.926
7304,243.7098,30.892,1.031
7305,243.7431,14.985,0.500
7306,243.7765,40.348,1.346
7307,243.8099,59.940,2.000
7308,243.8432,27.015,0.901
7309,243.8766,10.596,0.354
7310,243.9100,16.754,0.559
7311,243.9433,23.693,0.791
7312,243.9767,23.693,0.791
7313,244.0101,14.985,0.500
7314,244.0434,27.015,0.901
7315,244.0768,82.758,2.761
7316,244.1102,29.970,1.000
7317,244.1435,30.892,1.031
7318,244.1769,71.080,2.372
7319,244.2103,91.150,3.041
7320,244.2436,7.493,0.250
7321,244.2770,83.769,2.795
7322,244.3104,117.037,3.905
7323,244.3437,71.080,2.372
7324,244.3771,122.886,4.100
7325,244.4105,67.015,2.236
7326,244.4438,133.401,4.451
7327,244.4772,104.089,3.473
7328,244.5106,177.622,5.927
7329,244.5439,71.080,2.372
7330,244.5773,64.453,2.151
7331,244.6107,109.093,3.640
7332,244.6440,40.348,1.346
7333,244.6774,69.078,2.305
7334,244.7108,45.575,1.521
7335,244.7441,54.546,1.820
7336,244.7775,50.261,1.677
7337,244.8109,30.892,1.031
7338,244.8442,82.418,2.750
7339,244.8776,23.693,0.791
7340,244.9110,31.788,1.061
7341,244.9443,0.000,0.000
7342,244.9777,78.224,2.610
7343,245.0111,7.493,0.250
7344,245.0444,29.970,1.000
7345,245.0778,16.754,0.559
7346,245.1112,16.754,0.559
7347,245.1445,38.205,1.275
7348,245.1779,21.192,0.707
7349,245.2113,29.970,1.000
7350,245.2446,74.172,2.475
7351,245.2780,70.684,2.358
7352,245.3114,121.045,4.039
7353,245.3447,85.428,2.850
7354,245.3781,59.940,2.000
7355,245.4115,16.754,0.559
7356,245.4448,30.892,1.031
7357,245.4782,22.478,0.750
7358,245.5116,22.478,0.750
7359,245.5449,22.478,0.750
7360,245.5783,16.754,0.559
7361,245.6117,10.596,0.354
7362,245.6450,37.463,1.250
7363,245.6784,21.192,0.707
7364,245.7118,42.384,1.414
7365,245.7451,16.754,0.559
7366,245.7785,16.754,0.559
7367,245.8119,29.970,1.000
7368,245.8452,29.970,1.000
7369,245.8786,7.493,0.250
7370,245.9120,22.478,0.750
7371,245.9453,22.478,0.750
7372,245.9787,29.970,1.000
7373,246.0121,7.493,0.250
7374,246.0454,30.892,1.031
7375,246.0788,52.448,1.750
7376,246.1122,61.785,2.062
7377,246.1455,64.016,2.136
7378,246.1789,82.758,2.761
7379,246.2123,38.205,1.275
7380,246.2456,0.000,0.000
7381,246.2790,29.970,1.000
7382,246.3124,54.029,1.803
7383,246.3457,120.813,4.031
7384,246.3791,118.467,3.953
7385,246.4125,139.369,4.650
7386,246.4458,182.916,6.103
7387,246.4792,33.508,1.118
7388,246.5126,47.976,1.601
7389,246.5459,164.494,5.489
7390,246.5793,60.407,2.016
7391,246.6127,104.359,3.482
7392,246.6460,54.546,1.820
7393,246.6794,78.224,2.610
7394,246.7128,47.387,1.581
7395,246.7461,37.463,1.250
7396,246.7795,42.384,1.414
7397,246.8129,16.754,0.559
7398,246.8462,45.575,1.521
7399,246.8796,40.348,1.346
7400,246.9130,21.192,0.707
7401,246.9463,27.015,0.901
7402,246.9797,14.985,0.500
7403,247.0131,14.985,0.500
7404,247.0464,16.754,0.559
7405,247.0798,10.596,0.354
7406,247.1132,10.596,0.354
7407,247.1465,10.596,0.354
7408,247.1799,7.493,0.250
7409,247.2133,7.493,0.250
7410,247.2466,130.851,4.366
7411,247.2800,67.015,2.236
7412,247.3134,114.368,3.816
7413,247.3467,43.689,1.458
7414,247.3801,14.985,0.500
7415,247.4135,82.418,2.750
7416,247.4468,14.985,0.500
7417,247.4802,30.892,1.031
7418,247.5136,37.463,1.250
7419,247.5469,23.693,0.791
7420,247.5803,10.596,0.354
7421,247.6137,10.596,0.354
7422,247.6470,7.493,0.250
7423,247.6804,10.596,0.354
7424,247.7138,16.754,0.559
7425,247.7471,54.029,1.803
7426,247.7805,7.493,0.250
7427,247.8139,29.970,1.000
7428,247.8472,31.788,1.061
7429,247.8806,23.693,0.791
7430,247.9140,30.892,1.031
7431,247.9473,45.575,1.521
7432,247.9807,23.693,0.791
7433,248.0141,16.754,0.559
7434,248.0474,44.955,1.500
7435,248.0808,82.418,2.750
7436,248.1142,22.478,0.750
7437,248.1475,45.575,1.521
7438,248.1809,90.532,3.021
7439,248.2143,85.428,2.850
7440,248.2476,44.955,1.500
7441,248.2810,114.123,3.808
7442,248.3144,95.951,3.202
7443,248.3477,58.518,1.953
7444,248.3811,61.785,2.062
7445,248.4145,29.970,1.000
7446,248.4478,44.955,1.500
7447,248.4812,38.205,1.275
7448,248.5146,47.387,1.581
7449,248.5479,30.892,1.031
7450,248.5813,29.970,1.000
7451,248.6147,52.980,1.768
7452,248.6480,67.848,2.264
7453,248.6814,29.970,1.000
7454,248.7148,52.980,1.768
7455,248.7481,54.546,1.820
7456,248.7815,114.123,3.808
7457,248.8149,21.192,0.707
7458,248.8482,42.384,1.414
7459,248.8816,43.689,1.458
7460,248.9150,14.985,0.500
7461,248.9483,38.205,1.275
7462,248.9817,137.748,4.596
7463,249.0150,40.348,1.346
7464,249.0484,22.478,0.750
7465,249.0818,42.384,1.414
7466,249.1151,7.493,0.250
7467,249.1485,0.000,0.000
7468,249.1819,73.793,2.462
7469,249.2152,47.387,1.581
7470,249.2486,74.925,2.500
7471,249.2820,85.428,2.850
7472,249.3153,40.348,1.346
7473,249.3487,58.518,1.953
7474,249.3821,47.976,1.601
7475,249.4154,27.015,0.901
7476,249.4488,23.693,0.791
7477,249.4822,14.985,0.500
7478,249.5155,22.478,0.750
7479,249.5489,29.970,1.000
7480,249.5823,29.970,1.000
7481,249.6156,0.000,0.000
7482,249.6490,42.384,1.414
7483,249.6824,29.970,1.000
7484,249.7157,84.768,2.828
7485,249.7491,10.596,0.354
7486,249.7825,43.689,1.458
7487,249.8158,52.448,1.750
7488,249.8492,37.463,1.250
7489,249.8826,29.970,1.000
7490,249.9159,37.463,1.250
7491,249.9493,30.892,1.031
7492,249.9827,38.205,1.275
7493,250.0160,60.407,2.016
7494,250.0494,37.463,1.250
7495,250.0828,30.892,1.031
7496,250.1161,54.029,1.803
7497,250.1495,10.596,0.354
7498,250.1829,37.463,1.250
7499,250.2162,67.015,2.236
7500,250.2496,10.596,0.354
7501,250.2830,37.463,1.250
7502,250.3163,33.508,1.118
7503,250.3497,33.508,1.118
7504,250.3831,31.788,1.061
7505,250.4164,33.508,1.118
7506,250.4498,16.754,0.559
7507,250.4832,16.754,0.559
7508,250.5165,22.478,0.750
7509,250.5499,7.493,0.250
7510,250.5833,23.693,0.791
7511,250.6166,40.348,1.346
7512,250.6500,16.754,0.559
7513,250.6834,7.493,0.250
7514,250.7167,14.985,0.500
7515,250.7501,7.493,0.250
7516,250.7835,14.985,0.500
7517,250.8168,10.596,0.354
7518,250.8502,0.000,0.000
7519,250.8836,0.000,0.000
7520,250.9169,0.000,0.000
7521,250.9503,7.493,0.250
7522,250.9837,30.892,1.031
7523,251.0170,23.693,0.791
7524,251.0504,10.596,0.354
7525,251.0838,64.453,2.151
7526,251.1171,57.061,1.904
7527,251.1505,80.697,2.693
7528,251.1839,40.348,1.346
7529,251.2172,50.261,1.677
7530,251.2506,92.677,3.092
7531,251.2840,185.355,6.185
7532,251.3173,64.016,2.136
7533,251.3507,43.689,1.458
7534,251.3841,67.015,2.236
7535,251.4174,127.152,4.243
7536,251.4508,31.788,1.061
7537,251.4842,10.596,0.354
7538,251.5175,37.463,1.250
7539,251.5509,16.754,0.559
7540,251.5843,37.463,1.250
7541,251.6176,33.508,1.118
7542,251.6510,33.508,1.118
7543,251.6844,47.387,1.581
7544,251.7177,47.976,1.601
7545,251.7511,21.192,0.707
7546,251.7845,16.754,0.559
7547,251.8178,27.015,0.901
7548,251.8512,10.596,0.354
7549,251.8846,10.596,0.354
7550,251.9179,23.693,0.791
7551,251.9513,16.754,0.559
7552,251.9847,38.205,1.275
7553,252.0180,109.093,3.640
7554,252.0514,33.508,1.118
7555,252.0848,33.508,1.118
7556,252.1181,37.463,1.250
7557,252.1515,50.261,1.677
7558,252.1849,83.769,2.795
7559,252.2182,79.647,2.658
7560,252.2516,33.508,1.118
7561,252.2850,47.976,1.601
7562,252.3183,27.015,0.901
7563,252.3517,69.078,2.305
7564,252.3851,37.463,1.250
7565,252.4184,38.205,1.275
7566,252.4518,45.575,1.521
7567,252.4852,29.970,1.000
7568,252.5185,37.463,1.250
7569,252.5519,16.754,0.559
7570,252.5853,23.693,0.791
7571,252.6186,0.000,0.000
7572,252.6520,30.892,1.031
7573,252.6854,7.493,0.250
7574,252.7187,27.015,0.901
7575,252.7521,22.478,0.750
7576,252.7855,7.493,0.250
7577,252.8188,7.493,0.250
7578,252.8522,7.493,0.250
7579,252.8856,7.493,0.250
7580,252.9189,0.000,0.000
7581,252.9523,7.493,0.250
7582,252.9857,7.493,0.250
7583,253.0190,16.754,0.559
7584,253.0524,40.348,1.346
7585,253.0858,33.508,1.118
7586,253.1191,42.384,1.414
7587,253.1525,58.518,1.953
7588,253.1859,95.951,3.202
7589,253.2192,91.458,3.052
7590,253.2526,23.693,0.791
7591,253.2860,79.647,2.658
7592,253.3193,42.384,1.414
7593,253.3527,69.078,2.305
7594,253.3861,74.925,2.500
7595,253.4194,117.037,3.905
7596,253.4528,30.892,1.031
7597,253.4862,30.892,1.031
7598,253.5195,47.976,1.601
7599,253.5529,61.785,2.062
7600,253.5863,14.985,0.500
7601,253.6196,30.892,1.031
7602,253.6530,37.463,1.250
7603,253.6864,16.754,0.559
7604,253.7197,22.478,0.750
7605,253.7531,7.493,0.250
7606,253.7865,10.596,0.354
7607,253.8198,0.000,0.000
7608,253.8532,14.985,0.500
7609,253.8866,37.463,1.250
7610,253.9199,54.546,1.820
7611,253.9533,16.754,0.559
7612,253.9867,33.508,1.118
7613,254.0200,40.348,1.346
7614,254.0534,50.261,1.677
7615,254.0868,67.015,2.236
7616,254.1201,54.029,1.803
7617,254.1535,74.925,2.500
7618,254.1869,64.453,2.151
7619,254.2202,52.980,1.768
7620,254.2536,30.892,1.031
7621,254.2870,43.689,1.458
7622,254.3203,47.976,1.601
7623,254.3537,87.377,2.915
7624,254.3871,61.785,2.062
7625,254.4204,21.192,0.707
7626,254.4538,37.463,1.250
7627,254.4872,64.016,2.136
7628,254.5205,29.970,1.000
7629,254.5539,16.754,0.559
7630,254.5873,23.693,0.791
7631,254.6206,22.478,0.750
7632,254.6540,23.693,0.791
7633,254.6874,7.493,0.250
7634,254.7207,10.596,0.354
7635,254.7541,23.693,0.791
7636,254.7875,0.000,0.000
7637,254.8208,0.000,0.000
7638,254.8542,0.000,0.000
7639,254.8876,7.493,0.250
7640,254.9209,0.000,0.000
7641,254.9543,7.493,0.250
7642,254.9877,0.000,0.000
7643,255.0210,31.788,1.061
7644,255.0544,43.689,1.458
7645,255.0878,50.261,1.677
7646,255.1211,60.407,2.016
7647,255.1545,104.359,3.482
7648,255.1879,31.788,1.061
7649,255.2212,83.769,2.795
7650,255.2546,104.089,3.473
7651,255.2880,79.647,2.658
7652,255.3213,70.684,2.358
7653,255.3547,40.348,1.346
7654,255.3881,69.078,2.305
7655,255.4214,122.886,4.100
7656,255.4548,37.463,1.250
7657,255.4882,27.015,0.901
7658,255.5215,47.387,1.581
7659,255.5549,50.261,1.677
7660,255.5883,23.693,0.791
7661,255.6216,40.348,1.346
7662,255.6550,16.754,0.559
7663,255.6884,10.596,0.354
7664,255.7217,22.478,0.750
7665,255.7551,7.493,0.250
7666,255.7885,7.493,0.250
7667,255.8218,29.970,1.000
7668,255.8552,0.000,0.000
7669,255.8886,30.892,1.031
7670,255.9219,52.980,1.768
7671,255.9553,54.546,1.820
7672,255.9887,64.016,2.136
7673,256.0220,78.224,2.610
7674,256.0554,27.015,0.901
7675,256.0888,27.015,0.901
7676,256.1221,42.384,1.414
7677,256.1555,111.384,3.717
7678,256.1889,23.693,0.791
7679,256.2222,84.768,2.828
7680,256.2556,27.015,0.901
7681,256.2890,64.453,2.151
7682,256.3223,31.788,1.061
7683,256.3557,52.980,1.768
7684,256.3891,95.951,3.202
7685,256.4224,47.387,1.581
7686,256.4558,16.754,0.559
7687,256.4892,40.348,1.346
7688,256.5225,52.448,1.750
7689,256.5559,23.693,0.791
7690,256.5893,30.892,1.031
7691,256.6226,30.892,1.031
7692,256.6560,30.892,1.031
7693,256.6894,0.000,0.000
7694,256.7227,7.493,0.250
7695,256.7561,0.000,0.000
7696,256.7895,16.754,0.559
7697,256.8228,0.000,0.000
7698,256.8562,0.000,0.000
7699,256.8896,10.596,0.354
7700,256.9229,0.000,0.000
7701,256.9563,10.596,0.354
7702,256.9897,0.000,0.000
7703,257.0230,16.754,0.559
7704,257.0564,70.684,2.358
7705,257.0898,31.788,1.061
7706,257.1231,58.518,1.953
7707,257.1565,67.015,2.236
7708,257.1899,90.222,3.010
7709,257.2232,70.684,2.358
7710,257.2566,69.078,2.305
7711,257.2900,73.793,2.462
7712,257.3233,110.626,3.691
7713,257.3567,42.384,1.414
7714,257.3901,40.348,1.346
7715,257.4234,70.684,2.358
7716,257.4568,54.029,1.803
7717,257.4902,50.261,1.677
7718,257.5235,67.015,2.236
7719,257.5569,30.892,1.031
7720,257.5903,40.348,1.346
7721,257.6236,10.596,0.354
7722,257.6570,16.754,0.559
7723,257.6904,30.892,1.031
7724,257.7237,0.000,0.000
7725,257.7571,7.493,0.250
7726,257.7905,14.985,0.500
7727,257.8238,22.478,0.750
7728,257.8572,37.463,1.250
7729,257.8906,33.508,1.118
7730,257.9239,22.478,0.750
7731,257.9573,54.546,1.820
7732,257.9907,64.016,2.136
7733,258.0240,30.892,1.031
7734,258.0574,27.015,0.901
7735,258.0908,70.684,2.358
7736,258.1241,95.951,3.202
7737,258.1575,37.463,1.250
7738,258.1909,74.172,2.475
7739,258.2242,58.518,1.953
7740,258.2576,31.788,1.061
7741,258.2910,60.407,2.016
7742,258.3243,47.976,1.601
7743,258.3577,37.463,1.250
7744,258.3911,74.925,2.500
7745,258.4244,70.684,2.358
7746,258.4578,29.970,1.000
7747,258.4912,44.955,1.500
7748,258.5245,52.448,1.750
7749,258.5579,14.985,0.500
7750,258.5913,29.970,1.000
7751,258.6246,27.015,0.901
7752,258.6580,23.693,0.791
7753,258.6914,10.596,0.354
7754,258.7247,10.596,0.354
7755,258.7581,16.754,0.559
7756,258.7915,14.985,0.500
7757,258.8248,22.478,0.750
7758,258.8582,7.493,0.250
7759,258.8916,7.493,0.250
7760,258.9249,21.192,0.707
7761,258.9583,16.754,0.559
7762,258.9917,16.754,0.559
7763,259.0250,52.980,1.768
7764,259.0584,54.029,1.803
7765,259.0918,69.078,2.305
7766,259.1251,70.684,2.358
7767,259.1585,37.463,1.250
7768,259.1919,43.689,1.458
7769,259.2252,58.518,1.953
7770,259.2586,106.489,3.553
7771,259.2920,108.059,3.606
7772,259.3253,37.463,1.250
7773,259.3587,108.059,3.606
7774,259.3921,33.508,1.118
7775,259.4254,42.384,1.414
7776,259.4588,52.980,1.768
7777,259.4922,37.463,1.250
7778,259.5255,52.980,1.768
7779,259.5589,52.980,1.768
7780,259.5923,45.575,1.521
7781,259.6256,10.596,0.354
7782,259.6590,22.478,0.750
7783,259.6924,27.015,0.901
7784,259.7257,7.493,0.250
7785,259.7591,16.754,0.559
7786,259.7925,7.493,0.250
7787,259.8258,40.348,1.346
7788,259.8592,16.754,0.559
7789,259.8926,30.892,1.031
7790,259.9259,22.478,0.750
7791,259.9593,29.970,1.000
7792,259.9927,33.508,1.118
7793,260.0260,92.677,3.092
7794,260.0594,47.387,1.581
7795,260.0928,67.015,2.236
7796,260.1261,70.684,2.358
7797,260.1595,85.428,2.850
7798,260.1929,64.453,2.151
7799,260.2262,23.693,0.791
7800,260.2596,64.453,2.151
7801,260.2930,67.015,2.236
7802,260.3263,37.463,1.250
7803,260.3597,54.029,1.803
7804,260.3931,57.061,1.904
7805,260.4264,52.980,1.768
7806,260.4598,52.448,1.750
7807,260.4932,38.205,1.275
7808,260.5265,52.980,1.768
7809,260.5599,14.985,0.500
7810,260.5933,22.478,0.750
7811,260.6266,38.205,1.275
7812,260.6600,7.493,0.250
7813,260.6934,37.463,1.250
7814,260.7267,7.493,0.250
7815,260.7601,7.493,0.250
7816,260.7935,7.493,0.250
7817,260.8268,0.000,0.000
7818,260.8602,7.493,0.250
7819,260.8936,0.000,0.000
7820,260.9269,0.000,0.000
7821,260.9603,0.000,0.000
7822,260.9937,0.000,0.000
7823,261.0270,58.518,1.953
7824,261.0604,23.693,0.791
7825,261.0938,16.754,0.559
7826,261.1271,69.078,2.305
7827,261.1605,60.407,2.016
7828,261.1939,58.518,1.953
7829,261.2272,87.377,2.915
7830,261.2606,95.364,3.182
7831,261.2940,76.409,2.550
7832,261.3273,47.976,1.601
7833,261.3607,74.925,2.500
7834,261.3941,74.925,2.500
7835,261.4274,85.428,2.850
7836,261.4608,37.463,1.250
7837,261.4942,37.463,1.250
7838,261.5275,58.518,1.953
7839,261.5609,40.348,1.346
7840,261.5943,30.892,1.031
7841,261.6276,14.985,0.500
7842,261.6610,16.754,0.559
7843,261.6944,38.205,1.275
7844,261.7277,7.493,0.250
7845,261.7611,0.000,0.000
7846,261.7945,16.754,0.559
7847,261.8278,30.892,1.031
7848,261.8612,7.493,0.250
7849,261.8946,16.754,0.559
7850,261.9279,30.892,1.031
7851,261.9613,61.785,2.062
7852,261.9947,45.575,1.521
7853,262.0280,97.403,3.250
7854,262.0614,44.955,1.500
7855,262.0948,67.015,2.236
7856,262.1281,69.078,2.305
7857,262.1615,33.508,1.118
7858,262.1949,54.029,1.803
7859,262.2282,74.172,2.475
7860,262.2616,67.015,2.236
7861,262.2950,30.892,1.031
7862,262.3283,60.407,2.016
7863,262.3617,54.029,1.803
7864,262.3951,93.881,3.132
7865,262.4284,27.015,0.901
7866,262.4618,47.387,1.581
7867,262.4952,42.384,1.414
7868,262.5285,37.463,1.250
7869,262.5619,37.463,1.250
7870,262.5953,7.493,0.250
7871,262.6286,23.693,0.791
7872,262.6620,33.508,1.118
7873,262.6954,14.985,0.500
7874,262.7287,10.596,0.354
7875,262.7621,10.596,0.354
7876,262.7955,7.493,0.250
7877,262.8288,21.192,0.707
7878,262.8622,0.000,0.000
7879,262.8956,10.596,0.354
7880,262.9289,16.754,0.559
7881,262.9623,0.000,0.000
7882,262.9957,7.493,0.250
7883,263.0290,37.463,1.250
7884,263.0624,21.192,0.707
7885,263.0958,42.384,1.414
7886,263.1291,108.059,3.606
7887,263.1625,106.489,3.553
7888,263.1959,31.788,1.061
7889,263.2292,37.463,1.250
7890,263.2626,58.518,1.953
7891,263.2960,121.969,4.070
7892,263.3293,45.575,1.521
7893,263.3627,45.575,1.521
7894,263.3961,79.647,2.658
7895,263.4294,90.222,3.010
7896,263.4628,33.508,1.118
7897,263.4962,47.976,1.601
7898,263.5295,81.044,2.704
7899,263.5629,23.693,0.791
7900,263.5963,37.463,1.250
7901,263.6296,33.508,1.118
7902,263.6630,16.754,0.559
7903,263.6964,10.596,0.354
7904,263.7297,10.596,0.354
7905,263.7631,10.596,0.354
7906,263.7965,16.754,0.559
7907,263.8298,23.693,0.791
7908,263.8632,38.205,1.275
7909,263.8966,37.463,1.250
7910,263.9299,27.015,0.901
7911,263.9633,38.205,1.275
7912,263.9967,30.892,1.031
7913,264.0300,67.015,2.236
7914,264.0634,60.407,2.016
7915,264.0968,85.428,2.850
7916,264.1301,7.493,0.250
7917,264.1635,42.384,1.414
7918,264.1969,42.384,1.414
7919,264.2302,105.960,3.536
7920,264.2636,54.029,1.803
7921,264.2970,64.453,2.151
7922,264.3303,42.384,1.414
7923,264.3637,50.261,1.677
7924,264.3971,58.518,1.953
7925,264.4304,54.029,1.803
7926,264.4638,52.448,1.750
7927,264.4972,40.348,1.346
7928,264.5305,29.970,1.000
7929,264.5639,23.693,0.791
7930,264.5973,27.015,0.901
7931,264.6306,22.478,0.750
7932,264.6640,16.754,0.559
7933,264.6974,0.000,0.000
7934,264.7307,16.754,0.559
7935,264.7641,14.985,0.500
7936,264.7975,7.493,0.250
7937,264.8308,0.000,0.000
7938,264.8642,0.000,0.000
7939,264.8976,0.000,0.000
7940,264.9309,10.596,0.354
7941,264.9643,0.000,0.000
7942,264.9977,10.596,0.354
7943,265.0310,58.518,1.953
7944,265.0644,54.029,1.803
7945,265.0978,33.508,1.118
7946,265.1311,107.277,3.579
7947,265.1645,33.508,1.118
7948,265.1979,97.690,3.260
7949,265.2312,42.384,1.414
7950,265.2646,67.015,2.236
7951,265.2980,116.556,3.889
7952,265.3313,42.384,1.414
7953,265.3647,85.428,2.850
7954,265.3981,64.016,2.136
7955,265.4314,64.453,2.151
7956,265.4648,90.222,3.010
7957,265.4982,29.970,1.000
7958,265.5315,42.384,1.414
7959,265.5649,43.689,1.458
7960,265.5983,33.508,1.118
7961,265.6316,27.015,0.901
7962,265.6650,7.493,0.250
7963,265.6984,14.985,0.500
7964,265.7317,14.985,0.500
7965,265.7651,14.985,0.500
7966,265.7985,0.000,0.000
7967,265.8318,16.754,0.559
7968,265.8652,14.985,0.500
7969,265.8986,22.478,0.750
7970,265.9319,61.785,2.062
7971,265.9653,30.892,1.031
7972,265.9987,60.407,2.016
7973,266.0320,54.029,1.803
7974,266.0654,57.061,1.904
7975,266.0988,60.407,2.016
7976,266.1321,84.768,2.828
7977,266.1655,74.925,2.500
7978,266.1989,63.576,2.121
7979,266.2322,43.689,1.458
7980,266.2656,47.976,1.601
7981,266.2990,42.384,1.414
7982,266.3323,58.518,1.953
7983,266.3657,83.769,2.795
7984,266.3991,52.448,1.750
7985,266.4324,33.508,1.118
7986,266.4658,44.955,1.500
7987,266.4992,57.061,1.904
7988,266.5325,30.892,1.031
7989,266.5659,22.478,0.750
7990,266.5993,23.693,0.791
7991,266.6326,14.985,0.500
7992,266.6660,16.754,0.559
7993,266.6994,16.754,0.559
7994,266.7327,16.754,0.559
7995,266.7661,7.493,0.250
7996,266.7995,0.000,0.000
7997,266.8328,0.000,0.000
7998,266.8662,0.000,0.000
7999,266.8996,0.000,0.000
8000,266.9329,0.000,0.000
8001,266.9663,10.596,0.354
8002,266.9997,27.015,0.901
8003,267.0330,40.348,1.346
8004,267.0664,100.523,3.354
8005,267.0998,83.769,2.795
8006,267.1331,30.892,1.031
8007,267.1665,40.348,1.346
8008,267.1999,54.029,1.803
8009,267.2332,139.369,4.650
8010,267.2666,31.788,1.061
8011,267.3000,42.384,1.414
8012,267.3333,67.015,2.236
8013,267.3667,149.850,5.000
8014,267.4001,43.689,1.458
8015,267.4334,33.508,1.118
8016,267.4668,70.684,2.358
8017,267.5002,37.463,1.250
8018,267.5335,52.980,1.768
8019,267.5669,38.205,1.275
8020,267.6003,7.493,0.250
8021,267.6336,30.892,1.031
8022,267.6670,7.493,0.250
8023,267.7004,10.596,0.354
8024,267.7337,7.493,0.250
8025,267.7671,7.493,0.250
8026,267.8005,10.596,0.354
8027,267.8338,23.693,0.791
8028,267.8672,45.575,1.521
8029,267.9006,37.463,1.250
8030,267.9339,30.892,1.031
8031,267.9673,29.970,1.000
8032,268.0007,67.015,2.236
8033,268.0340,64.016,2.136
8034,268.0674,67.015,2.236
8035,268.1008,70.684,2.358
8036,268.1341,77.140,2.574
8037,268.1675,30.892,1.031
8038,268.2009,54.029,1.803
8039,268.2342,37.463,1.250
8040,268.2676,60.407,2.016
8041,268.3010,71.080,2.372
8042,268.3343,64.453,2.151
8043,268.3677,50.261,1.677
8044,268.4011,87.698,2.926
8045,268.4344,29.970,1.000
8046,268.4678,47.976,1.601
8047,268.5012,52.980,1.768
8048,268.5345,16.754,0.559
8049,268.5679,16.754,0.559
8050,268.6013,29.970,1.000
8051,268.6346,23.693,0.791
8052,268.6680,16.754,0.559
8053,268.7014,16.754,0.559
8054,268.7347,7.493,0.250
8055,268.7681,0.000,0.000
8056,268.8015,21.192,0.707
8057,268.8348,0.000,0.000
8058,268.8682,10.596,0.354
8059,268.9016,0.000,0.000
8060,268.9349,0.000,0.000
8061,268.9683,10.596,0.354
8062,269.0017,0.000,0.000
8063,269.0350,74.925,2.500
8064,269.0684,27.015,0.901
8065,269.1018,58.518,1.953
8066,269.1351,114.368,3.816
8067,269.1685,67.015,2.236
8068,269.2019,33.508,1.118
8069,269.2352,67.015,2.236
8070,269.2686,132.556,4.423
8071,269.3020,60.407,2.016
8072,269.3353,64.453,2.151
8073,269.3687,83.769,2.795
8074,269.4021,101.909,3.400
8075,269.4354,23.693,0.791
8076,269.4688,61.785,2.062
8077,269.5022,42.384,1.414
8078,269.5355,54.029,1.803
8079,269.5689,29.970,1.000
8080,269.6023,16.754,0.559
8081,269.6356,21.192,0.707
8082,269.6690,22.478,0.750
8083,269.7024,0.000,0.000
8084,269.7357,7.493,0.250
8085,269.7691,14.985,0.500
8086,269.8025,7.493,0.250
8087,269.8358,7.493,0.250
8088,269.8692,0.000,0.000
8089,269.9026,29.970,1.000
8090,269.9359,60.407,2.016
8091,269.9693,74.925,2.500
8092,270.0027,54.029,1.803
8093,270.0360,43.689,1.458
8094,270.0694,38.205,1.275
8095,270.1028,27.015,0.901
8096,270.1361,42.384,1.414
8097,270.1695,22.478,0.750
8098,270.2029,31.788,1.061
8099,270.2362,57.061,1.904
8100,270.2696,73.793,2.462
8101,270.3030,16.754,0.559
8102,270.3363,57.061,1.904
8103,270.3697,38.205,1.275
8104,270.4031,37.463,1.250
8105,270.4364,47.976,1.601
8106,270.4698,27.015,0.901
8107,270.5032,38.205,1.275
8108,270.5365,67.848,2.264
8109,270.5699,29.970,1.000
8110,270.6033,59.940,2.000
8111,270.6366,29.970,1.000
8112,270.6700,33.508,1.118
8113,270.7033,10.596,0.354
8114,270.7367,21.192,0.707
8115,270.7701,27.015,0.901
8116,270.8034,23.693,0.791
8117,270.8368,7.493,0.250
8118,270.8702,61.785,2.062
8119,270.9035,10.596,0.354
8120,270.9369,10.596,0.354
8121,270.9703,7.493,0.250
8122,271.0036,0.000,0.000
8123,271.0370,10.596,0.354
8124,271.0704,14.985,0.500
8125,271.1037,16.754,0.559
8126,271.1371,50.261,1.677
8127,271.1705,165.006,5.506
8128,271.2038,52.980,1.768
8129,271.2372,37.463,1.250
8130,271.2706,74.925,2.500
8131,271.3039,164.324,5.483
8132,271.3373,47.976,1.601
8133,271.3707,22.478,0.750
8134,271.4040,7.493,0.250
8135,271.4374,23.693,0.791
8136,271.4708,21.192,0.707
8137,271.5041,16.754,0.559
8138,271.5375,23.693,0.791
8139,271.5709,22.478,0.750
8140,271.6042,23.693,0.791
8141,271.6376,0.000,0.000
8142,271.6710,29.970,1.000
8143,271.7043,38.205,1.275
8144,271.7377,23.693,0.791
8145,271.7711,10.596,0.354
8146,271.8044,16.754,0.559
8147,271.8378,21.192,0.707
8148,271.8712,16.754,0.559
8149,271.9045,16.754,0.559
8150,271.9379,10.596,0.354
8151,271.9713,33.508,1.118
8152,272.0046,14.985,0.500
8153,272.0380,10.596,0.354
8154,272.0714,33.508,1.118
8155,272.1047,94.774,3.162
8156,272.1381,23.693,0.791
8157,272.1715,16.754,0.559
8158,272.2048,16.754,0.559
8159,272.2382,67.015,2.236
8160,272.2716,120.813,4.031
8161,272.3049,45.575,1.521
8162,272.3383,33.508,1.118
8163,272.3717,92.677,3.092
8164,272.4050,121.969,4.070
8165,272.4384,37.463,1.250
8166,272.4718,37.463,1.250
8167,272.5051,54.546,1.820
8168,272.5385,16.754,0.559
8169,272.5719,37.463,1.250
8170,272.6052,67.015,2.236
8171,272.6386,57.061,1.904
8172,272.6720,43.689,1.458
8173,272.7053,73.793,2.462
8174,272.7387,129.341,4.316
8175,272.7721,109.093,3.640
8176,272.8054,67.433,2.250
8177,272.8388,57.061,1.904
8178,272.8722,60.407,2.016
8179,272.9055,29.970,1.000
8180,272.9389,94.774,3.162
8181,272.9723,45.575,1.521
8182,273.0056,47.387,1.581
8183,273.0390,50.261,1.677
8184,273.0724,21.192,0.707
8185,273.1057,40.348,1.346
8186,273.1391,30.892,1.031
8187,273.1725,30.892,1.031
8188,273.2058,37.463,1.250
8189,273.2392,227.876,7.603
8190,273.2726,94.774,3.162
8191,273.3059,73.793,2.462
8192,273.3393,14.985,0.500
8193,273.3727,43.689,1.458
8194,273.4060,29.970,1.000
8195,273.4394,31.788,1.061
8196,273.4728,0.000,0.000
8197,273.5061,16.754,0.559
8198,273.5395,23.693,0.791
8199,273.5729,10.596,0.354
8200,273.6062,0.000,0.000
8201,273.6396,29.970,1.000
8202,273.6730,7.493,0.250
8203,273.7063,33.508,1.118
8204,273.7397,29.970,1.000
8205,273.7731,23.693,0.791
8206,273.8064,23.693,0.791
8207,273.8398,47.387,1.581
8208,273.8732,10.596,0.354
8209,273.9065,0.000,0.000
8210,273.9399,14.985,0.500
8211,273.9733,23.693,0.791
8212,274.0066,16.754,0.559
8213,274.0400,23.693,0.791
8214,274.0734,101.909,3.400
8215,274.1067,30.892,1.031
8216,274.1401,29.970,1.000
8217,274.1735,16.754,0.559
8218,274.2068,142.358,4.750
8219,274.2402,74.925,2.500
8220,274.2736,70.684,2.358
8221,274.3069,58.518,1.953
8222,274.3403,112.388,3.750
8223,274.3737,124.700,4.161
8224,274.4070,100.802,3.363
8225,274.4404,73.793,2.462
8226,274.4738,203.819,6.801
8227,274.5071,57.061,1.904
8228,274.5405,80.697,2.693
8229,274.5739,114.123,3.808
8230,274.6072,47.976,1.601
8231,274.6406,67.848,2.264
8232,274.6740,52.980,1.768
8233,274.7073,37.463,1.250
8234,274.7407,64.016,2.136
8235,274.7741,40.348,1.346
8236,274.8074,16.754,0.559
8237,274.8408,97.403,3.250
8238,274.8742,33.508,1.118
8239,274.9075,30.892,1.031
8240,274.9409,7.493,0.250
8241,274.9743,69.078,2.305
8242,275.0076,7.493,0.250
8243,275.0410,43.689,1.458
8244,275.0744,22.478,0.750
8245,275.1077,33.508,1.118
8246,275.1411,38.205,1.275
8247,275.1745,23.693,0.791
8248,275.2078,108.059,3.606
8249,275.2412,70.684,2.358
8250,275.2746,133.401,4.451
8251,275.3079,47.976,1.601
8252,275.3413,0.000,0.000
8253,275.3747,14.985,0.500
8254,275.4080,22.478,0.750
8255,275.4414,27.015,0.901
8256,275.4748,29.970,1.000
8257,275.5081,0.000,0.000
8258,275.5415,14.985,0.500
8259,275.5749,14.985,0.500
8260,275.6082,0.000,0.000
8261,275.6416,14.985,0.500
8262,275.6750,14.985,0.500
8263,275.7083,60.407,2.016
8264,275.7417,37.463,1.250
8265,275.7751,23.693,0.791
8266,275.8084,10.596,0.354
8267,275.8418,22.478,0.750
8268,275.8752,29.970,1.000
8269,275.9085,10.596,0.354
8270,275.9419,23.693,0.791
8271,275.9753,31.788,1.061
8272,276.0086,29.970,1.000
8273,276.0420,37.463,1.250
8274,276.0754,60.407,2.016
8275,276.1087,57.061,1.904
8276,276.1421,58.518,1.953
8277,276.1755,38.205,1.275
8278,276.2088,52.448,1.750
8279,276.2422,40.348,1.346
8280,276.2756,80.697,2.693
8281,276.3089,235.270,7.850
8282,276.3423,73.793,2.462
8283,276.3757,120.813,4.031
8284,276.4090,60.407,2.016
8285,276.4424,74.925,2.500
8286,276.4758,195.381,6.519
8287,276.5091,74.172,2.475
8288,276.5425,121.045,4.039
8289,276.5759,40.348,1.346
8290,276.6092,42.384,1.414
8291,276.6426,105.163,3.509
8292,276.6760,37.463,1.250
8293,276.7093,37.463,1.250
8294,276.7427,29.970,1.000
8295,276.7761,42.384,1.414
8296,276.8094,37.463,1.250
8297,276.8428,27.015,0.901
8298,276.8762,27.015,0.901
8299,276.9095,54.029,1.803
8300,276.9429,14.985,0.500
8301,276.9763,23.693,0.791
8302,277.0096,38.205,1.275
8303,277.0430,23.693,0.791
8304,277.0764,23.693,0.791
8305,277.1097,23.693,0.791
8306,277.1431,38.205,1.275
8307,277.1765,77.140,2.574
8308,277.2098,144.705,4.828
8309,277.2432,71.080,2.372
8310,277.2766,73.793,2.462
8311,277.3099,42.384,1.414
8312,277.3433,44.955,1.500
8313,277.3767,7.493,0.250
8314,277.4100,14.985,0.500
8315,277.4434,27.015,0.901
8316,277.4768,37.463,1.250
8317,277.5101,0.000,0.000
8318,277.5435,30.892,1.031
8319,277.5769,7.493,0.250
8320,277.6102,37.463,1.250
8321,277.6436,23.693,0.791
8322,277.6770,37.463,1.250
8323,277.7103,37.463,1.250
8324,277.7437,27.015,0.901
8325,277.7771,29.970,1.000
8326,277.8104,22.478,0.750
8327,277.8438,22.478,0.750
8328,277.8772,29.970,1.000
8329,277.9105,10.596,0.354
8330,277.9439,27.015,0.901
8331,277.9773,23.693,0.791
8332,278.0106,45.575,1.521
8333,278.0440,29.970,1.000
8334,278.0774,47.976,1.601
8335,278.1107,52.448,1.750
8336,278.1441,10.596,0.354
8337,278.1775,22.478,0.750
8338,278.2108,33.508,1.118
8339,278.2442,30.892,1.031
8340,278.2776,42.384,1.414
8341,278.3109,54.029,1.803
8342,278.3443,85.428,2.850
8343,278.3777,94.774,3.162
8344,278.4110,85.428,2.850
8345,278.4444,111.384,3.717
8346,278.4778,21.192,0.707
8347,278.5111,60.407,2.016
8348,278.5445,33.508,1.118
8349,278.5779,47.387,1.581
8350,278.6112,47.976,1.601
8351,278.6446,47.976,1.601
8352,278.6780,33.508,1.118
8353,278.7113,30.892,1.031
8354,278.7447,16.754,0.559
8355,278.7781,23.693,0.791
8356,278.8114,10.596,0.354
8357,278.8448,7.493,0.250
8358,278.8782,7.493,0.250
8359,278.9115,7.493,0.250
8360,278.9449,16.754,0.559
8361,278.9783,10.596,0.354
8362,279.0116,0.000,0.000
8363,279.0450,37.463,1.250
8364,279.0784,45.575,1.521
8365,279.1117,71.080,2.372
8366,279.1451,61.785,2.062
8367,279.1785,43.689,1.458
8368,279.2118,44.955,1.500
8369,279.2452,67.015,2.236
8370,279.2786,29.970,1.000
8371,279.3119,60.407,2.016
8372,279.3453,30.892,1.031
8373,279.3787,14.985,0.500
8374,279.4120,21.192,0.707
8375,279.4454,40.348,1.346
8376,279.4788,16.754,0.559
8377,279.5121,21.192,0.707
8378,279.5455,7.493,0.250
8379,279.5789,16.754,0.559
8380,279.6122,10.596,0.354
8381,279.6456,43.689,1.458
8382,279.6790,23.693,0.791
8383,279.7123,42.384,1.414
8384,279.7457,58.518,1.953
8385,279.7791,16.754,0.559
8386,279.8124,22.478,0.750
8387,279.8458,27.015,0.901
8388,279.8792,7.493,0.250
8389,279.9125,14.985,0.500
8390,279.9459,33.508,1.118
8391,279.9793,22.478,0.750
8392,280.0126,0.000,0.000
8393,280.0460,23.693,0.791
8394,280.0794,37.463,1.250
8395,280.1127,29.970,1.000
8396,280.1461,16.754,0.559
8397,280.1795,16.754,0.559
8398,280.2128,0.000,0.000
8399,280.2462,23.693,0.791
8400,280.2796,61.785,2.062
8401,280.3129,42.384,1.414
8402,280.3463,87.698,2.926
8403,280.3797,132.556,4.423
8404,280.4130,54.029,1.803
8405,280.4464,101.909,3.400
8406,280.4798,120.813,4.031
8407,280.5131,38.205,1.275
8408,280.5465,31.788,1.061
8409,280.5799,57.061,1.904
8410,280.6132,37.463,1.250
8411,280.6466,33.508,1.118
8412,280.6800,10.596,0.354
8413,280.7133,7.493,0.250
8414,280.7467,27.015,0.901
8415,280.7801,10.596,0.354
8416,280.8134,7.493,0.250
8417,280.8468,7.493,0.250
8418,280.8802,7.493,0.250
8419,280.9135,7.493,0.250
8420,280.9469,0.000,0.000
8421,280.9803,10.596,0.354
8422,281.0136,21.192,0.707
8423,281.0470,47.976,1.601
8424,281.0804,27.015,0.901
8425,281.1137,84.768,2.828
8426,281.1471,37.463,1.250
8427,281.1805,100.802,3.363
8428,281.2138,37.463,1.250
8429,281.2472,47.387,1.581
8430,281.2806,37.463,1.250
8431,281.3139,29.970,1.000
8432,281.3473,23.693,0.791
8433,281.3807,27.015,0.901
8434,281.4140,22.478,0.750
8435,281.4474,14.985,0.500
8436,281.4808,27.015,0.901
8437,281.5141,29.970,1.000
8438,281.5475,0.000,0.000
8439,281.5809,16.754,0.559
8440,281.6142,16.754,0.559
8441,281.6476,7.493,0.250
8442,281.6810,42.384,1.414
8443,281.7143,40.348,1.346
8444,281.7477,27.015,0.901
8445,281.7811,14.985,0.500
8446,281.8144,14.985,0.500
8447,281.8478,14.985,0.500
8448,281.8812,16.754,0.559
8449,281.9145,16.754,0.559
8450,281.9479,21.192,0.707
8451,281.9813,16.754,0.559
8452,282.0146,31.788,1.061
8453,282.0480,16.754,0.559
8454,282.0814,16.754,0.559
8455,282.1147,10.596,0.354
8456,282.1481,30.892,1.031
8457,282.1815,16.754,0.559
8458,282.2148,22.478,0.750
8459,282.2482,90.222,3.010
8460,282.2816,40.348,1.346
8461,282.3149,90.532,3.021
8462,282.3483,33.508,1.118
8463,282.3817,79.647,2.658
8464,282.4150,95.951,3.202
8465,282.4484,90.532,3.021
8466,282.4818,67.015,2.236
8467,282.5151,87.698,2.926
8468,282.5485,23.693,0.791
8469,282.5819,54.029,1.803
8470,282.6152,38.205,1.275
8471,282.6486,14.985,0.500
8472,282.6820,14.985,0.500
8473,282.7153,7.493,0.250
8474,282.7487,7.493,0.250
8475,282.7821,14.985,0.500
8476,282.8154,7.493,0.250
8477,282.8488,0.000,0.000
8478,282.8822,0.000,0.000
8479,282.9155,14.985,0.500
8480,282.9489,21.192,0.707
8481,282.9823,0.000,0.000
8482,283.0156,33.508,1.118
8483,283.0490,29.970,1.000
8484,283.0824,33.508,1.118
8485,283.1157,27.015,0.901
8486,283.1491,38.205,1.275
8487,283.1825,79.647,2.658
8488,283.2158,38.205,1.275
8489,283.2492,14.985,0.500
8490,283.2826,52.448,1.750
8491,283.3159,54.546,1.820
8492,283.3493,33.508,1.118
8493,283.3827,0.000,0.000
8494,283.4160,50.261,1.677
8495,283.4494,23.693,0.791
8496,283.4828,43.689,1.458
8497,283.5161,14.985,0.500
8498,283.5495,7.493,0.250
8499,283.5829,30.892,1.031
8500,283.6162,0.000,0.000
8501,283.6496,22.478,0.750
8502,283.6830,43.689,1.458
8503,283.7163,23.693,0.791
8504,283.7497,29.970,1.000
8505,283.7831,14.985,0.500
8506,283.8164,23.693,0.791
8507,283.8498,16.754,0.559
8508,283.8832,27.015,0.901
8509,283.9165,7.493,0.250
8510,283.9499,16.754,0.559
8511,283.9833,27.015,0.901
8512,284.0166,27.015,0.901
8513,284.0500,21.192,0.707
8514,284.0834,16.754,0.559
8515,284.1167,37.463,1.250
8516,284.1501,16.754,0.559
8517,284.1835,0.000,0.000
8518,284.2168,16.754,0.559
8519,284.2502,22.478,0.750
8520,284.2836,87.377,2.915
8521,284.3169,47.976,1.601
8522,284.3503,73.793,2.462
8523,284.3837,131.066,4.373
8524,284.4170,79.647,2.658
8525,284.4504,57.061,1.904
8526,284.4838,81.044,2.704
8527,284.5171,43.689,1.458
8528,284.5505,83.769,2.795
8529,284.5839,38.205,1.275
8530,284.6172,37.463,1.250
8531,284.6506,23.693,0.791
8532,284.6840,7.493,0.250
8533,284.7173,14.985,0.500
8534,284.7507,58.518,1.953
8535,284.7841,21.192,0.707
8536,284.8174,0.000,0.000
8537,284.8508,14.985,0.500
8538,284.8842,0.000,0.000
8539,284.9175,0.000,0.000
8540,284.9509,7.493,0.250
8541,284.9843,7.493,0.250
8542,285.0176,47.387,1.581
8543,285.0510,7.493,0.250
8544,285.0844,29.970,1.000
8545,285.1177,14.985,0.500
8546,285.1511,38.205,1.275
8547,285.1845,79.647,2.658
8548,285.2178,33.508,1.118
8549,285.2512,37.463,1.250
8550,285.2846,52.980,1.768
8551,285.3179,67.015,2.236
8552,285.3513,0.000,0.000
8553,285.3847,16.754,0.559
8554,285.4180,30.892,1.031
8555,285.4514,76.409,2.550
8556,285.4848,7.493,0.250
8557,285.5181,14.985,0.500
8558,285.5515,14.985,0.500
8559,285.5849,30.892,1.031
8560,285.6182,30.892,1.031
8561,285.6516,0.000,0.000
8562,285.6850,21.192,0.707
8563,285.7183,29.970,1.000
8564,285.7517,29.970,1.000
8565,285.7851,7.493,0.250
8566,285.8184,14.985,0.500
8567,285.8518,22.478,0.750
8568,285.8852,10.596,0.354
8569,285.9185,14.985,0.500
8570,285.9519,14.985,0.500
8571,285.9853,33.508,1.118
8572,286.0186,7.493,0.250
8573,286.0520,14.985,0.500
8574,286.0854,21.192,0.707
8575,286.1187,40.348,1.346
8576,286.1521,14.985,0.500
8577,286.1855,14.985,0.500
8578,286.2188,21.192,0.707
8579,286.2522,114.368,3.816
8580,286.2856,45.575,1.521
8581,286.3189,37.463,1.250
8582,286.3523,79.647,2.658
8583,286.3857,127.373,4.250
8584,286.4190,74.925,2.500
8585,286.4524,60.407,2.016
8586,286.4858,58.518,1.953
8587,286.5191,58.518,1.953
8588,286.5525,81.044,2.704
8589,286.5859,27.015,0.901
8590,286.6192,42.384,1.414
8591,286.6526,30.892,1.031
8592,286.6860,14.985,0.500
8593,286.7193,7.493,0.250
8594,286.7527,42.384,1.414
8595,286.7861,31.788,1.061
8596,286.8194,21.192,0.707
8597,286.8528,16.754,0.559
8598,286.8862,7.493,0.250
8599,286.9195,10.596,0.354
8600,286.9529,7.493,0.250
8601,286.9863,10.596,0.354
8602,287.0196,22.478,0.750
8603,287.0530,23.693,0.791
8604,287.0864,29.970,1.000
8605,287.1197,38.205,1.275
8606,287.1531,69.078,2.305
8607,287.1865,50.261,1.677
8608,287.2198,47.976,1.601
8609,287.2532,23.693,0.791
8610,287.2866,38.205,1.275
8611,287.3199,67.015,2.236
8612,287.3533,22.478,0.750
8613,287.3867,7.493,0.250
8614,287.4200,33.508,1.118
8615,287.4534,60.407,2.016
8616,287.4868,31.788,1.061
8617,287.5201,0.000,0.000
8618,287.5535,10.596,0.354
8619,287.5869,29.970,1.000
8620,287.6202,22.478,0.750
8621,287.6536,10.596,0.354
8622,287.6870,38.205,1.275
8623,287.7203,27.015,0.901
8624,287.7537,7.493,0.250
8625,287.7871,7.493,0.250
8626,287.8204,22.478,0.750
8627,287.8538,7.493,0.250
8628,287.8872,22.478,0.750
8629,287.9205,23.693,0.791
8630,287.9539,10.596,0.354
8631,287.9873,29.970,1.000
8632,288.0206,7.493,0.250
8633,288.0540,10.596,0.354
8634,288.0874,7.493,0.250
8635,288.1207,23.693,0.791
8636,288.1541,23.693,0.791
8637,288.1875,30.892,1.031
8638,288.2208,42.384,1.414
8639,288.2542,67.015,2.236
8640,288.2876,42.384,1.414
8641,288.3209,100.523,3.354
8642,288.3543,31.788,1.061
8643,288.3877,74.925,2.500
8644,288.4210,135.073,4.507
8645,288.4544,54.029,1.803
8646,288.4878,50.261,1.677
8647,288.5211,79.647,2.658
8648,288.5545,64.016,2.136
8649,288.5879,23.693,0.791
8650,288.6212,42.384,1.414
8651,288.6546,30.892,1.031
8652,288.6880,10.596,0.354
8653,288.7213,37.463,1.250
8654,288.7547,31.788,1.061
8655,288.7881,16.754,0.559
8656,288.8214,31.788,1.061
8657,288.8548,10.596,0.354
8658,288.8882,0.000,0.000
8659,288.9215,7.493,0.250
8660,288.9549,0.000,0.000
8661,288.9883,16.754,0.559
8662,289.0216,21.192,0.707
8663,289.0550,27.015,0.901
8664,289.0884,22.478,0.750
8665,289.1217,7.493,0.250
8666,289.1551,29.970,1.000
8667,289.1885,100.802,3.363
8668,289.2218,27.015,0.901
8669,289.2552,40.348,1.346
8670,289.2886,40.348,1.346
8671,289.3219,16.754,0.559
8672,289.3553,33.508,1.118
8673,289.3887,60.407,2.016
8674,289.4220,33.508,1.118
8675,289.4554,30.892,1.031
8676,289.4888,16.754,0.559
8677,289.5221,16.754,0.559
8678,289.5555,10.596,0.354
8679,289.5889,23.693,0.791
8680,289.6222,21.192,0.707
8681,289.6556,27.015,0.901
8682,289.6890,23.693,0.791
8683,289.7223,16.754,0.559
8684,289.7557,31.788,1.061
8685,289.7891,7.493,0.250
8686,289.8224,21.192,0.707
8687,289.8558,29.970,1.000
8688,289.8892,7.493,0.250
8689,289.9225,10.596,0.354
8690,289.9559,16.754,0.559
8691,289.9893,10.596,0.354
8692,290.0226,27.015,0.901
8693,290.0560,22.478,0.750
8694,290.0894,30.892,1.031
8695,290.1227,38.205,1.275
8696,290.1561,21.192,0.707
8697,290.1895,33.508,1.118
8698,290.2228,67.015,2.236
8699,290.2562,90.222,3.010
8700,290.2896,37.463,1.250
8701,290.3229,42.384,1.414
8702,290.3563,91.458,3.052
8703,290.3897,85.428,2.850
8704,290.4230,114.123,3.808
8705,290.4564,54.029,1.803
8706,290.4898,54.029,1.803
8707,290.5231,64.453,2.151
8708,290.5565,31.788,1.061
8709,290.5899,47.976,1.601
8710,290.6232,23.693,0.791
8711,290.6566,29.970,1.000
8712,290.6900,14.985,0.500
8713,290.7233,23.693,0.791
8714,290.7567,10.596,0.354
8715,290.7901,54.029,1.803
8716,290.8234,16.754,0.559
8717,290.8568,14.985,0.500
8718,290.8902,0.000,0.000
8719,290.9235,14.985,0.500
8720,290.9569,27.015,0.901
8721,290.9903,7.493,0.250
8722,291.0236,47.976,1.601
8723,291.0570,31.788,1.061
8724,291.0904,7.493,0.250
8725,291.1237,30.892,1.031
8726,291.1571,123.570,4.123
8727,291.1905,31.788,1.061
8728,291.2238,22.478,0.750
8729,291.2572,29.970,1.000
8730,291.2906,52.980,1.768
8731,291.3239,37.463,1.250
8732,291.3573,33.508,1.118
8733,291.3907,33.508,1.118
8734,291.4240,37.463,1.250
8735,291.4574,23.693,0.791
8736,291.4908,14.985,0.500
8737,291.5241,27.015,0.901
8738,291.5575,7.493,0.250
8739,291.5909,33.508,1.118
8740,291.6242,16.754,0.559
8741,291.6576,16.754,0.559
8742,291.6910,16.754,0.559
8743,291.7243,22.478,0.750
8744,291.7577,14.985,0.500
8745,291.7911,7.493,0.250
8746,291.8244,7.493,0.250
8747,291.8578,7.493,0.250
8748,291.8912,22.478,0.750
8749,291.9245,10.596,0.354
8750,291.9579,14.985,0.500
8751,291.9913,33.508,1.118
8752,292.0246,47.976,1.601
8753,292.0580,42.384,1.414
8754,292.0914,27.015,0.901
8755,292.1247,0.000,0.000
8756,292.1581,21.192,0.707
8757,292.1915,21.192,0.707
8758,292.2248,7.493,0.250
8759,292.2582,14.985,0.500
8760,292.2916,104.089,3.473
8761,292.3249,60.407,2.016
8762,292.3583,77.140,2.574
8763,292.3916,172.491,5.755
8764,292.4250,37.463,1.250
8765,292.4584,118.467,3.953
8766,292.4917,47.387,1.581
8767,292.5251,60.407,2.016
8768,292.5585,52.980,1.768
8769,292.5918,31.788,1.061
8770,292.6252,29.970,1.000
8771,292.6586,37.463,1.250
8772,292.6919,33.508,1.118
8773,292.7253,33.508,1.118
8774,292.7587,21.192,0.707
8775,292.7920,0.000,0.000
8776,292.8254,0.000,0.000
8777,292.8588,0.000,0.000
8778,292.8921,63.576,2.121
8779,292.9255,23.693,0.791
8780,292.9589,58.518,1.953
8781,292.9922,61.785,2.062
8782,293.0256,64.016,2.136
8783,293.0590,77.140,2.574
8784,293.0923,37.463,1.250
8785,293.1257,47.976,1.601
8786,293.1591,77.140,2.574
8787,293.1924,21.192,0.707
8788,293.2258,33.508,1.118
8789,293.2592,33.508,1.118
8790,293.2925,69.078,2.305
8791,293.3259,31.788,1.061
8792,293.3593,30.892,1.031
8793,293.3926,23.693,0.791
8794,293.4260,67.015,2.236
8795,293.4594,30.892,1.031
8796,293.4927,16.754,0.559
8797,293.5261,23.693,0.791
8798,293.5595,30.892,1.031
8799,293.5928,7.493,0.250
8800,293.6262,10.596,0.354
8801,293.6596,21.192,0.707
8802,293.6929,0.000,0.000
8803,293.7263,16.754,0.559
8804,293.7597,10.596,0.354
8805,293.7930,10.596,0.354
8806,293.8264,14.985,0.500
8807,293.8598,23.693,0.791
8808,293.8931,21.192,0.707
8809,293.9265,7.493,0.250
8810,293.9599,7.493,0.250
8811,293.9932,7.493,0.250
8812,294.0266,54.029,1.803
8813,294.0600,42.384,1.414
8814,294.0933,67.015,2.236
8815,294.1267,67.015,2.236
8816,294.1601,0.000,0.000
8817,294.1934,29.970,1.000
8818,294.2268,57.061,1.904
8819,294.2602,73.793,2.462
8820,294.2935,57.061,1.904
8821,294.3269,84.768,2.828
8822,294.3603,37.463,1.250
8823,294.3936,81.044,2.704
8824,294.4270,135.073,4.507
8825,294.4604,97.403,3.250
8826,294.4937,57.061,1.904
8827,294.5271,74.925,2.500
8828,294.5605,52.980,1.768
8829,294.5938,37.463,1.250
8830,294.6272,23.693,0.791
8831,294.6606,52.980,1.768
8832,294.6939,33.508,1.118
8833,294.7273,16.754,0.559
8834,294.7607,22.478,0.750
8835,294.7940,16.754,0.559
8836,294.8274,14.985,0.500
8837,294.8608,16.754,0.559
8838,294.8941,22.478,0.750
8839,294.9275,79.647,2.658
8840,294.9609,27.015,0.901
8841,294.9942,57.061,1.904
8842,295.0276,167.538,5.590
8843,295.0610,43.689,1.458
8844,295.0943,22.478,0.750
8845,295.1277,47.976,1.601
8846,295.1611,31.788,1.061
8847,295.1944,47.976,1.601
8848,295.2278,30.892,1.031
8849,295.2612,29.970,1.000
8850,295.2945,59.940,2.000
8851,295.3279,16.754,0.559
8852,295.3613,31.788,1.061
8853,295.3946,57.061,1.904
8854,295.4280,37.463,1.250
8855,295.4614,7.493,0.250
8856,295.4947,29.970,1.000
8857,295.5281,14.985,0.500
8858,295.5615,22.478,0.750
8859,295.5948,7.493,0.250
8860,295.6282,0.000,0.000
8861,295.6616,0.000,0.000
8862,295.6949,0.000,0.000
8863,295.7283,7.493,0.250
8864,295.7617,16.754,0.559
8865,295.7950,21.192,0.707
8866,295.8284,0.000,0.000
8867,295.8618,10.596,0.354
8868,295.8951,10.596,0.354
8869,295.9285,16.754,0.559
8870,295.9619,14.985,0.500
8871,295.9952,52.980,1.768
8872,296.0286,57.061,1.904
8873,296.0620,47.976,1.601
8874,296.0953,37.463,1.250
8875,296.1287,69.078,2.305
8876,296.1621,38.205,1.275
8877,296.1954,97.690,3.260
8878,296.2288,47.976,1.601
8879,296.2622,37.463,1.250
8880,296.2955,69.078,2.305
8881,296.3289,116.556,3.889
8882,296.3623,111.384,3.717
8883,296.3956,94.774,3.162
8884,296.4290,92.677,3.092
8885,296.4624,61.785,2.062
8886,296.4957,94.774,3.162
8887,296.5291,29.970,1.000
8888,296.5625,43.689,1.458
8889,296.5958,47.976,1.601
8890,296.6292,33.508,1.118
8891,296.6626,21.192,0.707
8892,296.6959,33.508,1.118
8893,296.7293,37.463,1.250
8894,296.7627,37.463,1.250
8895,296.7960,10.596,0.354
8896,296.8294,16.754,0.559
8897,296.8628,10.596,0.354
8898,296.8961,37.463,1.250
8899,296.9295,58.518,1.953
8900,296.9629,43.689,1.458
8901,296.9962,43.689,1.458
8902,297.0296,61.785,2.062
8903,297.0630,77.140,2.574
8904,297.0963,40.348,1.346
8905,297.1297,33.508,1.118
8906,297.1631,50.261,1.677
8907,297.1964,70.684,2.358
8908,297.2298,22.478,0.750
8909,297.2632,33.508,1.118
8910,297.2965,37.463,1.250
8911,297.3299,64.016,2.136
8912,297.3633,10.596,0.354
8913,297.3966,33.508,1.118
8914,297.4300,22.478,0.750
8915,297.4634,22.478,0.750
8916,297.4967,29.970,1.000
8917,297.5301,16.754,0.559
8918,297.5635,7.493,0.250
8919,297.5968,10.596,0.354
8920,297.6302,7.493,0.250
8921,297.6636,0.000,0.000
8922,297.6969,7.493,0.250
8923,297.7303,0.000,0.000
8924,297.7637,7.493,0.250
8925,297.7970,14.985,0.500
8926,297.8304,14.985,0.500
8927,297.8638,16.754,0.559
8928,297.8971,22.478,0.750
8929,297.9305,7.493,0.250
8930,297.9639,10.596,0.354
8931,297.9972,14.985,0.500
8932,298.0306,70.684,2.358
8933,298.0640,79.647,2.658
8934,298.0973,47.976,1.601
8935,298.1307,42.384,1.414
8936,298.1641,60.407,2.016
8937,298.1974,40.348,1.346
8938,298.2308,101.909,3.400
8939,298.2642,47.387,1.581
8940,298.2975,87.377,2.915
8941,298.3309,43.689,1.458
8942,298.3643,91.458,3.052
8943,298.3976,108.059,3.606
8944,298.4310,60.407,2.016
8945,298.4644,100.523,3.354
8946,298.4977,99.963,3.335
8947,298.5311,64.016,2.136
8948,298.5645,27.015,0.901
8949,298.5978,23.693,0.791
8950,298.6312,33.508,1.118
8951,298.6646,33.508,1.118
8952,298.6979,30.892,1.031
8953,298.7313,27.015,0.901
8954,298.7647,10.596,0.354
8955,298.7980,7.493,0.250
8956,298.8314,27.015,0.901
8957,298.8648,64.453,2.151
8958,298.8981,42.384,1.414
8959,298.9315,64.453,2.151
8960,298.9649,64.453,2.151
8961,298.9982,80.697,2.693
8962,299.0316,43.689,1.458
8963,299.0650,52.980,1.768
8964,299.0983,31.788,1.061
8965,299.1317,60.407,2.016
8966,299.1651,69.078,2.305
8967,299.1984,47.387,1.581
8968,299.2318,42.384,1.414
8969,299.2652,16.754,0.559
8970,299.2985,45.575,1.521
8971,299.3319,23.693,0.791
8972,299.3653,37.463,1.250
8973,299.3986,16.754,0.559
8974,299.4320,29.970,1.000
8975,299.4654,38.205,1.275
8976,299.4987,30.892,1.031
8977,299.5321,0.000,0.000
8978,299.5655,23.693,0.791
8979,299.5988,14.985,0.500
8980,299.6322,10.596,0.354
8981,299.6656,21.192,0.707
8982,299.6989,23.693,0.791
8983,299.7323,16.754,0.559
8984,299.7657,10.596,0.354
8985,299.7990,16.754,0.559
8986,299.8324,14.985,0.500
8987,299.8658,7.493,0.250
8988,299.8991,10.596,0.354
8989,299.9325,23.693,0.791
8990,299.9659,10.596,0.354
8991,299.9992,30.892,1.031
8992,300.0326,64.016,2.136
8993,300.0660,21.192,0.707
8994,300.0993,31.788,1.061
8995,300.1327,29.970,1.000
8996,300.1661,30.892,1.031
8997,300.1994,23.693,0.791
8998,300.2328,10.596,0.354
8999,300.2662,117.037,3.905
9000,300.2995,47.976,1.601
9001,300.3329,42.384,1.414
9002,300.3663,69.078,2.305
9003,300.3996,144.121,4.809
9004,300.4330,85.428,2.850
9005,300.4664,27.015,0.901
9006,300.4997,47.976,1.601
9007,300.5331,37.463,1.250
9008,300.5665,52.980,1.768
9009,300.5998,21.192,0.707
9010,300.6332,23.693,0.791
9011,300.6666,57.061,1.904
9012,300.6999,27.015,0.901
9013,300.7333,40.348,1.346
9014,300.7667,63.576,2.121
9015,300.8000,67.015,2.236
9016,300.8334,37.463,1.250
9017,300.8668,85.428,2.850
9018,300.9001,37.463,1.250
9019,300.9335,47.976,1.601
9020,300.9669,60.407,2.016
9021,301.0002,33.508,1.118
9022,301.0336,0.000,0.000
9023,301.0670,29.970,1.000
9024,301.1003,83.769,2.795
9025,301.1337,40.348,1.346
9026,301.1671,33.508,1.118
9027,301.2004,47.387,1.581
9028,301.2338,37.463,1.250
9029,301.2672,14.985,0.500
9030,301.3005,44.955,1.500
9031,301.3339,38.205,1.275
9032,301.3673,27.015,0.901
9033,301.4006,23.693,0.791
9034,301.4340,40.348,1.346
9035,301.4674,38.205,1.275
9036,301.5007,47.976,1.601
9037,301.5341,23.693,0.791
9038,301.5675,23.693,0.791
9039,301.6008,42.384,1.414
9040,301.6342,42.384,1.414
9041,301.6676,0.000,0.000
9042,301.7009,10.596,0.354
9043,301.7343,10.596,0.354
9044,301.7677,23.693,0.791
9045,301.8010,22.478,0.750
9046,301.8344,7.493,0.250
9047,301.8678,16.754,0.559
9048,301.9011,10.596,0.354
9049,301.9345,29.970,1.000
9050,301.9679,30.892,1.031
9051,302.0012,16.754,0.559
9052,302.0346,22.478,0.750
9053,302.0680,22.478,0.750
9054,302.1013,87.698,2.926
9055,302.1347,7.493,0.250
9056,302.1681,47.976,1.601
9057,302.2014,47.976,1.601
9058,302.2348,14.985,0.500
9059,302.2682,7.493,0.250
9060,302.3015,85.428,2.850
9061,302.3349,42.384,1.414
9062,302.3683,42.384,1.414
9063,302.4016,100.802,3.363
9064,302.4350,75.299,2.512
9065,302.4684,54.029,1.803
9066,302.5017,43.689,1.458
9067,302.5351,43.689,1.458
9068,302.5685,27.015,0.901
9069,302.6018,10.596,0.354
9070,302.6352,14.985,0.500
9071,302.6686,54.546,1.820
9072,302.7019,47.976,1.601
9073,302.7353,37.463,1.250
9074,302.7687,108.059,3.606
9075,302.8020,33.508,1.118
9076,302.8354,37.463,1.250
9077,302.8688,54.029,1.803
9078,302.9021,33.508,1.118
9079,302.9355,37.463,1.250
9080,302.9689,42.384,1.414
9081,303.0022,30.892,1.031
9082,303.0356,30.892,1.031
9083,303.0690,33.508,1.118
9084,303.1023,71.080,2.372
9085,303.1357,70.684,2.358
9086,303.1691,33.508,1.118
9087,303.2024,33.508,1.118
9088,303.2358,14.985,0.500
9089,303.2692,45.575,1.521
9090,303.3025,16.754,0.559
9091,303.3359,27.015,0.901
9092,303.3693,52.448,1.750
9093,303.4026,7.493,0.250
9094,303.4360,45.575,1.521
9095,303.4694,42.384,1.414
9096,303.5027,42.384,1.414
9097,303.5361,16.754,0.559
9098,303.5695,23.693,0.791
9099,303.6028,0.000,0.000
9100,303.6362,37.463,1.250
9101,303.6696,23.693,0.791
9102,303.7029,16.754,0.559
9103,303.7363,14.985,0.500
9104,303.7697,7.493,0.250
9105,303.8030,21.192,0.707
9106,303.8364,23.693,0.791
9107,303.8698,7.493,0.250
9108,303.9031,10.596,0.354
9109,303.9365,30.892,1.031
9110,303.9699,52.980,1.768
9111,304.0032,22.478,0.750
9112,304.0366,23.693,0.791
9113,304.0700,23.693,0.791
9114,304.1033,60.407,2.016
9115,304.1367,54.029,1.803
9116,304.1701,27.015,0.901
9117,304.2034,14.985,0.500
9118,304.2368,16.754,0.559
9119,304.2702,100.802,3.363
9120,304.3035,37.463,1.250
9121,304.3369,37.463,1.250
9122,304.3703,69.078,2.305
9123,304.4036,127.373,4.250
9124,304.4370,37.463,1.250
9125,304.4704,58.518,1.953
9126,304.5037,47.976,1.601
9127,304.5371,23.693,0.791
9128,304.5705,37.463,1.250
9129,304.6038,7.493,0.250
9130,304.6372,7.493,0.250
9131,304.6706,29.970,1.000
9132,304.7039,87.377,2.915
9133,304.7373,64.453,2.151
9134,304.7707,83.769,2.795
9135,304.8040,31.788,1.061
9136,304.8374,37.463,1.250
9137,304.8708,31.788,1.061
9138,304.9041,64.453,2.151
9139,304.9375,31.788,1.061
9140,304.9709,37.463,1.250
9141,305.0042,31.788,1.061
9142,305.0376,50.261,1.677
9143,305.0710,37.463,1.250
9144,305.1043,40.348,1.346
9145,305.1377,57.061,1.904
9146,305.1711,60.407,2.016
9147,305.2044,54.546,1.820
9148,305.2378,45.575,1.521
9149,305.2712,7.493,0.250
9150,305.3045,23.693,0.791
9151,305.3379,71.080,2.372
9152,305.3713,14.985,0.500
9153,305.4046,29.970,1.000
9154,305.4380,47.387,1.581
9155,305.4714,31.788,1.061
9156,305.5047,42.384,1.414
9157,305.5381,16.754,0.559
9158,305.5715,16.754,0.559
9159,305.6048,47.976,1.601
9160,305.6382,7.493,0.250
9161,305.6716,23.693,0.791
9162,305.7049,0.000,0.000
9163,305.7383,14.985,0.500
9164,305.7717,22.478,0.750
9165,305.8050,0.000,0.000
9166,305.8384,10.596,0.354
9167,305.8718,22.478,0.750
9168,305.9051,23.693,0.791
9169,305.9385,7.493,0.250
9170,305.9719,16.754,0.559
9171,306.0052,60.407,2.016
9172,306.0386,7.493,0.250
9173,306.0720,7.493,0.250
9174,306.1053,47.976,1.601
9175,306.1387,7.493,0.250
9176,306.1721,7.493,0.250
9177,306.2054,30.892,1.031
9178,306.2388,43.689,1.458
9179,306.2722,69.078,2.305
9180,306.3055,42.384,1.414
9181,306.3389,52.980,1.768
9182,306.3723,69.078,2.305
9183,306.4056,147.586,4.924
9184,306.4390,47.976,1.601
9185,306.4724,31.788,1.061
9186,306.5057,42.384,1.414
9187,306.5391,43.689,1.458
9188,306.5725,21.192,0.707
9189,306.6058,0.000,0.000
9190,306.6392,16.754,0.559
9191,306.6726,85.428,2.850
9192,306.7059,60.407,2.016
9193,306.7393,90.222,3.010
9194,306.7727,52.980,1.768
9195,306.8060,37.463,1.250
9196,306.8394,52.980,1.768
9197,306.8728,42.384,1.414
9198,306.9061,50.261,1.677
9199,306.9395,47.976,1.601
9200,306.9729,23.693,0.791
9201,307.0062,7.493,0.250
9202,307.0396,23.693,0.791
9203,307.0730,90.222,3.010
9204,307.1063,30.892,1.031
9205,307.1397,37.463,1.250
9206,307.1731,73.793,2.462
9207,307.2064,45.575,1.521
9208,307.2398,22.478,0.750
9209,307.2732,29.970,1.000
9210,307.3065,27.015,0.901
9211,307.3399,40.348,1.346
9212,307.3733,54.546,1.820
9213,307.4066,30.892,1.031
9214,307.4400,37.463,1.250
9215,307.4734,16.754,0.559
9216,307.5067,27.015,0.901
9217,307.5401,22.478,0.750
9218,307.5735,33.508,1.118
9219,307.6068,50.261,1.677
9220,307.6402,10.596,0.354
9221,307.6736,7.493,0.250
9222,307.7069,23.693,0.791
9223,307.7403,14.985,0.500
9224,307.7737,29.970,1.000
9225,307.8070,10.596,0.354
9226,307.8404,16.754,0.559
9227,307.8738,7.493,0.250
9228,307.9071,10.596,0.354
9229,307.9405,33.508,1.118
9230,307.9739,47.387,1.581
9231,308.0072,16.754,0.559
9232,308.0406,21.192,0.707
9233,308.0740,33.508,1.118
9234,308.1073,16.754,0.559
9235,308.1407,45.575,1.521
9236,308.1741,27.015,0.901
9237,308.2074,23.693,0.791
9238,308.2408,16.754,0.559
9239,308.2742,16.754,0.559
9240,308.3075,95.951,3.202
9241,308.3409,90.222,3.010
9242,308.3743,134.030,4.472
9243,308.4076,47.387,1.581
9244,308.4410,27.015,0.901
9245,308.4744,50.261,1.677
9246,308.5077,54.029,1.803
9247,308.5411,27.015,0.901
9248,308.5745,29.970,1.000
9249,308.6078,10.596,0.354
9250,308.6412,33.508,1.118
9251,308.6746,42.384,1.414
9252,308.7079,74.172,2.475
9253,308.7413,79.647,2.658
9254,308.7747,37.463,1.250
9255,308.8080,47.976,1.601
9256,308.8414,74.925,2.500
9257,308.8748,21.192,0.707
9258,308.9081,104.089,3.473
9259,308.9415,27.015,0.901
9260,308.9749,10.596,0.354
9261,309.0082,23.693,0.791
9262,309.0416,27.015,0.901
9263,309.0750,69.078,2.305
9264,309.1083,67.015,2.236
9265,309.1417,21.192,0.707
9266,309.1751,64.016,2.136
9267,309.2084,38.205,1.275
9268,309.2418,40.348,1.346
9269,309.2752,16.754,0.559
9270,309.3085,30.892,1.031
9271,309.3419,50.261,1.677
9272,309.3753,52.448,1.750
9273,309.4086,29.970,1.000
9274,309.4420,47.387,1.581
9275,309.4754,21.192,0.707
9276,309.5087,37.463,1.250
9277,309.5421,21.192,0.707
9278,309.5755,52.980,1.768
9279,309.6088,7.493,0.250
9280,309.6422,16.754,0.559
9281,309.6756,16.754,0.559
9282,309.7089,10.596,0.354
9283,309.7423,22.478,0.750
9284,309.7757,7.493,0.250
9285,309.8090,7.493,0.250
9286,309.8424,29.970,1.000
9287,309.8758,0.000,0.000
9288,309.9091,22.478,0.750
9289,309.9425,38.205,1.275
9290,309.9759,38.205,1.275
9291,310.0092,29.970,1.000
9292,310.0426,58.518,1.953
9293,310.0760,64.016,2.136
9294,310.1093,73.793,2.462
9295,310.1427,70.684,2.358
9296,310.1761,69.078,2.305
9297,310.2094,42.384,1.414
9298,310.2428,21.192,0.707
9299,310.2762,23.693,0.791
9300,310.3095,69.078,2.305
9301,310.3429,42.384,1.414
9302,310.3763,140.772,4.697
9303,310.4096,43.689,1.458
9304,310.4430,58.518,1.953
9305,310.4764,42.384,1.414
9306,310.5097,33.508,1.118
9307,310.5431,42.384,1.414
9308,310.5765,30.892,1.031
9309,310.6098,10.596,0.354
9310,310.6432,0.000,0.000
9311,310.6766,69.078,2.305
9312,310.7099,47.387,1.581
9313,310.7433,100.802,3.363
9314,310.7767,95.951,3.202
9315,310.8100,50.261,1.677
9316,310.8434,33.508,1.118
9317,310.8768,42.384,1.414
9318,310.9101,42.384,1.414
9319,310.9435,33.508,1.118
9320,310.9769,33.508,1.118
9321,311.0102,29.970,1.000
9322,311.0436,22.478,0.750
9323,311.0770,104.359,3.482
9324,311.1103,33.508,1.118
9325,311.1437,37.463,1.250
9326,311.1771,57.061,1.904
9327,311.2104,47.387,1.581
9328,311.2438,50.261,1.677
9329,311.2772,16.754,0.559
9330,311.3105,33.508,1.118
9331,311.3439,50.261,1.677
9332,311.3773,37.463,1.250
9333,311.4106,27.015,0.901
9334,311.4440,27.015,0.901
9335,311.4774,27.015,0.901
9336,311.5107,42.384,1.414
9337,311.5441,16.754,0.559
9338,311.5775,47.387,1.581
9339,311.6108,0.000,0.000
9340,311.6442,42.384,1.414
9341,311.6776,10.596,0.354
9342,311.7109,14.985,0.500
9343,311.7443,10.596,0.354
9344,311.7777,21.192,0.707
9345,311.8110,10.596,0.354
9346,311.8444,10.596,0.354
9347,311.8778,30.892,1.031
9348,311.9111,29.970,1.000
9349,311.9445,16.754,0.559
9350,311.9779,45.575,1.521
9351,312.0112,23.693,0.791
9352,312.0446,22.478,0.750
9353,312.0780,27.015,0.901
9354,312.1113,67.848,2.264
9355,312.1447,85.428,2.850
9356,312.1781,27.015,0.901
9357,312.2114,33.508,1.118
9358,312.2448,14.985,0.500
9359,312.2782,95.951,3.202
9360,312.3115,52.980,1.768
9361,312.3449,50.261,1.677
9362,312.3783,64.453,2.151
9363,312.4116,101.909,3.400
9364,312.4450,54.029,1.803
9365,312.4784,69.078,2.305
9366,312.5117,10.596,0.354
9367,312.5451,37.463,1.250
9368,312.5785,16.754,0.559
9369,312.6118,10.596,0.354
9370,312.6452,57.061,1.904
9371,312.6786,47.976,1.601
9372,312.7119,27.015,0.901
9373,312.7453,95.951,3.202
9374,312.7787,95.951,3.202
9375,312.8120,52.980,1.768
9376,312.8454,31.788,1.061
9377,312.8788,31.788,1.061
9378,312.9121,101.909,3.400
9379,312.9455,33.508,1.118
9380,312.9789,0.000,0.000
9381,313.0122,43.689,1.458
9382,313.0456,38.205,1.275
9383,313.0790,69.078,2.305
9384,313.1123,40.348,1.346
9385,313.1457,47.387,1.581
9386,313.1791,71.080,2.372
9387,313.2124,21.192,0.707
9388,313.2458,23.693,0.791
9389,313.2792,27.015,0.901
9390,313.3125,31.788,1.061
9391,313.3459,0.000,0.000
9392,313.3793,29.970,1.000
9393,313.4126,30.892,1.031
9394,313.4460,37.463,1.250
9395,313.4794,33.508,1.118
9396,313.5127,38.205,1.275
9397,313.5461,29.970,1.000
9398,313.5795,74.172,2.475
9399,313.6128,16.754,0.559
9400,313.6462,37.463,1.250
9401,313.6796,16.754,0.559
9402,313.7129,7.493,0.250
9403,313.7463,16.754,0.559
9404,313.7797,16.754,0.559
9405,313.8130,14.985,0.500
9406,313.8464,14.985,0.500
9407,313.8798,29.970,1.000
9408,313.9131,0.000,0.000
9409,313.9465,10.596,0.354
9410,313.9798,82.418,2.750
9411,314.0132,22.478,0.750
9412,314.0466,30.892,1.031
9413,314.0799,29.970,1.000
9414,314.1133,37.463,1.250
9415,314.1467,80.697,2.693
9416,314.1800,33.508,1.118
9417,314.2134,14.985,0.500
9418,314.2468,16.754,0.559
9419,314.2801,111.384,3.717
9420,314.3135,37.463,1.250
9421,314.3469,31.788,1.061
9422,314.3802,79.647,2.658
9423,314.4136,92.677,3.092
9424,314.4470,73.793,2.462
9425,314.4803,50.261,1.677
9426,314.5137,31.788,1.061
9427,314.5471,31.788,1.061
9428,314.5804,31.788,1.061
9429,314.6138,21.192,0.707
9430,314.6472,16.754,0.559
9431,314.6805,79.647,2.658
9432,314.7139,79.647,2.658
9433,314.7473,70.684,2.358
9434,314.7806,47.976,1.601
9435,314.8140,42.384,1.414
9436,314.8474,52.980,1.768
9437,314.8807,10.596,0.354
9438,314.9141,95.951,3.202
9439,314.9475,33.508,1.118
9440,314.9808,23.693,0.791
9441,315.0142,7.493,0.250
9442,315.0476,54.029,1.803
9443,315.0809,67.015,2.236
9444,315.1143,40.348,1.346
9445,315.1477,40.348,1.346
9446,315.1810,57.061,1.904
9447,315.2144,23.693,0.791
9448,315.2478,37.463,1.250
9449,315.2811,14.985,0.500
9450,315.3145,16.754,0.559
9451,315.3479,37.463,1.250
9452,315.3812,22.478,0.750
9453,315.4146,58.518,1.953
9454,315.4480,14.985,0.500
9455,315.4813,21.192,0.707
9456,315.5147,29.970,1.000
9457,315.5481,40.348,1.346
9458,315.5814,42.384,1.414
9459,315.6148,16.754,0.559
9460,315.6482,21.192,0.707
9461,315.6815,14.985,0.500
9462,315.7149,14.985,0.500
9463,315.7483,23.693,0.791
9464,315.7816,7.493,0.250
9465,315.8150,7.493,0.250
9466,315.8484,23.693,0.791
9467,315.8817,30.892,1.031
9468,315.9151,7.493,0.250
9469,315.9485,23.693,0.791
9470,315.9818,43.689,1.458
9471,316.0152,7.493,0.250
9472,316.0486,7.493,0.250
9473,316.0819,31.788,1.061
9474,316.1153,14.985,0.500
9475,316.1487,33.508,1.118
9476,316.1820,14.985,0.500
9477,316.2154,7.493,0.250
9478,316.2488,16.754,0.559
9479,316.2821,153.734,5.130
9480,316.3155,42.384,1.414
9481,316.3489,84.768,2.828
9482,316.3822,80.697,2.693
9483,316.4156,44.955,1.500
9484,316.4490,74.925,2.500
9485,316.4823,57.061,1.904
9486,316.5157,30.892,1.031
9487,316.5491,31.788,1.061
9488,316.5824,30.892,1.031
9489,316.6158,23.693,0.791
9490,316.6492,44.955,1.500
9491,316.6825,57.061,1.904
9492,316.7159,64.453,2.151
9493,316.7493,37.463,1.250
9494,316.7826,33.508,1.118
9495,316.8160,37.463,1.250
9496,316.8494,42.384,1.414
9497,316.8827,10.596,0.354
9498,316.9161,16.754,0.559
9499,316.9495,60.407,2.016
9500,316.9828,31.788,1.061
9501,317.0162,31.788,1.061
9502,317.0496,47.387,1.581
9503,317.0829,16.754,0.559
9504,317.1163,29.970,1.000
9505,317.1497,29.970,1.000
9506,317.1830,37.463,1.250
9507,317.2164,47.976,1.601
9508,317.2498,74.925,2.500
9509,317.2831,100.802,3.363
9510,317.3165,40.348,1.346
9511,317.3499,43.689,1.458
9512,317.3832,67.015,2.236
9513,317.4166,31.788,1.061
9514,317.4500,33.508,1.118
9515,317.4833,27.015,0.901
9516,317.5167,37.463,1.250
9517,317.5501,7.493,0.250
9518,317.5834,33.508,1.118
9519,317.6168,42.384,1.414
9520,317.6502,29.970,1.000
9521,317.6835,21.192,0.707
9522,317.7169,37.463,1.250
9523,317.7503,50.261,1.677
9524,317.7836,7.493,0.250
9525,317.8170,0.000,0.000
9526,317.8504,16.754,0.559
9527,317.8837,37.463,1.250
9528,317.9171,33.508,1.118
9529,317.9505,44.955,1.500
9530,317.9838,16.754,0.559
9531,318.0172,23.693,0.791
9532,318.0506,42.384,1.414
9533,318.0839,14.985,0.500
9534,318.1173,27.015,0.901
9535,318.1507,16.754,0.559
9536,318.1840,14.985,0.500
9537,318.2174,22.478,0.750
9538,318.2508,16.754,0.559
9539,318.2841,14.985,0.500
9540,318.3175,47.976,1.601
9541,318.3509,37.463,1.250
9542,318.3842,16.754,0.559
9543,318.4176,37.463,1.250
9544,318.4510,42.384,1.414
9545,318.4843,40.348,1.346
9546,318.5177,27.015,0.901
9547,318.5511,22.478,0.750
9548,318.5844,30.892,1.031
9549,318.6178,64.016,2.136
9550,318.6512,57.061,1.904
9551,318.6845,64.453,2.151
9552,318.7179,100.802,3.363
9553,318.7513,100.802,3.363
9554,318.7846,70.684,2.358
9555,318.8180,37.463,1.250
9556,318.8514,23.693,0.791
9557,318.8847,16.754,0.559
9558,318.9181,0.000,0.000
9559,318.9515,21.192,0.707
9560,318.9848,57.061,1.904
9561,319.0182,40.348,1.346
9562,319.0516,30.892,1.031
9563,319.0849,33.508,1.118
9564,319.1183,92.677,3.092
9565,319.1517,54.546,1.820
9566,319.1850,54.546,1.820
9567,319.2184,85.428,2.850
9568,319.2518,27.015,0.901
9569,319.2851,69.078,2.305
9570,319.3185,16.754,0.559
9571,319.3519,70.684,2.358
9572,319.3852,60.407,2.016
9573,319.4186,42.384,1.414
9574,319.4520,37.463,1.250
9575,319.4853,42.384,1.414
9576,319.5187,47.976,1.601
9577,319.5521,7.493,0.250
9578,319.5854,30.892,1.031
9579,319.6188,27.015,0.901
9580,319.6522,0.000,0.000
9581,319.6855,21.192,0.707
9582,319.7189,0.000,0.000
9583,319.7523,0.000,0.000
9584,319.7856,0.000,0.000
9585,319.8190,0.000,0.000
9586,319.8524,0.000,0.000
9587,319.8857,0.000,0.000
9588,319.9191,0.000,0.000
9589,319.9525,0.000,0.000
9590,319.9858,0.000,0.000
9591,320.0192,14.985,0.500
9592,320.0526,29.970,1.000
9593,320.0859,10.596,0.354
9594,320.1193,70.684,2.358
9595,320.1527,30.892,1.031
9596,320.1860,64.016,2.136
9597,320.2194,30.892,1.031
9598,320.2528,16.754,0.559
9599,320.2861,43.689,1.458
9600,320.3195,33.508,1.118
9601,320.3529,22.478,0.750
9602,320.3862,29.970,1.000
9603,320.4196,63.576,2.121
9604,320.4530,33.508,1.118
9605,320.4863,33.508,1.118
9606,320.5197,33.508,1.118
9607,320.5531,42.384,1.414
9608,320.5864,10.596,0.354
9609,320.6198,21.192,0.707
9610,320.6532,64.453,2.151
9611,320.6865,58.518,1.953
9612,320.7199,64.453,2.151
9613,320.7533,91.458,3.052
9614,320.7866,79.647,2.658
9615,320.8200,60.407,2.016
9616,320.8534,47.976,1.601
9617,320.8867,79.647,2.658
9618,320.9201,22.478,0.750
9619,320.9535,22.478,0.750
9620,320.9868,16.754,0.559
9621,321.0202,30.892,1.031
9622,321.0536,64.453,2.151
9623,321.0869,38.205,1.275
9624,321.1203,73.793,2.462
9625,321.1537,38.205,1.275
9626,321.1870,64.016,2.136
9627,321.2204,7.493,0.250
9628,321.2538,58.518,1.953
9629,321.2871,21.192,0.707
9630,321.3205,50.261,1.677
9631,321.3539,33.508,1.118
9632,321.3872,63.576,2.121
9633,321.4206,47.976,1.601
9634,321.4540,58.518,1.953
9635,321.4873,69.078,2.305
9636,321.5207,7.493,0.250
9637,321.5541,16.754,0.559
9638,321.5874,23.693,0.791
9639,321.6208,7.493,0.250
9640,321.6542,10.596,0.354
9641,321.6875,7.493,0.250
9642,321.7209,0.000,0.000
9643,321.7543,0.000,0.000
9644,321.7876,0.000,0.000
9645,321.8210,0.000,0.000
9646,321.8544,0.000,0.000
9647,321.8877,0.000,0.000
9648,321.9211,0.000,0.000
9649,321.9545,0.000,0.000
9650,321.9878,0.000,0.000
9651,322.0212,0.000,0.000
9652,322.0546,27.015,0.901
9653,322.0879,7.493,0.250
9654,322.1213,16.754,0.559
9655,322.1547,31.788,1.061
9656,322.1880,23.693,0.791
9657,322.2214,37.463,1.250
9658,322.2548,42.384,1.414
9659,322.2881,33.508,1.118
9660,322.3215,50.261,1.677
9661,322.3549,47.976,1.601
9662,322.3882,61.785,2.062
9663,322.4216,47.976,1.601
9664,322.4550,27.015,0.901
9665,322.4883,42.384,1.414
9666,322.5217,37.463,1.250
9667,322.5551,27.015,0.901
9668,322.5884,29.970,1.000
9669,322.6218,7.493,0.250
9670,322.6552,27.015,0.901
9671,322.6885,95.364,3.182
9672,322.7219,79.647,2.658
9673,322.7553,95.364,3.182
9674,322.7886,101.909,3.400
9675,322.8220,47.976,1.601
9676,322.8554,60.407,2.016
9677,322.8887,21.192,0.707
9678,322.9221,10.596,0.354
9679,322.9555,14.985,0.500
9680,322.9888,7.493,0.250
9681,323.0222,16.754,0.559
9682,323.0556,80.697,2.693
9683,323.0889,33.508,1.118
9684,323.1223,47.387,1.581
9685,323.1557,73.793,2.462
9686,323.1890,71.080,2.372
9687,323.2224,50.261,1.677
9688,323.2558,81.044,2.704
9689,323.2891,37.463,1.250
9690,323.3225,27.015,0.901
9691,323.3559,14.985,0.500
9692,323.3892,54.029,1.803
9693,323.4226,85.428,2.850
9694,323.4560,27.015,0.901
9695,323.4893,31.788,1.061
9696,323.5227,33.508,1.118
9697,323.5561,31.788,1.061
9698,323.5894,0.000,0.000
9699,323.6228,0.000,0.000
9700,323.6562,14.985,0.500
9701,323.6895,0.000,0.000
9702,323.7229,0.000,0.000
9703,323.7563,0.000,0.000
9704,323.7896,7.493,0.250
9705,323.8230,0.000,0.000
9706,323.8564,0.000,0.000
9707,323.8897,0.000,0.000
9708,323.9231,7.493,0.250
9709,323.9565,7.493,0.250
9710,323.9898,0.000,0.000
9711,324.0232,7.493,0.250
9712,324.0566,10.596,0.354
9713,324.0899,29.970,1.000
9714,324.1233,29.970,1.000
9715,324.1567,22.478,0.750
9716,324.1900,16.754,0.559
9717,324.2234,14.985,0.500
9718,324.2568,42.384,1.414
9719,324.2901,47.387,1.581
9720,324.3235,31.788,1.061
9721,324.3569,50.261,1.677
9722,324.3902,29.970,1.000
9723,324.4236,74.925,2.500
9724,324.4570,21.192,0.707
9725,324.4903,42.384,1.414
9726,324.5237,45.575,1.521
9727,324.5571,22.478,0.750
9728,324.5904,47.976,1.601
9729,324.6238,16.754,0.559
9730,324.6572,30.892,1.031
9731,324.6905,127.593,4.257
9732,324.7239,70.684,2.358
9733,324.7573,85.428,2.850
9734,324.7906,95.951,3.202
9735,324.8240,54.029,1.803
9736,324.8574,47.976,1.601
9737,324.8907,27.015,0.901
9738,324.9241,37.463,1.250
9739,324.9575,16.754,0.559
9740,324.9908,0.000,0.000
9741,325.0242,52.980,1.768
9742,325.0576,70.684,2.358
9743,325.0909,43.689,1.458
9744,325.1243,43.689,1.458
9745,325.1577,40.348,1.346
9746,325.1910,78.224,2.610
9747,325.2244,27.015,0.901
9748,325.2578,74.925,2.500
9749,325.2911,69.078,2.305
9750,325.3245,23.693,0.791
9751,325.3579,42.384,1.414
9752,325.3912,33.508,1.118
9753,325.4246,37.463,1.250
9754,325.4580,47.976,1.601
9755,325.4913,50.261,1.677
9756,325.5247,43.689,1.458
9757,325.5581,7.493,0.250
9758,325.5914,21.192,0.707
9759,325.6248,0.000,0.000
9760,325.6582,7.493,0.250
9761,325.6915,10.596,0.354
9762,325.7249,0.000,0.000
9763,325.7583,0.000,0.000
9764,325.7916,7.493,0.250
9765,325.8250,0.000,0.000
9766,325.8584,7.493,0.250
9767,325.8917,0.000,0.000
9768,325.9251,0.000,0.000
9769,325.9585,0.000,0.000
9770,325.9918,0.000,0.000
9771,326.0252,0.000,0.000
9772,326.0586,10.596,0.354
9773,326.0919,22.478,0.750
9774,326.1253,37.463,1.250
9775,326.1587,14.985,0.500
9776,326.1920,21.192,0.707
9777,326.2254,16.754,0.559
9778,326.2588,23.693,0.791
9779,326.2921,45.575,1.521
9780,326.3255,22.478,0.750
9781,326.3589,29.970,1.000
9782,326.3922,50.261,1.677
9783,326.4256,84.768,2.828
9784,326.4590,43.689,1.458
9785,326.4923,74.172,2.475
9786,326.5257,43.689,1.458
9787,326.5591,54.029,1.803
9788,326.5924,47.387,1.581
9789,326.6258,22.478,0.750
9790,326.6592,37.463,1.250
9791,326.6925,116.556,3.889
9792,326.7259,81.044,2.704
9793,326.7593,43.689,1.458
9794,326.7926,155.909,5.202
9795,326.8260,54.029,1.803
9796,326.8594,58.518,1.953
9797,326.8927,111.384,3.717
9798,326.9261,0.000,0.000
9799,326.9595,22.478,0.750
9800,326.9928,7.493,0.250
9801,327.0262,0.000,0.000
9802,327.0596,33.508,1.118
9803,327.0929,67.015,2.236
9804,327.1263,97.403,3.250
9805,327.1597,47.387,1.581
9806,327.1930,50.261,1.677
9807,327.2264,40.348,1.346
9808,327.2598,52.980,1.768
9809,327.2931,21.192,0.707
9810,327.3265,37.463,1.250
9811,327.3599,93.881,3.132
9812,327.3932,14.985,0.500
9813,327.4266,64.453,2.151
9814,327.4600,69.078,2.305
9815,327.4933,33.508,1.118
9816,327.5267,27.015,0.901
9817,327.5601,7.493,0.250
9818,327.5934,14.985,0.500
9819,327.6268,0.000,0.000
9820,327.6602,16.754,0.559
9821,327.6935,0.000,0.000
9822,327.7269,14.985,0.500
9823,327.7603,14.985,0.500
9824,327.7936,0.000,0.000
9825,327.8270,0.000,0.000
9826,327.8604,0.000,0.000
9827,327.8937,0.000,0.000
9828,327.9271,0.000,0.000
9829,327.9605,0.000,0.000
9830,327.9938,0.000,0.000
9831,328.0272,0.000,0.000
9832,328.0606,0.000,0.000
9833,328.0939,16.754,0.559
9834,328.1273,42.384,1.414
9835,328.1607,23.693,0.791
9836,328.1940,10.596,0.354
9837,328.2274,22.478,0.750
9838,328.2608,0.000,0.000
9839,328.2941,61.785,2.062
9840,328.3275,23.693,0.791
9841,328.3609,54.029,1.803
9842,328.3942,74.172,2.475
9843,328.4276,37.463,1.250
9844,328.4610,43.689,1.458
9845,328.4943,70.684,2.358
9846,328.5277,67.015,2.236
9847,328.5611,38.205,1.275
9848,328.5944,47.976,1.601
9849,328.6278,33.508,1.118
9850,328.6612,64.453,2.151
9851,328.6945,67.015,2.236
9852,328.7279,90.222,3.010
9853,328.7613,95.951,3.202
9854,328.7946,106.489,3.553
9855,328.8280,70.684,2.358
9856,328.8614,60.407,2.016
9857,328.8947,69.078,2.305
9858,328.9281,16.754,0.559
9859,328.9615,10.596,0.354
9860,328.9948,7.493,0.250
9861,329.0282,71.080,2.372
9862,329.0616,50.261,1.677
9863,329.0949,38.205,1.275
9864,329.1283,67.015,2.236
9865,329.1617,73.793,2.462
9866,329.1950,30.892,1.031
9867,329.2284,31.788,1.061
9868,329.2618,57.061,1.904
9869,329.2951,40.348,1.346
9870,329.3285,29.970,1.000
9871,329.3619,23.693,0.791
9872,329.3952,47.976,1.601
9873,329.4286,58.518,1.953
9874,329.4620,42.384,1.414
9875,329.4953,43.689,1.458
9876,329.5287,37.463,1.250
9877,329.5621,16.754,0.559
9878,329.5954,7.493,0.250
9879,329.6288,7.493,0.250
9880,329.6622,16.754,0.559
9881,329.6955,0.000,0.000
9882,329.7289,0.000,0.000
9883,329.7623,0.000,0.000
9884,329.7956,0.000,0.000
9885,329.8290,0.000,0.000
9886,329.8624,0.000,0.000
9887,329.8957,0.000,0.000
9888,329.9291,0.000,0.000
9889,329.9625,0.000,0.000
9890,329.9958,0.000,0.000
9891,330.0292,10.596,0.354
9892,330.0626,10.596,0.354
9893,330.0959,42.384,1.414
9894,330.1293,33.508,1.118
9895,330.1627,14.985,0.500
9896,330.1960,30.892,1.031
9897,330.2294,22.478,0.750
9898,330.2628,44.955,1.500
9899,330.2961,57.061,1.904
9900,330.3295,30.892,1.031
9901,330.3629,29.970,1.000
9902,330.3962,43.689,1.458
9903,330.4296,100.802,3.363
9904,330.4630,42.384,1.414
9905,330.4963,73.793,2.462
9906,330.5297,64.016,2.136
9907,330.5631,54.029,1.803
9908,330.5964,37.463,1.250
9909,330.6298,30.892,1.031
9910,330.6632,16.754,0.559
9911,330.6965,121.969,4.070
9912,330.7299,84.768,2.828
9913,330.7633,93.881,3.132
9914,330.7966,91.458,3.052
9915,330.8300,132.556,4.423
9916,330.8634,64.453,2.151
9917,330.8967,70.684,2.358
9918,330.9301,31.788,1.061
9919,330.9635,27.015,0.901
9920,330.9968,38.205,1.275
9921,331.0302,69.078,2.305
9922,331.0636,79.647,2.658
9923,331.0969,52.980,1.768
9924,331.1303,37.463,1.250
9925,331.1637,64.016,2.136
9926,331.1970,30.892,1.031
9927,331.2304,23.693,0.791
9928,331.2638,42.384,1.414
9929,331.2971,74.925,2.500
9930,331.3305,30.892,1.031
9931,331.3639,58.518,1.953
9932,331.3972,30.892,1.031
9933,331.4306,52.980,1.768
9934,331.4640,74.172,2.475
9935,331.4973,10.596,0.354
9936,331.5307,16.754,0.559
9937,331.5641,10.596,0.354
9938,331.5974,23.693,0.791
9939,331.6308,23.693,0.791
9940,331.6642,0.000,0.000
9941,331.6975,7.493,0.250
9942,331.7309,0.000,0.000
9943,331.7643,0.000,0.000
9944,331.7976,0.000,0.000
9945,331.8310,7.493,0.250
9946,331.8644,0.000,0.000
9947,331.8977,37.463,1.250
9948,331.9311,29.970,1.000
9949,331.9645,29.970,1.000
9950,331.9978,45.575,1.521
9951,332.0312,47.976,1.601
9952,332.0646,79.647,2.658
9953,332.0979,43.689,1.458
9954,332.1313,30.892,1.031
9955,332.1647,61.785,2.062
9956,332.1980,27.015,0.901
9957,332.2314,10.596,0.354
9958,332.2648,16.754,0.559
9959,332.2981,54.546,1.820
9960,332.3315,30.892,1.031
9961,332.3649,61.785,2.062
9962,332.3982,14.985,0.500
9963,332.4316,52.980,1.768
9964,332.4650,64.016,2.136
9965,332.4983,42.384,1.414
9966,332.5317,47.976,1.601
9967,332.5651,43.689,1.458
9968,332.5984,33.508,1.118
9969,332.6318,10.596,0.354
9970,332.6652,0.000,0.000
9971,332.6985,29.970,1.000
9972,332.7319,0.000,0.000
9973,332.7653,29.970,1.000
9974,332.7986,33.508,1.118
9975,332.8320,91.458,3.052
9976,332.8654,52.980,1.768
9977,332.8987,33.508,1.118
9978,332.9321,27.015,0.901
9979,332.9655,42.384,1.414
9980,332.9988,30.892,1.031
9981,333.0322,7.493,0.250
9982,333.0656,10.596,0.354
9983,333.0989,54.029,1.803
9984,333.1323,42.384,1.414
9985,333.1657,37.463,1.250
9986,333.1990,89.910,3.000
9987,333.2324,29.970,1.000
9988,333.2658,29.970,1.000
9989,333.2991,42.384,1.414
9990,333.3325,69.078,2.305
9991,333.3659,14.985,0.500
9992,333.3992,33.508,1.118
9993,333.4326,40.348,1.346
9994,333.4660,22.478,0.750
9995,333.4993,38.205,1.275
9996,333.5327,78.224,2.610
9997,333.5661,57.061,1.904
9998,333.5994,14.985,0.500
9999,333.6328,64.453,2.151
10000,333.6662,47.976,1.601
10001,333.6995,54.029,1.803
10002,333.7329,29.970,1.000
10003,333.7663,33.508,1.118
10004,333.7996,40.348,1.346
10005,333.8330,37.463,1.250
10006,333.8664,27.015,0.901
10007,333.8997,120.813,4.031
10008,333.9331,37.463,1.250
10009,333.9665,45.575,1.521
10010,333.9998,47.387,1.581
10011,334.0332,112.388,3.750
10012,334.0666,30.892,1.031
10013,334.0999,107.277,3.579
10014,334.1333,52.980,1.768
10015,334.1667,29.970,1.000
10016,334.2000,29.970,1.000
10017,334.2334,16.754,0.559
10018,334.2668,37.463,1.250
10019,334.3001,27.015,0.901
10020,334.3335,38.205,1.275
10021,334.3669,82.758,2.761
10022,334.4002,29.970,1.000
10023,334.4336,67.848,2.264
10024,334.4670,112.388,3.750
10025,334.5003,29.970,1.000
10026,334.5337,45.575,1.521
10027,334.5671,71.080,2.372
10028,334.6004,45.575,1.521
10029,334.6338,27.015,0.901
10030,334.6672,7.493,0.250
10031,334.7005,10.596,0.354
10032,334.7339,14.985,0.500
10033,334.7673,0.000,0.000
10034,334.8006,0.000,0.000
10035,334.8340,21.192,0.707
10036,334.8674,33.508,1.118
10037,334.9007,37.463,1.250
10038,334.9341,101.909,3.400
10039,334.9675,100.802,3.363
10040,335.0008,58.518,1.953
10041,335.0342,42.384,1.414
10042,335.0676,30.892,1.031
10043,335.1009,58.518,1.953
10044,335.1343,29.970,1.000
10045,335.1677,22.478,0.750
10046,335.2010,38.205,1.275
10047,335.2344,37.463,1.250
10048,335.2678,64.453,2.151
10049,335.3011,10.596,0.354
10050,335.3345,37.463,1.250
10051,335.3679,57.061,1.904
10052,335.4012,37.463,1.250
10053,335.4346,47.976,1.601
10054,335.4680,42.384,1.414
10055,335.5013,60.407,2.016
10056,335.5347,37.463,1.250
10057,335.5681,16.754,0.559
10058,335.6014,16.754,0.559
10059,335.6348,33.508,1.118
10060,335.6681,52.980,1.768
10061,335.7015,21.192,0.707
10062,335.7349,31.788,1.061
10063,335.7682,71.080,2.372
10064,335.8016,60.407,2.016
10065,335.8350,16.754,0.559
10066,335.8683,52.980,1.768
10067,335.9017,92.677,3.092
10068,335.9351,22.478,0.750
10069,335.9684,29.970,1.000
10070,336.0018,57.061,1.904
10071,336.0352,131.066,4.373
10072,336.0685,54.546,1.820
10073,336.1019,97.690,3.260
10074,336.1353,38.205,1.275
10075,336.1686,52.980,1.768
10076,336.2020,31.788,1.061
10077,336.2354,31.788,1.061
10078,336.2687,47.976,1.601
10079,336.3021,52.448,1.750
10080,336.3355,30.892,1.031
10081,336.3688,76.409,2.550
10082,336.4022,59.940,2.000
10083,336.4356,82.758,2.761
10084,336.4689,45.575,1.521
10085,336.5023,45.575,1.521
10086,336.5357,82.758,2.761
10087,336.5690,74.925,2.500
10088,336.6024,64.016,2.136
10089,336.6358,90.222,3.010
10090,336.6691,33.508,1.118
10091,336.7025,14.985,0.500
10092,336.7359,7.493,0.250
10093,336.7692,42.384,1.414
10094,336.8026,33.508,1.118
10095,336.8360,47.976,1.601
10096,336.8693,33.508,1.118
10097,336.9027,37.463,1.250
10098,336.9361,63.576,2.121
10099,336.9694,67.848,2.264
10100,337.0028,22.478,0.750
10101,337.0362,37.463,1.250
10102,337.0695,23.693,0.791
10103,337.1029,27.015,0.901
10104,337.1363,10.596,0.354
10105,337.1696,22.478,0.750
10106,337.2030,21.192,0.707
10107,337.2364,58.518,1.953
10108,337.2697,0.000,0.000
10109,337.3031,60.407,2.016
10110,337.3365,30.892,1.031
10111,337.3698,21.192,0.707
10112,337.4032,37.463,1.250
10113,337.4366,40.348,1.346
10114,337.4699,37.463,1.250
10115,337.5033,29.970,1.000
10116,337.5367,14.985,0.500
10117,337.5700,7.493,0.250
10118,337.6034,7.493,0.250
10119,337.6368,23.693,0.791
10120,337.6701,21.192,0.707
10121,337.7035,33.508,1.118
10122,337.7369,67.015,2.236
10123,337.7702,14.985,0.500
10124,337.8036,63.576,2.121
10125,337.8370,61.785,2.062
10126,337.8703,14.985,0.500
10127,337.9037,43.689,1.458
10128,337.9371,59.940,2.000
10129,337.9704,83.769,2.795
10130,338.0038,87.377,2.915
10131,338.0372,82.758,2.761
10132,338.0705,45.575,1.521
10133,338.1039,52.448,1.750
10134,338.1373,59.940,2.000
10135,338.1706,52.980,1.768
10136,338.2040,29.970,1.000
10137,338.2374,10.596,0.354
10138,338.2707,31.788,1.061
10139,338.3041,27.015,0.901
10140,338.3375,44.955,1.500
10141,338.3708,105.960,3.536
10142,338.4042,75.299,2.512
10143,338.4376,45.575,1.521
10144,338.4709,67.848,2.264
10145,338.5043,57.061,1.904
10146,338.5377,90.222,3.010
10147,338.5710,112.637,3.758
10148,338.6044,82.418,2.750
10149,338.6378,29.970,1.000
10150,338.6711,37.463,1.250
10151,338.7045,33.508,1.118
10152,338.7379,37.463,1.250
10153,338.7712,22.478,0.750
10154,338.8046,63.576,2.121
10155,338.8380,33.508,1.118
10156,338.8713,43.689,1.458
10157,338.9047,23.693,0.791
10158,338.9381,37.463,1.250
10159,338.9714,47.976,1.601
10160,339.0048,45.575,1.521
10161,339.0382,0.000,0.000
10162,339.0715,16.754,0.559
10163,339.1049,16.754,0.559
10164,339.1383,42.384,1.414
10165,339.1716,16.754,0.559
10166,339.2050,14.985,0.500
10167,339.2384,37.463,1.250
10168,339.2717,37.463,1.250
10169,339.3051,22.478,0.750
10170,339.3385,30.892,1.031
10171,339.3718,83.769,2.795
10172,339.4052,10.596,0.354
10173,339.4386,16.754,0.559
10174,339.4719,37.463,1.250
10175,339.5053,23.693,0.791
10176,339.5387,7.493,0.250
10177,339.5720,21.192,0.707
10178,339.6054,40.348,1.346
10179,339.6388,10.596,0.354
10180,339.6721,38.205,1.275
10181,339.7055,21.192,0.707
10182,339.7389,22.478,0.750
10183,339.7722,27.015,0.901
10184,339.8056,31.788,1.061
10185,339.8390,47.387,1.581
10186,339.8723,87.377,2.915
10187,339.9057,44.955,1.500
10188,339.9391,29.970,1.000
10189,339.9724,54.546,1.820
10190,340.0058,97.690,3.260
10191,340.0392,90.222,3.010
10192,340.0725,120.114,4.008
10193,340.1059,52.448,1.750
10194,340.1393,29.970,1.000
10195,340.1726,44.955,1.500
10196,340.2060,33.508,1.118
10197,340.2394,7.493,0.250
10198,340.2727,50.261,1.677
10199,340.3061,31.788,1.061
10200,340.3395,59.940,2.000
10201,340.3728,89.910,3.000
10202,340.4062,29.970,1.000
10203,340.4396,113.382,3.783
10204,340.4729,89.910,3.000
10205,340.5063,52.980,1.768
10206,340.5397,38.205,1.275
10207,340.5730,75.299,2.512
10208,340.6064,59.940,2.000
10209,340.6398,128.251,4.279
10210,340.6731,23.693,0.791
10211,340.7065,33.508,1.118
10212,340.7399,23.693,0.791
10213,340.7732,21.192,0.707
10214,340.8066,43.689,1.458
10215,340.8400,21.192,0.707
10216,340.8733,60.407,2.016
10217,340.9067,27.015,0.901
10218,340.9401,16.754,0.559
10219,340.9734,40.348,1.346
10220,341.0068,38.205,1.275
10221,341.0402,43.689,1.458
10222,341.0735,7.493,0.250
10223,341.1069,10.596,0.354
10224,341.1403,31.788,1.061
10225,341.1736,21.192,0.707
10226,341.2070,30.892,1.031
10227,341.2404,63.576,2.121
10228,341.2737,38.205,1.275
10229,341.3071,67.848,2.264
10230,341.3405,10.596,0.354
10231,341.3738,27.015,0.901
10232,341.4072,40.348,1.346
10233,341.4406,23.693,0.791
10234,341.4739,40.348,1.346
10235,341.5073,30.892,1.031
10236,341.5407,0.000,0.000
10237,341.5740,0.000,0.000
10238,341.6074,30.892,1.031
10239,341.6408,14.985,0.500
10240,341.6741,38.205,1.275
10241,341.7075,33.508,1.118
10242,341.7409,0.000,0.000
10243,341.7742,23.693,0.791
10244,341.8076,73.793,2.462
10245,341.8410,30.892,1.031
10246,341.8743,47.387,1.581
10247,341.9077,92.677,3.092
10248,341.9411,30.892,1.031
10249,341.9744,52.448,1.750
10250,342.0078,117.037,3.905
10251,342.0412,89.910,3.000
10252,342.0745,59.940,2.000
10253,342.1079,59.940,2.000
10254,342.1413,67.433,2.250
10255,342.1746,59.940,2.000
10256,342.2080,23.693,0.791
10257,342.2414,42.384,1.414
10258,342.2747,38.205,1.275
10259,342.3081,30.892,1.031
10260,342.3415,52.448,1.750
10261,342.3748,105.163,3.509
10262,342.4082,82.758,2.761
10263,342.4416,67.848,2.264
10264,342.4749,45.575,1.521
10265,342.5083,33.508,1.118
10266,342.5417,60.407,2.016
10267,342.5750,135.073,4.507
10268,342.6084,82.418,2.750
10269,342.6418,38.205,1.275
10270,342.6751,50.261,1.677
10271,342.7085,40.348,1.346
10272,342.7419,7.493,0.250
10273,342.7752,27.015,0.901
10274,342.8086,37.463,1.250
10275,342.8420,16.754,0.559
10276,342.8753,58.518,1.953
10277,342.9087,23.693,0.791
10278,342.9421,37.463,1.250
10279,342.9754,47.976,1.601
10280,343.0088,37.463,1.250
10281,343.0422,16.754,0.559
10282,343.0755,10.596,0.354
10283,343.1089,50.261,1.677
10284,343.1423,14.985,0.500
10285,343.1756,23.693,0.791
10286,343.2090,10.596,0.354
10287,343.2424,61.785,2.062
10288,343.2757,45.575,1.521
10289,343.3091,22.478,0.750
10290,343.3425,30.892,1.031
10291,343.3758,45.575,1.521
10292,343.4092,29.970,1.000
10293,343.4426,27.015,0.901
10294,343.4759,22.478,0.750
10295,343.5093,16.754,0.559
10296,343.5427,22.478,0.750
10297,343.5760,23.693,0.791
10298,343.6094,14.985,0.500
10299,343.6428,33.508,1.118
10300,343.6761,23.693,0.791
10301,343.7095,23.693,0.791
10302,343.7429,30.892,1.031
10303,343.7762,37.463,1.250
10304,343.8096,61.785,2.062
10305,343.8430,16.754,0.559
10306,343.8763,45.575,1.521
10307,343.9097,91.150,3.041
10308,343.9431,38.205,1.275
10309,343.9764,52.980,1.768
10310,344.0098,130.851,4.366
10311,344.0432,97.403,3.250
10312,344.0765,59.940,2.000
10313,344.1099,45.575,1.521
10314,344.1433,59.940,2.000
10315,344.1766,45.575,1.521
10316,344.2100,21.192,0.707
10317,344.2434,23.693,0.791
10318,344.2767,33.508,1.118
10319,344.3101,40.348,1.346
10320,344.3435,52.448,1.750
10321,344.3768,52.980,1.768
10322,344.4102,128.251,4.279
10323,344.4436,82.418,2.750
10324,344.4769,67.848,2.264
10325,344.5103,45.575,1.521
10326,344.5437,29.970,1.000
10327,344.5770,67.848,2.264
10328,344.6104,127.593,4.257
10329,344.6438,40.348,1.346
10330,344.6771,33.508,1.118
10331,344.7105,40.348,1.346
10332,344.7439,33.508,1.118
10333,344.7772,16.754,0.559
10334,344.8106,58.518,1.953
10335,344.8440,14.985,0.500
10336,344.8773,47.976,1.601
10337,344.9107,14.985,0.500
10338,344.9441,38.205,1.275
10339,344.9774,54.546,1.820
10340,345.0108,21.192,0.707
10341,345.0442,0.000,0.000
10342,345.0775,7.493,0.250
10343,345.1109,37.463,1.250
10344,345.1443,33.508,1.118
10345,345.1776,14.985,0.500
10346,345.2110,23.693,0.791
10347,345.2444,43.689,1.458
10348,345.2777,14.985,0.500
10349,345.3111,37.463,1.250
10350,345.3445,85.428,2.850
10351,345.3778,14.985,0.500
10352,345.4112,16.754,0.559
10353,345.4446,61.785,2.062
10354,345.4779,27.015,0.901
10355,345.5113,7.493,0.250
10356,345.5447,0.000,0.000
10357,345.5780,7.493,0.250
10358,345.6114,23.693,0.791
10359,345.6448,47.976,1.601
10360,345.6781,22.478,0.750
10361,345.7115,7.493,0.250
10362,345.7449,10.596,0.354
10363,345.7782,50.261,1.677
10364,345.8116,58.518,1.953
10365,345.8450,33.508,1.118
10366,345.8783,40.348,1.346
10367,345.9117,82.758,2.761
10368,345.9451,45.575,1.521
10369,345.9784,90.222,3.010
10370,346.0118,97.690,3.260
10371,346.0452,105.163,3.509
10372,346.0785,59.940,2.000
10373,346.1119,52.448,1.750
10374,346.1453,76.409,2.550
10375,346.1786,52.448,1.750
10376,346.2120,22.478,0.750
10377,346.2454,47.976,1.601
10378,346.2787,37.463,1.250
10379,346.3121,29.970,1.000
10380,346.3455,40.348,1.346
10381,346.3788,135.073,4.507
10382,346.4122,67.848,2.264
10383,346.4456,67.848,2.264
10384,346.4789,52.448,1.750
10385,346.5123,29.970,1.000
10386,346.5457,74.925,2.500
10387,346.5790,113.382,3.783
10388,346.6124,59.940,2.000
10389,346.6458,50.261,1.677
10390,346.6791,44.955,1.500
10391,346.7125,31.788,1.061
10392,346.7459,42.384,1.414
10393,346.7792,0.000,0.000
10394,346.8126,64.453,2.151
10395,346.8460,23.693,0.791
10396,346.8793,23.693,0.791
10397,346.9127,27.015,0.901
10398,346.9461,30.892,1.031
10399,346.9794,52.980,1.768
10400,347.0128,21.192,0.707
10401,347.0462,14.985,0.500
10402,347.0795,21.192,0.707
10403,347.1129,42.384,1.414
10404,347.1463,33.508,1.118
10405,347.1796,7.493,0.250
10406,347.2130,30.892,1.031
10407,347.2464,27.015,0.901
10408,347.2797,57.061,1.904
10409,347.3131,60.407,2.016
10410,347.3465,10.596,0.354
10411,347.3798,67.015,2.236
10412,347.4132,14.985,0.500
10413,347.4466,47.976,1.601
10414,347.4799,16.754,0.559
10415,347.5133,16.754,0.559
10416,347.5467,7.493,0.250
10417,347.5800,10.596,0.354
10418,347.6134,16.754,0.559
10419,347.6468,31.788,1.061
10420,347.6801,38.205,1.275
10421,347.7135,54.029,1.803
10422,347.7469,14.985,0.500
10423,347.7802,21.192,0.707
10424,347.8136,33.508,1.118
10425,347.8470,54.546,1.820
10426,347.8803,75.299,2.512
10427,347.9137,30.892,1.031
10428,347.9471,27.015,0.901
10429,347.9804,52.980,1.768
10430,348.0138,130.851,4.366
10431,348.0472,59.940,2.000
10432,348.0805,52.980,1.768
10433,348.1139,97.403,3.250
10434,348.1473,50.261,1.677
10435,348.1806,30.892,1.031
10436,348.2140,27.015,0.901
10437,348.2474,10.596,0.354
10438,348.2807,31.788,1.061
10439,348.3141,89.910,3.000
10440,348.3475,29.970,1.000
10441,348.3808,90.222,3.010
10442,348.4142,67.433,2.250
10443,348.4476,74.925,2.500
10444,348.4809,91.150,3.041
10445,348.5143,45.575,1.521
10446,348.5477,52.980,1.768
10447,348.5810,61.785,2.062
10448,348.6144,82.758,2.761
10449,348.6478,30.892,1.031
10450,348.6811,16.754,0.559
10451,348.7145,33.508,1.118
10452,348.7479,0.000,0.000
10453,348.7812,14.985,0.500
10454,348.8146,7.493,0.250
10455,348.8480,64.453,2.151
10456,348.8813,43.689,1.458
10457,348.9147,33.508,1.118
10458,348.9481,27.015,0.901
10459,348.9814,23.693,0.791
10460,349.0148,57.061,1.904
10461,349.0482,10.596,0.354
10462,349.0815,16.754,0.559
10463,349.1149,23.693,0.791
10464,349.1483,14.985,0.500
10465,349.1816,16.754,0.559
10466,349.2150,27.015,0.901
10467,349.2484,64.016,2.136
10468,349.2817,29.970,1.000
10469,349.3151,45.575,1.521
10470,349.3485,30.892,1.031
10471,349.3818,14.985,0.500
10472,349.4152,40.348,1.346
10473,349.4486,31.788,1.061
10474,349.4819,23.693,0.791
10475,349.5153,30.892,1.031
10476,349.5487,7.493,0.250
10477,349.5820,0.000,0.000
10478,349.6154,29.970,1.000
10479,349.6488,16.754,0.559
10480,349.6821,30.892,1.031
10481,349.7155,22.478,0.750
10482,349.7489,30.892,1.031
10483,349.7822,43.689,1.458
10484,349.8156,67.015,2.236
10485,349.8490,52.448,1.750
10486,349.8823,30.892,1.031
10487,349.9157,61.785,2.062
10488,349.9491,44.955,1.500
10489,349.9824,100.523,3.354
10490,350.0158,52.980,1.768
10491,350.0492,60.407,2.016
10492,350.0825,74.925,2.500
10493,350.1159,76.409,2.550
10494,350.1493,54.546,1.820
10495,350.1826,33.508,1.118
10496,350.2160,37.463,1.250
10497,350.2494,47.387,1.581
10498,350.2827,29.970,1.000
10499,350.3161,22.478,0.750
10500,350.3495,61.785,2.062
10501,350.3828,29.970,1.000
10502,350.4162,59.940,2.000
10503,350.4496,150.038,5.006
10504,350.4829,52.448,1.750
10505,350.5163,30.892,1.031
10506,350.5497,75.299,2.512
10507,350.5830,119.880,4.000
10508,350.6164,30.892,1.031
10509,350.6498,38.205,1.275
10510,350.6831,40.348,1.346
10511,350.7165,52.980,1.768
10512,350.7499,21.192,0.707
10513,350.7832,16.754,0.559
10514,350.8166,43.689,1.458
10515,350.8500,69.078,2.305
10516,350.8833,16.754,0.559
10517,350.9167,47.976,1.601
10518,350.9501,40.348,1.346
10519,350.9834,31.788,1.061
10520,351.0168,16.754,0.559
10521,351.0502,0.000,0.000
10522,351.0835,14.985,0.500
10523,351.1169,7.493,0.250
10524,351.1503,43.689,1.458
10525,351.1836,21.192,0.707
10526,351.2170,60.407,2.016
10527,351.2504,38.205,1.275
10528,351.2837,44.955,1.500
10529,351.3171,23.693,0.791
10530,351.3505,44.955,1.500
10531,351.3838,14.985,0.500
10532,351.4172,30.892,1.031
10533,351.4506,47.387,1.581
10534,351.4839,16.754,0.559
10535,351.5173,16.754,0.559
10536,351.5507,16.754,0.559
10537,351.5840,7.493,0.250
10538,351.6174,14.985,0.500
10539,351.6508,40.348,1.346
10540,351.6841,16.754,0.559
10541,351.7175,57.061,1.904
10542,351.7509,10.596,0.354
10543,351.7842,47.387,1.581
10544,351.8176,16.754,0.559
10545,351.8510,37.463,1.250
10546,351.8843,74.925,2.500
10547,351.9177,38.205,1.275
10548,351.9511,60.407,2.016
10549,351.9844,64.453,2.151
10550,352.0178,83.769,2.795
10551,352.0512,105.960,3.536
10552,352.0845,54.546,1.820
10553,352.1179,29.970,1.000
10554,352.1513,60.407,2.016
10555,352.1846,29.970,1.000
10556,352.2180,16.754,0.559
10557,352.2514,10.596,0.354
10558,352.2847,21.192,0.707
10559,352.3181,30.892,1.031
10560,352.3515,91.150,3.041
10561,352.3848,37.463,1.250
10562,352.4182,67.848,2.264
10563,352.4516,157.521,5.256
10564,352.4849,38.205,1.275
10565,352.5183,29.970,1.000
10566,352.5517,59.940,2.000
10567,352.5850,120.114,4.008
10568,352.6184,30.892,1.031
10569,352.6518,29.970,1.000
10570,352.6851,47.387,1.581
10571,352.7185,31.788,1.061
10572,352.7519,7.493,0.250
10573,352.7852,42.384,1.414
10574,352.8186,14.985,0.500
10575,352.8520,33.508,1.118
10576,352.8853,40.348,1.346
10577,352.9187,37.463,1.250
10578,352.9521,61.785,2.062
10579,352.9854,43.689,1.458
10580,353.0188,21.192,0.707
10581,353.0522,16.754,0.559
10582,353.0855,10.596,0.354
10583,353.1189,22.478,0.750
10584,353.1523,33.508,1.118
10585,353.1856,10.596,0.354
10586,353.2190,14.985,0.500
10587,353.2524,7.493,0.250
10588,353.2857,23.693,0.791
10589,353.3191,67.848,2.264
10590,353.3525,22.478,0.750
10591,353.3858,14.985,0.500
10592,353.4192,47.387,1.581
10593,353.4526,29.970,1.000
10594,353.4859,27.015,0.901
10595,353.5193,22.478,0.750
10596,353.5527,7.493,0.250
10597,353.5860,0.000,0.000
10598,353.6194,40.348,1.346
10599,353.6528,27.015,0.901
10600,353.6861,23.693,0.791
10601,353.7195,14.985,0.500
10602,353.7529,38.205,1.275
10603,353.7862,100.523,3.354
10604,353.8196,16.754,0.559
10605,353.8530,38.205,1.275
10606,353.8863,29.970,1.000
10607,353.9197,69.078,2.305
10608,353.9531,38.205,1.275
10609,353.9864,149.287,4.981
10610,354.0198,38.205,1.275
10611,354.0532,52.448,1.750
10612,354.0865,82.758,2.761
10613,354.1199,73.793,2.462
10614,354.1533,52.448,1.750
10615,354.1866,52.980,1.768
10616,354.2200,23.693,0.791
10617,354.2534,14.985,0.500
10618,354.2867,91.150,3.041
10619,354.3201,29.970,1.000
10620,354.3535,60.407,2.016
10621,354.3868,52.448,1.750
10622,354.4202,112.388,3.750
10623,354.4536,75.299,2.512
10624,354.4869,44.955,1.500
10625,354.5203,38.205,1.275
10626,354.5537,75.299,2.512
10627,354.5870,120.114,4.008
10628,354.6204,29.970,1.000
10629,354.6538,29.970,1.000
10630,354.6871,58.518,1.953
10631,354.7205,21.192,0.707
10632,354.7539,7.493,0.250
10633,354.7872,52.980,1.768
10634,354.8206,16.754,0.559
10635,354.8540,31.788,1.061
10636,354.8873,16.754,0.559
10637,354.9207,45.575,1.521
10638,354.9541,59.940,2.000
10639,354.9874,14.985,0.500
10640,355.0208,30.892,1.031
10641,355.0542,27.015,0.901
10642,355.0875,16.754,0.559
10643,355.1209,33.508,1.118
10644,355.1543,7.493,0.250
10645,355.1876,30.892,1.031
10646,355.2210,37.463,1.250
10648,355.2877,30.203,2.016
10649,355.3211,60.407,2.016
10650,355.3545,42.384,1.414
10651,355.3878,30.892,1.031
10652,355.4212,33.508,1.118
10653,355.4546,22.478,0.750
10654,355.4879,14.985,0.500
10655,355.5213,14.985,0.500
10656,355.5547,7.493,0.250
10657,355.5880,0.000,0.000
10658,355.6214,38.205,1.275
10659,355.6548,23.693,0.791
10660,355.6881,29.970,1.000
10661,355.7215,21.192,0.707
10662,355.7549,40.348,1.346
10663,355.7882,50.261,1.677
10664,355.8216,23.693,0.791
10665,355.8550,54.546,1.820
10666,355.8883,54.546,1.820
10667,355.9217,44.955,1.500
10668,355.9551,94.774,3.162
10669,355.9884,52.980,1.768
10670,356.0218,90.222,3.010
10671,356.0552,105.163,3.509
10672,356.0885,38.205,1.275
10673,356.1219,44.955,1.500
10674,356.1553,59.940,2.000
10675,356.1886,31.788,1.061
10676,356.2220,21.192,0.707
10677,356.2554,21.192,0.707
10678,356.2887,21.192,0.707
10679,356.3221,30.892,1.031
10680,356.3555,82.758,2.761
10681,356.3888,76.409,2.550
10682,356.4222,23.693,0.791
10683,356.4556,82.758,2.761
10684,356.4889,105.163,3.509
10685,356.5223,38.205,1.275
10686,356.5557,67.848,2.264
10687,356.5890,105.960,3.536
10688,356.6224,45.575,1.521
10689,356.6558,38.205,1.275
10690,356.6891,37.463,1.250
10691,356.7225,7.493,0.250
10692,356.7559,10.596,0.354
10693,356.7892,10.596,0.354
10694,356.8226,37.463,1.250
10695,356.8560,37.463,1.250
10696,356.8893,47.976,1.601
10697,356.9227,33.508,1.118
10698,356.9561,29.970,1.000
10699,356.9894,21.192,0.707
10700,357.0228,16.754,0.559
10701,357.0562,14.985,0.500
10702,357.0895,16.754,0.559
10703,357.1229,40.348,1.346
10704,357.1563,14.985,0.500
10705,357.1896,14.985,0.500
10706,357.2230,45.575,1.521
10707,357.2564,38.205,1.275
10708,357.2897,38.205,1.275
10709,357.3231,52.448,1.750
10710,357.3564,10.596,0.354
10711,357.3898,23.693,0.791
10712,357.4232,40.348,1.346
10713,357.4565,21.192,0.707
10714,357.4899,0.000,0.000
10715,357.5233,22.478,0.750
10716,357.5566,16.754,0.559
10717,357.5900,7.493,0.250
10718,357.6234,30.892,1.031
10719,357.6567,45.575,1.521
10720,357.6901,16.754,0.559
10721,357.7235,27.015,0.901
10722,357.7568,38.205,1.275
10723,357.7902,94.774,3.162
10724,357.8236,22.478,0.750
10725,357.8569,29.970,1.000
10726,357.8903,54.546,1.820
10727,357.9237,54.546,1.820
10728,357.9570,44.955,1.500
10729,357.9904,100.802,3.363
10730,358.0238,52.448,1.750
10731,358.0571,152.818,5.099
10732,358.0905,33.508,1.118
10733,358.1239,37.463,1.250
10734,358.1572,60.407,2.016
10735,358.1906,21.192,0.707
10736,358.2240,31.788,1.061
10737,358.2573,33.508,1.118
10738,358.2907,54.546,1.820
10739,358.3241,14.985,0.500
10740,358.3574,44.955,1.500
10741,358.3908,112.388,3.750
10742,358.4242,67.848,2.264
10743,358.4575,71.080,2.372
10744,358.4909,61.785,2.062
10745,358.5243,38.205,1.275
10746,358.5576,90.222,3.010
10747,358.5910,52.980,1.768
10748,358.6244,71.080,2.372
10749,358.6577,23.693,0.791
10750,358.6911,14.985,0.500
10751,358.7245,31.788,1.061
10752,358.7578,10.596,0.354
10753,358.7912,43.689,1.458
10754,358.8246,54.029,1.803
10755,358.8579,16.754,0.559
10756,358.8913,47.387,1.581
10757,358.9247,14.985,0.500
10758,358.9580,44.955,1.500
10759,358.9914,37.463,1.250
10760,359.0248,7.493,0.250
10761,359.0581,16.754,0.559
10762,359.0915,30.892,1.031
10763,359.1249,10.596,0.354
10764,359.1582,23.693,0.791
10765,359.1916,57.061,1.904
10766,359.2250,7.493,0.250
10767,359.2583,59.940,2.000
10768,359.2917,7.493,0.250
10769,359.3251,10.596,0.354
10770,359.3584,30.892,1.031
10771,359.3918,67.848,2.264
10772,359.4252,14.985,0.500
10773,359.4585,27.015,0.901
10774,359.4919,7.493,0.250
10775,359.5253,40.348,1.346
10776,359.5586,14.985,0.500
10777,359.5920,0.000,0.000
10778,359.6254,27.015,0.901
10779,359.6587,52.980,1.768
10780,359.6921,7.493,0.250
10781,359.7255,22.478,0.750
10782,359.7588,57.061,1.904
10783,359.7922,71.080,2.372
10784,359.8256,33.508,1.118
10785,359.8589,14.985,0.500
10786,359.8923,60.407,2.016
10787,359.9257,82.758,2.761
10788,359.9590,90.222,3.010
10789,359.9924,89.910,3.000
10790,360.0258,82.758,2.761
10791,360.0591,52.980,1.768
10792,360.0925,44.955,1.500
10793,360.1259,64.016,2.136
10794,360.1592,30.892,1.031
10795,360.1926,33.508,1.118
10796,360.2260,47.976,1.601
10797,360.2593,16.754,0.559
10798,360.2927,14.985,0.500
10799,360.3261,40.348,1.346
10800,360.3594,97.403,3.250
10801,360.3928,91.150,3.041
10802,360.4262,52.980,1.768
10803,360.4595,92.677,3.092
10804,360.4929,37.463,1.250
10805,360.5263,38.205,1.275
10806,360.5596,61.785,2.062
10807,360.5930,105.960,3.536
10808,360.6264,23.693,0.791
10809,360.6597,33.508,1.118
10810,360.6931,33.508,1.118
10811,360.7265,30.892,1.031
10812,360.7598,27.015,0.901
10813,360.7932,16.754,0.559
10814,360.8266,58.518,1.953
10815,360.8599,64.453,2.151
10816,360.8933,23.693,0.791
10817,360.9267,21.192,0.707
10818,360.9600,30.892,1.031
10819,360.9934,43.689,1.458
10820,361.0268,10.596,0.354
10821,361.0601,10.596,0.354
10822,361.0935,23.693,0.791
10823,361.1269,16.754,0.559
10824,361.1602,23.693,0.791
10825,361.1936,47.976,1.601
10826,361.2270,16.754,0.559
10827,361.2603,21.192,0.707
10828,361.2937,37.463,1.250
10829,361.3271,23.693,0.791
10830,361.3604,52.980,1.768
10831,361.3938,47.976,1.601
10832,361.4272,23.693,0.791
10833,361.4605,7.493,0.250
10834,361.4939,14.985,0.500
10835,361.5273,7.493,0.250
10836,361.5606,10.596,0.354
10837,361.5940,22.478,0.750
10838,361.6274,43.689,1.458
10839,361.6607,7.493,0.250
10840,361.6941,16.754,0.559
10841,361.7275,30.892,1.031
10842,361.7608,78.224,2.610
10843,361.7942,30.892,1.031
10844,361.8276,60.407,2.016
10845,361.8609,29.970,1.000
10846,361.8943,23.693,0.791
10847,361.9277,59.940,2.000
10848,361.9610,91.150,3.041
10849,361.9944,105.163,3.509
10850,362.0278,60.407,2.016
10851,362.0611,44.955,1.500
10852,362.0945,98.549,3.288
10853,362.1279,52.980,1.768
10854,362.1612,40.348,1.346
10855,362.1946,16.754,0.559
10856,362.2280,22.478,0.750
10857,362.2613,22.478,0.750
10858,362.2947,30.892,1.031
10859,362.3281,105.960,3.536
10860,362.3614,23.693,0.791
10861,362.3948,90.222,3.010
10862,362.4282,37.463,1.250
10863,362.4615,82.758,2.761
10864,362.4949,37.463,1.250
10865,362.5283,60.407,2.016
10866,362.5616,112.637,3.758
10867,362.5950,30.892,1.031
10868,362.6284,38.205,1.275
10869,362.6617,52.448,1.750
10870,362.6951,42.384,1.414
10871,362.7285,40.348,1.346
10872,362.7618,10.596,0.354
10873,362.7952,37.463,1.250
10874,362.8286,33.508,1.118
10875,362.8619,37.463,1.250
10876,362.8953,54.029,1.803
10877,362.9287,37.463,1.250
10878,362.9620,60.407,2.016
10879,362.9954,10.596,0.354
10880,363.0288,23.693,0.791
10881,363.0621,27.015,0.901
10882,363.0955,21.192,0.707
10883,363.1289,0.000,0.000
10884,363.1622,7.493,0.250
10885,363.1956,16.754,0.559
10886,363.2290,44.955,1.500
10887,363.2623,61.785,2.062
10888,363.2957,37.463,1.250
10889,363.3291,37.463,1.250
10890,363.3624,7.493,0.250
10891,363.3958,29.970,1.000
10892,363.4292,40.348,1.346
10893,363.4625,14.985,0.500
10894,363.4959,16.754,0.559
10895,363.5293,7.493,0.250
10896,363.5626,16.754,0.559
10897,363.5960,7.493,0.250
10898,363.6294,23.693,0.791
10899,363.6627,59.940,2.000
10900,363.6961,10.596,0.354
10901,363.7295,44.955,1.500
10902,363.7628,73.793,2.462
10903,363.7962,60.407,2.016
10904,363.8296,60.407,2.016
10905,363.8629,23.693,0.791
10906,363.8963,33.508,1.118
10907,363.9297,44.955,1.500
10908,363.9630,90.222,3.010
10909,363.9964,75.299,2.512
10910,364.0298,105.960,3.536
10911,364.0631,59.940,2.000
10912,364.0965,33.508,1.118
10913,364.1299,67.015,2.236
10914,364.1632,61.785,2.062
10915,364.1966,23.693,0.791
10916,364.2300,14.985,0.500
10917,364.2633,52.980,1.768
10918,364.2967,29.970,1.000
10919,364.3301,98.549,3.288
10920,364.3634,30.892,1.031
10921,364.3968,59.940,2.000
10922,364.4302,97.690,3.260
10923,364.4635,78.224,2.610
10924,364.4969,37.463,1.250
10925,364.5303,50.261,1.677
10926,364.5636,67.433,2.250
10927,364.5970,38.205,1.275
10928,364.6304,67.848,2.264
10929,364.6637,61.785,2.062
10930,364.6971,30.892,1.031
10931,364.7305,10.596,0.354
10932,364.7638,27.015,0.901
10933,364.7972,43.689,1.458
10934,364.8306,31.788,1.061
10935,364.8639,33.508,1.118
10936,364.8973,52.980,1.768
10937,364.9307,10.596,0.354
10938,364.9640,30.892,1.031
10939,364.9974,27.015,0.901
10940,365.0308,7.493,0.250
10941,365.0641,22.478,0.750
10942,365.0975,23.693,0.791
10943,365.1309,7.493,0.250
10944,365.1642,33.508,1.118
10945,365.1976,45.575,1.521
10946,365.2310,27.015,0.901
10947,365.2643,59.940,2.000
10948,365.2977,0.000,0.000
10949,365.3311,22.478,0.750
10950,365.3644,37.463,1.250
10951,365.3978,44.955,1.500
10952,365.4312,33.508,1.118
10953,365.4645,7.493,0.250
10954,365.4979,0.000,0.000
10955,365.5313,30.892,1.031
10956,365.5646,0.000,0.000
10957,365.5980,14.985,0.500
10958,365.6314,69.078,2.305
10959,365.6647,10.596,0.354
10960,365.6981,14.985,0.500
10961,365.7315,30.892,1.031
10962,365.7648,54.029,1.803
10963,365.7982,44.955,1.500
10964,365.8316,83.769,2.795
10965,365.8649,29.970,1.000
10966,365.8983,60.407,2.016
10967,365.9317,89.910,3.000
10968,365.9650,42.384,1.414
10969,365.9984,90.222,3.010
10970,366.0318,59.940,2.000
10971,366.0651,54.546,1.820
10972,366.0985,98.549,3.288
10973,366.1319,81.044,2.704
10974,366.1652,64.016,2.136
10975,366.1986,37.463,1.250
10976,366.2320,43.689,1.458
10977,366.2653,29.970,1.000
10978,366.2987,76.409,2.550
10979,366.3321,22.478,0.750
10980,366.3654,52.980,1.768
10981,366.3988,82.418,2.750
10982,366.4322,107.277,3.579
10983,366.4655,91.150,3.041
10984,366.4989,38.205,1.275
10985,366.5323,45.575,1.521
10986,366.5656,67.433,2.250
10987,366.5990,94.774,3.162
10988,366.6324,33.508,1.118
10989,366.6657,38.205,1.275
10990,366.6991,27.015,0.901
10991,366.7325,27.015,0.901
10992,366.7658,23.693,0.791
10993,366.7992,23.693,0.791
10994,366.8326,43.689,1.458
10995,366.8659,64.453,2.151
10996,366.8993,23.693,0.791
10997,366.9327,47.387,1.581
10998,366.9660,50.261,1.677
10999,366.9994,7.493,0.250
11000,367.0328,7.493,0.250
11001,367.0661,22.478,0.750
11002,367.0995,27.015,0.901
11003,367.1329,7.493,0.250
11004,367.1662,10.596,0.354
11005,367.1996,22.478,0.750
11006,367.2330,30.892,1.031
11007,367.2663,47.387,1.581
11008,367.2997,16.754,0.559
11009,367.3331,38.205,1.275
11010,367.3664,52.448,1.750
11011,367.3998,37.463,1.250
11012,367.4332,29.970,1.000
11013,367.4665,10.596,0.354
11014,367.4999,7.493,0.250
11015,367.5333,16.754,0.559
11016,367.5666,10.596,0.354
11017,367.6000,7.493,0.250
11018,367.6334,52.448,1.750
11019,367.6667,21.192,0.707
11020,367.7001,40.348,1.346
11021,367.7335,23.693,0.791
11022,367.7668,30.892,1.031
11023,367.8002,40.348,1.346
11024,367.8336,105.960,3.536
11025,367.8669,16.754,0.559
11026,367.9003,38.205,1.275
11027,367.9337,52.980,1.768
11028,367.9670,121.045,4.039
11029,368.0004,52.980,1.768
11030,368.0338,104.895,3.500
11031,368.0671,52.448,1.750
11032,368.1005,77.140,2.574
11033,368.1339,60.407,2.016
11034,368.1672,40.348,1.346
11035,368.2006,10.596,0.354
11036,368.2340,50.261,1.677
11037,368.2673,38.205,1.275
11038,368.3007,14.985,0.500
11039,368.3341,52.980,1.768
11040,368.3674,91.150,3.041
11041,368.4008,37.463,1.250
11042,368.4342,67.848,2.264
11043,368.4675,152.818,5.099
11044,368.5009,37.463,1.250
11045,368.5343,30.892,1.031
11046,368.5676,37.463,1.250
11047,368.6010,60.407,2.016
11048,368.6344,69.078,2.305
11049,368.6677,37.463,1.250
11050,368.7011,22.478,0.750
11051,368.7345,37.463,1.250
11052,368.7678,27.015,0.901
11053,368.8012,67.015,2.236
11054,368.8346,16.754,0.559
11055,368.8679,23.693,0.791
11056,368.9013,27.015,0.901
11057,368.9347,29.970,1.000
11058,368.9680,22.478,0.750
11059,369.0014,30.892,1.031
11060,369.0348,27.015,0.901
11061,369.0681,33.508,1.118
11062,369.1015,33.508,1.118
11063,369.1349,23.693,0.791
11064,369.1682,23.693,0.791
11065,369.2016,7.493,0.250
11066,369.2350,30.892,1.031
11067,369.2683,16.754,0.559
11068,369.3017,10.596,0.354
11069,369.3351,10.596,0.354
11070,369.3684,27.015,0.901
11071,369.4018,27.015,0.901
11072,369.4352,14.985,0.500
11073,369.4685,0.000,0.000
11074,369.5019,7.493,0.250
11075,369.5353,33.508,1.118
11076,369.5686,16.754,0.559
11077,369.6020,16.754,0.559
11078,369.6354,14.985,0.500
11079,369.6687,21.192,0.707
11080,369.7021,22.478,0.750
11081,369.7355,30.892,1.031
11082,369.7688,52.980,1.768
11083,369.8022,23.693,0.791
11084,369.8356,27.015,0.901
11085,369.8689,27.015,0.901
11086,369.9023,45.575,1.521
11087,369.9357,59.940,2.000
11088,369.9690,47.387,1.581
11089,370.0024,54.546,1.820
11090,370.0358,59.940,2.000
11091,370.0691,52.448,1.750
11092,370.1025,45.575,1.521
11093,370.1359,75.299,2.512
11094,370.1692,59.940,2.000
11095,370.2026,21.192,0.707
11096,370.2360,47.387,1.581
11097,370.2693,30.892,1.031
11098,370.3027,40.348,1.346
11099,370.3361,30.892,1.031
11100,370.3694,22.478,0.750
11101,370.4028,16.754,0.559
11102,370.4362,21.192,0.707
11103,370.4695,7.493,0.250
11104,370.5029,16.754,0.559
11105,370.5363,7.493,0.250
11106,370.5696,16.754,0.559
11107,370.6030,16.754,0.559
11108,370.6364,7.493,0.250
11109,370.6697,31.788,1.061
11110,370.7031,37.463,1.250
11111,370.7365,23.693,0.791
11112,370.7698,10.596,0.354
11113,370.8032,29.970,1.000
11114,370.8366,67.015,2.236
11115,370.8699,16.754,0.559
11116,370.9033,70.684,2.358
11117,370.9367,27.015,0.901
11118,370.9700,54.029,1.803
11119,371.0034,64.016,2.136
11120,371.0368,33.508,1.118
11121,371.0701,27.015,0.901
11122,371.1035,37.463,1.250
11123,371.1369,43.689,1.458
11124,371.1702,67.015,2.236
11125,371.2036,7.493,0.250
11126,371.2370,21.192,0.707
11127,371.2703,33.508,1.118
11128,371.3037,43.689,1.458
11129,371.3371,16.754,0.559
11130,371.3704,30.892,1.031
11131,371.4038,14.985,0.500
11132,371.4372,7.493,0.250
11133,371.4705,14.985,0.500
11134,371.5039,14.985,0.500
11135,371.5373,0.000,0.000
11136,371.5706,10.596,0.354
11137,371.6040,23.693,0.791
11138,371.6374,30.892,1.031
11139,371.6707,23.693,0.791
11140,371.7041,10.596,0.354
11141,371.7375,16.754,0.559
11142,371.7708,52.448,1.750
11143,371.8042,22.478,0.750
11144,371.8376,50.261,1.677
11145,371.8709,76.409,2.550
11146,371.9043,75.299,2.512
11147,371.9377,60.407,2.016
11148,371.9710,22.478,0.750
11149,372.0044,60.407,2.016
11150,372.0378,127.593,4.257
11151,372.0711,29.970,1.000
11152,372.1045,29.970,1.000
11153,372.1379,59.940,2.000
11154,372.1712,82.758,2.761
11155,372.2046,23.693,0.791
11156,372.2380,47.387,1.581
11157,372.2713,10.596,0.354
11158,372.3047,23.693,0.791
11159,372.3381,38.205,1.275
11160,372.3714,29.970,1.000
11161,372.4048,0.000,0.000
11162,372.4382,14.985,0.500
11163,372.4715,14.985,0.500
11164,372.5049,14.985,0.500
11165,372.5383,7.493,0.250
11166,372.5716,7.493,0.250
11167,372.6050,16.754,0.559
11168,372.6384,14.985,0.500
11169,372.6717,23.693,0.791
11170,372.7051,16.754,0.559
11171,372.7385,21.192,0.707
11172,372.7718,43.689,1.458
11173,372.8052,16.754,0.559
11174,372.8386,54.029,1.803
11175,372.8719,58.518,1.953
11176,372.9053,16.754,0.559
11177,372.9387,27.015,0.901
11178,372.9720,33.508,1.118
11179,373.0054,47.976,1.601
11180,373.0388,94.774,3.162
11181,373.0721,33.508,1.118
11182,373.1055,54.546,1.820
11183,373.1389,33.508,1.118
11184,373.1722,33.508,1.118
11185,373.2056,50.261,1.677
11186,373.2390,33.508,1.118
11187,373.2723,27.015,0.901
11188,373.3057,30.892,1.031
11189,373.3391,16.754,0.559
11190,373.3724,21.192,0.707
11191,373.4058,21.192,0.707
11192,373.4392,10.596,0.354
11193,373.4725,23.693,0.791
11194,373.5059,14.985,0.500
11195,373.5393,0.000,0.000
11196,373.5726,10.596,0.354
11197,373.6060,23.693,0.791
11198,373.6394,7.493,0.250
11199,373.6727,22.478,0.750
11200,373.7061,29.970,1.000
11201,373.7395,23.693,0.791
11202,373.7728,7.493,0.250
11203,373.8062,29.970,1.000
11204,373.8396,52.448,1.750
11205,373.8729,44.955,1.500
11206,373.9063,67.433,2.250
11207,373.9397,89.910,3.000
11208,373.9730,29.970,1.000
11209,374.0064,59.940,2.000
11210,374.0398,29.970,1.000
11211,374.0731,52.980,1.768
11212,374.1065,105.163,3.509
11213,374.1399,67.848,2.264
11214,374.1732,30.892,1.031
11215,374.2066,54.546,1.820
11216,374.2400,37.463,1.250
11217,374.2733,37.463,1.250
11218,374.3067,22.478,0.750
11219,374.3401,29.970,1.000
11220,374.3734,16.754,0.559
11221,374.4068,29.970,1.000
11222,374.4402,0.000,0.000
11223,374.4735,7.493,0.250
11224,374.5069,0.000,0.000
11225,374.5403,7.493,0.250
11226,374.5736,7.493,0.250
11227,374.6070,7.493,0.250
11228,374.6404,21.192,0.707
11229,374.6737,22.478,0.750
11230,374.7071,14.985,0.500
11231,374.7405,14.985,0.500
11232,374.7738,47.976,1.601
11233,374.8072,10.596,0.354
11234,374.8406,50.261,1.677
11235,374.8739,64.453,2.151
11236,374.9073,23.693,0.791
11237,374.9407,27.015,0.901
11238,374.9740,50.261,1.677
11239,375.0074,61.785,2.062
11240,375.0408,67.433,2.250
11241,375.0741,40.348,1.346
11242,375.1075,54.546,1.820
11243,375.1409,33.508,1.118
11244,375.1742,33.508,1.118
11245,375.2076,33.508,1.118
11246,375.2410,14.985,0.500
11247,375.2743,45.575,1.521
11248,375.3077,37.463,1.250
11249,375.3411,14.985,0.500
11250,375.3744,31.788,1.061
11251,375.4078,7.493,0.250
11252,375.4412,0.000,0.000
11253,375.4745,7.493,0.250
11254,375.5079,10.596,0.354
11255,375.5413,0.000,0.000
11256,375.5746,38.205,1.275
11257,375.6080,23.693,0.791
11258,375.6414,22.478,0.750
11259,375.6747,16.754,0.559
11260,375.7081,10.596,0.354
11261,375.7415,16.754,0.559
11262,375.7748,14.985,0.500
11263,375.8082,54.546,1.820
11264,375.8416,30.892,1.031
11265,375.8749,98.549,3.288
11266,375.9083,23.693,0.791
11267,375.9417,60.407,2.016
11268,375.9750,29.970,1.000
11269,376.0084,59.940,2.000
11270,376.0418,119.880,4.000
11271,376.0751,45.575,1.521
11272,376.1085,30.892,1.031
11273,376.1419,69.078,2.305
11274,376.1752,76.409,2.550
11275,376.2086,22.478,0.750
11276,376.2420,52.448,1.750
11277,376.2753,37.463,1.250
11278,376.3087,27.015,0.901
11279,376.3421,29.970,1.000
11280,376.3754,29.970,1.000
11281,376.4088,10.596,0.354
11282,376.4422,22.478,0.750
11283,376.4755,21.192,0.707
11284,376.5089,7.493,0.250
11285,376.5423,0.000,0.000
11286,376.5756,0.000,0.000
11287,376.6090,16.754,0.559
11288,376.6424,16.754,0.559
11289,376.6757,30.892,1.031
11290,376.7091,27.015,0.901
11291,376.7425,23.693,0.791
11292,376.7758,31.788,1.061
11293,376.8092,38.205,1.275
11294,376.8426,42.384,1.414
11295,376.8759,37.463,1.250
11296,376.9093,37.463,1.250
11297,376.9427,33.508,1.118
11298,376.9760,37.463,1.250
11299,377.0094,31.788,1.061
11300,377.0428,77.140,2.574
11301,377.0761,30.892,1.031
11302,377.1095,57.061,1.904
11303,377.1429,40.348,1.346
11304,377.1762,30.892,1.031
11305,377.2096,43.689,1.458
11306,377.2430,23.693,0.791
11307,377.2763,37.463,1.250
11308,377.3097,31.788,1.061
11309,377.3431,23.693,0.791
11310,377.3764,16.754,0.559
11311,377.4098,0.000,0.000
11312,377.4432,7.493,0.250
11313,377.4765,7.493,0.250
11314,377.5099,22.478,0.750
11315,377.5433,7.493,0.250
11316,377.5766,23.693,0.791
11317,377.6100,22.478,0.750
11318,377.6434,14.985,0.500
11319,377.6767,14.985,0.500
11320,377.7101,7.493,0.250
11321,377.7435,29.970,1.000
11322,377.7768,67.433,2.250
11323,377.8102,16.754,0.559
11324,377.8436,22.478,0.750
11325,377.8769,44.955,1.500
11326,377.9103,64.016,2.136
11327,377.9437,113.382,3.783
11328,377.9770,71.080,2.372
11329,378.0104,37.463,1.250
11330,378.0438,29.970,1.000
11331,378.0771,52.448,1.750
11332,378.1105,45.575,1.521
11333,378.1439,97.403,3.250
11334,378.1772,22.478,0.750
11335,378.2106,47.387,1.581
11336,378.2440,40.348,1.346
11337,378.2773,7.493,0.250
11338,378.3107,14.985,0.500
11339,378.3441,61.785,2.062
11340,378.3774,0.000,0.000
11341,378.4108,10.596,0.354
11342,378.4442,7.493,0.250
11343,378.4775,14.985,0.500
11344,378.5109,16.754,0.559
11345,378.5443,7.493,0.250
11346,378.5776,0.000,0.000
11347,378.6110,10.596,0.354
11348,378.6444,7.493,0.250
11349,378.6777,0.000,0.000
11350,378.7111,14.985,0.500
11351,378.7445,44.955,1.500
11352,378.7778,16.754,0.559
11353,378.8112,21.192,0.707
11354,378.8446,16.754,0.559
11355,378.8779,97.690,3.260
11356,378.9113,33.508,1.118
11357,378.9446,29.970,1.000
11358,378.9780,57.061,1.904
11359,379.0114,85.428,2.850
11360,379.0447,45.575,1.521
11361,379.0781,23.693,0.791
11362,379.1115,47.387,1.581
11363,379.1448,54.546,1.820
11364,379.1782,69.078,2.305
11365,379.2116,23.693,0.791
11366,379.2449,30.892,1.031
11367,379.2783,33.508,1.118
11368,379.3117,33.508,1.118
11369,379.3450,33.508,1.118
11370,379.3784,7.493,0.250
11371,379.4118,10.596,0.354
11372,379.4451,0.000,0.000
11373,379.4785,10.596,0.354
11374,379.5119,16.754,0.559
11375,379.5452,7.493,0.250
11376,379.5786,10.596,0.354
11377,379.6120,29.970,1.000
11378,379.6453,30.892,1.031
11379,379.6787,23.693,0.791
11380,379.7121,37.463,1.250
11381,379.7454,30.892,1.031
11382,379.7788,57.061,1.904
11383,379.8122,16.754,0.559
11384,379.8455,40.348,1.346
11385,379.8789,45.575,1.521
11386,379.9123,59.940,2.000
11387,379.9456,112.388,3.750
11388,379.9790,59.940,2.000
11389,380.0124,22.478,0.750
11390,380.0457,82.418,2.750
11391,380.0791,59.940,2.000
11392,380.1125,67.433,2.250
11393,380.1458,23.693,0.791
11394,380.1792,40.348,1.346
11395,380.2126,44.955,1.500
11396,380.2459,40.348,1.346
11397,380.2793,23.693,0.791
11398,380.3127,45.575,1.521
11399,380.3460,16.754,0.559
11400,380.3794,10.596,0.354
11401,380.4128,10.596,0.354
11402,380.4461,16.754,0.559
11403,380.4795,7.493,0.250
11404,380.5129,0.000,0.000
11405,380.5462,0.000,0.000
11406,380.5796,7.493,0.250
11407,380.6130,10.596,0.354
11408,380.6463,14.985,0.500
11409,380.6797,10.596,0.354
11410,380.7131,23.693,0.791
11411,380.7464,14.985,0.500
11412,380.7798,23.693,0.791
11413,380.8132,43.689,1.458
11414,380.8465,16.754,0.559
11415,380.8799,42.384,1.414
11416,380.9133,69.078,2.305
11417,380.9466,37.463,1.250
11418,380.9800,42.384,1.414
11419,381.0134,42.384,1.414
11420,381.0467,100.802,3.363
11421,381.0801,50.261,1.677
11422,381.1135,21.192,0.707
11423,381.1468,38.205,1.275
11424,381.1802,40.348,1.346
11425,381.2136,40.348,1.346
11426,381.2469,27.015,0.901
11427,381.2803,40.348,1.346
11428,381.3137,33.508,1.118
11429,381.3470,14.985,0.500
11430,381.3804,16.754,0.559
11431,381.4138,0.000,0.000
11432,381.4471,10.596,0.354
11433,381.4805,7.493,0.250
11434,381.5139,10.596,0.354
11435,381.5472,23.693,0.791
11436,381.5806,10.596,0.354
11437,381.6140,27.015,0.901
11438,381.6473,37.463,1.250
11439,381.6807,21.192,0.707
11440,381.7141,23.693,0.791
11441,381.7474,23.693,0.791
11442,381.7808,27.015,0.901
11443,381.8142,33.508,1.118
11444,381.8475,61.785,2.062
11445,381.8809,21.192,0.707
11446,381.9143,38.205,1.275
11447,381.9476,47.976,1.601
11448,381.9810,50.261,1.677
11449,382.0144,73.793,2.462
11450,382.0477,80.697,2.693
11451,382.0811,27.015,0.901
11452,382.1145,16.754,0.559
11453,382.1478,47.387,1.581
11454,382.1812,98.549,3.288
11455,382.2146,7.493,0.250
11456,382.2479,16.754,0.559
11457,382.2813,40.348,1.346
11458,382.3147,29.970,1.000
11459,382.3480,10.596,0.354
11460,382.3814,22.478,0.750
11461,382.4148,23.693,0.791
11462,382.4481,0.000,0.000
11463,382.4815,0.000,0.000
11464,382.5149,0.000,0.000
11465,382.5482,0.000,0.000
11466,382.5816,16.754,0.559
11467,382.6150,7.493,0.250
11468,382.6483,10.596,0.354
11469,382.6817,16.754,0.559
11470,382.7151,30.892,1.031
11471,382.7484,21.192,0.707
11472,382.7818,7.493,0.250
11473,382.8152,40.348,1.346
11474,382.8485,37.463,1.250
11475,382.8819,85.428,2.850
11476,382.9153,50.261,1.677
11477,382.9486,27.015,0.901
11478,382.9820,57.061,1.904
11479,383.0154,61.785,2.062
11480,383.0487,87.698,2.926
11481,383.0821,27.015,0.901
11482,383.1155,22.478,0.750
11483,383.1488,33.508,1.118
11484,383.1822,40.348,1.346
11485,383.2156,23.693,0.791
11486,383.2489,27.015,0.901
11487,383.2823,37.463,1.250
11488,383.3157,16.754,0.559
11489,383.3490,23.693,0.791
11490,383.3824,23.693,0.791
11491,383.4158,7.493,0.250
11492,383.4491,16.754,0.559
11493,383.4825,10.596,0.354
11494,383.5159,7.493,0.250
11495,383.5492,14.985,0.500
11496,383.5826,22.478,0.750
11497,383.6160,14.985,0.500
11498,383.6493,29.970,1.000
11499,383.6827,7.493,0.250
11500,383.7161,21.192,0.707
11501,383.7494,33.508,1.118
11502,383.7828,82.758,2.761
11503,383.8162,21.192,0.707
11504,383.8495,82.758,2.761
11505,383.8829,22.478,0.750
11506,383.9163,22.478,0.750
11507,383.9496,60.407,2.016
11508,383.9830,83.769,2.795
11509,384.0164,22.478,0.750
11510,384.0497,37.463,1.250
11511,384.0831,97.690,3.260
11512,384.1165,38.205,1.275
11513,384.1498,69.078,2.305
11514,384.1832,52.980,1.768
11515,384.2166,37.463,1.250
11516,384.2499,45.575,1.521
11517,384.2833,7.493,0.250
11518,384.3167,23.693,0.791
11519,384.3500,50.261,1.677
11520,384.3834,7.493,0.250
11521,384.4168,7.493,0.250
11522,384.4501,7.493,0.250
11523,384.4835,22.478,0.750
11524,384.5169,10.596,0.354
11525,384.5502,10.596,0.354
11526,384.5836,0.000,0.000
11527,384.6170,7.493,0.250
11528,384.6503,21.192,0.707
11529,384.6837,16.754,0.559
11530,384.7171,14.985,0.500
11531,384.7504,47.976,1.601
11532,384.7838,14.985,0.500
11533,384.8172,27.015,0.901
11534,384.8505,31.788,1.061
11535,384.8839,40.348,1.346
11536,384.9173,43.689,1.458
11537,384.9506,54.029,1.803
11538,384.9840,47.387,1.581
11539,385.0174,80.697,2.693
11540,385.0507,71.080,2.372
11541,385.0841,16.754,0.559
11542,385.1175,30.892,1.031
11543,385.1508,52.980,1.768
11544,385.1842,43.689,1.458
11545,385.2176,42.384,1.414
11546,385.2509,22.478,0.750
11547,385.2843,27.015,0.901
11548,385.3177,23.693,0.791
11549,385.3510,31.788,1.061
11550,385.3844,7.493,0.250
11551,385.4178,7.493,0.250
11552,385.4511,14.985,0.500
11553,385.4845,7.493,0.250
11554,385.5179,10.596,0.354
11555,385.5512,10.596,0.354
11556,385.5846,14.985,0.500
11557,385.6180,16.754,0.559
11558,385.6513,30.892,1.031
11559,385.6847,30.892,1.031
11560,385.7181,47.387,1.581
11561,385.7514,7.493,0.250
11562,385.7848,37.463,1.250
11563,385.8182,97.690,3.260
11564,385.8515,16.754,0.559
11565,385.8849,22.478,0.750
11566,385.9183,90.222,3.010
11567,385.9516,38.205,1.275
11568,385.9850,105.163,3.509
11569,386.0184,60.407,2.016
11570,386.0517,29.970,1.000
11571,386.0851,37.463,1.250
11572,386.1185,60.407,2.016
11573,386.1518,45.575,1.521
11574,386.1852,52.980,1.768
11575,386.2186,75.299,2.512
11576,386.2519,10.596,0.354
11577,386.2853,37.463,1.250
11578,386.3187,29.970,1.000
11579,386.3520,22.478,0.750
11580,386.3854,7.493,0.250
11581,386.4188,7.493,0.250
11582,386.4521,7.493,0.250
11583,386.4855,7.493,0.250
11584,386.5189,10.596,0.354
11585,386.5522,0.000,0.000
11586,386.5856,10.596,0.354
11587,386.6190,16.754,0.559
11588,386.6523,23.693,0.791
11589,386.6857,10.596,0.354
11590,386.7191,21.192,0.707
11591,386.7524,63.576,2.121
11592,386.7858,10.596,0.354
11593,386.8192,50.261,1.677
11594,386.8525,47.976,1.601
11595,386.8859,61.785,2.062
11596,386.9193,40.348,1.346
11597,386.9526,30.892,1.031
11598,386.9860,47.387,1.581
11599,387.0194,75.299,2.512
11600,387.0527,33.508,1.118
11601,387.0861,38.205,1.275
11602,387.1195,45.575,1.521
11603,387.1528,45.575,1.521
11604,387.1862,42.384,1.414
11605,387.2196,22.478,0.750
11606,387.2529,21.192,0.707
11607,387.2863,33.508,1.118
11608,387.3197,27.015,0.901
11609,387.3530,27.015,0.901
11610,387.3864,16.754,0.559
11611,387.4198,0.000,0.000
11612,387.4531,10.596,0.354
11613,387.4865,10.596,0.354
11614,387.5199,7.493,0.250
11615,387.5532,16.754,0.559
11616,387.5866,16.754,0.559
11617,387.6200,7.493,0.250
11618,387.6533,16.754,0.559
11619,387.6867,52.448,1.750
11620,387.7201,29.970,1.000
11621,387.7534,29.970,1.000
11622,387.7868,47.387,1.581
11623,387.8202,67.848,2.264
11624,387.8535,60.407,2.016
11625,387.8869,30.892,1.031
11626,387.9203,59.940,2.000
11627,387.9536,60.407,2.016
11628,387.9870,85.428,2.850
11629,388.0204,14.985,0.500
11630,388.0537,52.980,1.768
11631,388.0871,113.382,3.783
11632,388.1205,38.205,1.275
11633,388.1538,75.299,2.512
11634,388.1872,52.980,1.768
11635,388.2206,47.387,1.581
11636,388.2539,47.387,1.581
11637,388.2873,14.985,0.500
11638,388.3207,33.508,1.118
11639,388.3540,7.493,0.250
11640,388.3874,30.892,1.031
11641,388.4208,0.000,0.000
11642,388.4541,21.192,0.707
11643,388.4875,10.596,0.354
11644,388.5209,7.493,0.250
11645,388.5542,0.000,0.000
11646,388.5876,10.596,0.354
11647,388.6210,23.693,0.791
11648,388.6543,16.754,0.559
11649,388.6877,10.596,0.354
11650,388.7211,38.205,1.275
11651,388.7544,38.205,1.275
11652,388.7878,27.015,0.901
11653,388.8212,10.596,0.354
11654,388.8545,38.205,1.275
11655,388.8879,64.453,2.151
11656,388.9213,47.976,1.601
11657,388.9546,31.788,1.061
11658,388.9880,57.061,1.904
11659,389.0214,85.428,2.850
11660,389.0547,29.970,1.000
11661,389.0881,54.546,1.820
11662,389.1215,33.508,1.118
11663,389.1548,54.546,1.820
11664,389.1882,73.793,2.462
11665,389.2216,16.754,0.559
11666,389.2549,38.205,1.275
11667,389.2883,27.015,0.901
11668,389.3217,16.754,0.559
11669,389.3550,16.754,0.559
11670,389.3884,16.754,0.559
11671,389.4218,16.754,0.559
11672,389.4551,14.985,0.500
11673,389.4885,0.000,0.000
11674,389.5219,10.596,0.354
11675,389.5552,23.693,0.791
11676,389.5886,0.000,0.000
11677,389.6220,7.493,0.250
11678,389.6553,29.970,1.000
11679,389.6887,59.940,2.000
11680,389.7221,16.754,0.559
11681,389.7554,45.575,1.521
11682,389.7888,16.754,0.559
11683,389.8222,30.892,1.031
11684,389.8555,127.373,4.250
11685,389.8889,29.970,1.000
11686,389.9223,29.970,1.000
11687,389.9556,60.407,2.016
11688,389.9890,59.940,2.000
11689,390.0224,92.677,3.092
11690,390.0557,29.970,1.000
11691,390.0891,38.205,1.275
11692,390.1225,52.448,1.750
11693,390.1558,52.448,1.750
11694,390.1892,82.418,2.750
11695,390.2226,27.015,0.901
11696,390.2559,54.546,1.820
11697,390.2893,14.985,0.500
11698,390.3227,33.508,1.118
11699,390.3560,33.508,1.118
11700,390.3894,0.000,0.000
11701,390.4228,7.493,0.250
11702,390.4561,10.596,0.354
11703,390.4895,7.493,0.250
11704,390.5229,16.754,0.559
11705,390.5562,0.000,0.000
11706,390.5896,16.754,0.559
11707,390.6230,22.478,0.750
11708,390.6563,27.015,0.901
11709,390.6897,7.493,0.250
11710,390.7231,22.478,0.750
11711,390.7564,14.985,0.500
11712,390.7898,27.015,0.901
11713,390.8232,47.976,1.601
11714,390.8565,67.015,2.236
11715,390.8899,27.015,0.901
11716,390.9233,58.518,1.953
11717,390.9566,23.693,0.791
11718,390.9900,58.518,1.953
11719,391.0234,97.690,3.260
11720,391.0567,31.788,1.061
11721,391.0901,30.892,1.031
11722,391.1235,47.976,1.601
11723,391.1568,40.348,1.346
11724,391.1902,23.693,0.791
11725,391.2236,23.693,0.791
11726,391.2569,16.754,0.559
11727,391.2903,30.892,1.031
11728,391.3237,30.892,1.031
11729,391.3570,14.985,0.500
11730,391.3904,27.015,0.901
11731,391.4238,0.000,0.000
11732,391.4571,23.693,0.791
11733,391.4905,10.596,0.354
11734,391.5239,7.493,0.250
11735,391.5572,0.000,0.000
11736,391.5906,22.478,0.750
11737,391.6240,14.985,0.500
11738,391.6573,22.478,0.750
11739,391.6907,30.892,1.031
11740,391.7241,14.985,0.500
11741,391.7574,22.478,0.750
11742,391.7908,61.785,2.062
11743,391.8242,33.508,1.118
11744,391.8575,29.970,1.000
11745,391.8909,37.463,1.250
11746,391.9243,37.463,1.250
11747,391.9576,67.015,2.236
11748,391.9910,42.384,1.414
11749,392.0244,58.518,1.953
11750,392.0577,101.909,3.400
11751,392.0911,30.892,1.031
11752,392.1245,14.985,0.500
11753,392.1578,50.261,1.677
11754,392.1912,92.677,3.092
11755,392.2246,29.970,1.000
11756,392.2579,7.493,0.250
11757,392.2913,30.892,1.031
11758,392.3247,37.463,1.250
11759,392.3580,0.000,0.000
11760,392.3914,23.693,0.791
11761,392.4248,23.693,0.791
11762,392.4581,0.000,0.000
11763,392.4915,7.493,0.250
11764,392.5249,0.000,0.000
11765,392.5582,22.478,0.750
11766,392.5916,7.493,0.250
11767,392.6250,0.000,0.000
11768,392.6583,0.000,0.000
11769,392.6917,14.985,0.500
11770,392.7251,14.985,0.500
11771,392.7584,7.493,0.250
11772,392.7918,58.518,1.953
11773,392.8252,16.754,0.559
11774,392.8585,42.384,1.414
11775,392.8919,64.453,2.151
11776,392.9253,47.976,1.601
11777,392.9586,23.693,0.791
11778,392.9920,43.689,1.458
11779,393.0254,79.647,2.658
11780,393.0587,30.892,1.031
11781,393.0921,42.384,1.414
11782,393.1255,70.684,2.358
11783,393.1588,40.348,1.346
11784,393.1922,60.407,2.016
11785,393.2256,10.596,0.354
11786,393.2589,33.508,1.118
11787,393.2923,33.508,1.118
11788,393.3257,14.985,0.500
11789,393.3590,23.693,0.791
11790,393.3924,7.493,0.250
11791,393.4258,0.000,0.000
11792,393.4591,10.596,0.354
11793,393.4925,16.754,0.559
11794,393.5259,0.000,0.000
11795,393.5592,44.955,1.500
11796,393.5926,0.000,0.000
11797,393.6260,33.508,1.118
11798,393.6593,14.985,0.500
11799,393.6927,16.754,0.559
11800,393.7261,30.892,1.031
11801,393.7594,30.892,1.031
11802,393.7928,29.970,1.000
11803,393.8262,78.224,2.610
11804,393.8595,33.508,1.118
11805,393.8929,23.693,0.791
11806,393.9263,54.029,1.803
11807,393.9596,52.980,1.768
11808,393.9930,97.690,3.260
11809,394.0264,60.407,2.016
11810,394.0597,33.508,1.118
11811,394.0931,21.192,0.707
11812,394.1265,44.955,1.500
11813,394.1598,52.980,1.768
11814,394.1932,43.689,1.458
11815,394.2266,37.463,1.250
11816,394.2599,37.463,1.250
11817,394.2933,37.463,1.250
11818,394.3267,7.493,0.250
11819,394.3600,14.985,0.500
11820,394.3934,27.015,0.901
11821,394.4268,10.596,0.354
11822,394.4601,14.985,0.500
11823,394.4935,7.493,0.250
11824,394.5269,16.754,0.559
11825,394.5602,14.985,0.500
11826,394.5936,10.596,0.354
11827,394.6270,7.493,0.250
11828,394.6603,7.493,0.250
11829,394.6937,30.892,1.031
11830,394.7271,33.508,1.118
11831,394.7604,22.478,0.750
11832,394.7938,37.463,1.250
11833,394.8272,37.463,1.250
11834,394.8605,84.768,2.828
11835,394.8939,14.985,0.500
11836,394.9273,60.407,2.016
11837,394.9606,30.892,1.031
11838,394.9940,42.384,1.414
11839,395.0274,64.453,2.151
11840,395.0607,23.693,0.791
11841,395.0941,40.348,1.346
11842,395.1275,64.016,2.136
11843,395.1608,10.596,0.354
11844,395.1942,37.463,1.250
11845,395.2276,30.892,1.031
11846,395.2609,37.463,1.250
11847,395.2943,47.976,1.601
11848,395.3277,21.192,0.707
11849,395.3610,16.754,0.559
11850,395.3944,10.596,0.354
11851,395.4278,0.000,0.000
11852,395.4611,10.596,0.354
11853,395.4945,30.892,1.031
11854,395.5279,7.493,0.250
11855,395.5612,23.693,0.791
11856,395.5946,7.493,0.250
11857,395.6280,10.596,0.354
11858,395.6613,14.985,0.500
11859,395.6947,45.575,1.521
11860,395.7281,14.985,0.500
11861,395.7614,47.387,1.581
11862,395.7948,50.261,1.677
11863,395.8282,30.892,1.031
11864,395.8615,33.508,1.118
11865,395.8949,33.508,1.118
11866,395.9283,73.793,2.462
11867,395.9616,23.693,0.791
11868,395.9950,64.453,2.151
11869,396.0284,77.140,2.574
11870,396.0617,7.493,0.250
11871,396.0951,54.029,1.803
11872,396.1285,38.205,1.275
11873,396.1618,85.428,2.850
11874,396.1952,27.015,0.901
11875,396.2286,16.754,0.559
11876,396.2619,30.892,1.031
11877,396.2953,37.463,1.250
11878,396.3287,21.192,0.707
11879,396.3620,30.892,1.031
11880,396.3954,7.493,0.250
11881,396.4288,10.596,0.354
11882,396.4621,16.754,0.559
11883,396.4955,0.000,0.000
11884,396.5289,10.596,0.354
11885,396.5622,16.754,0.559
11886,396.5956,23.693,0.791
11887,396.6290,0.000,0.000
11888,396.6623,16.754,0.559
11889,396.6957,7.493,0.250
11890,396.7291,33.508,1.118
11891,396.7624,42.384,1.414
11892,396.7958,23.693,0.791
11893,396.8292,16.754,0.559
11894,396.8625,70.684,2.358
11895,396.8959,23.693,0.791
11896,396.9293,54.546,1.820
11897,396.9626,74.925,2.500
11898,396.9960,31.788,1.061
11899,397.0294,31.788,1.061
11900,397.0627,85.428,2.850
11901,397.0961,27.015,0.901
11902,397.1295,50.261,1.677
11903,397.1628,22.478,0.750
11904,397.1962,54.029,1.803
11905,397.2296,16.754,0.559
11906,397.2629,33.508,1.118
11907,397.2963,43.689,1.458
11908,397.3297,16.754,0.559
11909,397.3630,7.493,0.250
11910,397.3964,22.478,0.750
11911,397.4298,29.970,1.000
11912,397.4631,0.000,0.000
11913,397.4965,0.000,0.000
11914,397.5299,29.970,1.000
11915,397.5632,23.693,0.791
11916,397.5966,23.693,0.791
11917,397.6300,22.478,0.750
11918,397.6633,29.970,1.000
11919,397.6967,60.407,2.016
11920,397.7301,7.493,0.250
11921,397.7634,29.970,1.000
11922,397.7968,98.549,3.288
11923,397.8302,23.693,0.791
11924,397.8635,33.508,1.118
11925,397.8969,37.463,1.250
11926,397.9303,94.774,3.162
11927,397.9636,27.015,0.901
11928,397.9970,30.892,1.031
11929,398.0304,37.463,1.250
11930,398.0637,70.684,2.358
11931,398.0971,81.044,2.704
11932,398.1305,22.478,0.750
11933,398.1638,38.205,1.275
11934,398.1972,54.546,1.820
11935,398.2306,37.463,1.250
11936,398.2639,30.892,1.031
11937,398.2973,10.596,0.354
11938,398.3307,14.985,0.500
11939,398.3640,30.892,1.031
11940,398.3974,7.493,0.250
11941,398.4308,7.493,0.250
11942,398.4641,10.596,0.354
11943,398.4975,16.754,0.559
11944,398.5309,14.985,0.500
11945,398.5642,0.000,0.000
11946,398.5976,0.000,0.000
11947,398.6310,14.985,0.500
11948,398.6643,40.348,1.346
11949,398.6977,14.985,0.500
11950,398.7311,29.970,1.000
11951,398.7644,38.205,1.275
11952,398.7978,27.015,0.901
11953,398.8312,29.970,1.000
11954,398.8645,90.222,3.010
11955,398.8979,30.892,1.031
11956,398.9313,60.407,2.016
11957,398.9646,22.478,0.750
11958,398.9980,54.029,1.803
11959,399.0314,116.315,3.881
11960,399.0647,29.970,1.000
11961,399.0981,30.892,1.031
11962,399.1315,60.407,2.016
11963,399.1648,69.078,2.305
11964,399.1982,7.493,0.250
11965,399.2316,23.693,0.791
11966,399.2649,27.015,0.901
11967,399.2983,16.754,0.559
11968,399.3317,23.693,0.791
11969,399.3650,22.478,0.750
11970,399.3984,14.985,0.500
11971,399.4318,10.596,0.354
11972,399.4651,14.985,0.500
11973,399.4985,7.493,0.250
11974,399.5319,16.754,0.559
11975,399.5652,22.478,0.750
11976,399.5986,45.575,1.521
11977,399.6320,22.478,0.750
11978,399.6653,0.000,0.000
11979,399.6987,29.970,1.000
11980,399.7321,37.463,1.250
11981,399.7654,29.970,1.000
11982,399.7988,91.150,3.041
11983,399.8322,27.015,0.901
11984,399.8655,27.015,0.901
11985,399.8989,23.693,0.791
11986,399.9323,52.980,1.768
11987,399.9656,61.785,2.062
11988,399.9990,45.575,1.521
11989,400.0324,94.774,3.162
11990,400.0657,22.478,0.750
11991,400.0991,30.892,1.031
11992,400.1325,45.575,1.521
11993,400.1658,60.407,2.016
11994,400.1992,67.848,2.264
11995,400.2326,27.015,0.901
11996,400.2659,29.970,1.000
11997,400.2993,30.892,1.031
11998,400.3327,7.493,0.250
11999,400.3660,23.693,0.791
12000,400.3994,10.596,0.354
12001,400.4328,0.000,0.000
12002,400.4661,0.000,0.000
12003,400.4995,10.596,0.354
12004,400.5329,0.000,0.000
12005,400.5662,16.754,0.559
12006,400.5996,7.493,0.250
12007,400.6329,0.000,0.000
12008,400.6663,23.693,0.791
12009,400.6997,45.575,1.521
12010,400.7330,27.015,0.901
12011,400.7664,30.892,1.031
12012,400.7998,73.793,2.462
12013,400.8331,22.478,0.750
12014,400.8665,33.508,1.118
12015,400.8999,57.061,1.904
12016,400.9332,76.409,2.550
12017,400.9666,30.892,1.031
12018,401.0000,50.261,1.677
12019,401.0333,52.448,1.750
12020,401.0667,57.061,1.904
12021,401.1001,52.448,1.750
12022,401.1334,40.348,1.346
12023,401.1668,54.546,1.820
12024,401.2002,23.693,0.791
12025,401.2335,31.788,1.061
12026,401.2669,21.192,0.707
12027,401.3003,23.693,0.791
12028,401.3336,30.892,1.031
12029,401.3670,0.000,0.000
12030,401.4004,0.000,0.000
12031,401.4337,21.192,0.707
12032,401.4671,7.493,0.250
12033,401.5005,10.596,0.354
12034,401.5338,0.000,0.000
12035,401.5672,38.205,1.275
12036,401.6006,29.970,1.000
12037,401.6339,16.754,0.559
12038,401.6673,30.892,1.031
12039,401.7007,40.348,1.346
12040,401.7340,61.785,2.062
12041,401.7674,52.448,1.750
12042,401.8008,59.940,2.000
12043,401.8341,38.205,1.275
12044,401.8675,29.970,1.000
12045,401.9009,33.508,1.118
12046,401.9342,89.910,3.000
12047,401.9676,29.970,1.000
12048,402.0010,59.940,2.000
12049,402.0343,89.910,3.000
12050,402.0677,29.970,1.000
12051,402.1011,59.940,2.000
12052,402.1344,91.150,3.041
12053,402.1678,75.299,2.512
12054,402.2012,38.205,1.275
12055,402.2345,30.892,1.031
12056,402.2679,33.508,1.118
12057,402.3013,27.015,0.901
12058,402.3346,27.015,0.901
12059,402.3680,14.985,0.500
12060,402.4014,14.985,0.500
12061,402.4347,7.493,0.250
12062,402.4681,0.000,0.000
12063,402.5015,0.000,0.000
12064,402.5348,10.596,0.354
12065,402.5682,10.596,0.354
12066,402.6016,10.596,0.354
12067,402.6349,23.693,0.791
12068,402.6683,23.693,0.791
12069,402.7017,22.478,0.750
12070,402.7350,16.754,0.559
12071,402.7684,27.015,0.901
12072,402.8018,47.387,1.581
12073,402.8351,30.892,1.031
12074,402.8685,58.518,1.953
12075,402.9019,101.909,3.400
12076,402.9352,22.478,0.750
12077,402.9686,21.192,0.707
12078,403.0020,38.205,1.275
12079,403.0353,61.785,2.062
12080,403.0687,97.403,3.250
12081,403.1021,29.970,1.000
12082,403.1354,47.387,1.581
12083,403.1688,64.016,2.136
12084,403.2022,14.985,0.500
12085,403.2355,33.508,1.118
12086,403.2689,21.192,0.707
12087,403.3023,16.754,0.559
12088,403.3356,14.985,0.500
12089,403.3690,14.985,0.500
12090,403.4024,0.000,0.000
12091,403.4357,10.596,0.354
12092,403.4691,0.000,0.000
12093,403.5025,0.000,0.000
12094,403.5358,7.493,0.250
12095,403.5692,33.508,1.118
12096,403.6026,16.754,0.559
12097,403.6359,27.015,0.901
12098,403.6693,10.596,0.354
12099,403.7027,38.205,1.275
12100,403.7360,80.697,2.693
12101,403.7694,45.575,1.521
12102,403.8028,22.478,0.750
12103,403.8361,29.970,1.000
12104,403.8695,37.463,1.250
12105,403.9029,60.407,2.016
12106,403.9362,29.970,1.000
12107,403.9696,45.575,1.521
12108,404.0030,78.224,2.610
12109,404.0363,29.970,1.000
12110,404.0697,27.015,0.901
12111,404.1031,57.061,1.904
12112,404.1364,52.980,1.768
12113,404.1698,16.754,0.559
12114,404.2032,45.575,1.521
12115,404.2365,37.463,1.250
12116,404.2699,22.478,0.750
12117,404.3033,22.478,0.750
12118,404.3366,10.596,0.354
12119,404.3700,16.754,0.559
12120,404.4034,10.596,0.354
12121,404.4367,10.596,0.354
12122,404.4701,7.493,0.250
12123,404.5035,23.693,0.791
12124,404.5368,54.029,1.803
12125,404.5702,22.478,0.750
12126,404.6036,47.387,1.581
12127,404.6369,30.892,1.031
12128,404.6703,67.015,2.236
12129,404.7037,57.061,1.904
12130,404.7370,43.689,1.458
12131,404.7704,38.205,1.275
12132,404.8038,71.080,2.372
12133,404.8371,67.848,2.264
12134,404.8705,61.785,2.062
12135,404.9039,59.940,2.000
12136,404.9372,144.121,4.809
12137,404.9706,38.205,1.275
12138,405.0040,38.205,1.275
12139,405.0373,44.955,1.500
12140,405.0707,85.428,2.850
12141,405.1041,27.015,0.901
12142,405.1374,40.348,1.346
12143,405.1708,16.754,0.559
12144,405.2042,14.985,0.500
12145,405.2375,16.754,0.559
12146,405.2709,7.493,0.250
12147,405.3043,37.463,1.250
12148,405.3376,10.596,0.354
12149,405.3710,0.000,0.000
12150,405.4044,0.000,0.000
12151,405.4377,10.596,0.354
12152,405.4711,10.596,0.354
12153,405.5045,0.000,0.000
12154,405.5378,27.015,0.901
12155,405.5712,14.985,0.500
12156,405.6046,23.693,0.791
12157,405.6379,10.596,0.354
12158,405.6713,23.693,0.791
12159,405.7047,33.508,1.118
12160,405.7380,91.150,3.041
12161,405.7714,30.892,1.031
12162,405.8048,60.407,2.016
12163,405.8381,30.892,1.031
12164,405.8715,29.970,1.000
12165,405.9049,60.407,2.016
12166,405.9382,97.690,3.260
12167,405.9716,37.463,1.250
12168,406.0050,60.407,2.016
12169,406.0383,37.463,1.250
12170,406.0717,45.575,1.521
12171,406.1051,67.433,2.250
12172,406.1384,38.205,1.275
12173,406.1718,30.892,1.031
12174,406.2052,30.892,1.031
12175,406.2385,10.596,0.354
12176,406.2719,30.892,1.031
12177,406.3053,14.985,0.500
12178,406.3386,0.000,0.000
12179,406.3720,0.000,0.000
12180,406.4054,0.000,0.000
12181,406.4387,7.493,0.250
12182,406.4721,0.000,0.000
12183,406.5055,7.493,0.250
12184,406.5388,23.693,0.791
12185,406.5722,47.387,1.581
12186,406.6056,58.518,1.953
12187,406.6389,47.976,1.601
12188,406.6723,33.508,1.118
12189,406.7057,33.508,1.118
12190,406.7390,110.626,3.691
12191,406.7724,40.348,1.346
12192,406.8058,83.769,2.795
12193,406.8391,30.892,1.031
12194,406.8725,64.016,2.136
12195,406.9059,30.892,1.031
12196,406.9392,47.976,1.601
12197,406.9726,27.015,0.901
12198,407.0060,50.261,1.677
12199,407.0393,42.384,1.414
12200,407.0727,30.892,1.031
12201,407.1061,7.493,0.250
12202,407.1394,38.205,1.275
12203,407.1728,31.788,1.061
12204,407.2062,31.788,1.061
12205,407.2395,7.493,0.250
12206,407.2729,7.493,0.250
12207,407.3063,21.192,0.707
12208,407.3396,7.493,0.250
12209,407.3730,10.596,0.354
12210,407.4064,0.000,0.000
12211,407.4397,22.478,0.750
12212,407.4731,7.493,0.250
12213,407.5065,10.596,0.354
12214,407.5398,0.000,0.000
12215,407.5732,16.754,0.559
12216,407.6066,40.348,1.346
12217,407.6399,10.596,0.354
12218,407.6733,37.463,1.250
12219,407.7067,33.508,1.118
12220,407.7400,33.508,1.118
12221,407.7734,29.970,1.000
12222,407.8068,30.892,1.031
12223,407.8401,94.774,3.162
12224,407.8735,52.980,1.768
12225,407.9069,23.693,0.791
12226,407.9402,38.205,1.275
12227,407.9736,61.785,2.062
12228,408.0070,30.892,1.031
12229,408.0403,45.575,1.521
12230,408.0737,74.925,2.500
12231,408.1071,23.693,0.791
12232,408.1404,38.205,1.275
12233,408.1738,44.955,1.500
12234,408.2072,29.970,1.000
12235,408.2405,7.493,0.250
12236,408.2739,10.596,0.354
12237,408.3073,14.985,0.500
12238,408.3406,10.596,0.354
12239,408.3740,7.493,0.250
12240,408.4074,7.493,0.250
12241,408.4407,7.493,0.250
12242,408.4741,16.754,0.559
12243,408.5075,14.985,0.500
12244,408.5408,16.754,0.559
12245,408.5742,97.403,3.250
12246,408.6076,31.788,1.061
12247,408.6409,21.192,0.707
12248,408.6743,31.788,1.061
12249,408.7077,30.892,1.031
12250,408.7410,40.348,1.346
12251,408.7744,16.754,0.559
12252,408.8078,10.596,0.354
12253,408.8411,29.970,1.000
12254,408.8745,38.205,1.275
12255,408.9079,27.015,0.901
12256,408.9412,38.205,1.275
12257,408.9746,47.976,1.601
12258,409.0080,90.532,3.021
12259,409.0413,14.985,0.500
12260,409.0747,23.693,0.791
12261,409.1081,54.546,1.820
12262,409.1414,16.754,0.559
12263,409.1748,37.463,1.250
12264,409.2082,7.493,0.250
12265,409.2415,27.015,0.901
12266,409.2749,10.596,0.354
12267,409.3083,10.596,0.354
12268,409.3416,10.596,0.354
12269,409.3750,16.754,0.559
12270,409.4084,7.493,0.250
12271,409.4417,0.000,0.000
12272,409.4751,7.493,0.250
12273,409.5085,7.493,0.250
12274,409.5418,10.596,0.354
12275,409.5752,0.000,0.000
12276,409.6086,7.493,0.250
12277,409.6419,10.596,0.354
12278,409.6753,22.478,0.750
12279,409.7087,16.754,0.559
12280,409.7420,7.493,0.250
12281,409.7754,0.000,0.000
12282,409.8088,23.693,0.791
12283,409.8421,31.788,1.061
12284,409.8755,16.754,0.559
12285,409.9089,27.015,0.901
12286,409.9422,27.015,0.901
12287,409.9756,58.518,1.953
12288,410.0090,14.985,0.500
12289,410.0423,22.478,0.750
12290,410.0757,33.508,1.118
12291,410.1091,27.015,0.901
12292,410.1424,69.078,2.305
12293,410.1758,38.205,1.275
12294,410.2092,7.493,0.250
12295,410.2425,38.205,1.275
12296,410.2759,22.478,0.750
12297,410.3093,16.754,0.559
12298,410.3426,10.596,0.354
12299,410.3760,30.892,1.031
12300,410.4094,23.693,0.791
12301,410.4427,16.754,0.559
12302,410.4761,16.754,0.559
12303,410.5095,16.754,0.559
12304,410.5428,58.518,1.953
12305,410.5762,16.754,0.559
12306,410.6096,21.192,0.707
12307,410.6429,23.693,0.791
12308,410.6763,7.493,0.250
12309,410.7097,14.985,0.500
12310,410.7430,14.985,0.500
12311,410.7764,0.000,0.000
12312,410.8098,67.015,2.236
12313,410.8431,22.478,0.750
12314,410.8765,29.970,1.000
12315,410.9099,67.015,2.236
12316,410.9432,7.493,0.250
12317,410.9766,23.693,0.791
12318,411.0100,30.892,1.031
12319,411.0433,47.976,1.601
12320,411.0767,81.044,2.704
12321,411.1101,23.693,0.791
12322,411.1434,29.970,1.000
12323,411.1768,23.693,0.791
12324,411.2102,31.788,1.061
12325,411.2435,10.596,0.354
12326,411.2769,16.754,0.559
12327,411.3103,14.985,0.500
12328,411.3436,29.970,1.000
12329,411.3770,16.754,0.559
12330,411.4104,7.493,0.250
12331,411.4437,21.192,0.707
12332,411.4771,14.985,0.500
12333,411.5105,38.205,1.275
12334,411.5438,16.754,0.559
12335,411.5772,7.493,0.250
12336,411.6106,27.015,0.901
12337,411.6439,14.985,0.500
12338,411.6773,33.508,1.118
12339,411.7107,23.693,0.791
12340,411.7440,0.000,0.000
12341,411.7774,7.493,0.250
12342,411.8108,14.985,0.500
12343,411.8441,16.754,0.559
12344,411.8775,44.955,1.500
12345,411.9109,14.985,0.500
12346,411.9442,16.754,0.559
12347,411.9776,23.693,0.791
12348,412.0110,60.407,2.016
12349,412.0443,14.985,0.500
12350,412.0777,30.892,1.031
12351,412.1111,22.478,0.750
12352,412.1444,22.478,0.750
12353,412.1778,16.754,0.559
12354,412.2112,14.985,0.500
12355,412.2445,85.428,2.850
12356,412.2779,33.508,1.118
12357,412.3113,42.384,1.414
12358,412.3446,21.192,0.707
12359,412.3780,52.980,1.768
12360,412.4114,47.976,1.601
12361,412.4447,0.000,0.000
12362,412.4781,21.192,0.707
12363,412.5115,7.493,0.250
12364,412.5448,7.493,0.250
12365,412.5782,0.000,0.000
12366,412.6116,0.000,0.000
12367,412.6449,21.192,0.707
12368,412.6783,10.596,0.354
12369,412.7117,0.000,0.000
12370,412.7450,10.596,0.354
12371,412.7784,10.596,0.354
12372,412.8118,38.205,1.275
12373,412.8451,14.985,0.500
12374,412.8785,14.985,0.500
12375,412.9119,58.518,1.953
12376,412.9452,21.192,0.707
12377,412.9786,10.596,0.354
12378,413.0120,104.089,3.473
12379,413.0453,52.980,1.768
12380,413.0787,42.384,1.414
12381,413.1121,77.140,2.574
12382,413.1454,40.348,1.346
12383,413.1788,30.892,1.031
12384,413.2122,52.980,1.768
12385,413.2455,23.693,0.791
12386,413.2789,0.000,0.000
12387,413.3123,33.508,1.118
12388,413.3456,27.015,0.901
12389,413.3790,16.754,0.559
12390,413.4124,23.693,0.791
12391,413.4457,16.754,0.559
12392,413.4791,16.754,0.559
12393,413.5125,27.015,0.901
12394,413.5458,16.754,0.559
12395,413.5792,30.892,1.031
12396,413.6126,16.754,0.559
12397,413.6459,21.192,0.707
12398,413.6793,21.192,0.707
12399,413.7127,63.576,2.121
12400,413.7460,54.029,1.803
12401,413.7794,16.754,0.559
12402,413.8128,23.693,0.791
12403,413.8461,7.493,0.250
12404,413.8795,16.754,0.559
12405,413.9129,16.754,0.559
12406,413.9462,30.892,1.031
12407,413.9796,27.015,0.901
12408,414.0130,59.940,2.000
12409,414.0463,0.000,0.000
12410,414.0797,38.205,1.275
12411,414.1131,60.407,2.016
12412,414.1464,16.754,0.559
12413,414.1798,10.596,0.354
12414,414.2132,10.596,0.354
12415,414.2465,27.015,0.901
12416,414.2799,0.000,0.000
12417,414.3133,37.463,1.250
12418,414.3466,30.892,1.031
12419,414.3800,23.693,0.791
12420,414.4134,42.384,1.414
12421,414.4467,7.493,0.250
12422,414.4801,31.788,1.061
12423,414.5135,10.596,0.354
12424,414.5468,10.596,0.354
12425,414.5802,16.754,0.559
12426,414.6136,7.493,0.250
12427,414.6469,14.985,0.500
12428,414.6803,10.596,0.354
12429,414.7137,7.493,0.250
12430,414.7470,10.596,0.354
12431,414.7804,10.596,0.354
12432,414.8138,22.478,0.750
12433,414.8471,40.348,1.346
12434,414.8805,7.493,0.250
12435,414.9139,37.463,1.250
12436,414.9472,29.970,1.000
12437,414.9806,94.774,3.162
12438,415.0140,73.793,2.462
12439,415.0473,78.224,2.610
12440,415.0807,63.576,2.121
12441,415.1141,38.205,1.275
12442,415.1474,30.892,1.031
12443,415.1808,37.463,1.250
12444,415.2142,31.788,1.061
12445,415.2475,21.192,0.707
12446,415.2809,0.000,0.000
12447,415.3143,16.754,0.559
12448,415.3476,30.892,1.031
12449,415.3810,43.689,1.458
12450,415.4144,10.596,0.354
12451,415.4477,52.980,1.768
12452,415.4811,21.192,0.707
12453,415.5145,14.985,0.500
12454,415.5478,14.985,0.500
12455,415.5812,23.693,0.791
12456,415.6146,23.693,0.791
12457,415.6479,29.970,1.000
12458,415.6813,37.463,1.250
12459,415.7147,27.015,0.901
12460,415.7480,42.384,1.414
12461,415.7814,33.508,1.118
12462,415.8148,21.192,0.707
12463,415.8481,16.754,0.559
12464,415.8815,30.892,1.031
12465,415.9149,22.478,0.750
12466,415.9482,16.754,0.559
12467,415.9816,45.575,1.521
12468,416.0150,37.463,1.250
12469,416.0483,16.754,0.559
12470,416.0817,37.463,1.250
12471,416.1151,14.985,0.500
12472,416.1484,30.892,1.031
12473,416.1818,7.493,0.250
12474,416.2152,7.493,0.250
12475,416.2485,27.015,0.901
12476,416.2819,7.493,0.250
12477,416.3153,64.453,2.151
12478,416.3486,22.478,0.750
12479,416.3820,40.348,1.346
12480,416.4154,30.892,1.031
12481,416.4487,58.518,1.953
12482,416.4821,14.985,0.500
12483,416.5155,27.015,0.901
12484,416.5488,10.596,0.354
12485,416.5822,23.693,0.791
12486,416.6156,21.192,0.707
12487,416.6489,30.892,1.031
12488,416.6823,7.493,0.250
12489,416.7157,37.463,1.250
12490,416.7490,29.970,1.000
12491,416.7824,33.508,1.118
12492,416.8158,23.693,0.791
12493,416.8491,40.348,1.346
12494,416.8825,43.689,1.458
12495,416.9159,40.348,1.346
12496,416.9492,14.985,0.500
12497,416.9826,37.463,1.250
12498,417.0160,23.693,0.791
12499,417.0493,50.261,1.677
12500,417.0827,22.478,0.750
12501,417.1161,16.754,0.559
12502,417.1494,27.015,0.901
12503,417.1828,16.754,0.559
12504,417.2162,42.384,1.414
12505,417.2495,0.000,0.000
12506,417.2829,30.892,1.031
12507,417.3163,16.754,0.559
12508,417.3496,10.596,0.354
12509,417.3830,22.478,0.750
12510,417.4164,31.788,1.061
12511,417.4497,7.493,0.250
12512,417.4831,37.463,1.250
12513,417.5165,27.015,0.901
12514,417.5498,10.596,0.354
12515,417.5832,27.015,0.901
12516,417.6166,42.384,1.414
12517,417.6499,7.493,0.250
12518,417.6833,37.463,1.250
12519,417.7167,42.384,1.414
12520,417.7500,37.463,1.250
12521,417.7834,16.754,0.559
12522,417.8168,21.192,0.707
12523,417.8501,22.478,0.750
12524,417.8835,23.693,0.791
12525,417.9169,14.985,0.500
12526,417.9502,29.970,1.000
12527,417.9836,7.493,0.250
12528,418.0170,30.892,1.031
12529,418.0503,29.970,1.000
12530,418.0837,30.892,1.031
12531,418.1171,14.985,0.500
12532,418.1504,14.985,0.500
12533,418.1838,7.493,0.250
12534,418.2172,27.015,0.901
12535,418.2505,0.000,0.000
12536,418.2839,7.493,0.250
12537,418.3173,54.029,1.803
12538,418.3506,40.348,1.346
12539,418.3840,31.788,1.061
12540,418.4174,63.576,2.121
12541,418.4507,0.000,0.000
12542,418.4841,30.892,1.031
12543,418.5175,16.754,0.559
12544,418.5508,22.478,0.750
12545,418.5842,14.985,0.500
12546,418.6176,10.596,0.354
12547,418.6509,16.754,0.559
12548,418.6843,30.892,1.031
12549,418.7177,33.508,1.118
12550,418.7510,29.970,1.000
12551,418.7844,42.384,1.414
12552,418.8178,37.463,1.250
12553,418.8511,42.384,1.414
12554,418.8845,50.261,1.677
12555,418.9179,16.754,0.559
12556,418.9512,29.970,1.000
12557,418.9846,23.693,0.791
12558,419.0180,40.348,1.346
12559,419.0513,52.448,1.750
12560,419.0847,14.985,0.500
12561,419.1181,31.788,1.061
12562,419.1514,10.596,0.354
12563,419.1848,42.384,1.414
12564,419.2182,14.985,0.500
12565,419.2515,27.015,0.901
12566,419.2849,16.754,0.559
12567,419.3183,7.493,0.250
12568,419.3516,16.754,0.559
12569,419.3850,16.754,0.559
12570,419.4184,33.508,1.118
12571,419.4517,16.754,0.559
12572,419.4851,23.693,0.791
12573,419.5185,22.478,0.750
12574,419.5518,16.754,0.559
12575,419.5852,27.015,0.901
12576,419.6186,30.892,1.031
12577,419.6519,27.015,0.901
12578,419.6853,21.192,0.707
12579,419.7187,27.015,0.901
12580,419.7520,50.261,1.677
12581,419.7854,0.000,0.000
12582,419.8188,16.754,0.559
12583,419.8521,22.478,0.750
12584,419.8855,16.754,0.559
12585,419.9189,16.754,0.559
12586,419.9522,29.970,1.000
12587,419.9856,10.596,0.354
12588,420.0190,21.192,0.707
12589,420.0523,38.205,1.275
12590,420.0857,30.892,1.031
12591,420.1191,16.754,0.559
12592,420.1524,30.892,1.031
12593,420.1858,0.000,0.000
12594,420.2192,10.596,0.354
12595,420.2525,23.693,0.791
12596,420.2859,29.970,1.000
12597,420.3193,21.192,0.707
12598,420.3526,31.788,1.061
12599,420.3860,40.348,1.346
12600,420.4194,64.453,2.151
12601,420.4527,33.508,1.118
12602,420.4861,10.596,0.354
12603,420.5195,23.693,0.791
12604,420.5528,14.985,0.500
12605,420.5862,23.693,0.791
12606,420.6196,16.754,0.559
12607,420.6529,23.693,0.791
12608,420.6863,38.205,1.275
12609,420.7197,57.061,1.904
12610,420.7530,7.493,0.250
12611,420.7864,42.384,1.414
12612,420.8198,74.172,2.475
12613,420.8531,23.693,0.791
12614,420.8865,33.508,1.118
12615,420.9199,16.754,0.559
12616,420.9532,45.575,1.521
12617,420.9866,14.985,0.500
12618,421.0200,22.478,0.750
12619,421.0533,52.980,1.768
12620,421.0867,10.596,0.354
12621,421.1201,33.508,1.118
12622,421.1534,10.596,0.354
12623,421.1868,27.015,0.901
12624,421.2202,40.348,1.346
12625,421.2535,21.192,0.707
12626,421.2869,22.478,0.750
12627,421.3203,22.478,0.750
12628,421.3536,33.508,1.118
12629,421.3870,23.693,0.791
12630,421.4204,30.892,1.031
12631,421.4537,22.478,0.750
12632,421.4871,21.192,0.707
12633,421.5205,16.754,0.559
12634,421.5538,30.892,1.031
12635,421.5872,31.788,1.061
12636,421.6206,10.596,0.354
12637,421.6539,23.693,0.791
12638,421.6873,27.015,0.901
12639,421.7207,47.976,1.601
12640,421.7540,27.015,0.901
12641,421.7874,27.015,0.901
12642,421.8208,7.493,0.250
12643,421.8541,10.596,0.354
12644,421.8875,10.596,0.354
12645,421.9209,22.478,0.750
12646,421.9542,60.407,2.016
12647,421.9876,16.754,0.559
12648,422.0210,29.970,1.000
12649,422.0543,7.493,0.250
12650,422.0877,37.463,1.250
12651,422.1211,7.493,0.250
12652,422.1544,0.000,0.000
12653,422.1878,29.970,1.000
12654,422.2212,14.985,0.500
12655,422.2545,7.493,0.250
12656,422.2879,7.493,0.250
12657,422.3212,64.453,2.151
12658,422.3546,23.693,0.791
12659,422.3880,54.029,1.803
12660,422.4213,40.348,1.346
12661,422.4547,22.478,0.750
12662,422.4881,30.892,1.031
12663,422.5214,7.493,0.250
12664,422.5548,27.015,0.901
12665,422.5882,23.693,0.791
12666,422.6215,10.596,0.354
12667,422.6549,52.448,1.750
12668,422.6883,23.693,0.791
12669,422.7216,16.754,0.559
12670,422.7550,47.976,1.601
12671,422.7884,43.689,1.458
12672,422.8217,23.693,0.791
12673,422.8551,23.693,0.791
12674,422.8885,40.348,1.346
12675,422.9218,31.788,1.061
12676,422.9552,54.546,1.820
12677,422.9886,7.493,0.250
12678,423.0219,29.970,1.000
12679,423.0553,47.387,1.581
12680,423.0887,0.000,0.000
12681,423.1220,37.463,1.250
12682,423.1554,42.384,1.414
12683,423.1888,7.493,0.250
12684,423.2221,27.015,0.901
12685,423.2555,30.892,1.031
12686,423.2889,7.493,0.250
12687,423.3222,14.985,0.500
12688,423.3556,27.015,0.901
12689,423.3890,42.384,1.414
12690,423.4223,14.985,0.500
12691,423.4557,21.192,0.707
12692,423.4891,23.693,0.791
12693,423.5224,23.693,0.791
12694,423.5558,29.970,1.000
12695,423.5892,16.754,0.559
12696,423.6225,23.693,0.791
12697,423.6559,7.493,0.250
12698,423.6893,7.493,0.250
12699,423.7226,16.754,0.559
12700,423.7560,7.493,0.250
12701,423.7894,10.596,0.354
12702,423.8227,10.596,0.354
12703,423.8561,60.407,2.016
12704,423.8895,14.985,0.500
12705,423.9228,21.192,0.707
12706,423.9562,33.508,1.118
12707,423.9896,52.980,1.768
12708,424.0229,14.985,0.500
12709,424.0563,38.205,1.275
12710,424.0897,82.758,2.761
12711,424.1230,52.448,1.750
12712,424.1564,23.693,0.791
12713,424.1898,37.463,1.250
12714,424.2231,45.575,1.521
12715,424.2565,47.976,1.601
12716,424.2899,16.754,0.559
12717,424.3232,47.387,1.581
12718,424.3566,16.754,0.559
12719,424.3900,37.463,1.250
12720,424.4233,74.172,2.475
12721,424.4567,16.754,0.559
12722,424.4901,47.976,1.601
12723,424.5234,16.754,0.559
12724,424.5568,10.596,0.354
12725,424.5902,7.493,0.250
12726,424.6235,10.596,0.354
12727,424.6569,64.016,2.136
12728,424.6903,21.192,0.707
12729,424.7236,14.985,0.500
12730,424.7570,16.754,0.559
12731,424.7904,30.892,1.031
12732,424.8237,33.508,1.118
12733,424.8571,16.754,0.559
12734,424.8905,7.493,0.250
12735,424.9238,57.061,1.904
12736,424.9572,27.015,0.901
12737,424.9906,47.976,1.601
12738,425.0239,67.015,2.236
12739,425.0573,29.970,1.000
12740,425.0907,14.985,0.500
12741,425.1240,16.754,0.559
12742,425.1574,30.892,1.031
12743,425.1908,30.892,1.031
12744,425.2241,16.754,0.559
12745,425.2575,0.000,0.000
12746,425.2909,16.754,0.559
12747,425.3242,33.508,1.118
12748,425.3576,30.892,1.031
12749,425.3910,14.985,0.500
12750,425.4243,22.478,0.750
12751,425.4577,16.754,0.559
12752,425.4911,7.493,0.250
12753,425.5244,10.596,0.354
12754,425.5578,10.596,0.354
12755,425.5912,7.493,0.250
12756,425.6245,0.000,0.000
12757,425.6579,7.493,0.250
12758,425.6913,16.754,0.559
12759,425.7246,7.493,0.250
12760,425.7580,22.478,0.750
12761,425.7914,0.000,0.000
12762,425.8247,50.261,1.677
12763,425.8581,23.693,0.791
12764,425.8915,30.892,1.031
12765,425.9248,52.448,1.750
12766,425.9582,47.387,1.581
12767,425.9916,16.754,0.559
12768,426.0249,31.788,1.061
12769,426.0583,21.192,0.707
12770,426.0917,37.463,1.250
12771,426.1250,37.463,1.250
12772,426.1584,33.508,1.118
12773,426.1918,14.985,0.500
12774,426.2251,14.985,0.500
12775,426.2585,30.892,1.031
12776,426.2919,16.754,0.559
12777,426.3252,16.754,0.559
12778,426.3586,37.463,1.250
12779,426.3920,47.976,1.601
12780,426.4253,16.754,0.559
12781,426.4587,42.384,1.414
12782,426.4921,21.192,0.707
12783,426.5254,37.463,1.250
12784,426.5588,16.754,0.559
12785,426.5922,7.493,0.250
12786,426.6255,21.192,0.707
12787,426.6589,7.493,0.250
12788,426.6923,14.985,0.500
12789,426.7256,7.493,0.250
12790,426.7590,57.061,1.904
12791,426.7924,30.892,1.031
12792,426.8257,23.693,0.791
12793,426.8591,29.970,1.000
12794,426.8925,22.478,0.750
12795,426.9258,67.015,2.236
12796,426.9592,29.970,1.000
12797,426.9926,42.384,1.414
12798,427.0259,58.518,1.953
12799,427.0593,33.508,1.118
12800,427.0927,10.596,0.354
12801,427.1260,29.970,1.000
12802,427.1594,40.348,1.346
12803,427.1928,23.693,0.791
12804,427.2261,23.693,0.791
12805,427.2595,0.000,0.000
12806,427.2929,23.693,0.791
12807,427.3262,43.689,1.458
12808,427.3596,7.493,0.250
12809,427.3930,0.000,0.000
12810,427.4263,29.970,1.000
12811,427.4597,0.000,0.000
12812,427.4931,7.493,0.250
12813,427.5264,0.000,0.000
12814,427.5598,10.596,0.354
12815,427.5932,0.000,0.000
12816,427.6265,7.493,0.250
12817,427.6599,29.970,1.000
12818,427.6933,0.000,0.000
12819,427.7266,7.493,0.250
12820,427.7600,21.192,0.707
12821,427.7934,23.693,0.791
12822,427.8267,60.407,2.016
12823,427.8601,22.478,0.750
12824,427.8935,22.478,0.750
12825,427.9268,47.387,1.581
12826,427.9602,16.754,0.559
12827,427.9936,75.299,2.512
12828,428.0269,22.478,0.750
12829,428.0603,0.000,0.000
12830,428.0937,29.970,1.000
12831,428.1270,60.407,2.016
12832,428.1604,21.192,0.707
12833,428.1938,16.754,0.559
12834,428.2271,16.754,0.559
12835,428.2605,14.985,0.500
12836,428.2939,7.493,0.250
12837,428.3272,7.493,0.250
12838,428.3606,10.596,0.354
12839,428.3940,52.980,1.768
12840,428.4273,10.596,0.354
12841,428.4607,42.384,1.414
12842,428.4941,7.493,0.250
12843,428.5274,31.788,1.061
12844,428.5608,7.493,0.250
12845,428.5942,14.985,0.500
12846,428.6275,7.493,0.250
12847,428.6609,7.493,0.250
12848,428.6943,14.985,0.500
12849,428.7276,37.463,1.250
12850,428.7610,22.478,0.750
12851,428.7944,22.478,0.750
12852,428.8277,31.788,1.061
12853,428.8611,27.015,0.901
12854,428.8945,47.387,1.581
12855,428.9278,42.384,1.414
12856,428.9612,16.754,0.559
12857,428.9946,42.384,1.414
12858,429.0279,33.508,1.118
12859,429.0613,31.788,1.061
12860,429.0947,22.478,0.750
12861,429.1280,52.448,1.750
12862,429.1614,30.892,1.031
12863,429.1948,7.493,0.250
12864,429.2281,30.892,1.031
12865,429.2615,0.000,0.000
12866,429.2949,14.985,0.500
12867,429.3282,23.693,0.791
12868,429.3616,7.493,0.250
12869,429.3950,7.493,0.250
12870,429.4283,16.754,0.559
12871,429.4617,16.754,0.559
12872,429.4951,7.493,0.250
12873,429.5284,0.000,0.000
12874,429.5618,7.493,0.250
12875,429.5952,10.596,0.354
12876,429.6285,7.493,0.250
12877,429.6619,7.493,0.250
12878,429.6953,29.970,1.000
12879,429.7286,16.754,0.559
12880,429.7620,23.693,0.791
12881,429.7954,7.493,0.250
12882,429.8287,27.015,0.901
12883,429.8621,30.892,1.031
12884,429.8955,61.785,2.062
12885,429.9288,40.348,1.346
12886,429.9622,16.754,0.559
12887,429.9956,22.478,0.750
12888,430.0289,33.508,1.118
12889,430.0623,60.407,2.016
12890,430.0957,16.754,0.559
12891,430.1290,14.985,0.500
12892,430.1624,38.205,1.275
12893,430.1958,7.493,0.250
12894,430.2291,14.985,0.500
12895,430.2625,44.955,1.500
12896,430.2959,7.493,0.250
12897,430.3292,0.000,0.000
12898,430.3626,50.261,1.677
12899,430.3960,23.693,0.791
12900,430.4293,23.693,0.791
12901,430.4627,27.015,0.901
12902,430.4961,16.754,0.559
12903,430.5294,27.015,0.901
12904,430.5628,7.493,0.250
12905,430.5962,7.493,0.250
12906,430.6295,0.000,0.000
12907,430.6629,30.892,1.031
12908,430.6963,7.493,0.250
12909,430.7296,7.493,0.250
12910,430.7630,54.029,1.803
12911,430.7964,37.463,1.250
12912,430.8297,7.493,0.250
12913,430.8631,22.478,0.750
12914,430.8965,73.793,2.462
12915,430.9298,33.508,1.118
12916,430.9632,47.387,1.581
12917,430.9966,16.754,0.559
12918,431.0299,52.980,1.768
12919,431.0633,33.508,1.118
12920,431.0967,22.478,0.750
12921,431.1300,44.955,1.500
12922,431.1634,16.754,0.559
12923,431.1968,23.693,0.791
12924,431.2301,37.463,1.250
12925,431.2635,7.493,0.250
12926,431.2969,21.192,0.707
12927,431.3302,7.493,0.250
12928,431.3636,0.000,0.000
12929,431.3970,7.493,0.250
12930,431.4303,16.754,0.559
12931,431.4637,16.754,0.559
12932,431.4971,16.754,0.559
12933,431.5304,16.754,0.559
12934,431.5638,23.693,0.791
12935,431.5972,10.596,0.354
12936,431.6305,10.596,0.354
12937,431.6639,33.508,1.118
12938,431.6973,7.493,0.250
12939,431.7306,33.508,1.118
12940,431.7640,30.892,1.031
12941,431.7974,16.754,0.559
12942,431.8307,14.985,0.500
12943,431.8641,7.493,0.250
12944,431.8975,14.985,0.500
12945,431.9308,7.493,0.250
12946,431.9642,10.596,0.354
12947,431.9976,16.754,0.559
12948,432.0309,30.892,1.031
12949,432.0643,7.493,0.250
12950,432.0977,23.693,0.791
12951,432.1310,7.493,0.250
12952,432.1644,27.015,0.901
12953,432.1978,10.596,0.354
12954,432.2311,30.892,1.031
12955,432.2645,33.508,1.118
12956,432.2979,33.508,1.118
12957,432.3312,23.693,0.791
12958,432.3646,16.754,0.559
12959,432.3980,37.463,1.250
12960,432.4313,21.192,0.707
12961,432.4647,37.463,1.250
12962,432.4981,14.985,0.500
12963,432.5314,30.892,1.031
12964,432.5648,29.970,1.000
12965,432.5982,14.985,0.500
12966,432.6315,14.985,0.500
12967,432.6649,29.970,1.000
12968,432.6983,0.000,0.000
12969,432.7316,23.693,0.791
12970,432.7650,0.000,0.000
12971,432.7984,10.596,0.354
12972,432.8317,10.596,0.354
12973,432.8651,7.493,0.250
12974,432.8985,14.985,0.500
12975,432.9318,14.985,0.500
12976,432.9652,0.000,0.000
12977,432.9986,7.493,0.250
12978,433.0319,14.985,0.500
12979,433.0653,0.000,0.000
12980,433.0987,0.000,0.000
12981,433.1320,0.000,0.000
12982,433.1654,0.000,0.000
12983,433.1988,0.000,0.000
12984,433.2321,0.000,0.000
12985,433.2655,0.000,0.000
12986,433.2989,7.493,0.250
12987,433.3322,7.493,0.250
12988,433.3656,7.493,0.250
12989,433.3990,0.000,0.000
12990,433.4323,0.000,0.000
12991,433.4657,7.493,0.250
12992,433.4991,0.000,0.000
12993,433.5324,0.000,0.000
12994,433.5658,0.000,0.000
12995,433.5992,0.000,0.000
12996,433.6325,0.000,0.000
12997,433.6659,0.000,0.000
12998,433.6993,0.000,0.000
12999,433.7326,29.970,1.000
13000,433.7660,14.985,0.500
13001,433.7994,14.985,0.500
13002,433.8327,7.493,0.250
13003,433.8661,23.693,0.791
13004,433.8995,29.970,1.000
13005,433.9328,10.596,0.354
13006,433.9662,29.970,1.000
13007,433.9996,27.015,0.901
13008,434.0329,22.478,0.750
13009,434.0663,7.493,0.250
13010,434.0997,10.596,0.354
13011,434.1330,27.015,0.901
13012,434.1664,38.205,1.275
13013,434.1998,16.754,0.559
13014,434.2331,0.000,0.000
13015,434.2665,10.596,0.354
13016,434.2999,23.693,0.791
13017,434.3332,10.596,0.354
13018,434.3666,7.493,0.250
13019,434.4000,22.478,0.750
13020,434.4333,10.596,0.354
13021,434.4667,14.985,0.500
13022,434.5001,10.596,0.354
13023,434.5334,10.596,0.354
13024,434.5668,23.693,0.791
13025,434.6002,23.693,0.791
13026,434.6335,7.493,0.250
13027,434.6669,16.754,0.559
13028,434.7003,16.754,0.559
13029,434.7336,7.493,0.250
13030,434.7670,16.754,0.559
13031,434.8004,0.000,0.000
13032,434.8337,7.493,0.250
13033,434.8671,14.985,0.500
13034,434.9005,7.493,0.250
13035,434.9338,10.596,0.354
13036,434.9672,7.493,0.250
13037,435.0006,0.000,0.000
13038,435.0339,0.000,0.000
13039,435.0673,0.000,0.000
13040,435.1007,7.493,0.250
13041,435.1340,0.000,0.000
13042,435.1674,0.000,0.000
13043,435.2008,0.000,0.000
13044,435.2341,0.000,0.000
13045,435.2675,7.493,0.250
13046,435.3009,7.493,0.250
13047,435.3342,0.000,0.000
13048,435.3676,10.596,0.354
13049,435.4010,0.000,0.000
13050,435.4343,7.493,0.250
13051,435.4677,7.493,0.250
13052,435.5011,10.596,0.354
13053,435.5344,16.754,0.559
13054,435.5678,10.596,0.354
13055,435.6012,0.000,0.000
13056,435.6345,0.000,0.000
13057,435.6679,7.493,0.250
13058,435.7013,0.000,0.000
13059,435.7346,0.000,0.000
13060,435.7680,16.754,0.559
13061,435.8014,0.000,0.000
13062,435.8347,0.000,0.000
13063,435.8681,0.000,0.000
13064,435.9015,10.596,0.354
13065,435.9348,10.596,0.354
13066,435.9682,7.493,0.250
13067,436.0016,0.000,0.000
13068,436.0349,0.000,0.000
13069,436.0683,7.493,0.250
13070,436.1017,0.000,0.000
13071,436.1350,0.000,0.000
13072,436.1684,0.000,0.000
13073,436.2018,0.000,0.000
13074,436.2351,7.493,0.250
13075,436.2685,0.000,0.000
13076,436.3019,7.493,0.250
13077,436.3352,0.000,0.000
13078,436.3686,0.000,0.000
13079,436.4020,16.754,0.559
13080,436.4353,10.596,0.354
13081,436.4687,0.000,0.000
13082,436.5021,7.493,0.250
13083,436.5354,0.000,0.000
13084,436.5688,7.493,0.250
13085,436.6022,0.000,0.000
13086,436.6355,10.596,0.354
13087,436.6689,10.596,0.354
13088,436.7023,0.000,0.000
13089,436.7356,0.000,0.000
13090,436.7690,0.000,0.000
13091,436.8024,0.000,0.000
13092,436.8357,0.000,0.000
13093,436.8691,0.000,0.000
13094,436.9025,0.000,0.000
13095,436.9358,0.000,0.000
13096,436.9692,0.000,0.000
13097,437.0026,0.000,0.000
13098,437.0359,0.000,0.000
13099,437.0693,14.985,0.500
13100,437.1027,7.493,0.250
13101,437.1360,0.000,0.000
13102,437.1694,7.493,0.250
13103,437.2028,0.000,0.000
13104,437.2361,0.000,0.000
13105,437.2695,7.493,0.250
13106,437.3029,0.000,0.000
13107,437.3362,0.000,0.000
13108,437.3696,0.000,0.000
13109,437.4030,0.000,0.000
13110,437.4363,0.000,0.000
13111,437.4697,0.000,0.000
13112,437.5031,0.000,0.000
13113,437.5364,0.000,0.000
13114,437.5698,0.000,0.000
13115,437.6032,0.000,0.000
13116,437.6365,0.000,0.000
13117,437.6699,0.000,0.000
13118,437.7033,0.000,0.000
13119,437.7366,0.000,0.000
13120,437.7700,0.000,0.000
13121,437.8034,0.000,0.000
13122,437.8367,0.000,0.000
13123,437.8701,0.000,0.000
13124,437.9035,7.493,0.250
13125,437.9368,0.000,0.000
13126,437.9702,7.493,0.250
13127,438.0036,0.000,0.000
13128,438.0369,7.493,0.250
13129,438.0703,0.000,0.000
13130,438.1037,0.000,0.000
13131,438.1370,10.596,0.354
13132,438.1704,0.000,0.000
13133,438.2038,0.000,0.000
13134,438.2371,0.000,0.000
13135,438.2705,0.000,0.000
13136,438.3039,0.000,0.000
13137,438.3372,0.000,0.000
13138,438.3706,0.000,0.000
13139,438.4040,7.493,0.250
13140,438.4373,7.493,0.250
13141,438.4707,7.493,0.250
13142,438.5041,7.493,0.250
13143,438.5374,0.000,0.000
13144,438.5708,7.493,0.250
13145,438.6042,7.493,0.250
13146,438.6375,7.493,0.250
13147,438.6709,10.596,0.354
13148,438.7043,16.754,0.559
13149,438.7376,0.000,0.000
13150,438.7710,16.754,0.559
13151,438.8044,16.754,0.559
13152,438.8377,0.000,0.000
13153,438.8711,16.754,0.559
13154,438.9045,7.493,0.250
13155,438.9378,0.000,0.000
13156,438.9712,0.000,0.000
13157,439.0046,0.000,0.000
13158,439.0379,16.754,0.559
13159,439.0713,0.000,0.000
13160,439.1047,10.596,0.354
13161,439.1380,16.754,0.559
13162,439.1714,0.000,0.000
13163,439.2048,7.493,0.250
13164,439.2381,7.493,0.250
13165,439.2715,7.493,0.250
13166,439.3049,7.493,0.250
13167,439.3382,0.000,0.000
13168,439.3716,0.000,0.000
13169,439.4050,7.493,0.250
13170,439.4383,7.493,0.250
13171,439.4717,0.000,0.000
13172,439.5051,16.754,0.559
13173,439.5384,0.000,0.000
13174,439.5718,0.000,0.000
13175,439.6052,0.000,0.000
13176,439.6385,7.493,0.250
13177,439.6719,7.493,0.250
13178,439.7053,0.000,0.000
13179,439.7386,0.000,0.000
13180,439.7720,7.493,0.250
13181,439.8054,7.493,0.250
13182,439.8387,0.000,0.000
13183,439.8721,0.000,0.000
13184,439.9055,0.000,0.000
13185,439.9388,0.000,0.000
13186,439.9722,7.493,0.250
13187,440.0056,0.000,0.000
13188,440.0389,0.000,0.000
13189,440.0723,0.000,0.000
13190,440.1057,7.493,0.250
13191,440.1390,0.000,0.000
13192,440.1724,0.000,0.000
13193,440.2058,0.000,0.000
13194,440.2391,0.000,0.000
13195,440.2725,0.000,0.000
13196,440.3059,0.000,0.000
13197,440.3392,0.000,0.000
13198,440.3726,0.000,0.000
13199,440.4060,0.000,0.000
13200,440.4393,16.754,0.559
13201,440.4727,0.000,0.000
13202,440.5061,7.493,0.250
13203,440.5394,0.000,0.000
13204,440.5728,0.000,0.000
13205,440.6062,7.493,0.250
13206,440.6395,7.493,0.250
13207,440.6729,7.493,0.250
13208,440.7063,16.754,0.559
13209,440.7396,7.493,0.250
13210,440.7730,7.493,0.250
13211,440.8064,7.493,0.250
13212,440.8397,0.000,0.000
13213,440.8731,0.000,0.000
13214,440.9065,7.493,0.250
13215,440.9398,7.493,0.250
13216,440.9732,0.000,0.000
13217,441.0066,0.000,0.000
13218,441.0399,0.000,0.000
13219,441.0733,0.000,0.000
13220,441.1067,7.493,0.250
13221,441.1400,0.000,0.000
13222,441.1734,0.000,0.000
13223,441.2068,10.596,0.354
13224,441.2401,10.596,0.354
13225,441.2735,0.000,0.000
13226,441.3069,7.493,0.250
13227,441.3402,0.000,0.000
13228,441.3736,0.000,0.000
13229,441.4070,0.000,0.000
13230,441.4403,7.493,0.250
13231,441.4737,0.000,0.000
13232,441.5071,0.000,0.000
13233,441.5404,0.000,0.000
13234,441.5738,0.000,0.000
13235,441.6072,0.000,0.000
13236,441.6405,0.000,0.000
13237,441.6739,0.000,0.000
13238,441.7073,0.000,0.000
13239,441.7406,7.493,0.250
13240,441.7740,0.000,0.000
13241,441.8074,7.493,0.250
13242,441.8407,7.493,0.250
13243,441.8741,0.000,0.000
13244,441.9075,0.000,0.000
13245,441.9408,0.000,0.000
13246,441.9742,7.493,0.250
13247,442.0076,7.493,0.250
13248,442.0409,7.493,0.250
13249,442.0743,0.000,0.000
13250,442.1077,0.000,0.000
13251,442.1410,0.000,0.000
13252,442.1744,7.493,0.250
13253,442.2078,0.000,0.000
13254,442.2411,0.000,0.000
13255,442.2745,0.000,0.000
13256,442.3079,7.493,0.250
13257,442.3412,7.493,0.250
13258,442.3746,7.493,0.250
13259,442.4080,0.000,0.000
13260,442.4413,0.000,0.000
13261,442.4747,0.000,0.000
13262,442.5081,0.000,0.000
13263,442.5414,0.000,0.000
13264,442.5748,0.000,0.000
13265,442.6082,14.985,0.500
13266,442.6415,7.493,0.250
13267,442.6749,0.000,0.000
13268,442.7083,7.493,0.250
13269,442.7416,0.000,0.000
13270,442.7750,0.000,0.000
13271,442.8084,7.493,0.250
13272,442.8417,0.000,0.000
13273,442.8751,0.000,0.000
13274,442.9085,0.000,0.000
13275,442.9418,0.000,0.000
13276,442.9752,0.000,0.000
13277,443.0086,0.000,0.000
13278,443.0419,0.000,0.000
13279,443.0753,0.000,0.000
13280,443.1087,0.000,0.000
13281,443.1420,0.000,0.000
13282,443.1754,0.000,0.000
13283,443.2088,0.000,0.000
13284,443.2421,0.000,0.000
13285,443.2755,0.000,0.000
13286,443.3089,7.493,0.250
13287,443.3422,0.000,0.000
13288,443.3756,0.000,0.000
13289,443.4090,0.000,0.000
13290,443.4423,0.000,0.000
13291,443.4757,0.000,0.000
13292,443.5091,0.000,0.000
13293,443.5424,0.000,0.000
13294,443.5758,0.000,0.000
13295,443.6092,7.493,0.250
13296,443.6425,0.000,0.000
13297,443.6759,0.000,0.000
13298,443.7093,0.000,0.000
13299,443.7426,7.493,0.250
13300,443.7760,0.000,0.000
13301,443.8094,0.000,0.000
13302,443.8427,0.000,0.000
13303,443.8761,0.000,0.000
13304,443.9094,0.000,0.000
13305,443.9428,0.000,0.000
13306,443.9762,7.493,0.250
13307,444.0095,7.493,0.250
13308,444.0429,0.000,0.000
13309,444.0763,7.493,0.250
13310,444.1096,0.000,0.000
13311,444.1430,0.000,0.000
13312,444.1764,7.493,0.250
13313,444.2097,0.000,0.000
13314,444.2431,10.596,0.354
13315,444.2765,10.596,0.354
13316,444.3098,7.493,0.250
13317,444.3432,7.493,0.250
13318,444.3766,0.000,0.000
13319,444.4099,0.000,0.000
13320,444.4433,0.000,0.000
13321,444.4767,0.000,0.000
13322,444.5100,0.000,0.000
13323,444.5434,0.000,0.000
13324,444.5768,0.000,0.000
13325,444.6101,0.000,0.000
13326,444.6435,0.000,0.000
13327,444.6769,0.000,0.000
13328,444.7102,7.493,0.250
13329,444.7436,7.493,0.250
13330,444.7770,0.000,0.000
13331,444.8103,0.000,0.000
13332,444.8437,7.493,0.250
13333,444.8771,7.493,0.250
13334,444.9104,0.000,0.000
13335,444.9438,7.493,0.250
13336,444.9772,0.000,0.000
13337,445.0105,0.000,0.000
13338,445.0439,0.000,0.000
13339,445.0773,0.000,0.000
13340,445.1106,7.493,0.250
13341,445.1440,7.493,0.250
13342,445.1774,0.000,0.000
13343,445.2107,0.000,0.000
13344,445.2441,14.985,0.500
13345,445.2775,7.493,0.250
13346,445.3108,0.000,0.000
13347,445.3442,0.000,0.000
13348,445.3776,7.493,0.250
13349,445.4109,0.000,0.000
13350,445.4443,0.000,0.000
13351,445.4777,0.000,0.000
13352,445.5110,0.000,0.000
13353,445.5444,0.000,0.000
13354,445.5778,0.000,0.000
13355,445.6111,0.000,0.000
13356,445.6445,0.000,0.000
13357,445.6779,0.000,0.000
13358,445.7112,0.000,0.000
13359,445.7446,7.493,0.250
13360,445.7780,7.493,0.250
13361,445.8113,0.000,0.000
13362,445.8447,0.000,0.000
13363,445.8781,0.000,0.000
13364,445.9114,16.754,0.559
13365,445.9448,0.000,0.000
13366,445.9782,0.000,0.000
13367,446.0115,0.000,0.000
13368,446.0449,0.000,0.000
13369,446.0783,0.000,0.000
13370,446.1116,7.493,0.250
13371,446.1450,0.000,0.000
13372,446.1784,0.000,0.000
13373,446.2117,7.493,0.250
13374,446.2451,7.493,0.250
13375,446.2785,7.493,0.250
13376,446.3118,0.000,0.000
13377,446.3452,14.985,0.500
13378,446.3786,7.493,0.250
13379,446.4119,0.000,0.000
13380,446.4453,0.000,0.000
13381,446.4787,0.000,0.000
13382,446.5120,0.000,0.000
13383,446.5454,0.000,0.000
13384,446.5788,7.493,0.250
13385,446.6121,7.493,0.250
13386,446.6455,0.000,0.000
13387,446.6789,0.000,0.000
13388,446.7122,0.000,0.000
13389,446.7456,10.596,0.354
13390,446.7790,0.000,0.000
13391,446.8123,0.000,0.000
13392,446.8457,7.493,0.250
13393,446.8791,0.000,0.000
13394,446.9124,0.000,0.000
13395,446.9458,0.000,0.000
13396,446.9792,0.000,0.000
13397,447.0125,7.493,0.250
13398,447.0459,0.000,0.000
13399,447.0793,0.000,0.000
13400,447.1126,0.000,0.000
13401,447.1460,0.000,0.000
13402,447.1794,0.000,0.000
13403,447.2127,0.000,0.000
13404,447.2461,0.000,0.000
13405,447.2795,0.000,0.000
13406,447.3128,0.000,0.000
13407,447.3462,0.000,0.000
13408,447.3796,0.000,0.000
13409,447.4129,0.000,0.000
13410,447.4463,0.000,0.000
13411,447.4797,0.000,0.000
13412,447.5130,0.000,0.000
13413,447.5464,0.000,0.000
13414,447.5798,0.000,0.000
13415,447.6131,0.000,0.000
13416,447.6465,0.000,0.000
13417,447.6799,0.000,0.000
13418,447.7132,0.000,0.000
13419,447.7466,0.000,0.000
13420,447.7800,0.000,0.000
13421,447.8133,0.000,0.000
13422,447.8467,0.000,0.000
13423,447.8801,7.493,0.250
13424,447.9134,0.000,0.000
13425,447.9468,0.000,0.000
13426,447.9802,0.000,0.000
13427,448.0135,7.493,0.250
13428,448.0469,0.000,0.000
13429,448.0803,0.000,0.000
13430,448.1136,0.000,0.000
13431,448.1470,0.000,0.000
13432,448.1804,0.000,0.000
13433,448.2137,0.000,0.000
13434,448.2471,0.000,0.000
13435,448.2805,0.000,0.000
13436,448.3138,0.000,0.000
13437,448.3472,0.000,0.000
13438,448.3806,0.000,0.000
13439,448.4139,0.000,0.000
13440,448.4473,0.000,0.000
13441,448.4807,0.000,0.000
13442,448.5140,7.493,0.250
13443,448.5474,0.000,0.000
13444,448.5808,0.000,0.000
13445,448.6141,0.000,0.000
13446,448.6475,0.000,0.000
13447,448.6809,0.000,0.000
13448,448.7142,0.000,0.000
13449,448.7476,0.000,0.000
13450,448.7810,7.493,0.250
13451,448.8143,0.000,0.000
13452,448.8477,0.000,0.000
13453,448.8811,0.000,0.000
13454,448.9144,0.000,0.000
13455,448.9478,10.596,0.354
13456,448.9812,0.000,0.000
13457,449.0145,0.000,0.000
13458,449.0479,0.000,0.000
13459,449.0813,0.000,0.000
13460,449.1146,0.000,0.000
13461,449.1480,0.000,0.000
13462,449.1814,0.000,0.000
13463,449.2147,0.000,0.000
13464,449.2481,0.000,0.000
13465,449.2815,0.000,0.000
13466,449.3148,0.000,0.000
13467,449.3482,0.000,0.000
13468,449.3816,10.596,0.354
13469,449.4149,0.000,0.000
13470,449.4483,0.000,0.000
13471,449.4817,0.000,0.000
13472,449.5150,0.000,0.000
13473,449.5484,7.493,0.250
13474,449.5818,0.000,0.000
13475,449.6151,0.000,0.000
13476,449.6485,7.493,0.250
13477,449.6819,0.000,0.000
13478,449.7152,0.000,0.000
13479,449.7486,0.000,0.000
13480,449.7820,0.000,0.000
13481,449.8153,0.000,0.000
13482,449.8487,0.000,0.000
13483,449.8821,0.000,0.000
13484,449.9154,0.000,0.000
13485,449.9488,0.000,0.000
13486,449.9822,0.000,0.000
13487,450.0155,0.000,0.000
13488,450.0489,0.000,0.000
13489,450.0823,0.000,0.000
13490,450.1156,0.000,0.000
13491,450.1490,0.000,0.000
13492,450.1824,7.493,0.250
13493,450.2157,7.493,0.250
13494,450.2491,7.493,0.250
13495,450.2825,7.493,0.250
13496,450.3158,0.000,0.000
13497,450.3492,0.000,0.000
13498,450.3826,0.000,0.000
13499,450.4159,0.000,0.000
13500,450.4493,0.000,0.000
13501,450.4827,0.000,0.000
13502,450.5160,0.000,0.000
13503,450.5494,0.000,0.000
13504,450.5828,7.493,0.250
13505,450.6161,0.000,0.000
13506,450.6495,7.493,0.250
13507,450.6829,0.000,0.000
13508,450.7162,0.000,0.000
13509,450.7496,7.493,0.250
13510,450.7830,0.000,0.000
13511,450.8163,0.000,0.000
13512,450.8497,0.000,0.000
13513,450.8831,0.000,0.000
13514,450.9164,0.000,0.000
13515,450.9498,0.000,0.000
13516,450.9832,0.000,0.000
13517,451.0165,0.000,0.000
13518,451.0499,0.000,0.000
13519,451.0833,0.000,0.000
13520,451.1166,0.000,0.000
13521,451.1500,0.000,0.000
13522,451.1834,0.000,0.000
13523,451.2167,0.000,0.000
13524,451.2501,0.000,0.000
13525,451.2835,0.000,0.000
13526,451.3168,0.000,0.000
13527,451.3502,0.000,0.000
13528,451.3836,0.000,0.000
13529,451.4169,0.000,0.000
13530,451.4503,0.000,0.000
13531,451.4837,7.493,0.250
13532,451.5170,0.000,0.000
13533,451.5504,0.000,0.000
13534,451.5838,0.000,0.000
13535,451.6171,0.000,0.000
13536,451.6505,0.000,0.000
13537,451.6839,0.000,0.000
13538,451.7172,0.000,0.000
13539,451.7506,0.000,0.000
13540,451.7840,0.000,0.000
13541,451.8173,0.000,0.000
13542,451.8507,0.000,0.000
13543,451.8841,7.493,0.250
13544,451.9174,7.493,0.250
13545,451.9508,7.493,0.250
13546,451.9842,0.000,0.000
13547,452.0175,0.000,0.000
13548,452.0509,7.493,0.250
13549,452.0843,0.000,0.000
13550,452.1176,0.000,0.000
13551,452.1510,0.000,0.000
13552,452.1844,0.000,0.000
13553,452.2177,0.000,0.000
13554,452.2511,0.000,0.000
13555,452.2845,0.000,0.000
13556,452.3178,0.000,0.000
13557,452.3512,0.000,0.000
13558,452.3846,0.000,0.000
13559,452.4179,0.000,0.000
13560,452.4513,0.000,0.000
13561,452.4847,0.000,0.000
13562,452.5180,0.000,0.000
13563,452.5514,0.000,0.000
13564,452.5848,0.000,0.000
13565,452.6181,0.000,0.000
13566,452.6515,0.000,0.000
13567,452.6849,0.000,0.000
13568,452.7182,0.000,0.000
13569,452.7516,0.000,0.000
13570,452.7850,0.000,0.000
13571,452.8183,0.000,0.000
13572,452.8517,0.000,0.000
13573,452.8851,0.000,0.000
13574,452.9184,0.000,0.000
13575,452.9518,0.000,0.000
13576,452.9852,7.493,0.250
13577,453.0185,7.493,0.250
13578,453.0519,0.000,0.000
13579,453.0853,0.000,0.000
13580,453.1186,0.000,0.000
13581,453.1520,7.493,0.250
13582,453.1854,0.000,0.000
13583,453.2187,0.000,0.000
13584,453.2521,0.000,0.000
13585,453.2855,0.000,0.000
13586,453.3188,0.000,0.000
13587,453.3522,14.985,0.500
13588,453.3856,0.000,0.000
13589,453.4189,10.596,0.354
13590,453.4523,0.000,0.000
13591,453.4857,0.000,0.000
13592,453.5190,0.000,0.000
13593,453.5524,0.000,0.000
13594,453.5858,0.000,0.000
13595,453.6191,0.000,0.000
13596,453.6525,0.000,0.000
13597,453.6859,0.000,0.000
13598,453.7192,0.000,0.000
13599,453.7526,0.000,0.000
13600,453.7860,0.000,0.000
13601,453.8193,0.000,0.000
13602,453.8527,10.596,0.354
13603,453.8861,10.596,0.354
13604,453.9194,0.000,0.000
13605,453.9528,0.000,0.000
13606,453.9862,0.000,0.000
13607,454.0195,0.000,0.000
13608,454.0529,0.000,0.000
13609,454.0863,0.000,0.000
13610,454.1196,0.000,0.000
13611,454.1530,0.000,0.000
13612,454.1864,0.000,0.000
13613,454.2197,0.000,0.000
13614,454.2531,0.000,0.000
13615,454.2865,0.000,0.000
13616,454.3198,0.000,0.000
13617,454.3532,7.493,0.250
13618,454.3866,0.000,0.000
13619,454.4199,0.000,0.000
13620,454.4533,7.493,0.250
13621,454.4867,0.000,0.000
13622,454.5200,0.000,0.000
13623,454.5534,0.000,0.000
13624,454.5868,0.000,0.000
13625,454.6201,7.493,0.250
13626,454.6535,7.493,0.250
13627,454.6869,0.000,0.000
13628,454.7202,7.493,0.250
13629,454.7536,0.000,0.000
13630,454.7870,7.493,0.250
13631,454.8203,0.000,0.000
13632,454.8537,0.000,0.000
13633,454.8871,0.000,0.000
13634,454.9204,0.000,0.000
13635,454.9538,7.493,0.250
13636,454.9872,0.000,0.000
13637,455.0205,7.493,0.250
13638,455.0539,7.493,0.250
13639,455.0873,0.000,0.000
13640,455.1206,7.493,0.250
13641,455.1540,0.000,0.000
13642,455.1874,0.000,0.000
13643,455.2207,0.000,0.000
13644,455.2541,7.493,0.250
13645,455.2875,0.000,0.000
13646,455.3208,0.000,0.000
13647,455.3542,0.000,0.000
13648,455.3876,0.000,0.000
13649,455.4209,0.000,0.000
13650,455.4543,7.493,0.250
13651,455.4877,14.985,0.500
13652,455.5210,10.596,0.354
13653,455.5544,0.000,0.000
13654,455.5878,0.000,0.000
13655,455.6211,7.493,0.250
13656,455.6545,0.000,0.000
13657,455.6879,0.000,0.000
13658,455.7212,7.493,0.250
13659,455.7546,0.000,0.000
13660,455.7880,7.493,0.250
13661,455.8213,10.596,0.354
13662,455.8547,0.000,0.000
13663,455.8881,0.000,0.000
13664,455.9214,7.493,0.250
13665,455.9548,7.493,0.250
13666,455.9882,7.493,0.250
13667,456.0215,0.000,0.000
13668,456.0549,0.000,0.000
13669,456.0883,0.000,0.000
13670,456.1216,0.000,0.000
13671,456.1550,0.000,0.000
13672,456.1884,0.000,0.000
13673,456.2217,0.000,0.000
13674,456.2551,0.000,0.000
13675,456.2885,0.000,0.000
13676,456.3218,0.000,0.000
13677,456.3552,7.493,0.250
13678,456.3886,7.493,0.250
13679,456.4219,0.000,0.000
13680,456.4553,0.000,0.000
13681,456.4887,0.000,0.000
13682,456.5220,0.000,0.000
13683,456.5554,0.000,0.000
13684,456.5888,7.493,0.250
13685,456.6221,0.000,0.000
13686,456.6555,0.000,0.000
13687,456.6889,0.000,0.000
13688,456.7222,7.493,0.250
13689,456.7556,0.000,0.000
13690,456.7890,10.596,0.354
13691,456.8223,10.596,0.354
13692,456.8557,0.000,0.000
13693,456.8891,7.493,0.250
13694,456.9224,0.000,0.000
13695,456.9558,0.000,0.000
13696,456.9892,0.000,0.000
13697,457.0225,0.000,0.000
13698,457.0559,7.493,0.250
13699,457.0893,0.000,0.000
13700,457.1226,0.000,0.000
13701,457.1560,0.000,0.000
13702,457.1894,7.493,0.250
13703,457.2227,0.000,0.000
13704,457.2561,0.000,0.000
13705,457.2895,0.000,0.000
13706,457.3228,0.000,0.000
13707,457.3562,0.000,0.000
13708,457.3896,0.000,0.000
13709,457.4229,0.000,0.000
13710,457.4563,0.000,0.000
13711,457.4897,0.000,0.000
13712,457.5230,0.000,0.000
13713,457.5564,0.000,0.000
13714,457.5898,0.000,0.000
13715,457.6231,0.000,0.000
13716,457.6565,0.000,0.000
13717,457.6899,0.000,0.000
13718,457.7232,0.000,0.000
13719,457.7566,0.000,0.000
13720,457.7900,7.493,0.250
13721,457.8233,7.493,0.250
13722,457.8567,0.000,0.000
13723,457.8901,0.000,0.000
13724,457.9234,14.985,0.500
13725,457.9568,0.000,0.000
13726,457.9902,0.000,0.000
13727,458.0235,0.000,0.000
13728,458.0569,0.000,0.000
13729,458.0903,0.000,0.000
13730,458.1236,0.000,0.000
13731,458.1570,0.000,0.000
13732,458.1904,7.493,0.250
13733,458.2237,0.000,0.000
13734,458.2571,0.000,0.000
13735,458.2905,0.000,0.000
13736,458.3238,7.493,0.250
13737,458.3572,0.000,0.000
13738,458.3906,0.000,0.000
13739,458.4239,0.000,0.000
13740,458.4573,0.000,0.000
13741,458.4907,0.000,0.000
13742,458.5240,0.000,0.000
13743,458.5574,0.000,0.000
13744,458.5908,0.000,0.000
13745,458.6241,0.000,0.000
13746,458.6575,0.000,0.000
13747,458.6909,0.000,0.000
13748,458.7242,0.000,0.000
13749,458.7576,0.000,0.000
13750,458.7910,0.000,0.000
13751,458.8243,0.000,0.000
13752,458.8577,0.000,0.000
13753,458.8911,0.000,0.000
13754,458.9244,0.000,0.000
13755,458.9578,0.000,0.000
13756,458.9912,0.000,0.000
13757,459.0245,0.000,0.000
13758,459.0579,0.000,0.000
13759,459.0913,0.000,0.000
13760,459.1246,0.000,0.000
13761,459.1580,0.000,0.000
13762,459.1914,0.000,0.000
13763,459.2247,0.000,0.000
13764,459.2581,0.000,0.000
13765,459.2915,0.000,0.000
13766,459.3248,0.000,0.000
13767,459.3582,0.000,0.000
13768,459.3916,0.000,0.000
13769,459.4249,0.000,0.000
13770,459.4583,0.000,0.000
13771,459.4917,0.000,0.000
13772,459.5250,0.000,0.000
13773,459.5584,0.000,0.000
13774,459.5918,0.000,0.000
13775,459.6251,0.000,0.000
13776,459.6585,0.000,0.000
13777,459.6919,0.000,0.000
13778,459.7252,0.000,0.000
13779,459.7586,0.000,0.000
13780,459.7920,0.000,0.000
13781,459.8253,0.000,0.000
13782,459.8587,7.493,0.250
13783,459.8921,7.493,0.250
13784,459.9254,0.000,0.000
13785,459.9588,0.000,0.000
13786,459.9922,0.000,0.000
13787,460.0255,7.493,0.250
13788,460.0589,0.000,0.000
13789,460.0923,7.493,0.250
13790,460.1256,0.000,0.000
13791,460.1590,7.493,0.250
13792,460.1924,7.493,0.250
13793,460.2257,0.000,0.000
13794,460.2591,0.000,0.000
13795,460.2925,0.000,0.000
13796,460.3258,0.000,0.000
13797,460.3592,0.000,0.000
13798,460.3926,0.000,0.000
13799,460.4259,7.493,0.250
13800,460.4593,10.596,0.354
13801,460.4927,7.493,0.250
13802,460.5260,0.000,0.000
13803,460.5594,0.000,0.000
13804,460.5928,0.000,0.000
13805,460.6261,0.000,0.000
13806,460.6595,0.000,0.000
13807,460.6929,0.000,0.000
13808,460.7262,0.000,0.000
13809,460.7596,0.000,0.000
13810,460.7930,0.000,0.000
13811,460.8263,0.000,0.000
13812,460.8597,0.000,0.000
13813,460.8931,0.000,0.000
13814,460.9264,0.000,0.000
13815,460.9598,0.000,0.000
13816,460.9932,0.000,0.000
13817,461.0265,0.000,0.000
13818,461.0599,0.000,0.000
13819,461.0933,0.000,0.000
13820,461.1266,0.000,0.000
13821,461.1600,0.000,0.000
13822,461.1934,0.000,0.000
13823,461.2267,0.000,0.000
13824,461.2601,0.000,0.000
13825,461.2935,0.000,0.000
13826,461.3268,0.000,0.000
13827,461.3602,0.000,0.000
13828,461.3936,0.000,0.000
13829,461.4269,0.000,0.000
13830,461.4603,0.000,0.000
13831,461.4937,0.000,0.000
13832,461.5270,0.000,0.000
13833,461.5604,0.000,0.000
13834,461.5938,7.493,0.250
13835,461.6271,0.000,0.000
13836,461.6605,7.493,0.250
13837,461.6939,7.493,0.250
13838,461.7272,10.596,0.354
13839,461.7606,10.596,0.354
13840,461.7940,7.493,0.250
13841,461.8273,0.000,0.000
13842,461.8607,0.000,0.000
13843,461.8941,0.000,0.000
13844,461.9274,0.000,0.000
13845,461.9608,0.000,0.000
13846,461.9942,0.000,0.000
13847,462.0275,0.000,0.000
13848,462.0609,0.000,0.000
13849,462.0943,0.000,0.000
13850,462.1276,0.000,0.000
13851,462.1610,0.000,0.000
13852,462.1944,0.000,0.000
13853,462.2277,0.000,0.000
13854,462.2611,0.000,0.000
13855,462.2945,0.000,0.000
13856,462.3278,0.000,0.000
13857,462.3612,0.000,0.000
13858,462.3946,0.000,0.000
13859,462.4279,0.000,0.000
13860,462.4613,0.000,0.000
13861,462.4947,0.000,0.000
13862,462.5280,0.000,0.000
13863,462.5614,0.000,0.000
13864,462.5948,0.000,0.000
13865,462.6281,0.000,0.000
13866,462.6615,0.000,0.000
13867,462.6949,0.000,0.000
13868,462.7282,0.000,0.000
13869,462.7616,0.000,0.000
13870,462.7950,0.000,0.000
13871,462.8283,0.000,0.000
13872,462.8617,0.000,0.000
13873,462.8951,0.000,0.000
13874,462.9284,0.000,0.000
13875,462.9618,0.000,0.000
13876,462.9952,7.493,0.250
13877,463.0285,10.596,0.354
13878,463.0619,0.000,0.000
13879,463.0953,0.000,0.000
13880,463.1286,0.000,0.000
13881,463.1620,0.000,0.000
13882,463.1954,0.000,0.000
13883,463.2287,0.000,0.000
13884,463.2621,7.493,0.250
13885,463.2955,0.000,0.000
13886,463.3288,0.000,0.000
13887,463.3622,0.000,0.000
13888,463.3956,0.000,0.000
13889,463.4289,7.493,0.250
13890,463.4623,0.000,0.000
13891,463.4957,0.000,0.000
13892,463.5290,0.000,0.000
13893,463.5624,0.000,0.000
13894,463.5958,10.596,0.354
13895,463.6291,10.596,0.354
13896,463.6625,0.000,0.000
13897,463.6959,0.000,0.000
13898,463.7292,0.000,0.000
13899,463.7626,0.000,0.000
13900,463.7960,0.000,0.000
13901,463.8293,0.000,0.000
13902,463.8627,0.000,0.000
13903,463.8961,0.000,0.000
13904,463.9294,0.000,0.000
13905,463.9628,0.000,0.000
13906,463.9962,0.000,0.000
13907,464.0295,7.493,0.250
13908,464.0629,7.493,0.250
13909,464.0963,7.493,0.250
13910,464.1296,0.000,0.000
13911,464.1630,0.000,0.000
13912,464.1964,0.000,0.000
13913,464.2297,0.000,0.000
13914,464.2631,0.000,0.000
13915,464.2965,0.000,0.000
13916,464.3298,14.985,0.500
13917,464.3632,0.000,0.000
13918,464.3966,7.493,0.250
13919,464.4299,7.493,0.250
13920,464.4633,7.493,0.250
13921,464.4967,7.493,0.250
13922,464.5300,0.000,0.000
13923,464.5634,0.000,0.000
13924,464.5968,0.000,0.000
13925,464.6301,0.000,0.000
13926,464.6635,0.000,0.000
13927,464.6969,0.000,0.000
13928,464.7302,0.000,0.000
13929,464.7636,0.000,0.000
13930,464.7970,0.000,0.000
13931,464.8303,7.493,0.250
13932,464.8637,0.000,0.000
13933,464.8971,0.000,0.000
13934,464.9304,0.000,0.000
13935,464.9638,0.000,0.000
13936,464.9972,7.493,0.250
13937,465.0305,0.000,0.000
13938,465.0639,0.000,0.000
13939,465.0973,0.000,0.000
13940,465.1306,16.754,0.559
13941,465.1640,10.596,0.354
13942,465.1974,0.000,0.000
13943,465.2307,10.596,0.354
13944,465.2641,0.000,0.000
13945,465.2975,7.493,0.250
13946,465.3308,0.000,0.000
13947,465.3642,0.000,0.000
13948,465.3976,0.000,0.000
13949,465.4309,0.000,0.000
13950,465.4643,0.000,0.000
13951,465.4977,0.000,0.000
13952,465.5310,0.000,0.000
13953,465.5644,0.000,0.000
13954,465.5977,0.000,0.000
13955,465.6311,0.000,0.000
13956,465.6645,0.000,0.000
13957,465.6978,0.000,0.000
13958,465.7312,0.000,0.000
13959,465.7646,0.000,0.000
13960,465.7979,0.000,0.000
13961,465.8313,0.000,0.000
13962,465.8647,0.000,0.000
13963,465.8980,0.000,0.000
13964,465.9314,0.000,0.000
13965,465.9648,0.000,0.000
13966,465.9981,0.000,0.000
13967,466.0315,0.000,0.000
13968,466.0649,0.000,0.000
13969,466.0982,0.000,0.000
13970,466.1316,0.000,0.000
13971,466.1650,0.000,0.000
13972,466.1983,0.000,0.000
13973,466.2317,0.000,0.000
13974,466.2651,0.000,0.000
13975,466.2984,7.493,0.250
13976,466.3318,0.000,0.000
13977,466.3652,10.596,0.354
13978,466.3985,0.000,0.000
13979,466.4319,0.000,0.000
13980,466.4653,0.000,0.000
13981,466.4986,0.000,0.000
13982,466.5320,0.000,0.000
13983,466.5654,0.000,0.000
13984,466.5987,0.000,0.000
13985,466.6321,0.000,0.000
13986,466.6655,0.000,0.000
13987,466.6988,0.000,0.000
13988,466.7322,0.000,0.000
13989,466.7656,0.000,0.000
13990,466.7989,0.000,0.000
13991,466.8323,0.000,0.000
13992,466.8657,0.000,0.000
13993,466.8990,0.000,0.000
13994,466.9324,0.000,0.000
13995,466.9658,0.000,0.000
13996,466.9991,0.000,0.000
13997,467.0325,0.000,0.000
13998,467.0659,0.000,0.000
13999,467.0992,0.000,0.000
14000,467.1326,0.000,0.000
14001,467.1660,0.000,0.000
14002,467.1993,0.000,0.000
14003,467.2327,0.000,0.000
14004,467.2661,0.000,0.000
14005,467.2994,14.985,0.500
14006,467.3328,0.000,0.000
14007,467.3662,0.000,0.000
14008,467.3995,0.000,0.000
14009,467.4329,7.493,0.250
14010,467.4663,0.000,0.000
14011,467.4996,7.493,0.250
14012,467.5330,10.596,0.354
14013,467.5664,0.000,0.000
14014,467.5997,0.000,0.000
14015,467.6331,0.000,0.000
14016,467.6665,0.000,0.000
14017,467.6998,0.000,0.000
14018,467.7332,0.000,0.000
14019,467.7666,0.000,0.000
14020,467.7999,0.000,0.000
14021,467.8333,0.000,0.000
14022,467.8667,0.000,0.000
14023,467.9000,0.000,0.000
14024,467.9334,0.000,0.000
14025,467.9668,7.493,0.250
14026,468.0001,0.000,0.000
14027,468.0335,0.000,0.000
14028,468.0669,0.000,0.000
14029,468.1002,0.000,0.000
14030,468.1336,0.000,0.000
14031,468.1670,0.000,0.000
14032,468.2003,0.000,0.000
14033,468.2337,0.000,0.000
14034,468.2671,0.000,0.000
14035,468.3004,0.000,0.000
14036,468.3338,0.000,0.000
14037,468.3672,0.000,0.000
14038,468.4005,0.000,0.000
14039,468.4339,0.000,0.000
14040,468.4673,0.000,0.000
14041,468.5006,0.000,0.000
14042,468.5340,0.000,0.000
14043,468.5674,0.000,0.000
14044,468.6007,0.000,0.000
14045,468.6341,0.000,0.000
14046,468.6675,0.000,0.000
14047,468.7008,0.000,0.000
14048,468.7342,0.000,0.000
14049,468.7676,0.000,0.000
14050,468.8009,0.000,0.000
14051,468.8343,0.000,0.000
14052,468.8677,0.000,0.000
14053,468.9010,0.000,0.000
14054,468.9344,0.000,0.000
14055,468.9678,0.000,0.000
14056,469.0011,0.000,0.000
14057,469.0345,0.000,0.000
14058,469.0679,0.000,0.000
14059,469.1012,0.000,0.000
14060,469.1346,0.000,0.000
14061,469.1680,0.000,0.000
14062,469.2013,0.000,0.000
14063,469.2347,0.000,0.000
14064,469.2681,0.000,0.000
14065,469.3014,0.000,0.000
14066,469.3348,0.000,0.000
14067,469.3682,0.000,0.000
14068,469.4015,0.000,0.000
14069,469.4349,0.000,0.000
14070,469.4683,0.000,0.000
14071,469.5016,0.000,0.000
14072,469.5350,0.000,0.000
14073,469.5684,0.000,0.000
14074,469.6017,0.000,0.000
14075,469.6351,0.000,0.000
14076,469.6685,0.000,0.000
14077,469.7018,0.000,0.000
14078,469.7352,7.493,0.250
14079,469.7686,0.000,0.000
14080,469.8019,0.000,0.000
14081,469.8353,10.596,0.354
14082,469.8687,0.000,0.000
14083,469.9020,7.493,0.250
14084,469.9354,0.000,0.000
14085,469.9688,0.000,0.000
14086,470.0021,0.000,0.000
14087,470.0355,0.000,0.000
14088,470.0689,0.000,0.000
14089,470.1022,0.000,0.000
14090,470.1356,0.000,0.000
14091,470.1690,0.000,0.000
14092,470.2023,0.000,0.000
14093,470.2357,0.000,0.000
14094,470.2691,0.000,0.000
14095,470.3024,0.000,0.000
14096,470.3358,0.000,0.000
14097,470.3692,0.000,0.000
14098,470.4025,0.000,0.000
14099,470.4359,7.493,0.250
14100,470.4693,7.493,0.250
14101,470.5026,0.000,0.000
14102,470.5360,0.000,0.000
14103,470.5694,0.000,0.000
14104,470.6027,0.000,0.000
14105,470.6361,7.493,0.250
14106,470.6695,0.000,0.000
14107,470.7028,0.000,0.000
14108,470.7362,0.000,0.000
14109,470.7696,10.596,0.354
14110,470.8029,10.596,0.354
14111,470.8363,7.493,0.250
14112,470.8697,0.000,0.000
14113,470.9030,7.493,0.250
14114,470.9364,0.000,0.000
14115,470.9698,0.000,0.000
14116,471.0031,0.000,0.000
14117,471.0365,0.000,0.000
14118,471.0699,0.000,0.000
14119,471.1032,0.000,0.000
14120,471.1366,7.493,0.250
14121,471.1700,0.000,0.000
14122,471.2033,0.000,0.000
14123,471.2367,0.000,0.000
14124,471.2701,0.000,0.000
14125,471.3034,0.000,0.000
14126,471.3368,0.000,0.000
14127,471.3702,0.000,0.000
14128,471.4035,0.000,0.000
14129,471.4369,0.000,0.000
14130,471.4703,0.000,0.000
14131,471.5036,0.000,0.000
14132,471.5370,0.000,0.000
14133,471.5704,0.000,0.000
14134,471.6037,0.000,0.000
14135,471.6371,0.000,0.000
14136,471.6705,0.000,0.000
14137,471.7038,0.000,0.000
14138,471.7372,7.493,0.250
14139,471.7706,0.000,0.000
14140,471.8039,0.000,0.000
14141,471.8373,0.000,0.000
14142,471.8707,0.000,0.000
14143,471.9040,7.493,0.250
14144,471.9374,0.000,0.000
14145,471.9708,0.000,0.000
14146,472.0041,0.000,0.000
14147,472.0375,7.493,0.250
14148,472.0709,0.000,0.000
14149,472.1042,7.493,0.250
14150,472.1376,0.000,0.000
14151,472.1710,0.000,0.000
14152,472.2043,0.000,0.000
14153,472.2377,0.000,0.000
14154,472.2711,0.000,0.000
14155,472.3044,0.000,0.000
14156,472.3378,0.000,0.000
14157,472.3712,7.493,0.250
14158,472.4045,0.000,0.000
14159,472.4379,7.493,0.250
14160,472.4713,0.000,0.000
14161,472.5046,0.000,0.000
14162,472.5380,0.000,0.000
14163,472.5714,0.000,0.000
14164,472.6047,0.000,0.000
14165,472.6381,0.000,0.000
14166,472.6715,0.000,0.000
14167,472.7048,0.000,0.000
14168,472.7382,0.000,0.000
14169,472.7716,0.000,0.000
14170,472.8049,0.000,0.000
14171,472.8383,0.000,0.000
14172,472.8717,0.000,0.000
14173,472.9050,0.000,0.000
14174,472.9384,0.000,0.000
14175,472.9718,0.000,0.000
14176,473.0051,0.000,0.000
14177,473.0385,0.000,0.000
14178,473.0719,0.000,0.000
14179,473.1052,7.493,0.250
14180,473.1386,0.000,0.000
14181,473.1720,0.000,0.000
14182,473.2053,0.000,0.000
14183,473.2387,0.000,0.000
14184,473.2721,7.493,0.250
14185,473.3054,0.000,0.000
14186,473.3388,7.493,0.250
14187,473.3722,0.000,0.000
14188,473.4055,0.000,0.000
14189,473.4389,0.000,0.000
14190,473.4723,0.000,0.000
14191,473.5056,10.596,0.354
14192,473.5390,7.493,0.250
14193,473.5724,7.493,0.250
14194,473.6057,0.000,0.000
14195,473.6391,0.000,0.000
14196,473.6725,0.000,0.000
14197,473.7058,0.000,0.000
14198,473.7392,7.493,0.250
14199,473.7726,0.000,0.000
14200,473.8059,0.000,0.000
14201,473.8393,0.000,0.000
14202,473.8727,0.000,0.000
14203,473.9060,0.000,0.000
14204,473.9394,0.000,0.000
14205,473.9728,0.000,0.000
14206,474.0061,0.000,0.000
14207,474.0395,0.000,0.000
14208,474.0729,0.000,0.000
14209,474.1062,0.000,0.000
14210,474.1396,0.000,0.000
14211,474.1730,0.000,0.000
14212,474.2063,0.000,0.000
14213,474.2397,0.000,0.000
14214,474.2731,0.000,0.000
14215,474.3064,0.000,0.000
14216,474.3398,0.000,0.000
14217,474.3732,0.000,0.000
14218,474.4065,0.000,0.000
14219,474.4399,0.000,0.000
14220,474.4733,0.000,0.000
14221,474.5066,0.000,0.000
14222,474.5400,0.000,0.000
14223,474.5734,0.000,0.000
14224,474.6067,0.000,0.000
14225,474.6401,0.000,0.000
14226,474.6735,0.000,0.000
14227,474.7068,0.000,0.000
14228,474.7402,0.000,0.000
14229,474.7736,0.000,0.000
14230,474.8069,0.000,0.000
14231,474.8403,0.000,0.000
14232,474.8737,0.000,0.000
14233,474.9070,7.493,0.250
14234,474.9404,0.000,0.000
14235,474.9738,0.000,0.000
14236,475.0071,7.493,0.250
14237,475.0405,7.493,0.250
14238,475.0739,16.754,0.559
14239,475.1072,10.596,0.354
14240,475.1406,7.493,0.250
14241,475.1740,0.000,0.000
14242,475.2073,0.000,0.000
14243,475.2407,7.493,0.250
14244,475.2741,0.000,0.000
14245,475.3074,0.000,0.000
14246,475.3408,0.000,0.000
14247,475.3742,0.000,0.000
14248,475.4075,0.000,0.000
14249,475.4409,0.000,0.000
14250,475.4743,0.000,0.000
14251,475.5076,0.000,0.000
14252,475.5410,0.000,0.000
14253,475.5744,0.000,0.000
14254,475.6077,0.000,0.000
14255,475.6411,0.000,0.000
14256,475.6745,0.000,0.000
14257,475.7078,0.000,0.000
14258,475.7412,0.000,0.000
14259,475.7746,0.000,0.000
14260,475.8079,0.000,0.000
14261,475.8413,0.000,0.000
14262,475.8747,0.000,0.000
14263,475.9080,0.000,0.000
14264,475.9414,0.000,0.000
14265,475.9748,0.000,0.000
14266,476.0081,0.000,0.000
14267,476.0415,0.000,0.000
14268,476.0749,0.000,0.000
14269,476.1082,0.000,0.000
14270,476.1416,0.000,0.000
14271,476.1750,0.000,0.000
14272,476.2083,0.000,0.000
14273,476.2417,0.000,0.000
14274,476.2751,0.000,0.000
14275,476.3084,0.000,0.000
14276,476.3418,0.000,0.000
14277,476.3752,0.000,0.000
14278,476.4085,0.000,0.000
14279,476.4419,0.000,0.000
14280,476.4753,0.000,0.000
14281,476.5086,0.000,0.000
14282,476.5420,0.000,0.000
14283,476.5754,0.000,0.000
14284,476.6087,0.000,0.000
14285,476.6421,0.000,0.000
14286,476.6755,0.000,0.000
14287,476.7088,0.000,0.000
14288,476.7422,0.000,0.000
14289,476.7756,7.493,0.250
14290,476.8089,0.000,0.000
14291,476.8423,0.000,0.000
14292,476.8757,0.000,0.000
14293,476.9090,7.493,0.250
14294,476.9424,0.000,0.000
14295,476.9758,0.000,0.000
14296,477.0091,0.000,0.000
14297,477.0425,0.000,0.000
14298,477.0759,0.000,0.000
14299,477.1092,0.000,0.000
14300,477.1426,0.000,0.000
14301,477.1760,0.000,0.000
14302,477.2093,0.000,0.000
14303,477.2427,0.000,0.000
14304,477.2761,0.000,0.000
14305,477.3094,0.000,0.000
14306,477.3428,0.000,0.000
14307,477.3762,0.000,0.000
14308,477.4095,0.000,0.000
14309,477.4429,0.000,0.000
14310,477.4763,7.493,0.250
14311,477.5096,0.000,0.000
14312,477.5430,0.000,0.000
14313,477.5764,0.000,0.000
14314,477.6097,0.000,0.000
14315,477.6431,0.000,0.000
14316,477.6765,0.000,0.000
14317,477.7098,0.000,0.000
14318,477.7432,0.000,0.000
14319,477.7766,0.000,0.000
14320,477.8099,7.493,0.250
14321,477.8433,0.000,0.000
14322,477.8767,0.000,0.000
14323,477.9100,0.000,0.000
14324,477.9434,0.000,0.000
14325,477.9768,0.000,0.000
14326,478.0101,0.000,0.000
14327,478.0435,0.000,0.000
14328,478.0769,0.000,0.000
14329,478.1102,0.000,0.000
14330,478.1436,0.000,0.000
14331,478.1770,0.000,0.000
14332,478.2103,0.000,0.000
14333,478.2437,0.000,0.000
14334,478.2771,0.000,0.000
14335,478.3104,7.493,0.250
14336,478.3438,0.000,0.000
14337,478.3772,0.000,0.000
14338,478.4105,0.000,0.000
14339,478.4439,0.000,0.000
14340,478.4773,0.000,0.000
14341,478.5106,0.000,0.000
14342,478.5440,0.000,0.000
14343,478.5774,10.596,0.354
14344,478.6107,0.000,0.000
14345,478.6441,7.493,0.250
14346,478.6775,0.000,0.000
14347,478.7108,0.000,0.000
14348,478.7442,0.000,0.000
14349,478.7776,0.000,0.000
14350,478.8109,0.000,0.000
14351,478.8443,0.000,0.000
14352,478.8777,0.000,0.000
14353,478.9110,0.000,0.000
14354,478.9444,0.000,0.000
14355,478.9778,0.000,0.000
14356,479.0111,0.000,0.000
14357,479.0445,0.000,0.000
14358,479.0779,0.000,0.000
14359,479.1112,0.000,0.000
14360,479.1446,0.000,0.000
14361,479.1780,0.000,0.000
14362,479.2113,0.000,0.000
14363,479.2447,0.000,0.000
14364,479.2781,0.000,0.000
14365,479.3114,0.000,0.000
14366,479.3448,0.000,0.000
14367,479.3782,0.000,0.000
14368,479.4115,0.000,0.000
14369,479.4449,0.000,0.000
14370,479.4783,0.000,0.000
14371,479.5116,0.000,0.000
14372,479.5450,0.000,0.000
14373,479.5784,0.000,0.000
14374,479.6117,0.000,0.000
14375,479.6451,0.000,0.000
14376,479.6785,0.000,0.000
14377,479.7118,0.000,0.000
14378,479.7452,0.000,0.000
14379,479.7786,7.493,0.250
14380,479.8119,0.000,0.000
14381,479.8453,0.000,0.000
14382,479.8787,7.493,0.250
14383,479.9120,0.000,0.000
14384,479.9454,0.000,0.000
14385,479.9788,0.000,0.000
14386,480.0121,0.000,0.000
14387,480.0455,0.000,0.000
14388,480.0789,0.000,0.000
14389,480.1122,0.000,0.000
14390,480.1456,0.000,0.000
14391,480.1790,7.493,0.250
14392,480.2123,0.000,0.000
14393,480.2457,0.000,0.000
14394,480.2791,0.000,0.000
14395,480.3124,0.000,0.000
14396,480.3458,0.000,0.000
14397,480.3792,0.000,0.000
14398,480.4125,0.000,0.000
14399,480.4459,0.000,0.000
14400,480.4793,7.493,0.250
14401,480.5126,0.000,0.000
14402,480.5460,0.000,0.000
14403,480.5794,0.000,0.000
14404,480.6127,0.000,0.000
14405,480.6461,0.000,0.000
14406,480.6795,0.000,0.000
14407,480.7128,0.000,0.000
14408,480.7462,0.000,0.000
14409,480.7796,0.000,0.000
14410,480.8129,0.000,0.000
14411,480.8463,0.000,0.000
14412,480.8797,0.000,0.000
14413,480.9130,0.000,0.000
14414,480.9464,0.000,0.000
14415,480.9798,0.000,0.000
14416,481.0131,0.000,0.000
14417,481.0465,0.000,0.000
14418,481.0799,0.000,0.000
14419,481.1132,0.000,0.000
14420,481.1466,0.000,0.000
14421,481.1800,0.000,0.000
14422,481.2133,0.000,0.000
14423,481.2467,0.000,0.000
14424,481.2801,0.000,0.000
14425,481.3134,0.000,0.000
14426,481.3468,0.000,0.000
14427,481.3802,0.000,0.000
14428,481.4135,0.000,0.000
14429,481.4469,0.000,0.000
14430,481.4803,0.000,0.000
14431,481.5136,7.493,0.250
14432,481.5470,0.000,0.000
14433,481.5804,0.000,0.000
14434,481.6137,0.000,0.000
14435,481.6471,0.000,0.000
14436,481.6805,0.000,0.000
14437,481.7138,7.493,0.250
14438,481.7472,0.000,0.000
14439,481.7806,0.000,0.000
14440,481.8139,0.000,0.000
14441,481.8473,0.000,0.000
14442,481.8807,0.000,0.000
14443,481.9140,0.000,0.000
14444,481.9474,0.000,0.000
14445,481.9808,0.000,0.000
14446,482.0141,0.000,0.000
14447,482.0475,0.000,0.000
14448,482.0809,0.000,0.000
14449,482.1142,0.000,0.000
14450,482.1476,0.000,0.000
14451,482.1810,0.000,0.000
14452,482.2143,0.000,0.000
14453,482.2477,0.000,0.000
14454,482.2811,0.000,0.000
14455,482.3144,0.000,0.000
14456,482.3478,0.000,0.000
14457,482.3812,0.000,0.000
14458,482.4145,0.000,0.000
14459,482.4479,0.000,0.000
14460,482.4813,0.000,0.000
14461,482.5146,0.000,0.000
14462,482.5480,0.000,0.000
14463,482.5814,0.000,0.000
14464,482.6147,0.000,0.000
14465,482.6481,0.000,0.000
14466,482.6815,0.000,0.000
14467,482.7148,0.000,0.000
14468,482.7482,0.000,0.000
14469,482.7816,0.000,0.000
14470,482.8149,0.000,0.000
14471,482.8483,0.000,0.000
14472,482.8817,0.000,0.000
14473,482.9150,0.000,0.000
14474,482.9484,7.493,0.250
14475,482.9818,0.000,0.000
14476,483.0151,0.000,0.000
14477,483.0485,0.000,0.000
14478,483.0819,7.493,0.250
14479,483.1152,0.000,0.000
14480,483.1486,0.000,0.000
14481,483.1820,0.000,0.000
14482,483.2153,0.000,0.000
14483,483.2487,0.000,0.000
14484,483.2821,7.493,0.250
14485,483.3154,7.493,0.250
14486,483.3488,7.493,0.250
14487,483.3822,7.493,0.250
14488,483.4155,0.000,0.000
14489,483.4489,0.000,0.000
14490,483.4823,0.000,0.000
14491,483.5156,0.000,0.000
14492,483.5490,0.000,0.000
14493,483.5824,0.000,0.000
14494,483.6157,0.000,0.000
14495,483.6491,0.000,0.000
14496,483.6825,0.000,0.000
14497,483.7158,0.000,0.000
14498,483.7492,7.493,0.250
14499,483.7826,0.000,0.000
14500,483.8159,0.000,0.000
14501,483.8493,0.000,0.000
14502,483.8827,0.000,0.000
14503,483.9160,0.000,0.000
14504,483.9494,7.493,0.250
14505,483.9828,0.000,0.000
14506,484.0161,0.000,0.000
14507,484.0495,0.000,0.000
14508,484.0829,0.000,0.000
14509,484.1162,0.000,0.000
14510,484.1496,0.000,0.000
14511,484.1830,0.000,0.000
14512,484.2163,0.000,0.000
14513,484.2497,0.000,0.000
14514,484.2831,0.000,0.000
14515,484.3164,7.493,0.250
14516,484.3498,0.000,0.000
14517,484.3832,0.000,0.000
14518,484.4165,0.000,0.000
14519,484.4499,0.000,0.000
14520,484.4833,0.000,0.000
14521,484.5166,7.493,0.250
14522,484.5500,0.000,0.000
14523,484.5834,0.000,0.000
14524,484.6167,0.000,0.000
14525,484.6501,0.000,0.000
14526,484.6835,0.000,0.000
14527,484.7168,0.000,0.000
14528,484.7502,7.493,0.250
14529,484.7836,0.000,0.000
14530,484.8169,16.754,0.559
14531,484.8503,21.192,0.707
14532,484.8837,7.493,0.250
14533,484.9170,10.596,0.354
14534,484.9504,7.493,0.250
14535,484.9838,0.000,0.000
14536,485.0171,0.000,0.000
14537,485.0505,0.000,0.000
14538,485.0839,0.000,0.000
14539,485.1172,0.000,0.000
14540,485.1506,0.000,0.000
14541,485.1840,0.000,0.000
14542,485.2173,0.000,0.000
14543,485.2507,0.000,0.000
14544,485.2841,0.000,0.000
14545,485.3174,0.000,0.000
14546,485.3508,0.000,0.000
14547,485.3842,0.000,0.000
14548,485.4175,0.000,0.000
14549,485.4509,0.000,0.000
14550,485.4843,0.000,0.000
14551,485.5176,0.000,0.000
14552,485.5510,0.000,0.000
14553,485.5844,0.000,0.000
14554,485.6177,0.000,0.000
14555,485.6511,0.000,0.000
14556,485.6845,0.000,0.000
14557,485.7178,0.000,0.000
14558,485.7512,0.000,0.000
14559,485.7846,0.000,0.000
14560,485.8179,7.493,0.250
14561,485.8513,0.000,0.000
14562,485.8847,0.000,0.000
14563,485.9180,0.000,0.000
14564,485.9514,0.000,0.000
14565,485.9848,0.000,0.000
14566,486.0181,0.000,0.000
14567,486.0515,0.000,0.000
14568,486.0849,0.000,0.000
14569,486.1182,0.000,0.000
14570,486.1516,0.000,0.000
14571,486.1850,0.000,0.000
14572,486.2183,0.000,0.000
14573,486.2517,0.000,0.000
14574,486.2851,0.000,0.000
14575,486.3184,0.000,0.000
14576,486.3518,0.000,0.000
14577,486.3852,0.000,0.000
14578,486.4185,0.000,0.000
14579,486.4519,0.000,0.000
14580,486.4853,0.000,0.000
14581,486.5186,0.000,0.000
14582,486.5520,0.000,0.000
14583,486.5854,0.000,0.000
14584,486.6187,0.000,0.000
14585,486.6521,7.493,0.250
14586,486.6855,0.000,0.000
14587,486.7188,0.000,0.000
14588,486.7522,0.000,0.000
14589,486.7856,0.000,0.000
14590,486.8189,0.000,0.000
14591,486.8523,0.000,0.000
14592,486.8857,0.000,0.000
14593,486.9190,7.493,0.250
14594,486.9524,0.000,0.000
14595,486.9858,0.000,0.000
14596,487.0191,0.000,0.000
14597,487.0525,0.000,0.000
14598,487.0859,0.000,0.000
14599,487.1192,0.000,0.000
14600,487.1526,0.000,0.000
14601,487.1859,0.000,0.000
14602,487.2193,0.000,0.000
14603,487.2527,0.000,0.000
14604,487.2860,0.000,0.000
14605,487.3194,10.596,0.354
14606,487.3528,16.754,0.559
14607,487.3861,14.985,0.500
14608,487.4195,7.493,0.250
14609,487.4529,0.000,0.000
14610,487.4862,0.000,0.000
14611,487.5196,0.000,0.000
14612,487.5530,0.000,0.000
14613,487.5863,0.000,0.000
14614,487.6197,0.000,0.000
14615,487.6531,0.000,0.000
14616,487.6864,0.000,0.000
14617,487.7198,0.000,0.000
14618,487.7532,0.000,0.000
14619,487.7865,0.000,0.000
14620,487.8199,0.000,0.000
14621,487.8533,7.493,0.250
14622,487.8866,0.000,0.000
14623,487.9200,0.000,0.000
14624,487.9534,0.000,0.000
14625,487.9867,0.000,0.000
14626,488.0201,0.000,0.000
14627,488.0535,0.000,0.000
14628,488.0868,0.000,0.000
14629,488.1202,14.985,0.500
14630,488.1536,0.000,0.000
14631,488.1869,7.493,0.250
14632,488.2203,10.596,0.354
14633,488.2537,7.493,0.250
14634,488.2870,7.493,0.250
14635,488.3204,33.508,1.118
14636,488.3538,21.192,0.707
14637,488.3871,21.192,0.707
14638,488.4205,21.192,0.707
14639,488.4539,23.693,0.791
14640,488.4872,22.478,0.750
14641,488.5206,16.754,0.559
14642,488.5540,33.508,1.118
14643,488.5873,14.985,0.500
14644,488.6207,10.596,0.354
14645,488.6541,38.205,1.275
14646,488.6874,7.493,0.250
14647,488.7208,23.693,0.791
14648,488.7542,52.980,1.768
14649,488.7875,10.596,0.354
14650,488.8209,22.478,0.750
14651,488.8543,33.508,1.118
14652,488.8876,23.693,0.791
14653,488.9210,10.596,0.354
14654,488.9544,22.478,0.750
14655,488.9877,47.387,1.581
14656,489.0211,14.985,0.500
14657,489.0545,7.493,0.250
14658,489.0878,33.508,1.118
14659,489.1212,30.892,1.031
14660,489.1546,10.596,0.354
14661,489.1879,14.985,0.500
14662,489.2213,10.596,0.354
14663,489.2547,10.596,0.354
14664,489.2880,0.000,0.000
14665,489.3214,0.000,0.000
14666,489.3548,0.000,0.000
14667,489.3881,0.000,0.000
14668,489.4215,0.000,0.000
14669,489.4549,0.000,0.000
14670,489.4882,7.493,0.250
14671,489.5216,0.000,0.000
14672,489.5550,10.596,0.354
14673,489.5883,7.493,0.250
14674,489.6217,7.493,0.250
14675,489.6551,0.000,0.000
14676,489.6884,0.000,0.000
14677,489.7218,0.000,0.000
14678,489.7552,0.000,0.000
14679,489.7885,0.000,0.000
14680,489.8219,0.000,0.000
14681,489.8553,7.493,0.250
14682,489.8886,7.493,0.250
14683,489.9220,7.493,0.250
14684,489.9554,0.000,0.000
14685,489.9887,7.493,0.250
14686,490.0221,7.493,0.250
14687,490.0555,16.754,0.559
14688,490.0888,45.575,1.521
14689,490.1222,7.493,0.250
14690,490.1556,16.754,0.559
14691,490.1889,23.693,0.791
14692,490.2223,7.493,0.250
14693,490.2557,7.493,0.250
14694,490.2890,0.000,0.000
14695,490.3224,10.596,0.354
14696,490.3558,23.693,0.791
14697,490.3891,0.000,0.000
14698,490.4225,23.693,0.791
14699,490.4559,16.754,0.559
14700,490.4892,10.596,0.354
14701,490.5226,14.985,0.500
14702,490.5560,14.985,0.500
14703,490.5893,7.493,0.250
14704,490.6227,7.493,0.250
14705,490.6561,10.596,0.354
14706,490.6894,0.000,0.000
14707,490.7228,0.000,0.000
14708,490.7562,0.000,0.000
14709,490.7895,0.000,0.000
14710,490.8229,10.596,0.354
14711,490.8563,10.596,0.354
14712,490.8896,30.892,1.031
14713,490.9230,7.493,0.250
14714,490.9564,10.596,0.354
14715,490.9897,0.000,0.000
14716,491.0231,7.493,0.250
14717,491.0565,0.000,0.000
14718,491.0898,0.000,0.000
14719,491.1232,16.754,0.559
14720,491.1566,0.000,0.000
14721,491.1899,16.754,0.559
14722,491.2233,7.493,0.250
14723,491.2567,7.493,0.250
14724,491.2900,0.000,0.000
14725,491.3234,0.000,0.000
14726,491.3568,0.000,0.000
14727,491.3901,0.000,0.000
14728,491.4235,0.000,0.000
14729,491.4569,0.000,0.000
14730,491.4902,7.493,0.250
14731,491.5236,0.000,0.000
14732,491.5570,10.596,0.354
14733,491.5903,14.985,0.500
14734,491.6237,0.000,0.000
14735,491.6571,0.000,0.000
14736,491.6904,0.000,0.000
14737,491.7238,0.000,0.000
14738,491.7572,0.000,0.000
14739,491.7905,0.000,0.000
14740,491.8239,23.693,0.791
14741,491.8573,0.000,0.000
14742,491.8906,7.493,0.250
14743,491.9240,7.493,0.250
14744,491.9574,0.000,0.000
14745,491.9907,0.000,0.000
14746,492.0241,10.596,0.354
14747,492.0575,0.000,0.000
14748,492.0908,0.000,0.000
14749,492.1242,0.000,0.000
14750,492.1576,0.000,0.000
14751,492.1909,14.985,0.500
14752,492.2243,7.493,0.250
14753,492.2577,0.000,0.000
14754,492.2910,0.000,0.000
14755,492.3244,0.000,0.000
14756,492.3578,0.000,0.000
14757,492.3911,7.493,0.250
14758,492.4245,7.493,0.250
14759,492.4579,0.000,0.000
14760,492.4912,0.000,0.000
14761,492.5246,0.000,0.000
14762,492.5580,7.493,0.250
14763,492.5913,14.985,0.500
14764,492.6247,0.000,0.000
14765,492.6581,10.596,0.354
14766,492.6914,0.000,0.000
14767,492.7248,7.493,0.250
14768,492.7582,0.000,0.000
14769,492.7915,0.000,0.000
14770,492.8249,10.596,0.354
14771,492.8583,7.493,0.250
14772,492.8916,7.493,0.250
14773,492.9250,0.000,0.000
14774,492.9584,0.000,0.000
14775,492.9917,0.000,0.000
14776,493.0251,7.493,0.250
14777,493.0585,0.000,0.000
14778,493.0918,0.000,0.000
14779,493.1252,7.493,0.250
14780,493.1586,0.000,0.000
14781,493.1919,0.000,0.000
14782,493.2253,0.000,0.000
14783,493.2587,10.596,0.354
14784,493.2920,0.000,0.000
14785,493.3254,0.000,0.000
14786,493.3588,7.493,0.250
14787,493.3921,30.892,1.031
14788,493.4255,16.754,0.559
14789,493.4589,7.493,0.250
14790,493.4922,7.493,0.250
14791,493.5256,7.493,0.250
14792,493.5590,7.493,0.250
14793,493.5923,0.000,0.000
14794,493.6257,7.493,0.250
14795,493.6591,7.493,0.250
14796,493.6924,10.596,0.354
14797,493.7258,0.000,0.000
14798,493.7592,10.596,0.354
14799,493.7925,0.000,0.000
14800,493.8259,0.000,0.000
14801,493.8593,0.000,0.000
14802,493.8926,0.000,0.000
14803,493.9260,0.000,0.000
14804,493.9594,0.000,0.000
14805,493.9927,0.000,0.000
14806,494.0261,0.000,0.000
14807,494.0595,0.000,0.000
14808,494.0928,0.000,0.000
14809,494.1262,0.000,0.000
14810,494.1596,10.596,0.354
14811,494.1929,0.000,0.000
14812,494.2263,0.000,0.000
14813,494.2597,10.596,0.354
14814,494.2930,0.000,0.000
14815,494.3264,14.985,0.500
14816,494.3598,14.985,0.500
14817,494.3931,0.000,0.000
14818,494.4265,0.000,0.000
14819,494.4599,0.000,0.000
14820,494.4932,7.493,0.250
14821,494.5266,0.000,0.000
14822,494.5600,0.000,0.000
14823,494.5933,0.000,0.000
14824,494.6267,0.000,0.000
14825,494.6601,0.000,0.000
14826,494.6934,0.000,0.000
14827,494.7268,0.000,0.000
14828,494.7602,0.000,0.000
14829,494.7935,0.000,0.000
14830,494.8269,0.000,0.000
14831,494.8603,0.000,0.000
14832,494.8936,0.000,0.000
14833,494.9270,0.000,0.000
14834,494.9604,0.000,0.000
14835,494.9937,0.000,0.000
14836,495.0271,0.000,0.000
14837,495.0605,7.493,0.250
14838,495.0938,0.000,0.000
14839,495.1272,0.000,0.000
14840,495.1606,7.493,0.250
14841,495.1939,10.596,0.354
14842,495.2273,10.596,0.354
14843,495.2607,0.000,0.000
14844,495.2940,7.493,0.250
14845,495.3274,16.754,0.559
14846,495.3608,0.000,0.000
14847,495.3941,0.000,0.000
14848,495.4275,0.000,0.000
14849,495.4609,7.493,0.250
14850,495.4942,0.000,0.000
14851,495.5276,0.000,0.000
14852,495.5610,0.000,0.000
14853,495.5943,7.493,0.250
14854,495.6277,16.754,0.559
14855,495.6611,10.596,0.354
14856,495.6944,0.000,0.000
14857,495.7278,7.493,0.250
14858,495.7612,7.493,0.250
14859,495.7945,0.000,0.000
14860,495.8279,0.000,0.000
14861,495.8613,0.000,0.000
14862,495.8946,7.493,0.250
14863,495.9280,0.000,0.000
14864,495.9614,0.000,0.000
14865,495.9947,7.493,0.250
14866,496.0281,0.000,0.000
14867,496.0615,0.000,0.000
14868,496.0948,0.000,0.000
14869,496.1282,0.000,0.000
14870,496.1616,0.000,0.000
14871,496.1949,0.000,0.000
14872,496.2283,0.000,0.000
14873,496.2617,0.000,0.000
14874,496.2950,0.000,0.000
14875,496.3284,7.493,0.250
14876,496.3618,0.000,0.000
14877,496.3951,0.000,0.000
14878,496.4285,0.000,0.000
14879,496.4619,7.493,0.250
14880,496.4952,0.000,0.000
14881,496.5286,0.000,0.000
14882,496.5620,0.000,0.000
14883,496.5953,0.000,0.000
14884,496.6287,0.000,0.000
14885,496.6621,0.000,0.000
14886,496.6954,7.493,0.250
14887,496.7288,7.493,0.250
14888,496.7622,0.000,0.000
14889,496.7955,0.000,0.000
14890,496.8289,7.493,0.250
14891,496.8623,7.493,0.250
14892,496.8956,0.000,0.000
14893,496.9290,0.000,0.000
14894,496.9624,0.000,0.000
14895,496.9957,0.000,0.000
14896,497.0291,0.000,0.000
14897,497.0625,0.000,0.000
14898,497.0958,0.000,0.000
14899,497.1292,0.000,0.000
14900,497.1626,10.596,0.354
14901,497.1959,0.000,0.000
14902,497.2293,0.000,0.000
14903,497.2627,0.000,0.000
14904,497.2960,0.000,0.000
14905,497.3294,0.000,0.000
14906,497.3628,10.596,0.354
14907,497.3961,0.000,0.000
14908,497.4295,0.000,0.000
14909,497.4629,0.000,0.000
14910,497.4962,10.596,0.354
14911,497.5296,0.000,0.000
14912,497.5630,7.493,0.250
14913,497.5963,0.000,0.000
14914,497.6297,0.000,0.000
14915,497.6631,7.493,0.250
14916,497.6964,0.000,0.000
14917,497.7298,10.596,0.354
14918,497.7632,0.000,0.000
14919,497.7965,0.000,0.000
14920,497.8299,7.493,0.250
14921,497.8633,16.754,0.559
14922,497.8966,0.000,0.000
14923,497.9300,0.000,0.000
14924,497.9634,0.000,0.000
14925,497.9967,7.493,0.250
14926,498.0301,0.000,0.000
14927,498.0635,0.000,0.000
14928,498.0968,0.000,0.000
14929,498.1302,0.000,0.000
14930,498.1636,0.000,0.000
14931,498.1969,0.000,0.000
14932,498.2303,0.000,0.000
14933,498.2637,0.000,0.000
14934,498.2970,0.000,0.000
14935,498.3304,0.000,0.000
14936,498.3638,0.000,0.000
14937,498.3971,0.000,0.000
14938,498.4305,7.493,0.250
14939,498.4639,0.000,0.000
14940,498.4972,0.000,0.000
14941,498.5306,0.000,0.000
14942,498.5640,0.000,0.000
14943,498.5973,0.000,0.000
14944,498.6307,0.000,0.000
14945,498.6641,0.000,0.000
14946,498.6974,0.000,0.000
14947,498.7308,0.000,0.000
14948,498.7642,0.000,0.000
14949,498.7975,0.000,0.000
14950,498.8309,0.000,0.000
14951,498.8643,0.000,0.000
14952,498.8976,7.493,0.250
14953,498.9310,0.000,0.000
14954,498.9644,0.000,0.000
14955,498.9977,0.000,0.000
14956,499.0311,0.000,0.000
14957,499.0645,0.000,0.000
14958,499.0978,0.000,0.000
14959,499.1312,0.000,0.000
14960,499.1646,0.000,0.000
14961,499.1979,0.000,0.000
14962,499.2313,0.000,0.000
14963,499.2647,0.000,0.000
14964,499.2980,0.000,0.000
14965,499.3314,0.000,0.000
14966,499.3648,0.000,0.000
14967,499.3981,0.000,0.000
14968,499.4315,0.000,0.000
14969,499.4649,0.000,0.000
14970,499.4982,0.000,0.000
14971,499.5316,0.000,0.000
14972,499.5650,7.493,0.250
14973,499.5983,7.493,0.250
14974,499.6317,0.000,0.000
14975,499.6651,0.000,0.000
14976,499.6984,0.000,0.000
14977,499.7318,0.000,0.000
14978,499.7652,16.754,0.559
14979,499.7985,0.000,0.000
14980,499.8319,0.000,0.000
14981,499.8653,7.493,0.250
14982,499.8986,0.000,0.000
14983,499.9320,0.000,0.000
14984,499.9654,7.493,0.250
14985,499.9987,0.000,0.000
14986,500.0321,7.493,0.250
14987,500.0655,0.000,0.000
14988,500.0988,0.000,0.000
14989,500.1322,0.000,0.000
14990,500.1656,0.000,0.000
14991,500.1989,0.000,0.000
14992,500.2323,0.000,0.000
14993,500.2657,0.000,0.000
14994,500.2990,0.000,0.000
14995,500.3324,10.596,0.354
14996,500.3658,10.596,0.354
14997,500.3991,7.493,0.250
14998,500.4325,7.493,0.250
14999,500.4659,0.000,0.000
15000,500.4992,7.493,0.250
15001,500.5326,0.000,0.000
15002,500.5660,7.493,0.250
15003,500.5993,0.000,0.000
15004,500.6327,0.000,0.000
15005,500.6661,0.000,0.000
15006,500.6994,0.000,0.000
15007,500.7328,0.000,0.000
15008,500.7662,0.000,0.000
15009,500.7995,0.000,0.000
15010,500.8329,0.000,0.000
15011,500.8663,0.000,0.000
15012,500.8996,0.000,0.000
15013,500.9330,0.000,0.000
15014,500.9664,0.000,0.000
15015,500.9997,0.000,0.000
15016,501.0331,0.000,0.000
15017,501.0665,10.596,0.354
15018,501.0998,0.000,0.000
15019,501.1332,0.000,0.000
15020,501.1666,0.000,0.000
15021,501.1999,0.000,0.000
15022,501.2333,7.493,0.250
15023,501.2667,0.000,0.000
15024,501.3000,10.596,0.354
15025,501.3334,0.000,0.000
15026,501.3668,0.000,0.000
15027,501.4001,0.000,0.000
15028,501.4335,0.000,0.000
15029,501.4669,0.000,0.000
15030,501.5002,0.000,0.000
15031,501.5336,0.000,0.000
15032,501.5670,0.000,0.000
15033,501.6003,0.000,0.000
15034,501.6337,0.000,0.000
15035,501.6671,0.000,0.000
15036,501.7004,0.000,0.000
15037,501.7338,0.000,0.000
15038,501.7672,7.493,0.250
15039,501.8005,0.000,0.000
15040,501.8339,7.493,0.250
15041,501.8673,0.000,0.000
15042,501.9006,10.596,0.354
15043,501.9340,0.000,0.000
15044,501.9674,0.000,0.000
15045,502.0007,0.000,0.000
15046,502.0341,0.000,0.000
15047,502.0675,7.493,0.250
15048,502.1008,0.000,0.000
15049,502.1342,0.000,0.000
15050,502.1676,0.000,0.000
15051,502.2009,0.000,0.000
15052,502.2343,0.000,0.000
15053,502.2677,0.000,0.000
15054,502.3010,0.000,0.000
15055,502.3344,0.000,0.000
15056,502.3678,10.596,0.354
15057,502.4011,10.596,0.354
15058,502.4345,0.000,0.000
15059,502.4679,0.000,0.000
15060,502.5012,10.596,0.354
15061,502.5346,0.000,0.000
15062,502.5680,10.596,0.354
15063,502.6013,0.000,0.000
15064,502.6347,0.000,0.000
15065,502.6681,10.596,0.354
15066,502.7014,0.000,0.000
15067,502.7348,0.000,0.000
15068,502.7682,0.000,0.000
15069,502.8015,0.000,0.000
15070,502.8349,0.000,0.000
15071,502.8683,0.000,0.000
15072,502.9016,0.000,0.000
15073,502.9350,10.596,0.354
15074,502.9684,0.000,0.000
15075,503.0017,0.000,0.000
15076,503.0351,0.000,0.000
15077,503.0685,0.000,0.000
15078,503.1018,0.000,0.000
15079,503.1352,0.000,0.000
15080,503.1686,0.000,0.000
15081,503.2019,0.000,0.000
15082,503.2353,0.000,0.000
15083,503.2687,0.000,0.000
15084,503.3020,0.000,0.000
15085,503.3354,0.000,0.000
15086,503.3688,0.000,0.000
15087,503.4021,0.000,0.000
15088,503.4355,0.000,0.000
15089,503.4689,0.000,0.000
15090,503.5022,7.493,0.250
15091,503.5356,7.493,0.250
15092,503.5690,0.000,0.000
15093,503.6023,0.000,0.000
15094,503.6357,10.596,0.354
15095,503.6691,0.000,0.000
15096,503.7024,0.000,0.000
15097,503.7358,0.000,0.000
15098,503.7692,0.000,0.000
15099,503.8025,0.000,0.000
15100,503.8359,7.493,0.250
15101,503.8693,0.000,0.000
15102,503.9026,10.596,0.354
15103,503.9360,7.493,0.250
15104,503.9694,0.000,0.000
15105,504.0027,7.493,0.250
15106,504.0361,0.000,0.000
15107,504.0695,10.596,0.354
15108,504.1028,0.000,0.000
15109,504.1362,7.493,0.250
15110,504.1696,0.000,0.000
15111,504.2029,0.000,0.000
15112,504.2363,7.493,0.250
15113,504.2697,0.000,0.000
15114,504.3030,0.000,0.000
15115,504.3364,16.754,0.559
15116,504.3698,0.000,0.000
15117,504.4031,0.000,0.000
15118,504.4365,7.493,0.250
15119,504.4699,7.493,0.250
15120,504.5032,0.000,0.000
15121,504.5366,0.000,0.000
15122,504.5700,0.000,0.000
15123,504.6033,0.000,0.000
15124,504.6367,0.000,0.000
15125,504.6701,0.000,0.000
15126,504.7034,0.000,0.000
15127,504.7368,0.000,0.000
15128,504.7702,0.000,0.000
15129,504.8035,0.000,0.000
15130,504.8369,0.000,0.000
15131,504.8703,0.000,0.000
15132,504.9036,0.000,0.000
15133,504.9370,7.493,0.250
15134,504.9704,0.000,0.000
15135,505.0037,0.000,0.000
15136,505.0371,0.000,0.000
15137,505.0705,0.000,0.000
15138,505.1038,0.000,0.000
15139,505.1372,0.000,0.000
15140,505.1706,0.000,0.000
15141,505.2039,10.596,0.354
15142,505.2373,0.000,0.000
15143,505.2707,0.000,0.000
15144,505.3040,10.596,0.354
15145,505.3374,10.596,0.354
15146,505.3708,0.000,0.000
15147,505.4041,0.000,0.000
15148,505.4375,0.000,0.000
15149,505.4709,0.000,0.000
15150,505.5042,7.493,0.250
15151,505.5376,7.493,0.250
15152,505.5710,10.596,0.354
15153,505.6043,7.493,0.250
15154,505.6377,7.493,0.250
15155,505.6711,10.596,0.354
15156,505.7044,0.000,0.000
15157,505.7378,7.493,0.250
15158,505.7712,0.000,0.000
15159,505.8045,0.000,0.000
15160,505.8379,10.596,0.354
15161,505.8713,0.000,0.000
15162,505.9046,10.596,0.354
15163,505.9380,0.000,0.000
15164,505.9714,0.000,0.000
15165,506.0047,0.000,0.000
15166,506.0381,0.000,0.000
15167,506.0715,0.000,0.000
15168,506.1048,0.000,0.000
15169,506.1382,0.000,0.000
15170,506.1716,0.000,0.000
15171,506.2049,0.000,0.000
15172,506.2383,0.000,0.000
15173,506.2717,0.000,0.000
15174,506.3050,0.000,0.000
15175,506.3384,0.000,0.000
15176,506.3718,0.000,0.000
15177,506.4051,0.000,0.000
15178,506.4385,0.000,0.000
15179,506.4719,0.000,0.000
15180,506.5052,0.000,0.000
15181,506.5386,0.000,0.000
15182,506.5720,0.000,0.000
15183,506.6053,0.000,0.000
15184,506.6387,0.000,0.000
15185,506.6721,0.000,0.000
15186,506.7054,0.000,0.000
15187,506.7388,0.000,0.000
15188,506.7722,0.000,0.000
15189,506.8055,0.000,0.000
15190,506.8389,0.000,0.000
15191,506.8723,0.000,0.000
15192,506.9056,0.000,0.000
15193,506.9390,0.000,0.000
15194,506.9724,7.493,0.250
15195,507.0057,7.493,0.250
15196,507.0391,0.000,0.000
15197,507.0725,0.000,0.000
15198,507.1058,16.754,0.559
15199,507.1392,0.000,0.000
15200,507.1726,0.000,0.000
15201,507.2059,0.000,0.000
15202,507.2393,0.000,0.000
15203,507.2727,10.596,0.354
15204,507.3060,0.000,0.000
15205,507.3394,0.000,0.000
15206,507.3728,0.000,0.000
15207,507.4061,0.000,0.000
15208,507.4395,10.596,0.354
15209,507.4729,0.000,0.000
15210,507.5062,0.000,0.000
15211,507.5396,0.000,0.000
15212,507.5730,0.000,0.000
15213,507.6063,7.493,0.250
15214,507.6397,0.000,0.000
15215,507.6731,0.000,0.000
15216,507.7064,0.000,0.000
15217,507.7398,0.000,0.000
15218,507.7732,7.493,0.250
15219,507.8065,0.000,0.000
15220,507.8399,0.000,0.000
15221,507.8733,0.000,0.000
15222,507.9066,7.493,0.250
15223,507.9400,7.493,0.250
15224,507.9734,0.000,0.000
15225,508.0067,0.000,0.000
15226,508.0401,0.000,0.000
15227,508.0735,0.000,0.000
15228,508.1068,7.493,0.250
15229,508.1402,0.000,0.000
15230,508.1736,0.000,0.000
15231,508.2069,0.000,0.000
15232,508.2403,0.000,0.000
15233,508.2737,0.000,0.000
15234,508.3070,0.000,0.000
15235,508.3404,0.000,0.000
15236,508.3738,0.000,0.000
15237,508.4071,0.000,0.000
15238,508.4405,0.000,0.000
15239,508.4739,0.000,0.000
15240,508.5072,0.000,0.000
15241,508.5406,0.000,0.000
15242,508.5740,0.000,0.000
15243,508.6073,0.000,0.000
15244,508.6407,0.000,0.000
15245,508.6741,0.000,0.000
15246,508.7074,0.000,0.000
15247,508.7408,0.000,0.000
15248,508.7742,0.000,0.000
15249,508.8075,0.000,0.000
15250,508.8409,0.000,0.000
15251,508.8742,0.000,0.000
15252,508.9076,0.000,0.000
15253,508.9410,0.000,0.000
15254,508.9743,0.000,0.000
15255,509.0077,0.000,0.000
15256,509.0411,0.000,0.000
15257,509.0744,0.000,0.000
15258,509.1078,0.000,0.000
15259,509.1412,0.000,0.000
15260,509.1745,0.000,0.000
15261,509.2079,0.000,0.000
15262,509.2413,0.000,0.000
15263,509.2746,0.000,0.000
15264,509.3080,0.000,0.000
15265,509.3414,0.000,0.000
15266,509.3747,0.000,0.000
15267,509.4081,16.754,0.559
15268,509.4415,10.596,0.354
15269,509.4748,7.493,0.250
15270,509.5082,7.493,0.250
15271,509.5416,0.000,0.000
15272,509.5749,7.493,0.250
15273,509.6083,0.000,0.000
15274,509.6417,10.596,0.354
15275,509.6750,7.493,0.250
15276,509.7084,7.493,0.250
15277,509.7418,0.000,0.000
15278,509.7751,0.000,0.000
15279,509.8085,0.000,0.000
15280,509.8419,0.000,0.000
15281,509.8752,0.000,0.000
15282,509.9086,0.000,0.000
15283,509.9420,0.000,0.000
15284,509.9753,0.000,0.000
15285,510.0087,0.000,0.000
15286,510.0421,0.000,0.000
15287,510.0754,0.000,0.000
15288,510.1088,0.000,0.000
15289,510.1422,0.000,0.000
15290,510.1755,7.493,0.250
15291,510.2089,0.000,0.000
15292,510.2423,7.493,0.250
15293,510.2756,0.000,0.000
15294,510.3090,0.000,0.000
15295,510.3424,0.000,0.000
15296,510.3757,0.000,0.000
15297,510.4091,0.000,0.000
15298,510.4425,7.493,0.250
15299,510.4758,7.493,0.250
15300,510.5092,7.493,0.250
15301,510.5426,10.596,0.354
15302,510.5759,10.596,0.354
15303,510.6093,14.985,0.500
15304,510.6427,10.596,0.354
15305,510.6760,0.000,0.000
15306,510.7094,14.985,0.500
15307,510.7428,10.596,0.354
15308,510.7761,22.478,0.750
15309,510.8095,7.493,0.250
15310,510.8429,16.754,0.559
15311,510.8762,21.192,0.707
15312,510.9096,0.000,0.000
15313,510.9430,30.892,1.031
15314,510.9763,7.493,0.250
15315,511.0097,16.754,0.559
15316,511.0431,29.970,1.000
15317,511.0764,7.493,0.250
15318,511.1098,16.754,0.559
15319,511.1432,22.478,0.750
15320,511.1765,22.478,0.750
15321,511.2099,16.754,0.559
15322,511.2433,29.970,1.000
15323,511.2766,14.985,0.500
15324,511.3100,16.754,0.559
15325,511.3434,0.000,0.000
15326,511.3767,30.892,1.031
15327,511.4101,16.754,0.559
15328,511.4435,0.000,0.000
15329,511.4768,7.493,0.250
15330,511.5102,10.596,0.354
15331,511.5436,21.192,0.707
15332,511.5769,0.000,0.000
15333,511.6103,7.493,0.250
15334,511.6437,7.493,0.250
15335,511.6770,7.493,0.250
15336,511.7104,0.000,0.000
15337,511.7438,0.000,0.000
15338,511.7771,0.000,0.000
15339,511.8105,0.000,0.000
15340,511.8439,0.000,0.000
15341,511.8772,0.000,0.000
15342,511.9106,0.000,0.000
15343,511.9440,0.000,0.000
15344,511.9773,0.000,0.000
15345,512.0107,0.000,0.000
15346,512.0441,0.000,0.000
15347,512.0774,0.000,0.000
15348,512.1108,0.000,0.000
15349,512.1442,0.000,0.000
15350,512.1775,0.000,0.000
15351,512.2109,0.000,0.000
15352,512.2443,0.000,0.000
15353,512.2776,21.192,0.707
15354,512.3110,22.478,0.750
15355,512.3444,7.493,0.250
15356,512.3777,16.754,0.559
15357,512.4111,30.892,1.031
15358,512.4445,33.508,1.118
15359,512.4778,10.596,0.354
15360,512.5112,27.015,0.901
15361,512.5446,30.892,1.031
15362,512.5779,0.000,0.000
15363,512.6113,10.596,0.354
15364,512.6447,23.693,0.791
15365,512.6780,40.348,1.346
15366,512.7114,7.493,0.250
15367,512.7448,29.970,1.000
15368,512.7781,29.970,1.000
15369,512.8115,29.970,1.000
15370,512.8449,23.693,0.791
15371,512.8782,7.493,0.250
15372,512.9116,29.970,1.000
15373,512.9450,7.493,0.250
15374,512.9783,10.596,0.354
15375,513.0117,0.000,0.000
15376,513.0451,16.754,0.559
15377,513.0784,0.000,0.000
15378,513.1118,0.000,0.000
15379,513.1452,7.493,0.250
15380,513.1785,7.493,0.250
15381,513.2119,0.000,0.000
15382,513.2453,0.000,0.000
15383,513.2786,0.000,0.000
15384,513.3120,0.000,0.000
15385,513.3454,16.754,0.559
15386,513.3787,7.493,0.250
15387,513.4121,7.493,0.250
15388,513.4455,7.493,0.250
15389,513.4788,10.596,0.354
15390,513.5122,7.493,0.250
15391,513.5456,16.754,0.559
15392,513.5789,7.493,0.250
15393,513.6123,21.192,0.707
15394,513.6457,0.000,0.000
15395,513.6790,14.985,0.500
15396,513.7124,22.478,0.750
15397,513.7458,10.596,0.354
15398,513.7791,10.596,0.354
15399,513.8125,14.985,0.500
15400,513.8459,0.000,0.000
15401,513.8792,7.493,0.250
15402,513.9126,27.015,0.901
15403,513.9460,7.493,0.250
15404,513.9793,0.000,0.000
15405,514.0127,7.493,0.250
15406,514.0461,10.596,0.354
15407,514.0794,7.493,0.250
15408,514.1128,10.596,0.354
15409,514.1462,7.493,0.250
15410,514.1795,0.000,0.000
15411,514.2129,0.000,0.000
15412,514.2463,0.000,0.000
15413,514.2796,0.000,0.000
15414,514.3130,0.000,0.000
15415,514.3464,0.000,0.000
15416,514.3797,0.000,0.000
15417,514.4131,0.000,0.000
15418,514.4465,0.000,0.000
15419,514.4798,0.000,0.000
15420,514.5132,10.596,0.354
15421,514.5466,0.000,0.000
15422,514.5799,7.493,0.250
15423,514.6133,27.015,0.901
15424,514.6467,7.493,0.250
15425,514.6800,7.493,0.250
15426,514.7134,0.000,0.000
15427,514.7468,31.788,1.061
15428,514.7801,0.000,0.000
15429,514.8135,10.596,0.354
15430,514.8469,7.493,0.250
15431,514.8802,23.693,0.791
15432,514.9136,7.493,0.250
15433,514.9470,7.493,0.250
15434,514.9803,0.000,0.000
15435,515.0137,0.000,0.000
15436,515.0471,0.000,0.000
15437,515.0804,0.000,0.000
15438,515.1138,0.000,0.000
15439,515.1472,0.000,0.000
15440,515.1805,0.000,0.000
15441,515.2139,10.596,0.354
15442,515.2473,7.493,0.250
15443,515.2806,7.493,0.250
15444,515.3140,16.754,0.559
15445,515.3474,21.192,0.707
15446,515.3807,7.493,0.250
15447,515.4141,22.478,0.750
15448,515.4475,10.596,0.354
15449,515.4808,7.493,0.250
15450,515.5142,23.693,0.791
15451,515.5476,16.754,0.559
15452,515.5809,22.478,0.750
15453,515.6143,7.493,0.250
15454,515.6477,16.754,0.559
15455,515.6810,27.015,0.901
15456,515.7144,22.478,0.750
15457,515.7478,23.693,0.791
15458,515.7811,29.970,1.000
15459,515.8145,21.192,0.707
15460,515.8479,16.754,0.559
15461,515.8812,29.970,1.000
15462,515.9146,14.985,0.500
15463,515.9480,16.754,0.559
15464,515.9813,37.463,1.250
15465,516.0147,16.754,0.559
15466,516.0481,23.693,0.791
15467,516.0814,16.754,0.559
15468,516.1148,29.970,1.000
15469,516.1482,14.985,0.500
15470,516.1815,14.985,0.500
15471,516.2149,22.478,0.750
15472,516.2483,21.192,0.707
15473,516.2816,23.693,0.791
15474,516.3150,14.985,0.500
15475,516.3484,10.596,0.354
15476,516.3817,0.000,0.000
15477,516.4151,10.596,0.354
15478,516.4485,21.192,0.707
15479,516.4818,10.596,0.354
15480,516.5152,7.493,0.250
15481,516.5486,0.000,0.000
15482,516.5819,7.493,0.250
15483,516.6153,7.493,0.250
15484,516.6487,7.493,0.250
15485,516.6820,10.596,0.354
15486,516.7154,10.596,0.354
15487,516.7488,7.493,0.250
15488,516.7821,16.754,0.559
15489,516.8155,0.000,0.000
15490,516.8489,7.493,0.250
15491,516.8822,10.596,0.354
15492,516.9156,0.000,0.000
15493,516.9490,0.000,0.000
15494,516.9823,0.000,0.000
15495,517.0157,7.493,0.250
15496,517.0491,0.000,0.000
15497,517.0824,0.000,0.000
15498,517.1158,7.493,0.250
15499,517.1492,10.596,0.354
15500,517.1825,7.493,0.250
15501,517.2159,0.000,0.000
15502,517.2493,29.970,1.000
15503,517.2826,22.478,0.750
15504,517.3160,14.985,0.500
15505,517.3494,22.478,0.750
15506,517.3827,22.478,0.750
15507,517.4161,7.493,0.250
15508,517.4495,29.970,1.000
15509,517.4828,7.493,0.250
15510,517.5162,22.478,0.750
15511,517.5496,0.000,0.000
15512,517.5829,29.970,1.000
15513,517.6163,22.478,0.750
15514,517.6497,37.463,1.250
15515,517.6830,30.892,1.031
15516,517.7164,29.970,1.000
15517,517.7498,14.985,0.500
15518,517.7831,14.985,0.500
15519,517.8165,10.596,0.354
15520,517.8499,52.448,1.750
15521,517.8832,7.493,0.250
15522,517.9166,38.205,1.275
15523,517.9500,16.754,0.559
15524,517.9833,10.596,0.354
15525,518.0167,16.754,0.559
15526,518.0501,14.985,0.500
15527,518.0834,7.493,0.250
15528,518.1168,29.970,1.000
15529,518.1502,22.478,0.750
15530,518.1835,43.689,1.458
15531,518.2169,14.985,0.500
15532,518.2503,29.970,1.000
15533,518.2836,16.754,0.559
15534,518.3170,30.892,1.031
15535,518.3504,33.508,1.118
15536,518.3837,38.205,1.275
15537,518.4171,7.493,0.250
15538,518.4505,30.892,1.031
15539,518.4838,33.508,1.118
15540,518.5172,14.985,0.500
15541,518.5506,16.754,0.559
15542,518.5839,22.478,0.750
15543,518.6173,7.493,0.250
15544,518.6507,7.493,0.250
15545,518.6840,23.693,0.791
15546,518.7174,10.596,0.354
15547,518.7508,0.000,0.000
15548,518.7841,7.493,0.250
15549,518.8175,7.493,0.250
15550,518.8509,7.493,0.250
15551,518.8842,0.000,0.000
15552,518.9176,0.000,0.000
15553,518.9510,10.596,0.354
15554,518.9843,10.596,0.354
15555,519.0177,0.000,0.000
15556,519.0511,30.892,1.031
15557,519.0844,29.970,1.000
15558,519.1178,27.015,0.901
15559,519.1512,33.508,1.118
15560,519.1845,29.970,1.000
15561,519.2179,40.348,1.346
15562,519.2513,47.387,1.581
15563,519.2846,45.575,1.521
15564,519.3180,38.205,1.275
15565,519.3514,22.478,0.750
15566,519.3847,38.205,1.275
15567,519.4181,7.493,0.250
15568,519.4515,23.693,0.791
15569,519.4848,7.493,0.250
15570,519.5182,47.976,1.601
15571,519.5516,31.788,1.061
15572,519.5849,27.015,0.901
15573,519.6183,27.015,0.901
15574,519.6517,52.980,1.768
15575,519.6850,27.015,0.901
15576,519.7184,27.015,0.901
15577,519.7518,44.955,1.500
15578,519.7851,16.754,0.559
15579,519.8185,29.970,1.000
15580,519.8519,45.575,1.521
15581,519.8852,38.205,1.275
15582,519.9186,10.596,0.354
15583,519.9520,10.596,0.354
15584,519.9853,0.000,0.000
15585,520.0187,0.000,0.000
15586,520.0521,0.000,0.000
15587,520.0854,0.000,0.000
15588,520.1188,0.000,0.000
15589,520.1522,10.596,0.354
15590,520.1855,7.493,0.250
15591,520.2189,16.754,0.559
15592,520.2523,16.754,0.559
15593,520.2856,7.493,0.250
15594,520.3190,37.463,1.250
15595,520.3524,52.980,1.768
15596,520.3857,59.940,2.000
15597,520.4191,22.478,0.750
15598,520.4525,29.970,1.000
15599,520.4858,38.205,1.275
15600,520.5192,90.222,3.010
15601,520.5526,23.693,0.791
15602,520.5859,44.955,1.500
15603,520.6193,45.575,1.521
15604,520.6527,30.892,1.031
15605,520.6860,29.970,1.000
15606,520.7194,52.980,1.768
15607,520.7528,40.348,1.346
15608,520.7861,47.387,1.581
15609,520.8195,45.575,1.521
15610,520.8529,16.754,0.559
15611,520.8862,47.387,1.581
15612,520.9196,52.980,1.768
15613,520.9530,16.754,0.559
15614,520.9863,29.970,1.000
15615,521.0197,30.892,1.031
15616,521.0531,29.970,1.000
15617,521.0864,0.000,0.000
15618,521.1198,0.000,0.000
15619,521.1532,0.000,0.000
15620,521.1865,0.000,0.000
15621,521.2199,0.000,0.000
15622,521.2533,16.754,0.559
15623,521.2866,23.693,0.791
15624,521.3200,22.478,0.750
15625,521.3534,33.508,1.118
15626,521.3867,37.463,1.250
15627,521.4201,27.015,0.901
15628,521.4535,45.575,1.521
15629,521.4868,54.546,1.820
15630,521.5202,87.698,2.926
15631,521.5536,37.463,1.250
15632,521.5869,37.463,1.250
15633,521.6203,37.463,1.250
15634,521.6537,23.693,0.791
15635,521.6870,27.015,0.901
15636,521.7204,79.647,2.658
15637,521.7538,23.693,0.791
15638,521.7871,38.205,1.275
15639,521.8205,67.433,2.250
15640,521.8539,29.970,1.000
15641,521.8872,29.970,1.000
15642,521.9206,60.407,2.016
15643,521.9540,7.493,0.250
15644,521.9873,23.693,0.791
15645,522.0207,30.892,1.031
15646,522.0541,10.596,0.354
15647,522.0874,0.000,0.000
15648,522.1208,7.493,0.250
15649,522.1542,7.493,0.250
15650,522.1875,10.596,0.354
15651,522.2209,27.015,0.901
15652,522.2543,30.892,1.031
15653,522.2876,14.985,0.500
15654,522.3210,37.463,1.250
15655,522.3544,52.448,1.750
15656,522.3877,91.150,3.041
15657,522.4211,22.478,0.750
15658,522.4545,59.940,2.000
15659,522.4878,76.409,2.550
15660,522.5212,67.433,2.250
15661,522.5546,29.970,1.000
15662,522.5879,7.493,0.250
15663,522.6213,44.955,1.500
15664,522.6547,38.205,1.275
15665,522.6880,83.769,2.795
15666,522.7214,47.387,1.581
15667,522.7548,40.348,1.346
15668,522.7881,47.387,1.581
15669,522.8215,21.192,0.707
15670,522.8549,30.892,1.031
15671,522.8882,47.387,1.581
15672,522.9216,21.192,0.707
15673,522.9550,23.693,0.791
15674,522.9883,10.596,0.354
15675,523.0217,7.493,0.250
15676,523.0551,7.493,0.250
15677,523.0884,7.493,0.250
15678,523.1218,43.689,1.458
15679,523.1552,27.015,0.901
15680,523.1885,14.985,0.500
15681,523.2219,22.478,0.750
15682,523.2553,43.689,1.458
15683,523.2886,85.428,2.850
15684,523.3220,47.387,1.581
15685,523.3554,29.970,1.000
15686,523.3887,54.546,1.820
15687,523.4221,33.508,1.118
15688,523.4555,43.689,1.458
15689,523.4888,54.029,1.803
15690,523.5222,16.754,0.559
15691,523.5556,64.016,2.136
15692,523.5889,29.970,1.000
15693,523.6223,44.955,1.500
15694,523.6557,67.848,2.264
15695,523.6890,23.693,0.791
15696,523.7224,38.205,1.275
15697,523.7558,29.970,1.000
15698,523.7891,29.970,1.000
15699,523.8225,0.000,0.000
15700,523.8559,10.596,0.354
15701,523.8892,0.000,0.000
15702,523.9226,7.493,0.250
15703,523.9560,0.000,0.000
15704,523.9893,7.493,0.250
15705,524.0227,22.478,0.750
15706,524.0561,45.575,1.521
15707,524.0894,22.478,0.750
15708,524.1228,59.940,2.000
15709,524.1562,59.940,2.000
15710,524.1895,60.407,2.016
15711,524.2229,89.910,3.000
15712,524.2563,29.970,1.000
15713,524.2896,61.785,2.062
15714,524.3230,44.955,1.500
15715,524.3564,21.192,0.707
15716,524.3897,37.463,1.250
15717,524.4231,78.224,2.610
15718,524.4565,37.463,1.250
15719,524.4898,40.348,1.346
15720,524.5232,78.224,2.610
15721,524.5566,16.754,0.559
15722,524.5899,37.463,1.250
15723,524.6233,52.980,1.768
15724,524.6567,22.478,0.750
15725,524.6900,7.493,0.250
15726,524.7234,10.596,0.354
15727,524.7568,0.000,0.000
15728,524.7901,7.493,0.250
15729,524.8235,22.478,0.750
15730,524.8569,38.205,1.275
15731,524.8902,38.205,1.275
15732,524.9236,29.970,1.000
15733,524.9570,29.970,1.000
15734,524.9903,47.387,1.581
15735,525.0237,90.532,3.021
15736,525.0571,38.205,1.275
15737,525.0904,52.448,1.750
15738,525.1238,50.261,1.677
15739,525.1572,23.693,0.791
15740,525.1905,16.754,0.559
15741,525.2239,47.387,1.581
15742,525.2573,67.848,2.264
15743,525.2906,29.970,1.000
15744,525.3240,52.980,1.768
15745,525.3574,67.433,2.250
15746,525.3907,30.892,1.031
15747,525.4241,38.205,1.275
15748,525.4575,30.892,1.031
15749,525.4908,22.478,0.750
15750,525.5242,38.205,1.275
15751,525.5576,7.493,0.250
15752,525.5909,0.000,0.000
15753,525.6243,0.000,0.000
15754,525.6577,7.493,0.250
15755,525.6910,10.596,0.354
15756,525.7244,30.892,1.031
15757,525.7578,37.463,1.250
15758,525.7911,29.970,1.000
15759,525.8245,52.448,1.750
15760,525.8579,52.980,1.768
15761,525.8912,30.892,1.031
15762,525.9246,59.940,2.000
15763,525.9580,59.940,2.000
15764,525.9913,113.382,3.783
15765,526.0247,14.985,0.500
15766,526.0581,27.015,0.901
15767,526.0914,89.910,3.000
15768,526.1248,37.463,1.250
15769,526.1582,37.463,1.250
15770,526.1915,33.508,1.118
15771,526.2249,78.224,2.610
15772,526.2583,23.693,0.791
15773,526.2916,37.463,1.250
15774,526.3250,47.387,1.581
15775,526.3584,0.000,0.000
15776,526.3917,29.970,1.000
15777,526.4251,7.493,0.250
15778,526.4585,0.000,0.000
15779,526.4918,7.493,0.250
15780,526.5252,23.693,0.791
15781,526.5586,43.689,1.458
15782,526.5919,29.970,1.000
15783,526.6253,60.407,2.016
15784,526.6587,37.463,1.250
15785,526.6920,30.892,1.031
15786,526.7254,33.508,1.118
15787,526.7588,75.299,2.512
15788,526.7921,47.387,1.581
15789,526.8255,40.348,1.346
15790,526.8589,30.892,1.031
15791,526.8922,61.785,2.062
15792,526.9256,76.409,2.550
15793,526.9590,29.970,1.000
15794,526.9923,22.478,0.750
15795,527.0257,44.955,1.500
15796,527.0591,59.940,2.000
15797,527.0924,29.970,1.000
15798,527.1258,29.970,1.000
15799,527.1592,37.463,1.250
15800,527.1925,22.478,0.750
15801,527.2259,7.493,0.250
15802,527.2593,21.192,0.707
15803,527.2926,7.493,0.250
15804,527.3260,7.493,0.250
15805,527.3594,23.693,0.791
15806,527.3927,7.493,0.250
15807,527.4261,60.407,2.016
15808,527.4595,59.940,2.000
15809,527.4928,44.955,1.500
15810,527.5262,23.693,0.791
15811,527.5596,67.848,2.264
15812,527.5929,67.848,2.264
15813,527.6263,30.892,1.031
15814,527.6597,67.433,2.250
15815,527.6930,61.785,2.062
15816,527.7264,47.387,1.581
15817,527.7598,21.192,0.707
15818,527.7931,22.478,0.750
15819,527.8265,44.955,1.500
15820,527.8599,87.698,2.926
15821,527.8932,14.985,0.500
15822,527.9266,60.407,2.016
15823,527.9600,50.261,1.677
15824,527.9933,38.205,1.275
15825,528.0267,7.493,0.250
15826,528.0601,22.478,0.750
15827,528.0934,7.493,0.250
15828,528.1268,0.000,0.000
15829,528.1602,0.000,0.000
15830,528.1935,7.493,0.250
15831,528.2269,29.970,1.000
15832,528.2603,29.970,1.000
15833,528.2936,43.689,1.458
15834,528.3270,52.980,1.768
15835,528.3604,67.015,2.236
15836,528.3937,29.970,1.000
15837,528.4271,64.016,2.136
15838,528.4605,60.407,2.016
15839,528.4938,31.788,1.061
15840,528.5272,33.508,1.118
15841,528.5606,14.985,0.500
15842,528.5939,47.387,1.581
15843,528.6273,76.409,2.550
15844,528.6607,38.205,1.275
15845,528.6940,52.448,1.750
15846,528.7274,52.448,1.750
15847,528.7608,30.892,1.031
15848,528.7941,52.448,1.750
15849,528.8275,29.970,1.000
15850,528.8609,22.478,0.750
15851,528.8942,7.493,0.250
15852,528.9276,7.493,0.250
15853,528.9610,0.000,0.000
15854,528.9943,0.000,0.000
15855,529.0277,0.000,0.000
15856,529.0611,0.000,0.000
15857,529.0944,29.970,1.000
15858,529.1278,60.407,2.016
15859,529.1612,38.205,1.275
15860,529.1945,33.508,1.118
15861,529.2279,60.407,2.016
15862,529.2613,60.407,2.016
15863,529.2946,105.960,3.536
15864,529.3280,59.940,2.000
15865,529.3614,29.970,1.000
15866,529.3947,29.970,1.000
15867,529.4281,83.769,2.795
15868,529.4615,14.985,0.500
15869,529.4948,47.387,1.581
15870,529.5282,85.428,2.850
15871,529.5616,22.478,0.750
15872,529.5949,61.785,2.062
15873,529.6283,47.387,1.581
15874,529.6617,21.192,0.707
15875,529.6950,29.970,1.000
15876,529.7284,22.478,0.750
15877,529.7618,7.493,0.250
15878,529.7951,0.000,0.000
15879,529.8285,0.000,0.000
15880,529.8619,0.000,0.000
15881,529.8952,14.985,0.500
15882,529.9286,37.463,1.250
15883,529.9620,73.793,2.462
15884,529.9953,23.693,0.791
15885,530.0287,23.693,0.791
15886,530.0621,47.387,1.581
15887,530.0954,64.016,2.136
15888,530.1288,98.549,3.288
15889,530.1622,21.192,0.707
15890,530.1955,23.693,0.791
15891,530.2289,22.478,0.750
15892,530.2623,47.976,1.601
15893,530.2956,38.205,1.275
15894,530.3290,85.428,2.850
15895,530.3624,59.940,2.000
15896,530.3957,14.985,0.500
15897,530.4291,52.448,1.750
15898,530.4625,30.892,1.031
15899,530.4958,47.387,1.581
15900,530.5292,33.508,1.118
15901,530.5625,16.754,0.559
15902,530.5959,7.493,0.250
15903,530.6293,0.000,0.000
15904,530.6626,0.000,0.000
15905,530.6960,14.985,0.500
15906,530.7294,38.205,1.275
15907,530.7627,38.205,1.275
15908,530.7961,29.970,1.000
15909,530.8295,59.940,2.000
15910,530.8628,90.222,3.010
15911,530.8962,52.448,1.750
15912,530.9296,60.407,2.016
15913,530.9629,29.970,1.000
15914,530.9963,40.348,1.346
15915,531.0297,50.261,1.677
15916,531.0630,70.684,2.358
15917,531.0964,23.693,0.791
15918,531.1298,92.677,3.092
15919,531.1631,22.478,0.750
15920,531.1965,27.015,0.901
15921,531.2299,45.575,1.521
15922,531.2632,73.793,2.462
15923,531.2966,16.754,0.559
15924,531.3300,29.970,1.000
15925,531.3633,16.754,0.559
15926,531.3967,22.478,0.750
15927,531.4301,0.000,0.000
15928,531.4634,7.493,0.250
15929,531.4968,7.493,0.250
15930,531.5302,0.000,0.000
15931,531.5635,29.970,1.000
15932,531.5969,29.970,1.000
15933,531.6303,31.788,1.061
15934,531.6636,67.848,2.264
15935,531.6970,94.774,3.162
15936,531.7304,33.508,1.118
15937,531.7637,27.015,0.901
15938,531.7971,38.205,1.275
15939,531.8305,60.407,2.016
15940,531.8638,42.384,1.414
15941,531.8972,10.596,0.354
15942,531.9306,43.689,1.458
15943,531.9639,83.769,2.795
15944,531.9973,22.478,0.750
15945,532.0307,37.463,1.250
15946,532.0640,59.940,2.000
15947,532.0974,52.980,1.768
15948,532.1308,38.205,1.275
15949,532.1641,22.478,0.750
15950,532.1975,7.493,0.250
15951,532.2309,22.478,0.750
15952,532.2642,7.493,0.250
15953,532.2976,0.000,0.000
15954,532.3310,7.493,0.250
15955,532.3643,14.985,0.500
15956,532.3977,30.892,1.031
15957,532.4311,45.575,1.521
15958,532.4644,59.940,2.000
15959,532.4978,60.407,2.016
15960,532.5312,38.205,1.275
15961,532.5645,23.693,0.791
15962,532.5979,67.433,2.250
15963,532.6313,52.448,1.750
15964,532.6646,75.299,2.512
15965,532.6980,33.508,1.118
15966,532.7314,27.015,0.901
15967,532.7647,57.061,1.904
15968,532.7981,47.387,1.581
15969,532.8315,29.970,1.000
15970,532.8648,54.546,1.820
15971,532.8982,40.348,1.346
15972,532.9316,69.078,2.305
15973,532.9649,16.754,0.559
15974,532.9983,33.508,1.118
15975,533.0317,38.205,1.275
15976,533.0650,14.985,0.500
15977,533.0984,14.985,0.500
15978,533.1318,7.493,0.250
15979,533.1651,7.493,0.250
15980,533.1985,16.754,0.559
15981,533.2319,27.015,0.901
15982,533.2652,30.892,1.031
15983,533.2986,61.785,2.062
15984,533.3320,61.785,2.062
15985,533.3653,30.892,1.031
15986,533.3987,29.970,1.000
15987,533.4321,67.015,2.236
15988,533.4654,67.433,2.250
15989,533.4988,37.463,1.250
15990,533.5322,70.684,2.358
15991,533.5655,67.433,2.250
15992,533.5989,23.693,0.791
15993,533.6323,76.409,2.550
15994,533.6656,29.970,1.000
15995,533.6990,22.478,0.750
15996,533.7324,52.448,1.750
15997,533.7657,23.693,0.791
15998,533.7991,37.463,1.250
15999,533.8325,29.970,1.000
16000,533.8658,14.985,0.500
16001,533.8992,14.985,0.500
16002,533.9326,7.493,0.250
16003,533.9659,0.000,0.000
16004,533.9993,7.493,0.250
16005,534.0327,7.493,0.250
16006,534.0660,14.985,0.500
16007,534.0994,82.418,2.750
16008,534.1328,52.980,1.768
16009,534.1661,45.575,1.521
16010,534.1995,29.970,1.000
16011,534.2329,67.848,2.264
16012,534.2662,67.433,2.250
16013,534.2996,30.892,1.031
16014,534.3330,67.433,2.250
16015,534.3663,38.205,1.275
16016,534.3997,61.785,2.062
16017,534.4331,29.970,1.000
16018,534.4664,40.348,1.346
16019,534.4998,90.222,3.010
16020,534.5332,52.980,1.768
16021,534.5665,10.596,0.354
16022,534.5999,60.407,2.016
16023,534.6333,29.970,1.000
16024,534.6666,38.205,1.275
16025,534.7000,7.493,0.250
16026,534.7334,29.970,1.000
16027,534.7667,0.000,0.000
16028,534.8001,0.000,0.000
16029,534.8335,0.000,0.000
16030,534.8668,7.493,0.250
16031,534.9002,67.015,2.236
16032,534.9336,37.463,1.250
16033,534.9669,45.575,1.521
16034,535.0003,50.261,1.677
16035,535.0337,64.016,2.136
16036,535.0670,29.970,1.000
16037,535.1004,29.970,1.000
16038,535.1338,69.078,2.305
16039,535.1671,23.693,0.791
16040,535.2005,14.985,0.500
16041,535.2339,16.754,0.559
16042,535.2672,52.980,1.768
16043,535.3006,82.758,2.761
16044,535.3340,23.693,0.791
16045,535.3673,52.980,1.768
16046,535.4007,60.407,2.016
16047,535.4341,44.955,1.500
16048,535.4674,45.575,1.521
16049,535.5008,0.000,0.000
16050,535.5342,37.463,1.250
16051,535.5675,7.493,0.250
16052,535.6009,0.000,0.000
16053,535.6343,16.754,0.559
16054,535.6676,0.000,0.000
16055,535.7010,23.693,0.791
16056,535.7344,29.970,1.000
16057,535.7677,37.463,1.250
16058,535.8011,22.478,0.750
16059,535.8345,44.955,1.500
16060,535.8678,59.940,2.000
16061,535.9012,29.970,1.000
16062,535.9346,76.409,2.550
16063,535.9679,52.448,1.750
16064,536.0013,97.690,3.260
16065,536.0347,30.892,1.031
16066,536.0680,43.689,1.458
16067,536.1014,52.980,1.768
16068,536.1348,44.955,1.500
16069,536.1681,87.698,2.926
16070,536.2015,29.970,1.000
16071,536.2349,61.785,2.062
16072,536.2682,29.970,1.000
16073,536.3016,57.061,1.904
16074,536.3350,10.596,0.354
16075,536.3683,23.693,0.791
16076,536.4017,7.493,0.250
16077,536.4351,7.493,0.250
16078,536.4684,7.493,0.250
16079,536.5018,7.493,0.250
16080,536.5352,27.015,0.901
16081,536.5685,44.955,1.500
16082,536.6019,0.000,0.000
16083,536.6353,57.061,1.904
16084,536.6686,99.963,3.335
16085,536.7020,33.508,1.118
16086,536.7354,60.407,2.016
16087,536.7687,30.892,1.031
16088,536.8021,64.016,2.136
16089,536.8355,16.754,0.559
16090,536.8688,27.015,0.901
16091,536.9022,37.463,1.250
16092,536.9356,59.940,2.000
16093,536.9689,59.940,2.000
16094,537.0023,74.925,2.500
16095,537.0357,30.892,1.031
16096,537.0690,38.205,1.275
16097,537.1024,37.463,1.250
16098,537.1358,23.693,0.791
16099,537.1691,52.980,1.768
16100,537.2025,7.493,0.250
16101,537.2359,7.493,0.250
16102,537.2692,0.000,0.000
16103,537.3026,0.000,0.000
16104,537.3360,0.000,0.000
16105,537.3693,23.693,0.791
16106,537.4027,10.596,0.354
16107,537.4361,60.407,2.016
16108,537.4694,83.769,2.795
16109,537.5028,29.970,1.000
16110,537.5362,67.848,2.264
16111,537.5695,60.407,2.016
16112,537.6029,52.980,1.768
16113,537.6363,29.970,1.000
16114,537.6696,69.078,2.305
16115,537.7030,23.693,0.791
16116,537.7364,29.970,1.000
16117,537.7697,14.985,0.500
16118,537.8031,60.407,2.016
16119,537.8365,71.080,2.372
16120,537.8698,47.387,1.581
16121,537.9032,30.892,1.031
16122,537.9366,33.508,1.118
16123,537.9699,30.892,1.031
16124,538.0033,29.970,1.000
16125,538.0367,31.788,1.061
16126,538.0700,10.596,0.354
16127,538.1034,16.754,0.559
16128,538.1368,16.754,0.559
16129,538.1701,0.000,0.000
16130,538.2035,22.478,0.750
16131,538.2369,43.689,1.458
16132,538.2702,23.693,0.791
16133,538.3036,29.970,1.000
16134,538.3370,37.463,1.250
16135,538.3703,99.963,3.335
16136,538.4037,30.892,1.031
16137,538.4371,45.575,1.521
16138,538.4704,47.387,1.581
16139,538.5038,16.754,0.559
16140,538.5372,22.478,0.750
16141,538.5705,76.409,2.550
16142,538.6039,29.970,1.000
16143,538.6373,44.955,1.500
16144,538.6706,29.970,1.000
16145,538.7040,45.575,1.521
16146,538.7374,44.955,1.500
16147,538.7707,44.955,1.500
16148,538.8041,38.205,1.275
16149,538.8375,30.892,1.031
16150,538.8708,16.754,0.559
16151,538.9042,7.493,0.250
16152,538.9376,7.493,0.250
16153,538.9709,0.000,0.000
16154,539.0043,16.754,0.559
16155,539.0377,16.754,0.559
16156,539.0710,40.348,1.346
16157,539.1044,23.693,0.791
16158,539.1378,52.980,1.768
16159,539.1711,40.348,1.346
16160,539.2045,97.690,3.260
16161,539.2379,59.940,2.000
16162,539.2712,60.407,2.016
16163,539.3046,60.407,2.016
16164,539.3380,30.892,1.031
16165,539.3713,7.493,0.250
16166,539.4047,45.575,1.521
16167,539.4381,43.689,1.458
16168,539.4714,52.448,1.750
16169,539.5048,71.080,2.372
16170,539.5382,52.980,1.768
16171,539.5715,30.892,1.031
16172,539.6049,33.508,1.118
16173,539.6383,30.892,1.031
16174,539.6716,37.463,1.250
16175,539.7050,7.493,0.250
16176,539.7384,14.985,0.500
16177,539.7717,0.000,0.000
16178,539.8051,0.000,0.000
16179,539.8385,23.693,0.791
16180,539.8718,27.015,0.901
16181,539.9052,21.192,0.707
16182,539.9386,33.508,1.118
16183,539.9719,92.677,3.092
16184,540.0053,61.785,2.062
16185,540.0387,30.892,1.031
16186,540.0720,37.463,1.250
16187,540.1054,43.689,1.458
16188,540.1388,57.061,1.904
16189,540.1721,47.976,1.601
16190,540.2055,59.940,2.000
16191,540.2389,23.693,0.791
16192,540.2722,30.892,1.031
16193,540.3056,52.448,1.750
16194,540.3390,60.407,2.016
16195,540.3723,54.546,1.820
16196,540.4057,44.955,1.500
16197,540.4391,16.754,0.559
16198,540.4724,37.463,1.250
16199,540.5058,29.970,1.000
16200,540.5392,16.754,0.559
16201,540.5725,0.000,0.000
16202,540.6059,7.493,0.250
16203,540.6393,7.493,0.250
16204,540.6726,7.493,0.250
16205,540.7060,22.478,0.750
16206,540.7394,14.985,0.500
16207,540.7727,31.788,1.061
16208,540.8061,7.493,0.250
16209,540.8395,16.754,0.559
16210,540.8728,21.192,0.707
16211,540.9062,10.596,0.354
16212,540.9396,0.000,0.000
16213,540.9729,0.000,0.000
16214,541.0063,0.000,0.000
16215,541.0397,7.493,0.250
16216,541.0730,22.478,0.750
16217,541.1064,10.596,0.354
16218,541.1398,7.493,0.250
16219,541.1731,7.493,0.250
16220,541.2065,0.000,0.000
16221,541.2399,0.000,0.000
16222,541.2732,7.493,0.250
16223,541.3066,0.000,0.000
16224,541.3400,0.000,0.000
16225,541.3733,0.000,0.000
16226,541.4067,0.000,0.000
16227,541.4401,10.596,0.354
16228,541.4734,0.000,0.000
16229,541.5068,14.985,0.500
16230,541.5402,7.493,0.250
16231,541.5735,16.754,0.559
16232,541.6069,14.985,0.500
16233,541.6403,33.508,1.118
16234,541.6736,37.463,1.250
16235,541.7070,7.493,0.250
16236,541.7404,47.976,1.601
16237,541.7737,14.985,0.500
16238,541.8071,29.970,1.000
16239,541.8405,76.409,2.550
16240,541.8738,14.985,0.500
16241,541.9072,14.985,0.500
16242,541.9406,10.596,0.354
16243,541.9739,23.693,0.791
16244,542.0073,16.754,0.559
16245,542.0407,16.754,0.559
16246,542.0740,29.970,1.000
16247,542.1074,14.985,0.500
16248,542.1408,16.754,0.559
16249,542.1741,7.493,0.250
16250,542.2075,7.493,0.250
16251,542.2409,50.261,1.677
16252,542.2742,7.493,0.250
16253,542.3076,0.000,0.000
16254,542.3410,14.985,0.500
16255,542.3743,7.493,0.250
16256,542.4077,16.754,0.559
16257,542.4411,23.693,0.791
16258,542.4744,16.754,0.559
16259,542.5078,52.448,1.750
16260,542.5412,23.693,0.791
16261,542.5745,27.015,0.901
16262,542.6079,7.493,0.250
16263,542.6413,33.508,1.118
16264,542.6746,16.754,0.559
16265,542.7080,16.754,0.559
16266,542.7414,27.015,0.901
16267,542.7747,70.684,2.358
16268,542.8081,33.508,1.118
16269,542.8415,30.892,1.031
16270,542.8748,59.940,2.000
16271,542.9082,37.463,1.250
16272,542.9416,23.693,0.791
16273,542.9749,14.985,0.500
16274,543.0083,29.970,1.000
16275,543.0417,7.493,0.250
16276,543.0750,0.000,0.000
16277,543.1084,37.463,1.250
16278,543.1418,47.387,1.581
16279,543.1751,60.407,2.016
16280,543.2085,70.684,2.358
16281,543.2419,54.029,1.803
16282,543.2752,27.015,0.901
16283,543.3086,52.980,1.768
16284,543.3420,30.892,1.031
16285,543.3753,22.478,0.750
16286,543.4087,10.596,0.354
16287,543.4421,10.596,0.354
16288,543.4754,14.985,0.500
16289,543.5088,23.693,0.791
16290,543.5422,0.000,0.000
16291,543.5755,30.892,1.031
16292,543.6089,16.754,0.559
16293,543.6423,23.693,0.791
16294,543.6756,47.976,1.601
16295,543.7090,60.407,2.016
16296,543.7424,79.647,2.658
16297,543.7757,16.754,0.559
16298,543.8091,43.689,1.458
16299,543.8425,37.463,1.250
16300,543.8758,37.463,1.250
16301,543.9092,23.693,0.791
16302,543.9426,10.596,0.354
16303,543.9759,21.192,0.707
16304,544.0093,16.754,0.559
16305,544.0427,16.754,0.559
16306,544.0760,16.754,0.559
16307,544.1094,31.788,1.061
16308,544.1428,30.892,1.031
16309,544.1761,7.493,0.250
16310,544.2095,22.478,0.750
16311,544.2429,22.478,0.750
16312,544.2762,10.596,0.354
16313,544.3096,7.493,0.250
16314,544.3430,0.000,0.000
16315,544.3763,0.000,0.000
16316,544.4097,14.985,0.500
16317,544.4431,22.478,0.750
16318,544.4764,10.596,0.354
16319,544.5098,30.892,1.031
16320,544.5432,31.788,1.061
16321,544.5765,7.493,0.250
16322,544.6099,10.596,0.354
16323,544.6433,30.892,1.031
16324,544.6766,14.985,0.500
16325,544.7100,7.493,0.250
16326,544.7434,23.693,0.791
16327,544.7767,52.980,1.768
16328,544.8101,22.478,0.750
16329,544.8435,29.970,1.000
16330,544.8768,38.205,1.275
16331,544.9102,38.205,1.275
16332,544.9436,44.955,1.500
16333,544.9769,30.892,1.031
16334,545.0103,29.970,1.000
16335,545.0437,29.970,1.000
16336,545.0770,29.970,1.000
16337,545.1104,0.000,0.000
16338,545.1438,0.000,0.000
16339,545.1771,14.985,0.500
16340,545.2105,7.493,0.250
16341,545.2439,0.000,0.000
16342,545.2772,14.985,0.500
16343,545.3106,10.596,0.354
16344,545.3440,0.000,0.000
16345,545.3773,16.754,0.559
16346,545.4107,27.015,0.901
16347,545.4441,10.596,0.354
16348,545.4774,33.508,1.118
16349,545.5108,16.754,0.559
16350,545.5442,10.596,0.354
16351,545.5775,37.463,1.250
16352,545.6109,10.596,0.354
16353,545.6443,33.508,1.118
16354,545.6776,58.518,1.953
16355,545.7110,22.478,0.750
16356,545.7444,37.463,1.250
16357,545.7777,10.596,0.354
16358,545.8111,33.508,1.118
16359,545.8445,43.689,1.458
16360,545.8778,33.508,1.118
16361,545.9112,16.754,0.559
16362,545.9446,16.754,0.559
16363,545.9779,33.508,1.118
16364,546.0113,16.754,0.559
16365,546.0447,23.693,0.791
16366,546.0780,50.261,1.677
16367,546.1114,38.205,1.275
16368,546.1448,33.508,1.118
16369,546.1781,16.754,0.559
16370,546.2115,33.508,1.118
16371,546.2449,7.493,0.250
16372,546.2782,0.000,0.000
16373,546.3116,7.493,0.250
16374,546.3450,0.000,0.000
16375,546.3783,7.493,0.250
16376,546.4117,30.892,1.031
16377,546.4451,7.493,0.250
16378,546.4784,7.493,0.250
16379,546.5118,21.192,0.707
16380,546.5452,52.980,1.768
16381,546.5785,94.774,3.162
16382,546.6119,42.384,1.414
16383,546.6453,85.428,2.850
16384,546.6786,42.384,1.414
16385,546.7120,38.205,1.275
16386,546.7454,30.892,1.031
16387,546.7787,22.478,0.750
16388,546.8121,14.985,0.500
16389,546.8455,0.000,0.000
16390,546.8788,7.493,0.250
16391,546.9122,27.015,0.901
16392,546.9456,14.985,0.500
16393,546.9789,7.493,0.250
16394,547.0123,14.985,0.500
16395,547.0457,10.596,0.354
16396,547.0790,31.788,1.061
16397,547.1124,22.478,0.750
16398,547.1458,16.754,0.559
16399,547.1791,14.985,0.500
16400,547.2125,0.000,0.000
16401,547.2459,30.892,1.031
16402,547.2792,22.478,0.750
16403,547.3126,7.493,0.250
16404,547.3460,10.596,0.354
16405,547.3793,23.693,0.791
16406,547.4127,21.192,0.707
16407,547.4461,37.463,1.250
16408,547.4794,64.016,2.136
16409,547.5128,59.940,2.000
16410,547.5462,30.892,1.031
16411,547.5795,16.754,0.559
16412,547.6129,0.000,0.000
16413,547.6463,0.000,0.000
16414,547.6796,7.493,0.250
16415,547.7130,7.493,0.250
16416,547.7464,16.754,0.559
16417,547.7797,60.407,2.016
16418,547.8131,29.970,1.000
16419,547.8465,33.508,1.118
16420,547.8798,30.892,1.031
16421,547.9132,7.493,0.250
16422,547.9466,37.463,1.250
16423,547.9799,22.478,0.750
16424,548.0133,7.493,0.250
16425,548.0467,7.493,0.250
16426,548.0800,16.754,0.559
16427,548.1134,23.693,0.791
16428,548.1468,7.493,0.250
16429,548.1801,40.348,1.346
16430,548.2135,83.769,2.795
16431,548.2469,67.015,2.236
16432,548.2802,40.348,1.346
16433,548.3136,132.556,4.423
16434,548.3470,47.976,1.601
16435,548.3803,31.788,1.061
16436,548.4137,30.892,1.031
16437,548.4471,16.754,0.559
16438,548.4804,10.596,0.354
16439,548.5138,7.493,0.250
16440,548.5472,10.596,0.354
16441,548.5805,0.000,0.000
16442,548.6139,14.985,0.500
16443,548.6473,54.029,1.803
16444,548.6806,10.596,0.354
16445,548.7140,0.000,0.000
16446,548.7474,22.478,0.750
16447,548.7807,10.596,0.354
16448,548.8141,54.029,1.803
16449,548.8475,14.985,0.500
16450,548.8808,16.754,0.559
16451,548.9142,16.754,0.559
16452,548.9476,7.493,0.250
16453,548.9809,10.596,0.354
16454,549.0143,23.693,0.791
16455,549.0477,16.754,0.559
16456,549.0810,38.205,1.275
16457,549.1144,14.985,0.500
16458,549.1478,29.970,1.000
16459,549.1811,7.493,0.250
16460,549.2145,16.754,0.559
16461,549.2479,29.970,1.000
16462,549.2812,22.478,0.750
16463,549.3146,7.493,0.250
16464,549.3480,7.493,0.250
16465,549.3813,0.000,0.000
16466,549.4147,29.970,1.000
16467,549.4481,38.205,1.275
16468,549.4814,21.192,0.707
16469,549.5148,37.463,1.250
16470,549.5482,37.463,1.250
16471,549.5815,33.508,1.118
16472,549.6149,29.970,1.000
16473,549.6483,23.693,0.791
16474,549.6816,10.596,0.354
16475,549.7150,10.596,0.354
16476,549.7484,7.493,0.250
16477,549.7817,7.493,0.250
16478,549.8151,23.693,0.791
16479,549.8485,61.785,2.062
16480,549.8818,58.518,1.953
16481,549.9152,58.518,1.953
16482,549.9486,58.518,1.953
16483,549.9819,42.384,1.414
16484,550.0153,50.261,1.677
16485,550.0487,33.508,1.118
16486,550.0820,29.970,1.000
16487,550.1154,33.508,1.118
16488,550.1488,7.493,0.250
16489,550.1821,10.596,0.354
16490,550.2155,7.493,0.250
16491,550.2489,16.754,0.559
16492,550.2822,42.384,1.414
16493,550.3156,16.754,0.559
16494,550.3490,29.970,1.000
16495,550.3823,22.478,0.750
16496,550.4157,14.985,0.500
16497,550.4491,21.192,0.707
16498,550.4824,16.754,0.559
16499,550.5158,10.596,0.354
16500,550.5492,7.493,0.250
16501,550.5825,0.000,0.000
16502,550.6159,7.493,0.250
16503,550.6493,16.754,0.559
16504,550.6826,14.985,0.500
16505,550.7160,10.596,0.354
16506,550.7494,37.463,1.250
16507,550.7827,21.192,0.707
16508,550.8161,7.493,0.250
16509,550.8495,7.493,0.250
16510,550.8828,30.892,1.031
16511,550.9162,42.384,1.414
16512,550.9496,0.000,0.000
16513,550.9829,0.000,0.000
16514,551.0163,0.000,0.000
16515,551.0497,33.508,1.118
16516,551.0830,30.892,1.031
16517,551.1164,67.433,2.250
16518,551.1498,23.693,0.791
16519,551.1831,44.955,1.500
16520,551.2165,23.693,0.791
16521,551.2499,22.478,0.750
16522,551.2832,29.970,1.000
16523,551.3166,30.892,1.031
16524,551.3500,7.493,0.250
16525,551.3833,21.192,0.707
16526,551.4167,50.261,1.677
16527,551.4501,27.015,0.901
16528,551.4834,74.925,2.500
16529,551.5168,85.428,2.850
16530,551.5502,47.976,1.601
16531,551.5835,47.976,1.601
16532,551.6169,16.754,0.559
16533,551.6503,16.754,0.559
16534,551.6836,22.478,0.750
16535,551.7170,10.596,0.354
16536,551.7504,50.261,1.677
16537,551.7837,54.546,1.820
16538,551.8171,42.384,1.414
16539,551.8505,37.463,1.250
16540,551.8838,67.015,2.236
16541,551.9172,14.985,0.500
16542,551.9506,44.955,1.500
16543,551.9839,0.000,0.000
16544,552.0173,0.000,0.000
16545,552.0507,14.985,0.500
16546,552.0840,21.192,0.707
16547,552.1174,7.493,0.250
16548,552.1507,23.693,0.791
16549,552.1841,14.985,0.500
16550,552.2175,10.596,0.354
16551,552.2508,7.493,0.250
16552,552.2842,27.015,0.901
16553,552.3176,16.754,0.559
16554,552.3509,27.015,0.901
16555,552.3843,22.478,0.750
16556,552.4177,42.384,1.414
16557,552.4510,7.493,0.250
16558,552.4844,60.407,2.016
16559,552.5178,37.463,1.250
16560,552.5511,37.463,1.250
16561,552.5845,37.463,1.250
16562,552.6179,30.892,1.031
16563,552.6512,52.448,1.750
16564,552.6846,7.493,0.250
16565,552.7180,30.892,1.031
16566,552.7513,45.575,1.521
16567,552.7847,21.192,0.707
16568,552.8181,29.970,1.000
16569,552.8514,64.016,2.136
16570,552.8848,43.689,1.458
16571,552.9182,67.015,2.236
16572,552.9515,38.205,1.275
16573,552.9849,16.754,0.559
16574,553.0183,29.970,1.000
16575,553.0516,7.493,0.250
16576,553.0850,10.596,0.354
16577,553.1184,0.000,0.000
16578,553.1517,0.000,0.000
16579,553.1851,0.000,0.000
16580,553.2185,27.015,0.901
16581,553.2518,54.029,1.803
16582,553.2852,37.463,1.250
16583,553.3186,47.976,1.601
16584,553.3519,64.016,2.136
16585,553.3853,33.508,1.118
16586,553.4187,67.015,2.236
16587,553.4520,70.684,2.358
16588,553.4854,37.463,1.250
16589,553.5188,14.985,0.500
16590,553.5521,33.508,1.118
16591,553.5855,23.693,0.791
16592,553.6189,0.000,0.000
16593,553.6522,23.693,0.791
16594,553.6856,16.754,0.559
16595,553.7190,43.689,1.458
16596,553.7523,37.463,1.250
16597,553.7857,7.493,0.250
16598,553.8191,30.892,1.031
16599,553.8524,7.493,0.250
16600,553.8858,0.000,0.000
16601,553.9192,0.000,0.000
16602,553.9525,0.000,0.000
16603,553.9859,7.493,0.250
16604,554.0193,22.478,0.750
16605,554.0526,14.985,0.500
16606,554.0860,14.985,0.500
16607,554.1194,21.192,0.707
16608,554.1527,33.508,1.118
16609,554.1861,38.205,1.275
16610,554.2195,30.892,1.031
16611,554.2528,38.205,1.275
16612,554.2862,16.754,0.559
16613,554.3196,27.015,0.901
16614,554.3529,67.433,2.250
16615,554.3863,45.575,1.521
16616,554.4197,23.693,0.791
16617,554.4530,29.970,1.000
16618,554.4864,45.575,1.521
16619,554.5198,52.448,1.750
16620,554.5531,52.448,1.750
16621,554.5865,16.754,0.559
16622,554.6199,10.596,0.354
16623,554.6532,38.205,1.275
16624,554.6866,16.754,0.559
16625,554.7200,7.493,0.250
16626,554.7533,22.478,0.750
16627,554.7867,0.000,0.000
16628,554.8201,27.015,0.901
16629,554.8534,47.976,1.601
16630,554.8868,60.407,2.016
16631,554.9202,31.788,1.061
16632,554.9535,58.518,1.953
16633,554.9869,37.463,1.250
16634,555.0203,60.407,2.016
16635,555.0536,74.925,2.500
16636,555.0870,23.693,0.791
16637,555.1204,21.192,0.707
16638,555.1537,37.463,1.250
16639,555.1871,29.970,1.000
16640,555.2205,7.493,0.250
16641,555.2538,16.754,0.559
16642,555.2872,7.493,0.250
16643,555.3206,37.463,1.250
16644,555.3539,14.985,0.500
16645,555.3873,23.693,0.791
16646,555.4207,27.015,0.901
16647,555.4540,27.015,0.901
16648,555.4874,14.985,0.500
16649,555.5208,10.596,0.354
16650,555.5541,7.493,0.250
16651,555.5875,0.000,0.000
16652,555.6209,0.000,0.000
16653,555.6542,0.000,0.000
16654,555.6876,29.970,1.000
16655,555.7210,22.478,0.750
16656,555.7543,21.192,0.707
16657,555.7877,27.015,0.901
16658,555.8211,14.985,0.500
16659,555.8544,31.788,1.061
16660,555.8878,59.940,2.000
16661,555.9212,7.493,0.250
16662,555.9545,14.985,0.500
16663,555.9879,58.518,1.953
16664,556.0213,50.261,1.677
16665,556.0546,27.015,0.901
16666,556.0880,21.192,0.707
16667,556.1214,64.016,2.136
16668,556.1547,27.015,0.901
16669,556.1881,42.384,1.414
16670,556.2215,30.892,1.031
16671,556.2548,30.892,1.031
16672,556.2882,16.754,0.559
16673,556.3216,14.985,0.500
16674,556.3549,7.493,0.250
16675,556.3883,7.493,0.250
16676,556.4217,7.493,0.250
16677,556.4550,0.000,0.000
16678,556.4884,0.000,0.000
16679,556.5218,74.925,2.500
16680,556.5551,29.970,1.000
16681,556.5885,50.261,1.677
16682,556.6219,78.224,2.610
16683,556.6552,40.348,1.346
16684,556.6886,27.015,0.901
16685,556.7220,60.407,2.016
16686,556.7553,40.348,1.346
16687,556.7887,33.508,1.118
16688,556.8221,37.463,1.250
16689,556.8554,16.754,0.559
16690,556.8888,10.596,0.354
16691,556.9222,14.985,0.500
16692,556.9555,16.754,0.559
16693,556.9889,16.754,0.559
16694,557.0223,30.892,1.031
16695,557.0556,52.980,1.768
16696,557.0890,22.478,0.750
16697,557.1224,16.754,0.559
16698,557.1557,23.693,0.791
16699,557.1891,7.493,0.250
16700,557.2225,0.000,0.000
16701,557.2558,0.000,0.000
16702,557.2892,0.000,0.000
16703,557.3226,0.000,0.000
16704,557.3559,29.970,1.000
16705,557.3893,21.192,0.707
16706,557.4227,16.754,0.559
16707,557.4560,23.693,0.791
16708,557.4894,22.478,0.750
16709,557.5228,0.000,0.000
16710,557.5561,27.015,0.901
16711,557.5895,16.754,0.559
16712,557.6229,37.463,1.250
16713,557.6562,40.348,1.346
16714,557.6896,47.387,1.581
16715,557.7230,27.015,0.901
16716,557.7563,30.892,1.031
16717,557.7897,42.384,1.414
16718,557.8231,37.463,1.250
16719,557.8564,37.463,1.250
16720,557.8898,44.955,1.500
16721,557.9232,16.754,0.559
16722,557.9565,30.892,1.031
16723,557.9899,7.493,0.250
16724,558.0233,0.000,0.000
16725,558.0566,0.000,0.000
16726,558.0900,0.000,0.000
16727,558.1234,10.596,0.354
16728,558.1567,50.261,1.677
16729,558.1901,47.387,1.581
16730,558.2235,23.693,0.791
16731,558.2568,16.754,0.559
16732,558.2902,54.546,1.820
16733,558.3236,71.080,2.372
16734,558.3569,50.261,1.677
16735,558.3903,38.205,1.275
16736,558.4237,45.575,1.521
16737,558.4570,38.205,1.275
16738,558.4904,27.015,0.901
16739,558.5238,23.693,0.791
16740,558.5571,45.575,1.521
16741,558.5905,43.689,1.458
16742,558.6239,21.192,0.707
16743,558.6572,22.478,0.750
16744,558.6906,7.493,0.250
16745,558.7240,10.596,0.354
16746,558.7573,16.754,0.559
16747,558.7907,10.596,0.354
16748,558.8241,0.000,0.000
16749,558.8574,14.985,0.500
16750,558.8908,7.493,0.250
16751,558.9242,0.000,0.000
16752,558.9575,7.493,0.250
16753,558.9909,10.596,0.354
16754,559.0243,21.192,0.707
16755,559.0576,23.693,0.791
16756,559.0910,16.754,0.559
16757,559.1244,16.754,0.559
16758,559.1577,27.015,0.901
16759,559.1911,37.463,1.250
16760,559.2245,0.000,0.000
16761,559.2578,16.754,0.559
16762,559.2912,31.788,1.061
16763,559.3246,40.348,1.346
16764,559.3579,54.029,1.803
16765,559.3913,27.015,0.901
16766,559.4247,40.348,1.346
16767,559.4580,47.387,1.581
16768,559.4914,23.693,0.791
16769,559.5248,47.976,1.601
16770,559.5581,29.970,1.000
16771,559.5915,29.970,1.000
16772,559.6249,7.493,0.250
16773,559.6582,7.493,0.250
16774,559.6916,0.000,0.000
16775,559.7250,0.000,0.000
16776,559.7583,0.000,0.000
16777,559.7917,0.000,0.000
16778,559.8251,44.955,1.500
16779,559.8584,0.000,0.000
16780,559.8918,45.575,1.521
16781,559.9252,23.693,0.791
16782,559.9585,67.433,2.250
16783,559.9919,29.970,1.000
16784,560.0253,37.463,1.250
16785,560.0586,22.478,0.750
16786,560.0920,29.970,1.000
16787,560.1254,60.407,2.016
16788,560.1587,16.754,0.559
16789,560.1921,38.205,1.275
16790,560.2255,22.478,0.750
16791,560.2588,37.463,1.250
16792,560.2922,0.000,0.000
16793,560.3256,27.015,0.901
16794,560.3589,14.985,0.500
16795,560.3923,29.970,1.000
16796,560.4257,69.078,2.305
16797,560.4590,7.493,0.250
16798,560.4924,30.892,1.031
16799,560.5258,44.955,1.500
16800,560.5591,69.078,2.305
16801,560.5925,21.192,0.707
16802,560.6259,52.448,1.750
16803,560.6592,22.478,0.750
16804,560.6926,37.463,1.250
16805,560.7260,7.493,0.250
16806,560.7593,23.693,0.791
16807,560.7927,0.000,0.000
16808,560.8261,7.493,0.250
16809,560.8594,7.493,0.250
16810,560.8928,23.693,0.791
16811,560.9262,14.985,0.500
16812,560.9595,37.463,1.250
16813,560.9929,14.985,0.500
16814,561.0263,29.970,1.000
16815,561.0596,30.892,1.031
16816,561.0930,64.016,2.136
16817,561.1264,59.940,2.000
16818,561.1597,60.407,2.016
16819,561.1931,58.518,1.953
16820,561.2265,77.140,2.574
16821,561.2598,47.976,1.601
16822,561.2932,54.546,1.820
16823,561.3266,64.453,2.151
16824,561.3599,7.493,0.250
16825,561.3933,7.493,0.250
16826,561.4267,7.493,0.250
16827,561.4600,16.754,0.559
16828,561.4934,30.892,1.031
16829,561.5268,37.463,1.250
16830,561.5601,14.985,0.500
16831,561.5935,14.985,0.500
16832,561.6269,21.192,0.707
16833,561.6602,7.493,0.250
16834,561.6936,16.754,0.559
16835,561.7270,16.754,0.559
16836,561.7603,27.015,0.901
16837,561.7937,10.596,0.354
16838,561.8271,10.596,0.354
16839,561.8604,14.985,0.500
16840,561.8938,23.693,0.791
16841,561.9272,16.754,0.559
16842,561.9605,50.261,1.677
16843,561.9939,16.754,0.559
16844,562.0273,75.299,2.512
16845,562.0606,22.478,0.750
16846,562.0940,37.463,1.250
16847,562.1274,43.689,1.458
16848,562.1607,40.348,1.346
16849,562.1941,54.546,1.820
16850,562.2275,95.951,3.202
16851,562.2608,43.689,1.458
16852,562.2942,33.508,1.118
16853,562.3276,47.976,1.601
16854,562.3609,47.976,1.601
16855,562.3943,14.985,0.500
16856,562.4277,30.892,1.031
16857,562.4610,10.596,0.354
16858,562.4944,0.000,0.000
16859,562.5278,7.493,0.250
16860,562.5611,0.000,0.000
16861,562.5945,67.015,2.236
16862,562.6279,50.261,1.677
16863,562.6612,80.697,2.693
16864,562.6946,30.892,1.031
16865,562.7280,33.508,1.118
16866,562.7613,61.785,2.062
16867,562.7947,54.546,1.820
16868,562.8281,29.970,1.000
16869,562.8614,82.418,2.750
16870,562.8948,33.508,1.118
16871,562.9282,29.970,1.000
16872,562.9615,37.463,1.250
16873,562.9949,37.463,1.250
16874,563.0283,43.689,1.458
16875,563.0616,10.596,0.354
16876,563.0950,7.493,0.250
16877,563.1284,23.693,0.791
16878,563.1617,21.192,0.707
16879,563.1951,30.892,1.031
16880,563.2285,10.596,0.354
16881,563.2618,23.693,0.791
16882,563.2952,16.754,0.559
16883,563.3286,23.693,0.791
16884,563.3619,23.693,0.791
16885,563.3953,0.000,0.000
16886,563.4287,0.000,0.000
16887,563.4620,0.000,0.000
16888,563.4954,0.000,0.000
16889,563.5288,10.596,0.354
16890,563.5621,0.000,0.000
16891,563.5955,31.788,1.061
16892,563.6289,23.693,0.791
16893,563.6622,7.493,0.250
16894,563.6956,16.754,0.559
16895,563.7290,23.693,0.791
16896,563.7623,23.693,0.791
16897,563.7957,37.463,1.250
16898,563.8291,52.980,1.768
16899,563.8624,21.192,0.707
16900,563.8958,23.693,0.791
16901,563.9292,10.596,0.354
16902,563.9625,10.596,0.354
16903,563.9959,0.000,0.000
16904,564.0293,16.754,0.559
16905,564.0626,42.384,1.414
16906,564.0960,54.029,1.803
16907,564.1294,23.693,0.791
16908,564.1627,60.407,2.016
16909,564.1961,67.015,2.236
16910,564.2295,23.693,0.791
16911,564.2628,16.754,0.559
16912,564.2962,0.000,0.000
16913,564.3296,0.000,0.000
16914,564.3629,10.596,0.354
16915,564.3963,60.407,2.016
16916,564.4297,47.387,1.581
16917,564.4630,33.508,1.118
16918,564.4964,60.407,2.016
16919,564.5298,59.940,2.000
16920,564.5631,27.015,0.901
16921,564.5965,21.192,0.707
16922,564.6299,0.000,0.000
16923,564.6632,16.754,0.559
16924,564.6966,0.000,0.000
16925,564.7300,30.892,1.031
16926,564.7633,22.478,0.750
16927,564.7967,16.754,0.559
16928,564.8301,0.000,0.000
16929,564.8634,21.192,0.707
16930,564.8968,30.892,1.031
16931,564.9302,54.546,1.820
16932,564.9635,16.754,0.559
16933,564.9969,0.000,0.000
16934,565.0303,23.693,0.791
16935,565.0636,0.000,0.000
16936,565.0970,7.493,0.250
16937,565.1304,0.000,0.000
16938,565.1637,10.596,0.354
16939,565.1971,7.493,0.250
16940,565.2305,7.493,0.250
16941,565.2638,10.596,0.354
16942,565.2972,0.000,0.000
16943,565.3306,10.596,0.354
16944,565.3639,23.693,0.791
16945,565.3973,22.478,0.750
16946,565.4307,29.970,1.000
16947,565.4640,21.192,0.707
16948,565.4974,37.463,1.250
16949,565.5308,21.192,0.707
16950,565.5641,0.000,0.000
16951,565.5975,0.000,0.000
16952,565.6309,10.596,0.354
16953,565.6642,54.029,1.803
16954,565.6976,42.384,1.414
16955,565.7310,52.980,1.768
16956,565.7643,22.478,0.750
16957,565.7977,64.453,2.151
16958,565.8311,54.029,1.803
16959,565.8644,22.478,0.750
16960,565.8978,30.892,1.031
16961,565.9312,7.493,0.250
16962,565.9645,0.000,0.000
16963,565.9979,7.493,0.250
16964,566.0313,0.000,0.000
16965,566.0646,21.192,0.707
16966,566.0980,61.785,2.062
16967,566.1314,23.693,0.791
16968,566.1647,45.575,1.521
16969,566.1981,54.546,1.820
16970,566.2315,37.463,1.250
16971,566.2648,21.192,0.707
16972,566.2982,16.754,0.559
16973,566.3316,0.000,0.000
16974,566.3649,0.000,0.000
16975,566.3983,0.000,0.000
16976,566.4317,38.205,1.275
16977,566.4650,16.754,0.559
16978,566.4984,23.693,0.791
16979,566.5318,38.205,1.275
16980,566.5651,31.788,1.061
16981,566.5985,0.000,0.000
16982,566.6319,16.754,0.559
16983,566.6652,22.478,0.750
16984,566.6986,14.985,0.500
16985,566.7320,10.596,0.354
16986,566.7653,7.493,0.250
16987,566.7987,0.000,0.000
16988,566.8321,7.493,0.250
16989,566.8654,7.493,0.250
16990,566.8988,0.000,0.000
16991,566.9322,16.754,0.559
16992,566.9655,33.508,1.118
16993,566.9989,7.493,0.250
16994,567.0323,14.985,0.500
16995,567.0656,16.754,0.559
16996,567.0990,50.261,1.677
16997,567.1324,21.192,0.707
16998,567.1657,23.693,0.791
16999,567.1991,10.596,0.354
17000,567.2325,21.192,0.707
17001,567.2658,0.000,0.000
17002,567.2992,0.000,0.000
17003,567.3326,47.976,1.601
17004,567.3659,27.015,0.901
17005,567.3993,58.518,1.953
17006,567.4327,21.192,0.707
17007,567.4660,50.261,1.677
17008,567.4994,50.261,1.677
17009,567.5328,16.754,0.559
17010,567.5661,7.493,0.250
17011,567.5995,0.000,0.000
17012,567.6329,0.000,0.000
17013,567.6662,0.000,0.000
17014,567.6996,30.892,1.031
17015,567.7330,52.980,1.768
17016,567.7663,14.985,0.500
17017,567.7997,22.478,0.750
17018,567.8331,61.785,2.062
17019,567.8664,47.387,1.581
17020,567.8998,27.015,0.901
17021,567.9332,7.493,0.250
17022,567.9665,0.000,0.000
17023,567.9999,7.493,0.250
17024,568.0333,16.754,0.559
17025,568.0666,23.693,0.791
17026,568.1000,33.508,1.118
17027,568.1334,7.493,0.250
17028,568.1667,38.205,1.275
17029,568.2001,7.493,0.250
17030,568.2335,14.985,0.500
17031,568.2668,43.689,1.458
17032,568.3002,27.015,0.901
17033,568.3336,7.493,0.250
17034,568.3669,16.754,0.559
17035,568.4003,14.985,0.500
17036,568.4337,0.000,0.000
17037,568.4670,0.000,0.000
17038,568.5004,0.000,0.000
17039,568.5338,7.493,0.250
17040,568.5671,7.493,0.250
17041,568.6005,10.596,0.354
17042,568.6339,10.596,0.354
17043,568.6672,27.015,0.901
17044,568.7006,22.478,0.750
17045,568.7340,0.000,0.000
17046,568.7673,22.478,0.750
17047,568.8007,31.788,1.061
17048,568.8341,23.693,0.791
17049,568.8674,21.192,0.707
17050,568.9008,7.493,0.250
17051,568.9342,37.463,1.250
17052,568.9675,30.892,1.031
17053,569.0009,37.463,1.250
17054,569.0343,52.980,1.768
17055,569.0676,47.387,1.581
17056,569.1010,57.061,1.904
17057,569.1344,16.754,0.559
17058,569.1677,14.985,0.500
17059,569.2011,0.000,0.000
17060,569.2345,37.463,1.250
17061,569.2678,44.955,1.500
17062,569.3012,60.407,2.016
17063,569.3346,50.261,1.677
17064,569.3679,45.575,1.521
17065,569.4013,16.754,0.559
17066,569.4347,21.192,0.707
17067,569.4680,0.000,0.000
17068,569.5014,0.000,0.000
17069,569.5348,22.478,0.750
17070,569.5681,37.463,1.250
17071,569.6015,0.000,0.000
17072,569.6349,30.892,1.031
17073,569.6682,23.693,0.791
17074,569.7016,33.508,1.118
17075,569.7350,43.689,1.458
17076,569.7683,23.693,0.791
17077,569.8017,27.015,0.901
17078,569.8351,14.985,0.500
17079,569.8684,7.493,0.250
17080,569.9018,7.493,0.250
17081,569.9352,16.754,0.559
17082,569.9685,16.754,0.559
17083,570.0019,7.493,0.250
17084,570.0353,7.493,0.250
17085,570.0686,43.689,1.458
17086,570.1020,22.478,0.750
17087,570.1354,0.000,0.000
17088,570.1687,0.000,0.000
17089,570.2021,50.261,1.677
17090,570.2355,67.015,2.236
17091,570.2688,64.016,2.136
17092,570.3022,38.205,1.275
17093,570.3356,40.348,1.346
17094,570.3689,22.478,0.750
17095,570.4023,0.000,0.000
17096,570.4357,45.575,1.521
17097,570.4690,47.387,1.581
17098,570.5024,27.015,0.901
17099,570.5358,99.963,3.335
17100,570.5691,38.205,1.275
17101,570.6025,29.970,1.000
17102,570.6359,14.985,0.500
17103,570.6692,23.693,0.791
17104,570.7026,0.000,0.000
17105,570.7360,22.478,0.750
17106,570.7693,44.955,1.500
17107,570.8027,14.985,0.500
17108,570.8361,44.955,1.500
17109,570.8694,27.015,0.901
17110,570.9028,21.192,0.707
17111,570.9362,52.980,1.768
17112,570.9695,33.508,1.118
17113,571.0029,10.596,0.354
17114,571.0363,33.508,1.118
17115,571.0696,0.000,0.000
17116,571.1030,16.754,0.559
17117,571.1364,27.015,0.901
17118,571.1697,37.463,1.250
17119,571.2031,7.493,0.250
17120,571.2365,7.493,0.250
17121,571.2698,112.388,3.750
17122,571.3032,37.463,1.250
17123,571.3366,27.015,0.901
17124,571.3699,64.453,2.151
17125,571.4033,31.788,1.061
17126,571.4367,7.493,0.250
17127,571.4700,61.785,2.062
17128,571.5034,61.785,2.062
17129,571.5368,80.697,2.693
17130,571.5701,47.387,1.581
17131,571.6035,30.892,1.031
17132,571.6369,16.754,0.559
17133,571.6702,21.192,0.707
17134,571.7036,21.192,0.707
17135,571.7370,23.693,0.791
17136,571.7703,37.463,1.250
17137,571.8037,23.693,0.791
17138,571.8371,23.693,0.791
17139,571.8704,38.205,1.275
17140,571.9038,23.693,0.791
17141,571.9372,37.463,1.250
17142,571.9705,37.463,1.250
17143,572.0039,14.985,0.500
17144,572.0373,16.754,0.559
17145,572.0706,7.493,0.250
17146,572.1040,33.508,1.118
17147,572.1374,33.508,1.118
17148,572.1707,21.192,0.707
17149,572.2041,7.493,0.250
17150,572.2375,104.089,3.473
17151,572.2708,38.205,1.275
17152,572.3042,67.015,2.236
17153,572.3376,43.689,1.458
17154,572.3709,23.693,0.791
17155,572.4043,42.384,1.414
17156,572.4377,67.848,2.264
17157,572.4710,33.508,1.118
17158,572.5044,90.532,3.021
17159,572.5378,23.693,0.791
17160,572.5711,7.493,0.250
17161,572.6045,23.693,0.791
17162,572.6379,23.693,0.791
17163,572.6712,22.478,0.750
17164,572.7046,7.493,0.250
17165,572.7380,40.348,1.346
17166,572.7713,14.985,0.500
17167,572.8047,43.689,1.458
17168,572.8381,16.754,0.559
17169,572.8714,16.754,0.559
17170,572.9048,23.693,0.791
17171,572.9382,7.493,0.250
17172,572.9715,23.693,0.791
17173,573.0049,16.754,0.559
17174,573.0383,40.348,1.346
17175,573.0716,21.192,0.707
17176,573.1050,14.985,0.500
17177,573.1384,77.140,2.574
17178,573.1717,54.029,1.803
17179,573.2051,64.453,2.151
17180,573.2385,45.575,1.521
17181,573.2718,7.493,0.250
17182,573.3052,23.693,0.791
17183,573.3386,108.059,3.606
17184,573.3719,47.387,1.581
17185,573.4053,38.205,1.275
17186,573.4387,54.029,1.803
17187,573.4720,14.985,0.500
17188,573.5054,0.000,0.000
17189,573.5388,29.970,1.000
17190,573.5721,64.016,2.136
17191,573.6055,0.000,0.000
17192,573.6389,38.205,1.275
17193,573.6722,23.693,0.791
17194,573.7056,27.015,0.901
17195,573.7390,27.015,0.901
17196,573.7723,43.689,1.458
17197,573.8057,33.508,1.118
17198,573.8390,10.596,0.354
17199,573.8724,7.493,0.250
17200,573.9058,47.976,1.601
17201,573.9391,31.788,1.061
17202,573.9725,7.493,0.250
17203,574.0059,42.384,1.414
17204,574.0392,85.428,2.850
17205,574.0726,64.453,2.151
17206,574.1060,29.970,1.000
17207,574.1393,27.015,0.901
17208,574.1727,54.029,1.803
17209,574.2061,67.015,2.236
17210,574.2394,37.463,1.250
17211,574.2728,37.463,1.250
17212,574.3062,37.463,1.250
17213,574.3395,14.985,0.500
17214,574.3729,60.407,2.016
17215,574.4063,16.754,0.559
17216,574.4396,16.754,0.559
17217,574.4730,0.000,0.000
17218,574.5064,23.693,0.791
17219,574.5397,90.532,3.021
17220,574.5731,14.985,0.500
17221,574.6065,27.015,0.901
17222,574.6398,10.596,0.354
17223,574.6732,7.493,0.250
17224,574.7066,30.892,1.031
17225,574.7399,7.493,0.250
17226,574.7733,16.754,0.559
17227,574.8067,67.015,2.236
17228,574.8400,27.015,0.901
17229,574.8734,97.690,3.260
17230,574.9068,42.384,1.414
17231,574.9401,37.463,1.250
17232,574.9735,27.015,0.901
17233,575.0069,22.478,0.750
17234,575.0402,47.976,1.601
17235,575.0736,69.078,2.305
17236,575.1070,33.508,1.118
17237,575.1403,47.387,1.581
17238,575.1737,33.508,1.118
17239,575.2071,10.596,0.354
17240,575.2404,40.348,1.346
17241,575.2738,22.478,0.750
17242,575.3072,7.493,0.250
17243,575.3405,0.000,0.000
17244,575.3739,22.478,0.750
17245,575.4073,23.693,0.791
17246,575.4406,37.463,1.250
17247,575.4740,80.697,2.693
17248,575.5074,16.754,0.559
17249,575.5407,7.493,0.250
17250,575.5741,29.970,1.000
17251,575.6075,27.015,0.901
17252,575.6408,37.463,1.250
17253,575.6742,31.788,1.061
17254,575.7076,79.647,2.658
17255,575.7409,42.384,1.414
17256,575.7743,42.384,1.414
17257,575.8077,21.192,0.707
17258,575.8410,40.348,1.346
17259,575.8744,63.576,2.121
17260,575.9078,70.684,2.358
17261,575.9411,22.478,0.750
17262,575.9745,47.976,1.601
17263,576.0079,14.985,0.500
17264,576.0412,0.000,0.000
17265,576.0746,23.693,0.791
17266,576.1080,16.754,0.559
17267,576.1413,37.463,1.250
17268,576.1747,22.478,0.750
17269,576.2081,37.463,1.250
17270,576.2414,31.788,1.061
17271,576.2748,42.384,1.414
17272,576.3082,37.463,1.250
17273,576.3415,23.693,0.791
17274,576.3749,23.693,0.791
17275,576.4083,29.970,1.000
17276,576.4416,14.985,0.500
17277,576.4750,10.596,0.354
17278,576.5084,31.788,1.061
17279,576.5417,31.788,1.061
17280,576.5751,64.453,2.151
17281,576.6085,37.463,1.250
17282,576.6418,67.015,2.236
17283,576.6752,21.192,0.707
17284,576.7086,47.976,1.601
17285,576.7419,64.016,2.136
17286,576.7753,81.044,2.704
17287,576.8087,42.384,1.414
17288,576.8420,16.754,0.559
17289,576.8754,14.985,0.500
17290,576.9088,37.463,1.250
17291,576.9421,27.015,0.901
17292,576.9755,23.693,0.791
17293,577.0089,40.348,1.346
17294,577.0422,43.689,1.458
17295,577.0756,27.015,0.901
17296,577.1090,10.596,0.354
17297,577.1423,37.463,1.250
17298,577.1757,42.384,1.414
17299,577.2091,38.205,1.275
17300,577.2424,21.192,0.707
17301,577.2758,38.205,1.275
17302,577.3092,7.493,0.250
17303,577.3425,43.689,1.458
17304,577.3759,14.985,0.500
17305,577.4093,50.261,1.677
17306,577.4426,90.222,3.010
17307,577.4760,60.407,2.016
17308,577.5094,27.015,0.901
17309,577.5427,33.508,1.118
17310,577.5761,27.015,0.901
17311,577.6095,43.689,1.458
17312,577.6428,67.015,2.236
17313,577.6762,87.377,2.915
17314,577.7096,7.493,0.250
17315,577.7429,29.970,1.000
17316,577.7763,31.788,1.061
17317,577.8097,29.970,1.000
17318,577.8430,22.478,0.750
17319,577.8764,0.000,0.000
17320,577.9098,70.684,2.358
17321,577.9431,14.985,0.500
17322,577.9765,27.015,0.901
17323,578.0099,37.463,1.250
17324,578.0432,40.348,1.346
17325,578.0766,16.754,0.559
17326,578.1100,14.985,0.500
17327,578.1433,38.205,1.275
17328,578.1767,27.015,0.901
17329,578.2101,23.693,0.791
17330,578.2434,70.684,2.358
17331,578.2768,47.976,1.601
17332,578.3102,69.078,2.305
17333,578.3435,16.754,0.559
17334,578.3769,16.754,0.559
17335,578.4103,37.463,1.250
17336,578.4436,67.015,2.236
17337,578.4770,37.463,1.250
17338,578.5104,37.463,1.250
17339,578.5437,7.493,0.250
17340,578.5771,21.192,0.707
17341,578.6105,40.348,1.346
17342,578.6438,27.015,0.901
17343,578.6772,23.693,0.791
17344,578.7106,40.348,1.346
17345,578.7439,42.384,1.414
17346,578.7773,21.192,0.707
17347,578.8107,69.078,2.305
17348,578.8440,37.463,1.250
17349,578.8774,27.015,0.901
17350,578.9108,16.754,0.559
17351,578.9441,16.754,0.559
17352,578.9775,42.384,1.414
17353,579.0109,16.754,0.559
17354,579.0442,42.384,1.414
17355,579.0776,42.384,1.414
17356,579.1110,42.384,1.414
17357,579.1443,58.518,1.953
17358,579.1777,27.015,0.901
17359,579.2111,23.693,0.791
17360,579.2444,52.980,1.768
17361,579.2778,83.769,2.795
17362,579.3112,27.015,0.901
17363,579.3445,37.463,1.250
17364,579.3779,21.192,0.707
17365,579.4113,7.493,0.250
17366,579.4446,42.384,1.414
17367,579.4780,30.892,1.031
17368,579.5114,38.205,1.275
17369,579.5447,21.192,0.707
17370,579.5781,27.015,0.901
17371,579.6115,37.463,1.250
17372,579.6448,10.596,0.354
17373,579.6782,42.384,1.414
17374,579.7116,69.078,2.305
17375,579.7449,44.955,1.500
17376,579.7783,0.000,0.000
17377,579.8117,7.493,0.250
17378,579.8450,33.508,1.118
17379,579.8784,22.478,0.750
17380,579.9118,63.576,2.121
17381,579.9451,42.384,1.414
17382,579.9785,60.407,2.016
17383,580.0119,33.508,1.118
17384,580.0452,23.693,0.791
17385,580.0786,7.493,0.250
17386,580.1120,27.015,0.901
17387,580.1453,97.690,3.260
17388,580.1787,43.689,1.458
17389,580.2121,42.384,1.414
17390,580.2454,0.000,0.000
17391,580.2788,58.518,1.953
17392,580.3122,23.693,0.791
17393,580.3455,23.693,0.791
17394,580.3789,38.205,1.275
17395,580.4123,69.078,2.305
17396,580.4456,38.205,1.275
17397,580.4790,74.925,2.500
17398,580.5124,87.377,2.915
17399,580.5457,14.985,0.500
17400,580.5791,7.493,0.250
17401,580.6125,16.754,0.559
17402,580.6458,7.493,0.250
17403,580.6792,7.493,0.250
17404,580.7126,37.463,1.250
17405,580.7459,43.689,1.458
17406,580.7793,47.976,1.601
17407,580.8127,93.881,3.132
17408,580.8460,38.205,1.275
17409,580.8794,40.348,1.346
17410,580.9128,14.985,0.500
17411,580.9461,7.493,0.250
17412,580.9795,64.016,2.136
17413,581.0129,58.518,1.953
17414,581.0462,37.463,1.250
17415,581.0796,37.463,1.250
17416,581.1130,33.508,1.118
17417,581.1463,42.384,1.414
17418,581.1797,33.508,1.118
17419,581.2131,23.693,0.791
17420,581.2464,60.407,2.016
17421,581.2798,83.769,2.795
17422,581.3132,111.384,3.717
17423,581.3465,64.453,2.151
17424,581.3799,10.596,0.354
17425,581.4133,7.493,0.250
17426,581.4466,30.892,1.031
17427,581.4800,27.015,0.901
17428,581.5134,16.754,0.559
17429,581.5467,33.508,1.118
17430,581.5801,37.463,1.250
17431,581.6135,101.909,3.400
17432,581.6468,54.546,1.820
17433,581.6802,70.684,2.358
17434,581.7136,70.684,2.358
17435,581.7469,16.754,0.559
17436,581.7803,37.463,1.250
17437,581.8137,50.261,1.677
17438,581.8470,59.940,2.000
17439,581.8804,54.546,1.820
17440,581.9138,27.015,0.901
17441,581.9471,47.387,1.581
17442,581.9805,29.970,1.000
17443,582.0139,37.463,1.250
17444,582.0472,30.892,1.031
17445,582.0806,52.980,1.768
17446,582.1140,57.061,1.904
17447,582.1473,79.647,2.658
17448,582.1807,27.015,0.901
17449,582.2141,31.788,1.061
17450,582.2474,57.061,1.904
17451,582.2808,21.192,0.707
17452,582.3142,0.000,0.000
17453,582.3475,10.596,0.354
17454,582.3809,47.387,1.581
17455,582.4143,37.463,1.250
17456,582.4476,33.508,1.118
17457,582.4810,14.985,0.500
17458,582.5144,23.693,0.791
17459,582.5477,14.985,0.500
17460,582.5811,16.754,0.559
17461,582.6145,52.980,1.768
17462,582.6478,38.205,1.275
17463,582.6812,23.693,0.791
17464,582.7146,23.693,0.791
17465,582.7479,16.754,0.559
17466,582.7813,30.892,1.031
17467,582.8147,57.061,1.904
17468,582.8480,52.980,1.768
17469,582.8814,7.493,0.250
17470,582.9148,52.980,1.768
17471,582.9481,21.192,0.707
17472,582.9815,16.754,0.559
17473,583.0149,14.985,0.500
17474,583.0482,107.277,3.579
17475,583.0816,73.793,2.462
17476,583.1150,42.384,1.414
17477,583.1483,23.693,0.791
17478,583.1817,7.493,0.250
17479,583.2151,27.015,0.901
17480,583.2484,10.596,0.354
17481,583.2818,0.000,0.000
17482,583.3152,14.985,0.500
17483,583.3485,104.895,3.500
17484,583.3819,83.769,2.795
17485,583.4153,45.575,1.521
17486,583.4486,47.387,1.581
17487,583.4820,52.980,1.768
17488,583.5154,27.015,0.901
17489,583.5487,16.754,0.559
17490,583.5821,54.029,1.803
17491,583.6155,54.029,1.803
17492,583.6488,27.015,0.901
17493,583.6822,40.348,1.346
17494,583.7156,7.493,0.250
17495,583.7489,23.693,0.791
17496,583.7823,50.261,1.677
17497,583.8157,64.453,2.151
17498,583.8490,42.384,1.414
17499,583.8824,33.508,1.118
17500,583.9158,54.029,1.803
17501,583.9491,30.892,1.031
17502,583.9825,67.015,2.236
17503,584.0159,71.080,2.372
17504,584.0492,58.518,1.953
17505,584.0826,60.407,2.016
17506,584.1160,64.016,2.136
17507,584.1493,33.508,1.118
17508,584.1827,14.985,0.500
17509,584.2161,0.000,0.000
17510,584.2494,16.754,0.559
17511,584.2828,38.205,1.275
17512,584.3162,29.970,1.000
17513,584.3495,29.970,1.000
17514,584.3829,47.387,1.581
17515,584.4163,76.409,2.550
17516,584.4496,92.677,3.092
17517,584.4830,27.015,0.901
17518,584.5164,7.493,0.250
17519,584.5497,40.348,1.346
17520,584.5831,37.463,1.250
17521,584.6165,90.532,3.021
17522,584.6498,42.384,1.414
17523,584.6832,57.061,1.904
17524,584.7166,67.015,2.236
17525,584.7499,16.754,0.559
17526,584.7833,10.596,0.354
17527,584.8167,10.596,0.354
17528,584.8500,7.493,0.250
17529,584.8834,47.976,1.601
17530,584.9168,16.754,0.559
17531,584.9501,74.925,2.500
17532,584.9835,23.693,0.791
17533,585.0169,50.261,1.677
17534,585.0502,58.518,1.953
17535,585.0836,40.348,1.346
17536,585.1170,16.754,0.559
17537,585.1503,84.768,2.828
17538,585.1837,47.976,1.601
17539,585.2171,14.985,0.500
17540,585.2504,40.348,1.346
17541,585.2838,54.029,1.803
17542,585.3172,33.508,1.118
17543,585.3505,29.970,1.000
17544,585.3839,23.693,0.791
17545,585.4173,16.754,0.559
17546,585.4506,14.985,0.500
17547,585.4840,0.000,0.000
17548,585.5174,0.000,0.000
17549,585.5507,23.693,0.791
17550,585.5841,16.754,0.559
17551,585.6175,30.892,1.031
17552,585.6508,50.261,1.677
17553,585.6842,71.080,2.372
17554,585.7176,57.061,1.904
17555,585.7509,29.970,1.000
17556,585.7843,67.015,2.236
17557,585.8177,57.061,1.904
17558,585.8510,33.508,1.118
17559,585.8844,43.689,1.458
17560,585.9178,10.596,0.354
17561,585.9511,31.788,1.061
17562,585.9845,67.015,2.236
17563,586.0179,42.384,1.414
17564,586.0512,52.980,1.768
17565,586.0846,43.689,1.458
17566,586.1180,27.015,0.901
17567,586.1513,21.192,0.707
17568,586.1847,16.754,0.559
17569,586.2181,7.493,0.250
17570,586.2514,0.000,0.000
17571,586.2848,23.693,0.791
17572,586.3182,37.463,1.250
17573,586.3515,23.693,0.791
17574,586.3849,27.015,0.901
17575,586.4183,27.015,0.901
17576,586.4516,67.015,2.236
17577,586.4850,85.428,2.850
17578,586.5184,23.693,0.791
17579,586.5517,37.463,1.250
17580,586.5851,47.976,1.601
17581,586.6185,37.463,1.250
17582,586.6518,30.892,1.031
17583,586.6852,37.463,1.250
17584,586.7186,37.463,1.250
17585,586.7519,80.697,2.693
17586,586.7853,57.061,1.904
17587,586.8187,29.970,1.000
17588,586.8520,16.754,0.559
17589,586.8854,23.693,0.791
17590,586.9188,30.892,1.031
17591,586.9521,14.985,0.500
17592,586.9855,14.985,0.500
17593,587.0189,10.596,0.354
17594,587.0522,0.000,0.000
17595,587.0856,0.000,0.000
17596,587.1190,0.000,0.000
17597,587.1523,40.348,1.346
17598,587.1857,40.348,1.346
17599,587.2191,14.985,0.500
17600,587.2524,57.061,1.904
17601,587.2858,61.785,2.062
17602,587.3192,61.785,2.062
17603,587.3525,54.029,1.803
17604,587.3859,22.478,0.750
17605,587.4193,57.061,1.904
17606,587.4526,23.693,0.791
17607,587.4860,58.518,1.953
17608,587.5194,16.754,0.559
17609,587.5527,37.463,1.250
17610,587.5861,57.061,1.904
17611,587.6195,10.596,0.354
17612,587.6528,54.029,1.803
17613,587.6862,38.205,1.275
17614,587.7196,43.689,1.458
17615,587.7529,31.788,1.061
17616,587.7863,30.892,1.031
17617,587.8197,23.693,0.791
17618,587.8530,23.693,0.791
17619,587.8864,0.000,0.000
17620,587.9198,0.000,0.000
17621,587.9531,10.596,0.354
17622,587.9865,16.754,0.559
17623,588.0199,33.508,1.118
17624,588.0532,0.000,0.000
17625,588.0866,27.015,0.901
17626,588.1200,43.689,1.458
17627,588.1533,37.463,1.250
17628,588.1867,67.015,2.236
17629,588.2201,29.970,1.000
17630,588.2534,58.518,1.953
17631,588.2868,79.647,2.658
17632,588.3202,16.754,0.559
17633,588.3535,21.192,0.707
17634,588.3869,45.575,1.521
17635,588.4203,33.508,1.118
17636,588.4536,14.985,0.500
17637,588.4870,31.788,1.061
17638,588.5204,29.970,1.000
17639,588.5537,64.016,2.136
17640,588.5871,38.205,1.275
17641,588.6205,16.754,0.559
17642,588.6538,30.892,1.031
17643,588.6872,30.892,1.031
17644,588.7206,16.754,0.559
17645,588.7539,16.754,0.559
17646,588.7873,7.493,0.250
17647,588.8207,0.000,0.000
17648,588.8540,0.000,0.000
17649,588.8874,0.000,0.000
17650,588.9208,31.788,1.061
17651,588.9541,29.970,1.000
17652,588.9875,30.892,1.031
17653,589.0209,30.892,1.031
17654,589.0542,43.689,1.458
17655,589.0876,67.015,2.236
17656,589.1210,22.478,0.750
17657,589.1543,31.788,1.061
17658,589.1877,38.205,1.275
17659,589.2211,57.061,1.904
17660,589.2544,43.689,1.458
17661,589.2878,23.693,0.791
17662,589.3212,21.192,0.707
17663,589.3545,40.348,1.346
17664,589.3879,52.980,1.768
17665,589.4213,50.261,1.677
17666,589.4546,21.192,0.707
17667,589.4880,23.693,0.791
17668,589.5214,43.689,1.458
17669,589.5547,23.693,0.791
17670,589.5881,42.384,1.414
17671,589.6215,23.693,0.791
17672,589.6548,10.596,0.354
17673,589.6882,23.693,0.791
17674,589.7216,16.754,0.559
17675,589.7549,7.493,0.250
17676,589.7883,7.493,0.250
17677,589.8217,0.000,0.000
17678,589.8550,7.493,0.250
17679,589.8884,0.000,0.000
17680,589.9218,0.000,0.000
17681,589.9551,7.493,0.250
17682,589.9885,0.000,0.000
17683,590.0219,7.493,0.250
17684,590.0552,7.493,0.250
17685,590.0886,0.000,0.000
17686,590.1220,7.493,0.250
17687,590.1553,0.000,0.000
17688,590.1887,0.000,0.000
17689,590.2221,0.000,0.000
17690,590.2554,27.015,0.901
17691,590.2888,7.493,0.250
17692,590.3222,52.980,1.768
17693,590.3555,22.478,0.750
17694,590.3889,7.493,0.250
17695,590.4223,44.955,1.500
17696,590.4556,67.015,2.236
17697,590.4890,30.892,1.031
17698,590.5224,45.575,1.521
17699,590.5557,30.892,1.031
17700,590.5891,57.061,1.904
17701,590.6225,7.493,0.250
17702,590.6558,22.478,0.750
17703,590.6892,0.000,0.000
17704,590.7226,0.000,0.000
17705,590.7559,0.000,0.000
17706,590.7893,0.000,0.000
17707,590.8227,7.493,0.250
17708,590.8560,27.015,0.901
17709,590.8894,33.508,1.118
17710,590.9228,61.785,2.062
17711,590.9561,16.754,0.559
17712,590.9895,23.693,0.791
17713,591.0229,30.892,1.031
17714,591.0562,0.000,0.000
17715,591.0896,16.754,0.559
17716,591.1230,22.478,0.750
17717,591.1563,7.493,0.250
17718,591.1897,7.493,0.250
17719,591.2231,31.788,1.061
17720,591.2564,50.261,1.677
17721,591.2898,23.693,0.791
17722,591.3232,67.848,2.264
17723,591.3565,47.387,1.581
17724,591.3899,61.785,2.062
17725,591.4233,30.892,1.031
17726,591.4566,52.980,1.768
17727,591.4900,27.015,0.901
17728,591.5234,16.754,0.559
17729,591.5567,14.985,0.500
17730,591.5901,7.493,0.250
17731,591.6235,21.192,0.707
17732,591.6568,37.463,1.250
17733,591.6902,27.015,0.901
17734,591.7236,40.348,1.346
17735,591.7569,14.985,0.500
17736,591.7903,30.892,1.031
17737,591.8237,29.970,1.000
17738,591.8570,14.985,0.500
17739,591.8904,16.754,0.559
17740,591.9238,0.000,0.000
17741,591.9571,23.693,0.791
17742,591.9905,31.788,1.061
17743,592.0239,37.463,1.250
17744,592.0572,23.693,0.791
17745,592.0906,42.384,1.414
17746,592.1240,23.693,0.791
17747,592.1573,0.000,0.000
17748,592.1907,23.693,0.791
17749,592.2241,10.596,0.354
17750,592.2574,42.384,1.414
17751,592.2908,16.754,0.559
17752,592.3242,22.478,0.750
17753,592.3575,40.348,1.346
17754,592.3909,30.892,1.031
17755,592.4243,45.575,1.521
17756,592.4576,14.985,0.500
17757,592.4910,30.892,1.031
17758,592.5244,30.892,1.031
17759,592.5577,0.000,0.000
17760,592.5911,16.754,0.559
17761,592.6245,0.000,0.000
17762,592.6578,10.596,0.354
17763,592.6912,0.000,0.000
17764,592.7246,0.000,0.000
17765,592.7579,7.493,0.250
17766,592.7913,0.000,0.000
17767,592.8247,45.575,1.521
17768,592.8580,37.463,1.250
17769,592.8914,57.061,1.904
17770,592.9248,37.463,1.250
17771,592.9581,52.980,1.768
17772,592.9915,30.892,1.031
17773,593.0249,67.848,2.264
17774,593.0582,45.575,1.521
17775,593.0916,44.955,1.500
17776,593.1250,43.689,1.458
17777,593.1583,27.015,0.901
17778,593.1917,57.061,1.904
17779,593.2251,43.689,1.458
17780,593.2584,52.448,1.750
17781,593.2918,59.940,2.000
17782,593.3252,21.192,0.707
17783,593.3585,37.463,1.250
17784,593.3919,67.015,2.236
17785,593.4253,7.493,0.250
17786,593.4586,7.493,0.250
17787,593.4920,0.000,0.000
17788,593.5254,52.980,1.768
17789,593.5587,52.980,1.768
17790,593.5921,23.693,0.791
17791,593.6255,71.080,2.372
17792,593.6588,30.892,1.031
17793,593.6922,22.478,0.750
17794,593.7256,16.754,0.559
17795,593.7589,14.985,0.500
17796,593.7923,23.693,0.791
17797,593.8257,16.754,0.559
17798,593.8590,0.000,0.000
17799,593.8924,0.000,0.000
17800,593.9258,10.596,0.354
17801,593.9591,7.493,0.250
17802,593.9925,0.000,0.000
17803,594.0259,37.463,1.250
17804,594.0592,14.985,0.500
17805,594.0926,7.493,0.250
17806,594.1260,7.493,0.250
17807,594.1593,7.493,0.250
17808,594.1927,29.970,1.000
17809,594.2261,21.192,0.707
17810,594.2594,16.754,0.559
17811,594.2928,40.348,1.346
17812,594.3262,37.463,1.250
17813,594.3595,30.892,1.031
17814,594.3929,38.205,1.275
17815,594.4263,10.596,0.354
17816,594.4596,22.478,0.750
17817,594.4930,23.693,0.791
17818,594.5264,30.892,1.031
17819,594.5597,16.754,0.559
17820,594.5931,10.596,0.354
17821,594.6265,0.000,0.000
17822,594.6598,10.596,0.354
17823,594.6932,7.493,0.250
17824,594.7266,10.596,0.354
17825,594.7599,7.493,0.250
17826,594.7933,10.596,0.354
17827,594.8267,37.463,1.250
17828,594.8600,29.970,1.000
17829,594.8934,54.029,1.803
17830,594.9268,33.508,1.118
17831,594.9601,14.985,0.500
17832,594.9935,42.384,1.414
17833,595.0269,23.693,0.791
17834,595.0602,27.015,0.901
17835,595.0936,47.976,1.601
17836,595.1270,42.384,1.414
17837,595.1603,16.754,0.559
17838,595.1937,52.980,1.768
17839,595.2271,23.693,0.791
17840,595.2604,37.463,1.250
17841,595.2938,79.647,2.658
17842,595.3272,0.000,0.000
17843,595.3605,7.493,0.250
17844,595.3939,21.192,0.707
17845,595.4273,27.015,0.901
17846,595.4606,54.546,1.820
17847,595.4940,52.980,1.768
17848,595.5273,30.892,1.031
17849,595.5607,40.348,1.346
17850,595.5941,27.015,0.901
17851,595.6274,0.000,0.000
17852,595.6608,0.000,0.000
17853,595.6942,0.000,0.000
17854,595.7275,14.985,0.500
17855,595.7609,7.493,0.250
17856,595.7943,14.985,0.500
17857,595.8276,16.754,0.559
17858,595.8610,0.000,0.000
17859,595.8944,16.754,0.559
17860,595.9277,23.693,0.791
17861,595.9611,7.493,0.250
17862,595.9945,10.596,0.354
17863,596.0278,14.985,0.500
17864,596.0612,16.754,0.559
17865,596.0946,16.754,0.559
17866,596.1279,16.754,0.559
17867,596.1613,10.596,0.354
17868,596.1947,22.478,0.750
17869,596.2280,7.493,0.250
17870,596.2614,43.689,1.458
17871,596.2948,52.980,1.768
17872,596.3281,27.015,0.901
17873,596.3615,22.478,0.750
17874,596.3949,52.448,1.750
17875,596.4282,14.985,0.500
17876,596.4616,23.693,0.791
17877,596.4950,21.192,0.707
17878,596.5283,23.693,0.791
17879,596.5617,0.000,0.000
17880,596.5951,14.985,0.500
17881,596.6284,0.000,0.000
17882,596.6618,0.000,0.000
17883,596.6952,0.000,0.000
17884,596.7285,10.596,0.354
17885,596.7619,0.000,0.000
17886,596.7953,7.493,0.250
17887,596.8286,22.478,0.750
17888,596.8620,67.433,2.250
17889,596.8954,29.970,1.000
17890,596.9287,29.970,1.000
17891,596.9621,40.348,1.346
17892,596.9955,52.980,1.768
17893,597.0288,37.463,1.250
17894,597.0622,10.596,0.354
17895,597.0956,0.000,0.000
17896,597.1289,0.000,0.000
17897,597.1623,7.493,0.250
17898,597.1957,0.000,0.000
17899,597.2290,0.000,0.000
17900,597.2624,7.493,0.250
17901,597.2958,22.478,0.750
17902,597.3291,7.493,0.250
17903,597.3625,0.000,0.000
17904,597.3959,23.693,0.791
17905,597.4292,58.518,1.953
17906,597.4626,7.493,0.250
17907,597.4960,42.384,1.414
17908,597.5293,14.985,0.500
17909,597.5627,0.000,0.000
17910,597.5961,0.000,0.000
17911,597.6294,23.693,0.791
17912,597.6628,0.000,0.000
17913,597.6962,0.000,0.000
17914,597.7295,0.000,0.000
17915,597.7629,7.493,0.250
17916,597.7963,29.970,1.000
17917,597.8296,37.463,1.250
17918,597.8630,29.970,1.000
17919,597.8964,38.205,1.275
17920,597.9297,37.463,1.250
17921,597.9631,33.508,1.118
17922,597.9965,7.493,0.250
17923,598.0298,23.693,0.791
17924,598.0632,10.596,0.354
17925,598.0966,0.000,0.000
17926,598.1299,16.754,0.559
17927,598.1633,30.892,1.031
17928,598.1967,7.493,0.250
17929,598.2300,0.000,0.000
17930,598.2634,16.754,0.559
17931,598.2968,7.493,0.250
17932,598.3301,7.493,0.250
17933,598.3635,0.000,0.000
17934,598.3969,0.000,0.000
17935,598.4302,27.015,0.901
17936,598.4636,7.493,0.250
17937,598.4970,7.493,0.250
17938,598.5303,7.493,0.250
17939,598.5637,16.754,0.559
17940,598.5971,0.000,0.000
17941,598.6304,0.000,0.000
17942,598.6638,7.493,0.250
17943,598.6972,0.000,0.000
17944,598.7305,0.000,0.000
17945,598.7639,10.596,0.354
17946,598.7973,23.693,0.791
17947,598.8306,7.493,0.250
17948,598.8640,37.463,1.250
17949,598.8974,16.754,0.559
17950,598.9307,37.463,1.250
17951,598.9641,42.384,1.414
17952,598.9975,47.976,1.601
17953,599.0308,23.693,0.791
17954,599.0642,16.754,0.559
17955,599.0976,21.192,0.707
17956,599.1309,23.693,0.791
17957,599.1643,16.754,0.559
17958,599.1977,7.493,0.250
17959,599.2310,0.000,0.000
17960,599.2644,16.754,0.559
17961,599.2978,16.754,0.559
17962,599.3311,0.000,0.000
17963,599.3645,7.493,0.250
17964,599.3979,0.000,0.000
17965,599.4312,7.493,0.250
17966,599.4646,16.754,0.559
17967,599.4980,7.493,0.250
17968,599.5313,27.015,0.901
17969,599.5647,10.596,0.354
17970,599.5981,60.407,2.016
17971,599.6314,7.493,0.250
17972,599.6648,42.384,1.414
17973,599.6982,23.693,0.791
17974,599.7315,31.788,1.061
17975,599.7649,7.493,0.250
17976,599.7983,37.463,1.250
17977,599.8316,7.493,0.250
17978,599.8650,10.596,0.354
17979,599.8984,14.985,0.500
17980,599.9317,33.508,1.118
17981,599.9651,31.788,1.061
17982,599.9985,29.970,1.000
17983,600.0318,38.205,1.275
17984,600.0652,23.693,0.791
17985,600.0986,22.478,0.750
17986,600.1319,37.463,1.250
17987,600.1653,67.848,2.264
17988,600.1987,10.596,0.354
17989,600.2320,23.693,0.791
17990,600.2654,23.693,0.791
17991,600.2988,14.985,0.500
17992,600.3321,23.693,0.791
17993,600.3655,10.596,0.354
17994,600.3989,14.985,0.500
17995,600.4322,10.596,0.354
17996,600.4656,10.596,0.354
17997,600.4990,0.000,0.000
17998,600.5323,10.596,0.354
17999,600.5657,7.493,0.250
18000,600.5991,7.493,0.250
18001,600.6324,0.000,0.000
18002,600.6658,0.000,0.000
18003,600.6992,0.000,0.000
18004,600.7325,0.000,0.000
18005,600.7659,22.478,0.750
18006,600.7993,40.348,1.346
18007,600.8326,23.693,0.791
18008,600.8660,59.940,2.000
18009,600.8994,52.980,1.768
18010,600.9327,16.754,0.559
18011,600.9661,29.970,1.000
18012,600.9995,37.463,1.250
18013,601.0328,67.848,2.264
18014,601.0662,16.754,0.559
18015,601.0996,37.463,1.250
18016,601.1329,30.892,1.031
18017,601.1663,7.493,0.250
18018,601.1997,42.384,1.414
18019,601.2330,37.463,1.250
18020,601.2664,16.754,0.559
18021,601.2998,14.985,0.500
18022,601.3331,0.000,0.000
18023,601.3665,14.985,0.500
18024,601.3999,7.493,0.250
18025,601.4332,0.000,0.000
18026,601.4666,22.478,0.750
18027,601.5000,10.596,0.354
18028,601.5333,52.980,1.768
18029,601.5667,42.384,1.414
18030,601.6001,7.493,0.250
18031,601.6334,42.384,1.414
18032,601.6668,33.508,1.118
18033,601.7002,10.596,0.354
18034,601.7335,22.478,0.750
18035,601.7669,43.689,1.458
18036,601.8003,21.192,0.707
18037,601.8336,27.015,0.901
18038,601.8670,16.754,0.559
18039,601.9004,47.976,1.601
18040,601.9337,52.980,1.768
18041,601.9671,75.299,2.512
18042,602.0005,23.693,0.791
18043,602.0338,31.788,1.061
18044,602.0672,27.015,0.901
18045,602.1006,40.348,1.346
18046,602.1339,22.478,0.750
18047,602.1673,10.596,0.354
18048,602.2007,7.493,0.250
18049,602.2340,7.493,0.250
18050,602.2674,16.754,0.559
18051,602.3008,0.000,0.000
18052,602.3341,21.192,0.707
18053,602.3675,16.754,0.559
18054,602.4009,7.493,0.250
18055,602.4342,0.000,0.000
18056,602.4676,0.000,0.000
18057,602.5010,14.985,0.500
18058,602.5343,0.000,0.000
18059,602.5677,0.000,0.000
18060,602.6011,22.478,0.750
18061,602.6344,27.015,0.901
18062,602.6678,43.689,1.458
18063,602.7012,37.463,1.250
18064,602.7345,58.518,1.953
18065,602.7679,16.754,0.559
18066,602.8013,30.892,1.031
18067,602.8346,14.985,0.500
18068,602.8680,31.788,1.061
18069,602.9014,14.985,0.500
18070,602.9347,0.000,0.000
18071,602.9681,0.000,0.000
18072,603.0015,0.000,0.000
18073,603.0348,27.015,0.901
18074,603.0682,70.684,2.358
18075,603.1016,21.192,0.707
18076,603.1349,27.015,0.901
18077,603.1683,60.407,2.016
18078,603.2017,7.493,0.250
18079,603.2350,10.596,0.354
18080,603.2684,0.000,0.000
18081,603.3018,7.493,0.250
18082,603.3351,14.985,0.500
18083,603.3685,33.508,1.118
18084,603.4019,10.596,0.354
18085,603.4352,10.596,0.354
18086,603.4686,10.596,0.354
18087,603.5020,74.172,2.475
18088,603.5353,16.754,0.559
18089,603.5687,16.754,0.559
18090,603.6021,31.788,1.061
18091,603.6354,38.205,1.275
18092,603.6688,0.000,0.000
18093,603.7022,0.000,0.000
18094,603.7355,10.596,0.354
18095,603.7689,10.596,0.354
18096,603.8023,22.478,0.750
18097,603.8356,16.754,0.559
18098,603.8690,16.754,0.559
18099,603.9024,29.970,1.000
18100,603.9357,7.493,0.250
18101,603.9691,23.693,0.791
18102,604.0025,0.000,0.000
18103,604.0358,22.478,0.750
18104,604.0692,16.754,0.559
18105,604.1026,63.576,2.121
18106,604.1359,42.384,1.414
18107,604.1693,23.693,0.791
18108,604.2027,43.689,1.458
18109,604.2360,10.596,0.354
18110,604.2694,7.493,0.250
18111,604.3028,0.000,0.000
18112,604.3361,7.493,0.250
18113,604.3695,7.493,0.250
18114,604.4029,42.384,1.414
18115,604.4362,27.015,0.901
18116,604.4696,42.384,1.414
18117,604.5030,33.508,1.118
18118,604.5363,0.000,0.000
18119,604.5697,21.192,0.707
18120,604.6031,21.192,0.707
18121,604.6364,7.493,0.250
18122,604.6698,23.693,0.791
18123,604.7032,40.348,1.346
18124,604.7365,10.596,0.354
18125,604.7699,57.061,1.904
18126,604.8033,52.980,1.768
18127,604.8366,33.508,1.118
18128,604.8700,30.892,1.031
18129,604.9034,37.463,1.250
18130,604.9367,16.754,0.559
18131,604.9701,7.493,0.250
18132,605.0035,16.754,0.559
18133,605.0368,7.493,0.250
18134,605.0702,33.508,1.118
18135,605.1036,10.596,0.354
18136,605.1369,33.508,1.118
18137,605.1703,27.015,0.901
18138,605.2037,0.000,0.000
18139,605.2370,37.463,1.250
18140,605.2704,10.596,0.354
18141,605.3038,21.192,0.707
18142,605.3371,77.140,2.574
18143,605.3705,42.384,1.414
18144,605.4039,37.463,1.250
18145,605.4372,23.693,0.791
18146,605.4706,58.518,1.953
18147,605.5040,21.192,0.707
18148,605.5373,0.000,0.000
18149,605.5707,0.000,0.000
18150,605.6041,21.192,0.707
18151,605.6374,7.493,0.250
18152,605.6708,30.892,1.031
18153,605.7042,27.015,0.901
18154,605.7375,40.348,1.346
18155,605.7709,27.015,0.901
18156,605.8043,10.596,0.354
18157,605.8376,7.493,0.250
18158,605.8710,30.892,1.031
18159,605.9044,27.015,0.901
18160,605.9377,10.596,0.354
18161,605.9711,30.892,1.031
18162,606.0045,30.892,1.031
18163,606.0378,33.508,1.118
18164,606.0712,30.892,1.031
18165,606.1046,43.689,1.458
18166,606.1379,40.348,1.346
18167,606.1713,16.754,0.559
18168,606.2047,7.493,0.250
18169,606.2380,14.985,0.500
18170,606.2714,22.478,0.750
18171,606.3048,38.205,1.275
18172,606.3381,7.493,0.250
18173,606.3715,16.754,0.559
18174,606.4049,16.754,0.559
18175,606.4382,27.015,0.901
18176,606.4716,27.015,0.901
18177,606.5050,27.015,0.901
18178,606.5383,42.384,1.414
18179,606.5717,27.015,0.901
18180,606.6051,58.518,1.953
18181,606.6384,47.976,1.601
18182,606.6718,16.754,0.559
18183,606.7052,0.000,0.000
18184,606.7385,0.000,0.000
18185,606.7719,7.493,0.250
18186,606.8053,10.596,0.354
18187,606.8386,10.596,0.354
18188,606.8720,52.980,1.768
18189,606.9054,30.892,1.031
18190,606.9387,22.478,0.750
18191,606.9721,0.000,0.000
18192,607.0055,0.000,0.000
18193,607.0388,0.000,0.000
18194,607.0722,10.596,0.354
18195,607.1056,47.387,1.581
18196,607.1389,47.976,1.601
18197,607.1723,44.955,1.500
18198,607.2057,30.892,1.031
18199,607.2390,29.970,1.000
18200,607.2724,47.387,1.581
18201,607.3058,43.689,1.458
18202,607.3391,7.493,0.250
18203,607.3725,7.493,0.250
18204,607.4059,7.493,0.250
18205,607.4392,23.693,0.791
18206,607.4726,16.754,0.559
18207,607.5060,23.693,0.791
18208,607.5393,40.348,1.346
18209,607.5727,7.493,0.250
18210,607.6061,31.788,1.061
18211,607.6394,10.596,0.354
18212,607.6728,43.689,1.458
18213,607.7062,37.463,1.250
18214,607.7395,33.508,1.118
18215,607.7729,47.976,1.601
18216,607.8063,43.689,1.458
18217,607.8396,14.985,0.500
18218,607.8730,7.493,0.250
18219,607.9064,0.000,0.000
18220,607.9397,7.493,0.250
18221,607.9731,10.596,0.354
18222,608.0065,10.596,0.354
18223,608.0398,37.463,1.250
18224,608.0732,7.493,0.250
18225,608.1066,0.000,0.000
18226,608.1399,0.000,0.000
18227,608.1733,0.000,0.000
18228,608.2067,23.693,0.791
18229,608.2400,27.015,0.901
18230,608.2734,23.693,0.791
18231,608.3068,80.697,2.693
18232,608.3401,22.478,0.750
18233,608.3735,27.015,0.901
18234,608.4069,67.848,2.264
18235,608.4402,42.384,1.414
18236,608.4736,7.493,0.250
18237,608.5070,10.596,0.354
18238,608.5403,21.192,0.707
18239,608.5737,23.693,0.791
18240,608.6071,23.693,0.791
18241,608.6404,21.192,0.707
18242,608.6738,10.596,0.354
18243,608.7072,57.061,1.904
18244,608.7405,7.493,0.250
18245,608.7739,16.754,0.559
18246,608.8073,21.192,0.707
18247,608.8406,84.768,2.828
18248,608.8740,27.015,0.901
18249,608.9074,43.689,1.458
18250,608.9407,37.463,1.250
18251,608.9741,7.493,0.250
18252,609.0075,7.493,0.250
18253,609.0408,7.493,0.250
18254,609.0742,21.192,0.707
18255,609.1076,21.192,0.707
18256,609.1409,21.192,0.707
18257,609.1743,16.754,0.559
18258,609.2077,0.000,0.000
18259,609.2410,7.493,0.250
18260,609.2744,0.000,0.000
18261,609.3078,42.384,1.414
18262,609.3411,14.985,0.500
18263,609.3745,14.985,0.500
18264,609.4079,31.788,1.061
18265,609.4412,92.677,3.092
18266,609.4746,30.892,1.031
18267,609.5080,30.892,1.031
18268,609.5413,42.384,1.414
18269,609.5747,14.985,0.500
18270,609.6081,7.493,0.250
18271,609.6414,16.754,0.559
18272,609.6748,23.693,0.791
18273,609.7082,23.693,0.791
18274,609.7415,29.970,1.000
18275,609.7749,37.463,1.250
18276,609.8083,40.348,1.346
18277,609.8416,16.754,0.559
18278,609.8750,23.693,0.791
18279,609.9084,0.000,0.000
18280,609.9417,0.000,0.000
18281,609.9751,0.000,0.000
18282,610.0085,0.000,0.000
18283,610.0418,0.000,0.000
18284,610.0752,7.493,0.250
18285,610.1086,7.493,0.250
18286,610.1419,0.000,0.000
18287,610.1753,0.000,0.000
18288,610.2087,0.000,0.000
18289,610.2420,0.000,0.000
18290,610.2754,0.000,0.000
18291,610.3088,10.596,0.354
18292,610.3421,16.754,0.559
18293,610.3755,14.985,0.500
18294,610.4089,22.478,0.750
18295,610.4422,29.970,1.000
18296,610.4756,22.478,0.750
18297,610.5090,30.892,1.031
18298,610.5423,30.892,1.031
18299,610.5757,50.261,1.677
18300,610.6091,7.493,0.250
18301,610.6424,10.596,0.354
18302,610.6758,0.000,0.000
18303,610.7092,7.493,0.250
18304,610.7425,14.985,0.500
18305,610.7759,0.000,0.000
18306,610.8093,7.493,0.250
18307,610.8426,31.788,1.061
18308,610.8760,29.970,1.000
18309,610.9094,21.192,0.707
18310,610.9427,14.985,0.500
18311,610.9761,60.407,2.016
18312,611.0095,67.015,2.236
18313,611.0428,7.493,0.250
18314,611.0762,54.029,1.803
18315,611.1096,22.478,0.750
18316,611.1429,38.205,1.275
18317,611.1763,58.518,1.953
18318,611.2097,47.387,1.581
18319,611.2430,31.788,1.061
18320,611.2764,30.892,1.031
18321,611.3098,10.596,0.354
18322,611.3431,60.407,2.016
18323,611.3765,23.693,0.791
18324,611.4099,31.788,1.061
18325,611.4432,22.478,0.750
18326,611.4766,33.508,1.118
18327,611.5100,27.015,0.901
18328,611.5433,7.493,0.250
18329,611.5767,21.192,0.707
18330,611.6101,0.000,0.000
18331,611.6434,21.192,0.707
18332,611.6768,10.596,0.354
18333,611.7102,7.493,0.250
18334,611.7435,22.478,0.750
18335,611.7769,33.508,1.118
18336,611.8103,30.892,1.031
18337,611.8436,7.493,0.250
18338,611.8770,33.508,1.118
18339,611.9104,30.892,1.031
18340,611.9437,38.205,1.275
18341,611.9771,42.384,1.414
18342,612.0105,0.000,0.000
18343,612.0438,23.693,0.791
18344,612.0772,10.596,0.354
18345,612.1106,29.970,1.000
18346,612.1439,21.192,0.707
18347,612.1773,14.985,0.500
18348,612.2107,33.508,1.118
18349,612.2440,67.015,2.236
18350,612.2774,23.693,0.791
18351,612.3108,16.754,0.559
18352,612.3441,40.348,1.346
18353,612.3775,37.463,1.250
18354,612.4109,38.205,1.275
18355,612.4442,45.575,1.521
18356,612.4776,52.448,1.750
18357,612.5110,29.970,1.000
18358,612.5443,30.892,1.031
18359,612.5777,29.970,1.000
18360,612.6111,10.596,0.354
18361,612.6444,0.000,0.000
18362,612.6778,0.000,0.000
18363,612.7112,0.000,0.000
18364,612.7445,0.000,0.000
18365,612.7779,0.000,0.000
18366,612.8113,22.478,0.750
18367,612.8446,27.015,0.901
18368,612.8780,52.980,1.768
18369,612.9114,61.785,2.062
18370,612.9447,33.508,1.118
18371,612.9781,52.448,1.750
18372,613.0115,14.985,0.500
18373,613.0448,23.693,0.791
18374,613.0782,22.478,0.750
18375,613.1116,14.985,0.500
18376,613.1449,38.205,1.275
18377,613.1783,22.478,0.750
18378,613.2117,16.754,0.559
18379,613.2450,37.463,1.250
18380,613.2784,33.508,1.118
18381,613.3118,37.463,1.250
18382,613.3451,23.693,0.791
18383,613.3785,27.015,0.901
18384,613.4119,38.205,1.275
18385,613.4452,33.508,1.118
18386,613.4786,10.596,0.354
18387,613.5120,10.596,0.354
18388,613.5453,0.000,0.000
18389,613.5787,0.000,0.000
18390,613.6121,21.192,0.707
18391,613.6454,16.754,0.559
18392,613.6788,22.478,0.750
18393,613.7122,10.596,0.354
18394,613.7455,22.478,0.750
18395,613.7789,0.000,0.000
18396,613.8123,10.596,0.354
18397,613.8456,14.985,0.500
18398,613.8790,16.754,0.559
18399,613.9124,7.493,0.250
18400,613.9457,16.754,0.559
18401,613.9791,16.754,0.559
18402,614.0125,16.754,0.559
18403,614.0458,7.493,0.250
18404,614.0792,0.000,0.000
18405,614.1126,23.693,0.791
18406,614.1459,14.985,0.500
18407,614.1793,10.596,0.354
18408,614.2127,7.493,0.250
18409,614.2460,10.596,0.354
18410,614.2794,10.596,0.354
18411,614.3128,0.000,0.000
18412,614.3461,0.000,0.000
18413,614.3795,0.000,0.000
18414,614.4129,0.000,0.000
18415,614.4462,0.000,0.000
18416,614.4796,7.493,0.250
18417,614.5130,0.000,0.000
18418,614.5463,0.000,0.000
18419,614.5797,0.000,0.000
18420,614.6131,0.000,0.000
18421,614.6464,0.000,0.000
18422,614.6798,0.000,0.000
18423,614.7132,0.000,0.000
18424,614.7465,0.000,0.000
18425,614.7799,0.000,0.000
18426,614.8133,0.000,0.000
18427,614.8466,0.000,0.000
18428,614.8800,0.000,0.000
18429,614.9134,0.000,0.000
18430,614.9467,0.000,0.000
18431,614.9801,0.000,0.000
18432,615.0135,0.000,0.000
18433,615.0468,0.000,0.000
18434,615.0802,0.000,0.000
18435,615.1136,0.000,0.000
18436,615.1469,0.000,0.000
18437,615.1803,0.000,0.000
18438,615.2137,0.000,0.000
18439,615.2470,0.000,0.000
18440,615.2804,21.192,0.707
18441,615.3138,10.596,0.354
18442,615.3471,21.192,0.707
18443,615.3805,14.985,0.500
18444,615.4139,38.205,1.275
18445,615.4472,10.596,0.354
18446,615.4806,7.493,0.250
18447,615.5140,16.754,0.559
18448,615.5473,7.493,0.250
18449,615.5807,7.493,0.250
18450,615.6141,16.754,0.559
18451,615.6474,7.493,0.250
18452,615.6808,29.970,1.000
18453,615.7142,0.000,0.000
18454,615.7475,21.192,0.707
18455,615.7809,21.192,0.707
18456,615.8143,0.000,0.000
18457,615.8476,14.985,0.500
18458,615.8810,14.985,0.500
18459,615.9144,7.493,0.250
18460,615.9477,0.000,0.000
18461,615.9811,0.000,0.000
18462,616.0145,7.493,0.250
18463,616.0478,16.754,0.559
18464,616.0812,0.000,0.000
18465,616.1146,29.970,1.000
18466,616.1479,16.754,0.559
18467,616.1813,22.478,0.750
18468,616.2147,29.970,1.000
18469,616.2480,82.758,2.761
18470,616.2814,30.892,1.031
18471,616.3148,14.985,0.500
18472,616.3481,0.000,0.000
18473,616.3815,0.000,0.000
18474,616.4149,0.000,0.000
18475,616.4482,7.493,0.250
18476,616.4816,23.693,0.791
18477,616.5150,58.518,1.953
18478,616.5483,50.261,1.677
18479,616.5817,37.463,1.250
18480,616.6151,43.689,1.458
18481,616.6484,14.985,0.500
18482,616.6818,16.754,0.559
18483,616.7152,7.493,0.250
18484,616.7485,21.192,0.707
18485,616.7819,7.493,0.250
18486,616.8153,38.205,1.275
18487,616.8486,60.407,2.016
18488,616.8820,30.892,1.031
18489,616.9154,30.892,1.031
18490,616.9487,43.689,1.458
18491,616.9821,42.384,1.414
18492,617.0155,14.985,0.500
18493,617.0488,7.493,0.250
18494,617.0822,10.596,0.354
18495,617.1155,10.596,0.354
18496,617.1489,27.015,0.901
18497,617.1823,10.596,0.354
18498,617.2156,21.192,0.707
18499,617.2490,43.689,1.458
18500,617.2824,23.693,0.791
18501,617.3157,10.596,0.354
18502,617.3491,7.493,0.250
18503,617.3825,29.970,1.000
18504,617.4158,27.015,0.901
18505,617.4492,59.940,2.000
18506,617.4826,54.546,1.820
18507,617.5159,16.754,0.559
18508,617.5493,14.985,0.500
18509,617.5827,33.508,1.118
18510,617.6160,16.754,0.559
18511,617.6494,50.261,1.677
18512,617.6828,21.192,0.707
18513,617.7161,54.546,1.820
18514,617.7495,37.463,1.250
18515,617.7829,16.754,0.559
18516,617.8162,22.478,0.750
18517,617.8496,22.478,0.750
18518,617.8830,29.970,1.000
18519,617.9163,120.813,4.031
18520,617.9497,40.348,1.346
18521,617.9831,27.015,0.901
18522,618.0164,16.754,0.559
18523,618.0498,29.970,1.000
18524,618.0832,21.192,0.707
18525,618.1165,21.192,0.707
18526,618.1499,21.192,0.707
18527,618.1833,16.754,0.559
18528,618.2166,27.015,0.901
18529,618.2500,0.000,0.000
18530,618.2834,16.754,0.559
18531,618.3167,91.458,3.052
18532,618.3501,45.575,1.521
18533,618.3835,23.693,0.791
18534,618.4168,7.493,0.250
18535,618.4502,29.970,1.000
18536,618.4836,43.689,1.458
18537,618.5169,22.478,0.750
18538,618.5503,37.463,1.250
18539,618.5837,21.192,0.707
18540,618.6170,7.493,0.250
18541,618.6504,0.000,0.000
18542,618.6838,10.596,0.354
18543,618.7171,77.140,2.574
18544,618.7505,37.463,1.250
18545,618.7839,38.205,1.275
18546,618.8172,29.970,1.000
18547,618.8506,23.693,0.791
18548,618.8840,16.754,0.559
18549,618.9173,30.892,1.031
18550,618.9507,31.788,1.061
18551,618.9841,22.478,0.750
18552,619.0174,27.015,0.901
18553,619.0508,14.985,0.500
18554,619.0842,63.576,2.121
18555,619.1175,44.955,1.500
18556,619.1509,29.970,1.000
18557,619.1843,37.463,1.250
18558,619.2176,16.754,0.559
18559,619.2510,74.925,2.500
18560,619.2844,27.015,0.901
18561,619.3177,23.693,0.791
18562,619.3511,16.754,0.559
18563,619.3845,27.015,0.901
18564,619.4178,30.892,1.031
18565,619.4512,30.892,1.031
18566,619.4846,90.532,3.021
18567,619.5179,37.463,1.250
18568,619.5513,23.693,0.791
18569,619.5847,10.596,0.354
18570,619.6180,33.508,1.118
18571,619.6514,37.463,1.250
18572,619.6848,22.478,0.750
18573,619.7181,10.596,0.354
18574,619.7515,27.015,0.901
18575,619.7849,38.205,1.275
18576,619.8182,38.205,1.275
18577,619.8516,45.575,1.521
18578,619.8850,43.689,1.458
18579,619.9183,21.192,0.707
18580,619.9517,47.976,1.601
18581,619.9851,50.261,1.677
18582,620.0184,27.015,0.901
18583,620.0518,23.693,0.791
18584,620.0852,27.015,0.901
18585,620.1185,10.596,0.354
18586,620.1519,16.754,0.559
18587,620.1853,127.373,4.250
18588,620.2186,33.508,1.118
18589,620.2520,23.693,0.791
18590,620.2854,23.693,0.791
18591,620.3187,23.693,0.791
18592,620.3521,33.508,1.118
18593,620.3855,16.754,0.559
18594,620.4188,10.596,0.354
18595,620.4522,21.192,0.707
18596,620.4856,52.980,1.768
18597,620.5189,64.016,2.136
18598,620.5523,52.980,1.768
18599,620.5857,37.463,1.250
18600,620.6190,29.970,1.000
18601,620.6524,14.985,0.500
18602,620.6858,37.463,1.250
18603,620.7191,97.403,3.250
18604,620.7525,21.192,0.707
18605,620.7859,22.478,0.750
18606,620.8192,16.754,0.559
18607,620.8526,31.788,1.061
18608,620.8860,43.689,1.458
18609,620.9193,83.769,2.795
18610,620.9527,37.463,1.250
18611,620.9861,21.192,0.707
18612,621.0194,10.596,0.354
18613,621.0528,40.348,1.346
18614,621.0862,21.192,0.707
18615,621.1195,23.693,0.791
18616,621.1529,31.788,1.061
18617,621.1863,14.985,0.500
18618,621.2196,54.029,1.803
18619,621.2530,71.080,2.372
18620,621.2864,37.463,1.250
18621,621.3197,29.970,1.000
18622,621.3531,22.478,0.750
18623,621.3865,52.448,1.750
18624,621.4198,60.407,2.016
18625,621.4532,40.348,1.346
18626,621.4866,16.754,0.559
18627,621.5199,29.970,1.000
18628,621.5533,7.493,0.250
18629,621.5867,16.754,0.559
18630,621.6200,23.693,0.791
18631,621.6534,122.886,4.100
18632,621.6868,42.384,1.414
18633,621.7201,14.985,0.500
18634,621.7535,21.192,0.707
18635,621.7869,30.892,1.031
18636,621.8202,10.596,0.354
18637,621.8536,14.985,0.500
18638,621.8870,37.463,1.250
18639,621.9203,14.985,0.500
18640,621.9537,23.693,0.791
18641,621.9871,43.689,1.458
18642,622.0204,61.785,2.062
18643,622.0538,45.575,1.521
18644,622.0872,37.463,1.250
18645,622.1205,7.493,0.250
18646,622.1539,7.493,0.250
18647,622.1873,60.407,2.016
18648,622.2206,33.508,1.118
18649,622.2540,27.015,0.901
18650,622.2874,54.029,1.803
18651,622.3207,16.754,0.559
18652,622.3541,22.478,0.750
18653,622.3875,7.493,0.250
18654,622.4208,14.985,0.500
18655,622.4542,117.037,3.905
18656,622.4876,50.261,1.677
18657,622.5209,16.754,0.559
18658,622.5543,31.788,1.061
18659,622.5877,22.478,0.750
18660,622.6210,22.478,0.750
18661,622.6544,33.508,1.118
18662,622.6878,10.596,0.354
18663,622.7211,16.754,0.559
18664,622.7545,22.478,0.750
18665,622.7879,10.596,0.354
18666,622.8212,47.387,1.581
18667,622.8546,83.769,2.795
18668,622.8880,44.955,1.500
18669,622.9213,16.754,0.559
18670,622.9547,23.693,0.791
18671,622.9881,54.546,1.820
18672,623.0214,38.205,1.275
18673,623.0548,42.384,1.414
18674,623.0882,22.478,0.750
18675,623.1215,37.463,1.250
18676,623.1549,23.693,0.791
18677,623.1883,7.493,0.250
18678,623.2216,44.955,1.500
18679,623.2550,69.078,2.305
18680,623.2884,37.463,1.250
18681,623.3217,57.061,1.904
18682,623.3551,0.000,0.000
18683,623.3885,0.000,0.000
18684,623.4218,10.596,0.354
18685,623.4552,23.693,0.791
18686,623.4886,16.754,0.559
18687,623.5219,33.508,1.118
18688,623.5553,31.788,1.061
18689,623.5887,16.754,0.559
18690,623.6220,0.000,0.000
18691,623.6554,7.493,0.250
18692,623.6888,23.693,0.791
18693,623.7221,67.433,2.250
18694,623.7555,45.575,1.521
18695,623.7889,37.463,1.250
18696,623.8222,27.015,0.901
18697,623.8556,27.015,0.901
18698,623.8890,23.693,0.791
18699,623.9223,52.980,1.768
18700,623.9557,31.788,1.061
18701,623.9891,38.205,1.275
18702,624.0224,42.384,1.414
18703,624.0558,22.478,0.750
18704,624.0892,0.000,0.000
18705,624.1225,21.192,0.707
18706,624.1559,22.478,0.750
18707,624.1893,120.813,4.031
18708,624.2226,27.015,0.901
18709,624.2560,33.508,1.118
18710,624.2894,7.493,0.250
18711,624.3227,7.493,0.250
18712,624.3561,0.000,0.000
18713,624.3895,0.000,0.000
18714,624.4228,22.478,0.750
18715,624.4562,37.463,1.250
18716,624.4896,21.192,0.707
18717,624.5229,10.596,0.354
18718,624.5563,10.596,0.354
18719,624.5897,16.754,0.559
18720,624.6230,10.596,0.354
18721,624.6564,10.596,0.354
18722,624.6898,44.955,1.500
18723,624.7231,112.388,3.750
18724,624.7565,47.976,1.601
18725,624.7899,27.015,0.901
18726,624.8232,0.000,0.000
18727,624.8566,61.785,2.062
18728,624.8900,47.387,1.581
18729,624.9233,40.348,1.346
18730,624.9567,22.478,0.750
18731,624.9901,31.788,1.061
18732,625.0234,29.970,1.000
18733,625.0568,0.000,0.000
18734,625.0902,10.596,0.354
18735,625.1235,30.892,1.031
18736,625.1569,100.523,3.354
18737,625.1903,42.384,1.414
18738,625.2236,31.788,1.061
18739,625.2570,0.000,0.000
18740,625.2904,0.000,0.000
18741,625.3237,10.596,0.354
18742,625.3571,21.192,0.707
18743,625.3905,10.596,0.354
18744,625.4238,14.985,0.500
18745,625.4572,10.596,0.354
18746,625.4906,30.892,1.031
18747,625.5239,0.000,0.000
18748,625.5573,0.000,0.000
18749,625.5907,14.985,0.500
18750,625.6240,22.478,0.750
18751,625.6574,112.637,3.758
18752,625.6908,44.955,1.500
18753,625.7241,29.970,1.000
18754,625.7575,45.575,1.521
18755,625.7909,0.000,0.000
18756,625.8242,33.508,1.118
18757,625.8576,58.518,1.953
18758,625.8910,33.508,1.118
18759,625.9243,23.693,0.791
18760,625.9577,54.029,1.803
18761,625.9911,27.015,0.901
18762,626.0244,22.478,0.750
18763,626.0578,16.754,0.559
18764,626.0912,27.015,0.901
18765,626.1245,29.970,1.000
18766,626.1579,54.029,1.803
18767,626.1913,74.172,2.475
18768,626.2246,37.463,1.250
18769,626.2580,10.596,0.354
18770,626.2914,7.493,0.250
18771,626.3247,16.754,0.559
18772,626.3581,0.000,0.000
18773,626.3915,23.693,0.791
18774,626.4248,0.000,0.000
18775,626.4582,42.384,1.414
18776,626.4916,0.000,0.000
18777,626.5249,0.000,0.000
18778,626.5583,0.000,0.000
18779,626.5917,29.970,1.000
18780,626.6250,45.575,1.521
18781,626.6584,44.955,1.500
18782,626.6918,52.980,1.768
18783,626.7251,59.940,2.000
18784,626.7585,29.970,1.000
18785,626.7919,10.596,0.354
18786,626.8252,21.192,0.707
18787,626.8586,64.453,2.151
18788,626.8920,33.508,1.118
18789,626.9253,23.693,0.791
18790,626.9587,60.407,2.016
18791,626.9921,29.970,1.000
18792,627.0254,0.000,0.000
18793,627.0588,16.754,0.559
18794,627.0922,52.980,1.768
18795,627.1255,58.518,1.953
18796,627.1589,37.463,1.250
18797,627.1923,37.463,1.250
18798,627.2256,16.754,0.559
18799,627.2590,7.493,0.250
18800,627.2924,7.493,0.250
18801,627.3257,0.000,0.000
18802,627.3591,30.892,1.031
18803,627.3925,14.985,0.500
18804,627.4258,29.970,1.000
18805,627.4592,14.985,0.500
18806,627.4926,30.892,1.031
18807,627.5259,0.000,0.000
18808,627.5593,0.000,0.000
18809,627.5927,10.596,0.354
18810,627.6260,42.384,1.414
18811,627.6594,75.299,2.512
18812,627.6928,37.463,1.250
18813,627.7261,47.976,1.601
18814,627.7595,16.754,0.559
18815,627.7929,22.478,0.750
18816,627.8262,22.478,0.750
18817,627.8596,16.754,0.559
18818,627.8930,67.015,2.236
18819,627.9263,57.061,1.904
18820,627.9597,44.955,1.500
18821,627.9931,7.493,0.250
18822,628.0264,10.596,0.354
18823,628.0598,10.596,0.354
18824,628.0932,29.970,1.000
18825,628.1265,38.205,1.275
18826,628.1599,69.078,2.305
18827,628.1933,40.348,1.346
18828,628.2266,14.985,0.500
18829,628.2600,0.000,0.000
18830,628.2934,7.493,0.250
18831,628.3267,38.205,1.275
18832,628.3601,23.693,0.791
18833,628.3935,7.493,0.250
18834,628.4268,30.892,1.031
18835,628.4602,10.596,0.354
18836,628.4936,14.985,0.500
18837,628.5269,7.493,0.250
18838,628.5603,10.596,0.354
18839,628.5937,44.955,1.500
18840,628.6270,61.785,2.062
18841,628.6604,38.205,1.275
18842,628.6938,30.892,1.031
18843,628.7271,61.785,2.062
18844,628.7605,22.478,0.750
18845,628.7939,16.754,0.559
18846,628.8272,14.985,0.500
18847,628.8606,23.693,0.791
18848,628.8940,83.769,2.795
18849,628.9273,22.478,0.750
18850,628.9607,21.192,0.707
18851,628.9941,27.015,0.901
18852,629.0274,0.000,0.000
18853,629.0608,22.478,0.750
18854,629.0942,69.078,2.305
18855,629.1275,30.892,1.031
18856,629.1609,27.015,0.901
18857,629.1943,30.892,1.031
18858,629.2276,0.000,0.000
18859,629.2610,22.478,0.750
18860,629.2944,16.754,0.559
18861,629.3277,27.015,0.901
18862,629.3611,37.463,1.250
18863,629.3945,16.754,0.559
18864,629.4278,27.015,0.901
18865,629.4612,16.754,0.559
18866,629.4946,7.493,0.250
18867,629.5279,31.788,1.061
18868,629.5613,7.493,0.250
18869,629.5947,7.493,0.250
18870,629.6280,22.478,0.750
18871,629.6614,76.409,2.550
18872,629.6948,29.970,1.000
18873,629.7281,16.754,0.559
18874,629.7615,23.693,0.791
18875,629.7949,52.980,1.768
18876,629.8282,31.788,1.061
18877,629.8616,40.348,1.346
18878,629.8950,30.892,1.031
18879,629.9283,29.970,1.000
18880,629.9617,33.508,1.118
18881,629.9951,33.508,1.118
18882,630.0284,37.463,1.250
18883,630.0618,67.015,2.236
18884,630.0952,23.693,0.791
18885,630.1285,21.192,0.707
18886,630.1619,30.892,1.031
18887,630.1953,22.478,0.750
18888,630.2286,7.493,0.250
18889,630.2620,0.000,0.000
18890,630.2954,7.493,0.250
18891,630.3287,31.788,1.061
18892,630.3621,7.493,0.250
18893,630.3955,0.000,0.000
18894,630.4288,10.596,0.354
18895,630.4622,7.493,0.250
18896,630.4956,30.892,1.031
18897,630.5289,0.000,0.000
18898,630.5623,29.970,1.000
18899,630.5957,71.080,2.372
18900,630.6290,45.575,1.521
18901,630.6624,37.463,1.250
18902,630.6958,40.348,1.346
18903,630.7291,40.348,1.346
18904,630.7625,0.000,0.000
18905,630.7959,33.508,1.118
18906,630.8292,52.448,1.750
18907,630.8626,33.508,1.118
18908,630.8960,7.493,0.250
18909,630.9293,7.493,0.250
18910,630.9627,37.463,1.250
18911,630.9961,37.463,1.250
18912,631.0294,22.478,0.750
18913,631.0628,47.387,1.581
18914,631.0962,16.754,0.559
18915,631.1295,7.493,0.250
18916,631.1629,22.478,0.750
18917,631.1963,7.493,0.250
18918,631.2296,10.596,0.354
18919,631.2630,23.693,0.791
18920,631.2964,22.478,0.750
18921,631.3297,16.754,0.559
18922,631.3631,33.508,1.118
18923,631.3965,7.493,0.250
18924,631.4298,16.754,0.559
18925,631.4632,10.596,0.354
18926,631.4966,78.224,2.610
18927,631.5299,52.980,1.768
18928,631.5633,38.205,1.275
18929,631.5967,47.387,1.581
18930,631.6300,42.384,1.414
18931,631.6634,21.192,0.707
18932,631.6968,10.596,0.354
18933,631.7301,30.892,1.031
18934,631.7635,52.980,1.768
18935,631.7969,38.205,1.275
18936,631.8302,10.596,0.354
18937,631.8636,7.493,0.250
18938,631.8970,42.384,1.414
18939,631.9303,33.508,1.118
18940,631.9637,43.689,1.458
18941,631.9971,23.693,0.791
18942,632.0304,23.693,0.791
18943,632.0638,16.754,0.559
18944,632.0972,0.000,0.000
18945,632.1305,23.693,0.791
18946,632.1639,16.754,0.559
18947,632.1973,10.596,0.354
18948,632.2306,30.892,1.031
18949,632.2640,0.000,0.000
18950,632.2974,21.192,0.707
18951,632.3307,45.575,1.521
18952,632.3641,14.985,0.500
18953,632.3975,16.754,0.559
18954,632.4308,71.080,2.372
18955,632.4642,73.793,2.462
18956,632.4976,45.575,1.521
18957,632.5309,21.192,0.707
18958,632.5643,27.015,0.901
18959,632.5977,23.693,0.791
18960,632.6310,45.575,1.521
18961,632.6644,52.980,1.768
18962,632.6978,30.892,1.031
18963,632.7311,14.985,0.500
18964,632.7645,10.596,0.354
18965,632.7979,21.192,0.707
18966,632.8312,22.478,0.750
18967,632.8646,27.015,0.901
18968,632.8980,54.546,1.820
18969,632.9313,37.463,1.250
18970,632.9647,10.596,0.354
18971,632.9981,7.493,0.250
18972,633.0314,23.693,0.791
18973,633.0648,21.192,0.707
18974,633.0982,16.754,0.559
18975,633.1315,14.985,0.500
18976,633.1649,7.493,0.250
18977,633.1983,7.493,0.250
18978,633.2316,22.478,0.750
18979,633.2650,33.508,1.118
18980,633.2984,16.754,0.559
18981,633.3317,54.546,1.820
18982,633.3651,64.016,2.136
18983,633.3985,82.758,2.761
18984,633.4318,29.970,1.000
18985,633.4652,16.754,0.559
18986,633.4986,23.693,0.791
18987,633.5319,37.463,1.250
18988,633.5653,40.348,1.346
18989,633.5987,23.693,0.791
18990,633.6320,27.015,0.901
18991,633.6654,43.689,1.458
18992,633.6988,23.693,0.791
18993,633.7321,40.348,1.346
18994,633.7655,37.463,1.250
18995,633.7989,29.970,1.000
18996,633.8322,37.463,1.250
18997,633.8656,22.478,0.750
18998,633.8990,14.985,0.500
18999,633.9323,16.754,0.559
19000,633.9657,22.478,0.750
19001,633.9991,10.596,0.354
19002,634.0324,7.493,0.250
19003,634.0658,40.348,1.346
19004,634.0992,10.596,0.354
19005,634.1325,10.596,0.354
19006,634.1659,37.463,1.250
19007,634.1993,30.892,1.031
19008,634.2326,37.463,1.250
19009,634.2660,16.754,0.559
19010,634.2994,23.693,0.791
19011,634.3327,42.384,1.414
19012,634.3661,89.910,3.000
19013,634.3995,75.299,2.512
19014,634.4328,30.892,1.031
19015,634.4662,14.985,0.500
19016,634.4996,42.384,1.414
19017,634.5329,16.754,0.559
19018,634.5663,29.970,1.000
19019,634.5997,44.955,1.500
19020,634.6330,44.955,1.500
19021,634.6664,14.985,0.500
19022,634.6998,22.478,0.750
19023,634.7331,23.693,0.791
19024,634.7665,16.754,0.559
19025,634.7999,45.575,1.521
19026,634.8332,22.478,0.750
19027,634.8666,38.205,1.275
19028,634.9000,29.970,1.000
19029,634.9333,10.596,0.354
19030,634.9667,23.693,0.791
19031,635.0001,7.493,0.250
19032,635.0334,0.000,0.000
19033,635.0668,7.493,0.250
19034,635.1002,14.985,0.500
19035,635.1335,37.463,1.250
19036,635.1669,14.985,0.500
19037,635.2003,27.015,0.901
19038,635.2336,27.015,0.901
19039,635.2670,33.508,1.118
19040,635.3004,7.493,0.250
19041,635.3337,0.000,0.000
19042,635.3671,0.000,0.000
19043,635.4005,43.689,1.458
19044,635.4338,30.892,1.031
19045,635.4672,30.892,1.031
19046,635.5006,91.150,3.041
19047,635.5339,60.407,2.016
19048,635.5673,67.848,2.264
19049,635.6007,43.689,1.458
19050,635.6340,10.596,0.354
19051,635.6674,16.754,0.559
19052,635.7008,14.985,0.500
19053,635.7341,27.015,0.901
19054,635.7675,47.387,1.581
19055,635.8009,33.508,1.118
19056,635.8342,30.892,1.031
19057,635.8676,10.596,0.354
19058,635.9010,7.493,0.250
19059,635.9343,21.192,0.707
19060,635.9677,16.754,0.559
19061,636.0011,7.493,0.250
19062,636.0344,21.192,0.707
19063,636.0678,47.387,1.581
19064,636.1012,38.205,1.275
19065,636.1345,0.000,0.000
19066,636.1679,29.970,1.000
19067,636.2013,52.448,1.750
19068,636.2346,7.493,0.250
19069,636.2680,14.985,0.500
19070,636.3014,14.985,0.500
19071,636.3347,7.493,0.250
19072,636.3681,0.000,0.000
19073,636.4015,27.015,0.901
19074,636.4348,22.478,0.750
19075,636.4682,7.493,0.250
19076,636.5016,16.754,0.559
19077,636.5349,23.693,0.791
19078,636.5683,7.493,0.250
19079,636.6017,0.000,0.000
19080,636.6350,0.000,0.000
19081,636.6684,7.493,0.250
19082,636.7018,0.000,0.000
19083,636.7351,29.970,1.000
19084,636.7685,23.693,0.791
19085,636.8019,21.192,0.707
19086,636.8352,10.596,0.354
19087,636.8686,0.000,0.000
19088,636.9020,0.000,0.000
19089,636.9353,0.000,0.000
19090,636.9687,14.985,0.500
19091,637.0021,10.596,0.354
19092,637.0354,0.000,0.000
19093,637.0688,0.000,0.000
19094,637.1022,0.000,0.000
19095,637.1355,10.596,0.354
19096,637.1689,7.493,0.250
19097,637.2023,16.754,0.559
19098,637.2356,0.000,0.000
19099,637.2690,22.478,0.750
19100,637.3024,7.493,0.250
19101,637.3357,29.970,1.000
19102,637.3691,7.493,0.250
19103,637.4025,14.985,0.500
19104,637.4358,50.261,1.677
19105,637.4692,29.970,1.000
19106,637.5026,16.754,0.559
19107,637.5359,44.955,1.500
19108,637.5693,7.493,0.250
19109,637.6027,14.985,0.500
19110,637.6360,30.892,1.031
19111,637.6694,10.596,0.354
19112,637.7028,7.493,0.250
19113,637.7361,30.892,1.031
19114,637.7695,29.970,1.000
19115,637.8029,23.693,0.791
19116,637.8362,23.693,0.791
19117,637.8696,30.892,1.031
19118,637.9030,0.000,0.000
19119,637.9363,29.970,1.000
19120,637.9697,0.000,0.000
19121,638.0031,0.000,0.000
19122,638.0364,0.000,0.000
19123,638.0698,7.493,0.250
19124,638.1032,27.015,0.901
19125,638.1365,22.478,0.750
19126,638.1699,45.575,1.521
19127,638.2033,22.478,0.750
19128,638.2366,30.892,1.031
19129,638.2700,45.575,1.521
19130,638.3034,23.693,0.791
19131,638.3367,23.693,0.791
19132,638.3701,31.788,1.061
19133,638.4035,22.478,0.750
19134,638.4368,29.970,1.000
19135,638.4702,52.980,1.768
19136,638.5036,21.192,0.707
19137,638.5369,22.478,0.750
19138,638.5703,27.015,0.901
19139,638.6037,42.384,1.414
19140,638.6370,10.596,0.354
19141,638.6704,14.985,0.500
19142,638.7038,0.000,0.000
19143,638.7371,23.693,0.791
19144,638.7705,58.518,1.953
19145,638.8038,27.015,0.901
19146,638.8372,38.205,1.275
19147,638.8706,22.478,0.750
19148,638.9039,47.976,1.601
19149,638.9373,64.016,2.136
19150,638.9707,22.478,0.750
19151,639.0040,33.508,1.118
19152,639.0374,30.892,1.031
19153,639.0708,7.493,0.250
19154,639.1041,30.892,1.031
19155,639.1375,0.000,0.000
19156,639.1709,7.493,0.250
19157,639.2042,0.000,0.000
19158,639.2376,0.000,0.000
19159,639.2710,0.000,0.000
19160,639.3043,7.493,0.250
19161,639.3377,30.892,1.031
19162,639.3711,33.508,1.118
19163,639.4044,43.689,1.458
19164,639.4378,22.478,0.750
19165,639.4712,14.985,0.500
19166,639.5045,10.596,0.354
19167,639.5379,16.754,0.559
19168,639.5713,0.000,0.000
19169,639.6046,10.596,0.354
19170,639.6380,16.754,0.559
19171,639.6714,52.980,1.768
19172,639.7047,30.892,1.031
19173,639.7381,22.478,0.750
19174,639.7715,52.980,1.768
19175,639.8048,60.407,2.016
19176,639.8382,22.478,0.750
19177,639.8716,0.000,0.000
19178,639.9049,0.000,0.000
19179,639.9383,30.892,1.031
19180,639.9717,57.061,1.904
19181,640.0050,23.693,0.791
19182,640.0384,16.754,0.559
19183,640.0718,38.205,1.275
19184,640.1051,10.596,0.354
19185,640.1385,0.000,0.000
19186,640.1719,44.955,1.500
19187,640.2052,38.205,1.275
19188,640.2386,16.754,0.559
19189,640.2720,16.754,0.559
19190,640.3053,44.955,1.500
19191,640.3387,101.909,3.400
19192,640.3721,33.508,1.118
19193,640.4054,63.576,2.121
19194,640.4388,42.384,1.414
19195,640.4722,7.493,0.250
19196,640.5055,7.493,0.250
19197,640.5389,7.493,0.250
19198,640.5723,14.985,0.500
19199,640.6056,38.205,1.275
19200,640.6390,27.015,0.901
19201,640.6724,14.985,0.500
19202,640.7057,7.493,0.250
19203,640.7391,7.493,0.250
19204,640.7725,16.754,0.559
19205,640.8058,10.596,0.354
19206,640.8392,73.793,2.462
19207,640.8726,29.970,1.000
19208,640.9059,97.690,3.260
19209,640.9393,23.693,0.791
19210,640.9727,22.478,0.750
19211,641.0060,30.892,1.031
19212,641.0394,0.000,0.000
19213,641.0728,33.508,1.118
19214,641.1061,52.448,1.750
19215,641.1395,22.478,0.750
19216,641.1729,38.205,1.275
19217,641.2062,10.596,0.354
19218,641.2396,7.493,0.250
19219,641.2730,16.754,0.559
19220,641.3063,22.478,0.750
19221,641.3397,30.892,1.031
19222,641.3731,33.508,1.118
19223,641.4064,112.388,3.750
19224,641.4398,27.015,0.901
19225,641.4732,91.458,3.052
19226,641.5065,31.788,1.061
19227,641.5399,27.015,0.901
19228,641.5733,37.463,1.250
19229,641.6066,16.754,0.559
19230,641.6400,22.478,0.750
19231,641.6734,31.788,1.061
19232,641.7067,22.478,0.750
19233,641.7401,16.754,0.559
19234,641.7735,7.493,0.250
19235,641.8068,23.693,0.791
19236,641.8402,27.015,0.901
19237,641.8736,52.980,1.768
19238,641.9069,29.970,1.000
19239,641.9403,91.150,3.041
19240,641.9737,30.892,1.031
19241,642.0070,33.508,1.118
19242,642.0404,31.788,1.061
19243,642.0738,10.596,0.354
19244,642.1071,10.596,0.354
19245,642.1405,27.015,0.901
19246,642.1739,40.348,1.346
19247,642.2072,27.015,0.901
19248,642.2406,14.985,0.500
19249,642.2740,0.000,0.000
19250,642.3073,27.015,0.901
19251,642.3407,30.892,1.031
19252,642.3741,22.478,0.750
19253,642.4074,43.689,1.458
19254,642.4408,89.910,3.000
19255,642.4742,50.261,1.677
19256,642.5075,27.015,0.901
19257,642.5409,37.463,1.250
19258,642.5743,60.407,2.016
19259,642.6076,31.788,1.061
19260,642.6410,31.788,1.061
19261,642.6744,10.596,0.354
19262,642.7077,29.970,1.000
19263,642.7411,37.463,1.250
19264,642.7745,0.000,0.000
19265,642.8078,10.596,0.354
19266,642.8412,30.892,1.031
19267,642.8746,38.205,1.275
19268,642.9079,60.407,2.016
19269,642.9413,30.892,1.031
19270,642.9747,61.785,2.062
19271,643.0080,54.029,1.803
19272,643.0414,10.596,0.354
19273,643.0748,7.493,0.250
19274,643.1081,80.697,2.693
19275,643.1415,22.478,0.750
19276,643.1749,38.205,1.275
19277,643.2082,7.493,0.250
19278,643.2416,7.493,0.250
19279,643.2750,59.940,2.000
19280,643.3083,29.970,1.000
19281,643.3417,30.892,1.031
19282,643.3751,31.788,1.061
19283,643.4084,83.769,2.795
19284,643.4418,22.478,0.750
19285,643.4752,54.029,1.803
19286,643.5085,84.768,2.828
19287,643.5419,27.015,0.901
19288,643.5753,27.015,0.901
19289,643.6086,33.508,1.118
19290,643.6420,21.192,0.707
19291,643.6754,30.892,1.031
19292,643.7087,7.493,0.250
19293,643.7421,14.985,0.500
19294,643.7755,33.508,1.118
19295,643.8088,60.407,2.016
19296,643.8422,61.785,2.062
19297,643.8756,60.407,2.016
19298,643.9089,33.508,1.118
19299,643.9423,37.463,1.250
19300,643.9757,33.508,1.118
19301,644.0090,0.000,0.000
19302,644.0424,37.463,1.250
19303,644.0758,29.970,1.000
19304,644.1091,37.463,1.250
19305,644.1425,10.596,0.354
19306,644.1759,10.596,0.354
19307,644.2092,10.596,0.354
19308,644.2426,37.463,1.250
19309,644.2760,29.970,1.000
19310,644.3093,40.348,1.346
19311,644.3427,60.407,2.016
19312,644.3761,22.478,0.750
19313,644.4094,57.061,1.904
19314,644.4428,54.029,1.803
19315,644.4762,81.044,2.704
19316,644.5095,21.192,0.707
19317,644.5429,10.596,0.354
19318,644.5763,14.985,0.500
19319,644.6096,54.029,1.803
19320,644.6430,7.493,0.250
19321,644.6764,0.000,0.000
19322,644.7097,14.985,0.500
19323,644.7431,58.518,1.953
19324,644.7765,45.575,1.521
19325,644.8098,71.080,2.372
19326,644.8432,22.478,0.750
19327,644.8766,37.463,1.250
19328,644.9099,27.015,0.901
19329,644.9433,16.754,0.559
19330,644.9767,47.976,1.601
19331,645.0100,29.970,1.000
19332,645.0434,42.384,1.414
19333,645.0768,0.000,0.000
19334,645.1101,21.192,0.707
19335,645.1435,37.463,1.250
19336,645.1769,22.478,0.750
19337,645.2102,37.463,1.250
19338,645.2436,47.976,1.601
19339,645.2770,90.222,3.010
19340,645.3103,50.261,1.677
19341,645.3437,40.348,1.346
19342,645.3771,77.140,2.574
19343,645.4104,33.508,1.118
19344,645.4438,16.754,0.559
19345,645.4772,7.493,0.250
19346,645.5105,37.463,1.250
19347,645.5439,7.493,0.250
19348,645.5773,16.754,0.559
19349,645.6106,22.478,0.750
19350,645.6440,0.000,0.000
19351,645.6774,47.976,1.601
19352,645.7107,85.428,2.850
19353,645.7441,67.848,2.264
19354,645.7775,30.892,1.031
19355,645.8108,37.463,1.250
19356,645.8442,14.985,0.500
19357,645.8776,0.000,0.000
19358,645.9109,30.892,1.031
19359,645.9443,43.689,1.458
19360,645.9777,37.463,1.250
19361,646.0110,37.463,1.250
19362,646.0444,0.000,0.000
19363,646.0778,47.387,1.581
19364,646.1111,37.463,1.250
19365,646.1445,16.754,0.559
19366,646.1779,37.463,1.250
19367,646.2112,97.690,3.260
19368,646.2446,33.508,1.118
19369,646.2780,30.892,1.031
19370,646.3113,60.407,2.016
19371,646.3447,60.407,2.016
19372,646.3781,0.000,0.000
19373,646.4114,7.493,0.250
19374,646.4448,27.015,0.901
19375,646.4782,23.693,0.791
19376,646.5115,7.493,0.250
19377,646.5449,14.985,0.500
19378,646.5783,37.463,1.250
19379,646.6116,23.693,0.791
19380,646.6450,45.575,1.521
19381,646.6784,104.359,3.482
19382,646.7117,30.892,1.031
19383,646.7451,37.463,1.250
19384,646.7785,0.000,0.000
19385,646.8118,27.015,0.901
19386,646.8452,45.575,1.521
19387,646.8786,37.463,1.250
19388,646.9119,30.892,1.031
19389,646.9453,0.000,0.000
19390,646.9787,29.970,1.000
19391,647.0120,22.478,0.750
19392,647.0454,22.478,0.750
19393,647.0788,43.689,1.458
19394,647.1121,98.549,3.288
19395,647.1455,40.348,1.346
19396,647.1789,40.348,1.346
19397,647.2122,47.976,1.601
19398,647.2456,38.205,1.275
19399,647.2790,37.463,1.250
19400,647.3123,10.596,0.354
19401,647.3457,21.192,0.707
19402,647.3791,21.192,0.707
19403,647.4124,21.192,0.707
19404,647.4458,7.493,0.250
19405,647.4792,14.985,0.500
19406,647.5125,43.689,1.458
19407,647.5459,40.348,1.346
19408,647.5793,52.448,1.750
19409,647.6126,85.428,2.850
19410,647.6460,45.575,1.521
19411,647.6794,14.985,0.500
19412,647.7127,16.754,0.559
19413,647.7461,16.754,0.559
19414,647.7795,52.448,1.750
19415,647.8128,47.387,1.581
19416,647.8462,10.596,0.354
19417,647.8796,7.493,0.250
19418,647.9129,40.348,1.346
19419,647.9463,22.478,0.750
19420,647.9797,52.448,1.750
19421,648.0130,80.697,2.693
19422,648.0464,29.970,1.000
19423,648.0798,54.546,1.820
19424,648.1131,42.384,1.414
19425,648.1465,52.980,1.768
19426,648.1799,57.061,1.904
19427,648.2132,7.493,0.250
19428,648.2466,7.493,0.250
19429,648.2800,23.693,0.791
19430,648.3133,31.788,1.061
19431,648.3467,10.596,0.354
19432,648.3801,27.015,0.901
19433,648.4134,74.925,2.500
19434,648.4468,52.448,1.750
19435,648.4802,42.384,1.414
19436,648.5135,44.955,1.500
19437,648.5469,61.785,2.062
19438,648.5803,30.892,1.031
19439,648.6136,0.000,0.000
19440,648.6470,27.015,0.901
19441,648.6804,57.061,1.904
19442,648.7137,30.892,1.031
19443,648.7471,16.754,0.559
19444,648.7805,0.000,0.000
19445,648.8138,7.493,0.250
19446,648.8472,45.575,1.521
19447,648.8806,52.980,1.768
19448,648.9139,37.463,1.250
19449,648.9473,85.428,2.850
19450,648.9807,60.407,2.016
19451,649.0140,33.508,1.118
19452,649.0474,37.463,1.250
19453,649.0808,42.384,1.414
19454,649.1141,54.029,1.803
19455,649.1475,10.596,0.354
19456,649.1809,30.892,1.031
19457,649.2142,16.754,0.559
19458,649.2476,21.192,0.707
19459,649.2810,21.192,0.707
19460,649.3143,47.387,1.581
19461,649.3477,61.785,2.062
19462,649.3811,64.016,2.136
19463,649.4144,30.892,1.031
19464,649.4478,45.575,1.521
19465,649.4812,23.693,0.791
19466,649.5145,0.000,0.000
19467,649.5479,57.061,1.904
19468,649.5813,16.754,0.559
19469,649.6146,30.892,1.031
19470,649.6480,23.693,0.791
19471,649.6814,0.000,0.000
19472,649.7147,45.575,1.521
19473,649.7481,14.985,0.500
19474,649.7815,29.970,1.000
19475,649.8148,33.508,1.118
19476,649.8482,82.758,2.761
19477,649.8816,29.970,1.000
19478,649.9149,27.015,0.901
19479,649.9483,54.029,1.803
19480,649.9817,57.061,1.904
19481,650.0150,42.384,1.414
19482,650.0484,0.000,0.000
19483,650.0818,16.754,0.559
19484,650.1151,14.985,0.500
19485,650.1485,16.754,0.559
19486,650.1819,10.596,0.354
19487,650.2152,14.985,0.500
19488,650.2486,90.532,3.021
19489,650.2820,64.016,2.136
19490,650.3153,44.955,1.500
19491,650.3487,23.693,0.791
19492,650.3821,44.955,1.500
19493,650.4154,10.596,0.354
19494,650.4488,7.493,0.250
19495,650.4822,23.693,0.791
19496,650.5155,77.140,2.574
19497,650.5489,16.754,0.559
19498,650.5823,16.754,0.559
19499,650.6156,14.985,0.500
19500,650.6490,30.892,1.031
19501,650.6824,52.980,1.768
19502,650.7157,16.754,0.559
19503,650.7491,47.976,1.601
19504,650.7825,98.549,3.288
19505,650.8158,30.892,1.031
19506,650.8492,37.463,1.250
19507,650.8826,52.980,1.768
19508,650.9159,57.061,1.904
19509,650.9493,10.596,0.354
19510,650.9827,10.596,0.354
19511,651.0160,38.205,1.275
19512,651.0494,31.788,1.061
19513,651.0828,0.000,0.000
19514,651.1161,27.015,0.901
19515,651.1495,87.377,2.915
19516,651.1829,23.693,0.791
19517,651.2162,33.508,1.118
19518,651.2496,78.224,2.610
19519,651.2830,42.384,1.414
19520,651.3163,0.000,0.000
19521,651.3497,37.463,1.250
19522,651.3831,22.478,0.750
19523,651.4164,33.508,1.118
19524,651.4498,30.892,1.031
19525,651.4832,16.754,0.559
19526,651.5165,30.892,1.031
19527,651.5499,29.970,1.000
19528,651.5833,30.892,1.031
19529,651.6166,37.463,1.250
19530,651.6500,67.015,2.236
19531,651.6834,52.448,1.750
19532,651.7167,22.478,0.750
19533,651.7501,47.976,1.601
19534,651.7835,47.976,1.601
19535,651.8168,47.976,1.601
19536,651.8502,43.689,1.458
19537,651.8836,16.754,0.559
19538,651.9169,29.970,1.000
19539,651.9503,42.384,1.414
19540,651.9837,7.493,0.250
19541,652.0170,33.508,1.118
19542,652.0504,67.015,2.236
19543,652.0838,33.508,1.118
19544,652.1171,92.677,3.092
19545,652.1505,33.508,1.118
19546,652.1839,30.892,1.031
19547,652.2172,30.892,1.031
19548,652.2506,0.000,0.000
19549,652.2840,22.478,0.750
19550,652.3173,33.508,1.118
19551,652.3507,54.029,1.803
19552,652.3841,33.508,1.118
19553,652.4174,0.000,0.000
19554,652.4508,52.980,1.768
19555,652.4842,27.015,0.901
19556,652.5175,33.508,1.118
19557,652.5509,54.029,1.803
19558,652.5843,67.848,2.264
19559,652.6176,22.478,0.750
19560,652.6510,60.407,2.016
19561,652.6844,37.463,1.250
19562,652.7177,60.407,2.016
19563,652.7511,42.384,1.414
19564,652.7845,7.493,0.250
19565,652.8178,61.785,2.062
19566,652.8512,27.015,0.901
19567,652.8846,16.754,0.559
19568,652.9179,10.596,0.354
19569,652.9513,37.463,1.250
19570,652.9847,64.016,2.136
19571,653.0180,73.793,2.462
19572,653.0514,29.970,1.000
19573,653.0848,38.205,1.275
19574,653.1181,37.463,1.250
19575,653.1515,10.596,0.354
19576,653.1849,42.384,1.414
19577,653.2182,33.508,1.118
19578,653.2516,37.463,1.250
19579,653.2850,10.596,0.354
19580,653.3183,16.754,0.559
19581,653.3517,30.892,1.031
19582,653.3851,29.970,1.000
19583,653.4184,22.478,0.750
19584,653.4518,37.463,1.250
19585,653.4852,92.677,3.092
19586,653.5185,57.061,1.904
19587,653.5519,23.693,0.791
19588,653.5853,33.508,1.118
19589,653.6186,43.689,1.458
19590,653.6520,47.976,1.601
19591,653.6854,14.985,0.500
19592,653.7187,22.478,0.750
19593,653.7521,40.348,1.346
19594,653.7855,16.754,0.559
19595,653.8188,27.015,0.901
19596,653.8522,47.976,1.601
19597,653.8856,37.463,1.250
19598,653.9189,22.478,0.750
19599,653.9523,37.463,1.250
19600,653.9857,74.925,2.500
19601,654.0190,47.976,1.601
19602,654.0524,7.493,0.250
19603,654.0858,47.976,1.601
19604,654.1191,22.478,0.750
19605,654.1525,16.754,0.559
19606,654.1859,37.463,1.250
19607,654.2192,16.754,0.559
19608,654.2526,47.387,1.581
19609,654.2860,21.192,0.707
19610,654.3193,22.478,0.750
19611,654.3527,40.348,1.346
19612,654.3861,71.080,2.372
19613,654.4194,23.693,0.791
19614,654.4528,52.980,1.768
19615,654.4862,74.172,2.475
19616,654.5195,16.754,0.559
19617,654.5529,69.078,2.305
19618,654.5863,0.000,0.000
19619,654.6196,42.384,1.414
19620,654.6530,33.508,1.118
19621,654.6864,7.493,0.250
19622,654.7197,16.754,0.559
19623,654.7531,38.205,1.275
19624,654.7865,31.788,1.061
19625,654.8198,38.205,1.275
19626,654.8532,40.348,1.346
19627,654.8866,57.061,1.904
19628,654.9199,60.407,2.016
19629,654.9533,0.000,0.000
19630,654.9867,37.463,1.250
19631,655.0200,37.463,1.250
19632,655.0534,33.508,1.118
19633,655.0868,22.478,0.750
19634,655.1201,30.892,1.031
19635,655.1535,0.000,0.000
19636,655.1869,40.348,1.346
19637,655.2202,23.693,0.791
19638,655.2536,40.348,1.346
19639,655.2870,37.463,1.250
19640,655.3203,104.895,3.500
19641,655.3537,30.892,1.031
19642,655.3871,29.970,1.000
19643,655.4204,54.029,1.803
19644,655.4538,70.684,2.358
19645,655.4872,7.493,0.250
19646,655.5205,22.478,0.750
19647,655.5539,10.596,0.354
19648,655.5873,7.493,0.250
19649,655.6206,7.493,0.250
19650,655.6540,14.985,0.500
19651,655.6874,70.684,2.358
19652,655.7207,16.754,0.559
19653,655.7541,52.980,1.768
19654,655.7875,81.044,2.704
19655,655.8208,30.892,1.031
19656,655.8542,37.463,1.250
19657,655.8876,7.493,0.250
19658,655.9209,37.463,1.250
19659,655.9543,33.508,1.118
19660,655.9877,33.508,1.118
19661,656.0210,21.192,0.707
19662,656.0544,10.596,0.354
19663,656.0878,23.693,0.791
19664,656.1211,27.015,0.901
19665,656.1545,33.508,1.118
19666,656.1879,29.970,1.000
19667,656.2212,83.769,2.795
19668,656.2546,59.940,2.000
19669,656.2880,33.508,1.118
19670,656.3213,61.785,2.062
19671,656.3547,27.015,0.901
19672,656.3881,58.518,1.953
19673,656.4214,0.000,0.000
19674,656.4548,0.000,0.000
19675,656.4882,7.493,0.250
19676,656.5215,37.463,1.250
19677,656.5549,33.508,1.118
19678,656.5883,7.493,0.250
19679,656.6216,31.788,1.061
19680,656.6550,40.348,1.346
19681,656.6884,31.788,1.061
19682,656.7217,30.892,1.031
19683,656.7551,47.387,1.581
19684,656.7885,83.769,2.795
19685,656.8218,29.970,1.000
19686,656.8552,29.970,1.000
19687,656.8886,27.015,0.901
19688,656.9219,43.689,1.458
19689,656.9553,21.192,0.707
19690,656.9887,16.754,0.559
19691,657.0220,38.205,1.275
19692,657.0554,10.596,0.354
19693,657.0888,16.754,0.559
19694,657.1221,10.596,0.354
19695,657.1555,67.848,2.264
19696,657.1889,16.754,0.559
19697,657.2222,33.508,1.118
19698,657.2556,73.793,2.462
19699,657.2890,30.892,1.031
19700,657.3223,60.407,2.016
19701,657.3557,91.458,3.052
19702,657.3891,21.192,0.707
19703,657.4224,37.463,1.250
19704,657.4558,27.015,0.901
19705,657.4892,14.985,0.500
19706,657.5225,7.493,0.250
19707,657.5559,42.384,1.414
19708,657.5893,10.596,0.354
19709,657.6226,7.493,0.250
19710,657.6560,10.596,0.354
19711,657.6894,43.689,1.458
19712,657.7227,22.478,0.750
19713,657.7561,50.261,1.677
19714,657.7895,29.970,1.000
19715,657.8228,57.061,1.904
19716,657.8562,64.453,2.151
19717,657.8896,40.348,1.346
19718,657.9229,10.596,0.354
19719,657.9563,16.754,0.559
19720,657.9897,40.348,1.346
19721,658.0230,23.693,0.791
19722,658.0564,40.348,1.346
19723,658.0898,10.596,0.354
19724,658.1231,0.000,0.000
19725,658.1565,29.970,1.000
19726,658.1899,33.508,1.118
19727,658.2232,16.754,0.559
19728,658.2566,38.205,1.275
19729,658.2900,101.909,3.400
19730,658.3233,38.205,1.275
19731,658.3567,99.963,3.335
19732,658.3901,47.976,1.601
19733,658.4234,23.693,0.791
19734,658.4568,47.976,1.601
19735,658.4902,7.493,0.250
19736,658.5235,27.015,0.901
19737,658.5569,7.493,0.250
19738,658.5903,38.205,1.275
19739,658.6236,52.980,1.768
19740,658.6570,7.493,0.250
19741,658.6904,23.693,0.791
19742,658.7237,16.754,0.559
19743,658.7571,40.348,1.346
19744,658.7905,64.016,2.136
19745,658.8238,33.508,1.118
19746,658.8572,33.508,1.118
19747,658.8906,50.261,1.677
19748,658.9239,40.348,1.346
19749,658.9573,10.596,0.354
19750,658.9907,10.596,0.354
19751,659.0240,33.508,1.118
19752,659.0574,23.693,0.791
19753,659.0908,22.478,0.750
19754,659.1241,33.508,1.118
19755,659.1575,16.754,0.559
19756,659.1909,0.000,0.000
19757,659.2242,50.261,1.677
19758,659.2576,37.463,1.250
19759,659.2910,63.576,2.121
19760,659.3243,38.205,1.275
19761,659.3577,27.015,0.901
19762,659.3911,97.690,3.260
19763,659.4244,33.508,1.118
19764,659.4578,70.684,2.358
19765,659.4912,33.508,1.118
19766,659.5245,27.015,0.901
19767,659.5579,14.985,0.500
19768,659.5913,16.754,0.559
19769,659.6246,16.754,0.559
19770,659.6580,30.892,1.031
19771,659.6914,16.754,0.559
19772,659.7247,27.015,0.901
19773,659.7581,7.493,0.250
19774,659.7915,14.985,0.500
19775,659.8248,37.463,1.250
19776,659.8582,37.463,1.250
19777,659.8916,43.689,1.458
19778,659.9249,44.955,1.500
19779,659.9583,58.518,1.953
19780,659.9917,40.348,1.346
19781,660.0250,22.478,0.750
19782,660.0584,7.493,0.250
19783,660.0918,0.000,0.000
19784,660.1251,29.970,1.000
19785,660.1585,7.493,0.250
19786,660.1919,37.463,1.250
19787,660.2252,29.970,1.000
19788,660.2586,0.000,0.000
19789,660.2920,7.493,0.250
19790,660.3253,23.693,0.791
19791,660.3587,31.788,1.061
19792,660.3921,14.985,0.500
19793,660.4254,40.348,1.346
19794,660.4588,85.428,2.850
19795,660.4921,14.985,0.500
19796,660.5255,98.549,3.288
19797,660.5589,31.788,1.061
19798,660.5922,33.508,1.118
19799,660.6256,40.348,1.346
19800,660.6590,27.015,0.901
19801,660.6923,22.478,0.750
19802,660.7257,23.693,0.791
19803,660.7591,14.985,0.500
19804,660.7924,33.508,1.118
19805,660.8258,10.596,0.354
19806,660.8592,0.000,0.000
19807,660.8925,7.493,0.250
19808,660.9259,33.508,1.118
19809,660.9593,42.384,1.414
19810,660.9926,38.205,1.275
19811,661.0260,64.016,2.136
19812,661.0594,23.693,0.791
19813,661.0927,31.788,1.061
19814,661.1261,10.596,0.354
19815,661.1595,14.985,0.500
19816,661.1928,0.000,0.000
19817,661.2262,23.693,0.791
19818,661.2596,22.478,0.750
19819,661.2929,37.463,1.250
19820,661.3263,29.970,1.000
19821,661.3597,0.000,0.000
19822,661.3930,7.493,0.250
19823,661.4264,21.192,0.707
19824,661.4598,31.788,1.061
19825,661.4931,38.205,1.275
19826,661.5265,30.892,1.031
19827,661.5599,23.693,0.791
19828,661.5932,78.224,2.610
19829,661.6266,30.892,1.031
19830,661.6600,47.387,1.581
19831,661.6933,58.518,1.953
19832,661.7267,40.348,1.346
19833,661.7601,30.892,1.031
19834,661.7934,22.478,0.750
19835,661.8268,10.596,0.354
19836,661.8602,27.015,0.901
19837,661.8935,14.985,0.500
19838,661.9269,7.493,0.250
19839,661.9603,27.015,0.901
19840,661.9936,7.493,0.250
19841,662.0270,40.348,1.346
19842,662.0604,42.384,1.414
19843,662.0937,50.261,1.677
19844,662.1271,54.546,1.820
19845,662.1605,30.892,1.031
19846,662.1938,16.754,0.559
19847,662.2272,10.596,0.354
19848,662.2606,10.596,0.354
19849,662.2939,7.493,0.250
19850,662.3273,23.693,0.791
19851,662.3607,31.788,1.061
19852,662.3940,7.493,0.250
19853,662.4274,30.892,1.031
19854,662.4608,7.493,0.250
19855,662.4941,7.493,0.250
19856,662.5275,16.754,0.559
19857,662.5609,54.029,1.803
19858,662.5942,23.693,0.791
19859,662.6276,14.985,0.500
19860,662.6610,33.508,1.118
19861,662.6943,85.428,2.850
19862,662.7277,30.892,1.031
19863,662.7611,54.029,1.803
19864,662.7944,10.596,0.354
19865,662.8278,42.384,1.414
19866,662.8612,7.493,0.250
19867,662.8945,22.478,0.750
19868,662.9279,23.693,0.791
19869,662.9613,0.000,0.000
19870,662.9946,0.000,0.000
19871,663.0280,33.508,1.118
19872,663.0614,7.493,0.250
19873,663.0947,7.493,0.250
19874,663.1281,87.377,2.915
19875,663.1615,40.348,1.346
19876,663.1948,29.970,1.000
19877,663.2282,37.463,1.250
19878,663.2616,21.192,0.707
19879,663.2949,7.493,0.250
19880,663.3283,7.493,0.250
19881,663.3617,7.493,0.250
19882,663.3950,16.754,0.559
19883,663.4284,47.976,1.601
19884,663.4618,21.192,0.707
19885,663.4951,29.970,1.000
19886,663.5285,10.596,0.354
19887,663.5619,27.015,0.901
19888,663.5952,23.693,0.791
19889,663.6286,22.478,0.750
19890,663.6620,43.689,1.458
19891,663.6953,43.689,1.458
19892,663.7287,76.409,2.550
19893,663.7621,16.754,0.559
19894,663.7954,33.508,1.118
19895,663.8288,47.976,1.601
19896,663.8622,21.192,0.707
19897,663.8955,16.754,0.559
19898,663.9289,33.508,1.118
19899,663.9623,30.892,1.031
19900,663.9956,10.596,0.354
19901,664.0290,7.493,0.250
19902,664.0624,0.000,0.000
19903,664.0957,90.222,3.010
19904,664.1291,23.693,0.791
19905,664.1625,47.387,1.581
19906,664.1958,33.508,1.118
19907,664.2292,30.892,1.031
19908,664.2626,7.493,0.250
19909,664.2959,10.596,0.354
19910,664.3293,30.892,1.031
19911,664.3627,64.453,2.151
19912,664.3960,10.596,0.354
19913,664.4294,7.493,0.250
19914,664.4628,7.493,0.250
19915,664.4961,60.407,2.016
19916,664.5295,31.788,1.061
19917,664.5629,38.205,1.275
19918,664.5962,40.348,1.346
19919,664.6296,74.925,2.500
19920,664.6630,27.015,0.901
19921,664.6963,10.596,0.354
19922,664.7297,42.384,1.414
19923,664.7631,95.364,3.182
19924,664.7964,10.596,0.354
19925,664.8298,16.754,0.559
19926,664.8632,14.985,0.500
19927,664.8965,0.000,0.000
19928,664.9299,50.261,1.677
19929,664.9633,42.384,1.414
19930,664.9966,22.478,0.750
19931,665.0300,57.061,1.904
19932,665.0634,30.892,1.031
19933,665.0967,7.493,0.250
19934,665.1301,42.384,1.414
19935,665.1635,10.596,0.354
19936,665.1968,58.518,1.953
19937,665.2302,23.693,0.791
19938,665.2636,7.493,0.250
19939,665.2969,47.976,1.601
19940,665.3303,10.596,0.354
19941,665.3637,37.463,1.250
19942,665.3970,38.205,1.275
19943,665.4304,30.892,1.031
19944,665.4638,52.980,1.768
19945,665.4971,84.768,2.828
19946,665.5305,74.172,2.475
19947,665.5639,21.192,0.707
19948,665.5972,10.596,0.354
19949,665.6306,37.463,1.250
19950,665.6640,0.000,0.000
19951,665.6973,0.000,0.000
19952,665.7307,54.029,1.803
19953,665.7641,31.788,1.061
19954,665.7974,43.689,1.458
19955,665.8308,29.970,1.000
19956,665.8642,37.463,1.250
19957,665.8975,7.493,0.250
19958,665.9309,60.407,2.016
19959,665.9643,31.788,1.061
19960,665.9976,27.015,0.901
19961,666.0310,16.754,0.559
19962,666.0644,21.192,0.707
19963,666.0977,69.078,2.305
19964,666.1311,22.478,0.750
19965,666.1645,29.970,1.000
19966,666.1978,37.463,1.250
19967,666.2312,30.892,1.031
19968,666.2646,64.453,2.151
19969,666.2979,84.768,2.828
19970,666.3313,31.788,1.061
19971,666.3647,16.754,0.559
19972,666.3980,27.015,0.901
19973,666.4314,7.493,0.250
19974,666.4648,31.788,1.061
19975,666.4981,69.078,2.305
19976,666.5315,31.788,1.061
19977,666.5649,60.407,2.016
19978,666.5982,54.029,1.803
19979,666.6316,7.493,0.250
19980,666.6650,10.596,0.354
19981,666.6983,52.980,1.768
19982,666.7317,42.384,1.414
19983,666.7651,38.205,1.275
19984,666.7984,7.493,0.250
19985,666.8318,23.693,0.791
19986,666.8652,33.508,1.118
19987,666.8985,10.596,0.354
19988,666.9319,30.892,1.031
19989,666.9653,91.458,3.052
19990,666.9986,27.015,0.901
19991,667.0320,22.478,0.750
19992,667.0654,37.463,1.250
19993,667.0987,42.384,1.414
19994,667.1321,16.754,0.559
19995,667.1655,22.478,0.750
19996,667.1988,10.596,0.354
19997,667.2322,16.754,0.559
19998,667.2656,37.463,1.250
19999,667.2989,40.348,1.346
20000,667.3323,30.892,1.031
20001,667.3657,60.407,2.016
20002,667.3990,37.463,1.250
20003,667.4324,7.493,0.250
20004,667.4658,31.788,1.061
20005,667.4991,23.693,0.791
20006,667.5325,30.892,1.031
20007,667.5659,22.478,0.750
20008,667.5992,0.000,0.000
20009,667.6326,42.384,1.414
20010,667.6660,23.693,0.791
20011,667.6993,33.508,1.118
20012,667.7327,38.205,1.275
20013,667.7661,64.016,2.136
20014,667.7994,42.384,1.414
20015,667.8328,74.925,2.500
20016,667.8662,47.976,1.601
20017,667.8995,10.596,0.354
20018,667.9329,10.596,0.354
20019,667.9663,7.493,0.250
20020,667.9996,21.192,0.707
20021,668.0330,10.596,0.354
20022,668.0664,47.976,1.601
20023,668.0997,27.015,0.901
20024,668.1331,50.261,1.677
20025,668.1665,21.192,0.707
20026,668.1998,37.463,1.250
20027,668.2332,10.596,0.354
20028,668.2666,42.384,1.414
20029,668.2999,31.788,1.061
20030,668.3333,23.693,0.791
20031,668.3667,22.478,0.750
20032,668.4000,0.000,0.000
20033,668.4334,23.693,0.791
20034,668.4668,50.261,1.677
20035,668.5001,23.693,0.791
20036,668.5335,27.015,0.901
20037,668.5669,42.384,1.414
20038,668.6002,91.150,3.041
20039,668.6336,14.985,0.500
20040,668.6670,58.518,1.953
20041,668.7003,42.384,1.414
20042,668.7337,27.015,0.901
20043,668.7671,21.192,0.707
20044,668.8004,16.754,0.559
20045,668.8338,21.192,0.707
20046,668.8672,31.788,1.061
20047,668.9005,23.693,0.791
20048,668.9339,47.976,1.601
20049,668.9673,30.892,1.031
20050,669.0006,37.463,1.250
20051,669.0340,10.596,0.354
20052,669.0674,10.596,0.354
20053,669.1007,10.596,0.354
20054,669.1341,58.518,1.953
20055,669.1675,16.754,0.559
20056,669.2008,10.596,0.354
20057,669.2342,33.508,1.118
20058,669.2676,57.061,1.904
20059,669.3009,16.754,0.559
20060,669.3343,29.970,1.000
20061,669.3677,33.508,1.118
20062,669.4010,67.848,2.264
20063,669.4344,31.788,1.061
20064,669.4678,90.222,3.010
20065,669.5011,47.976,1.601
20066,669.5345,7.493,0.250
20067,669.5679,14.985,0.500
20068,669.6012,31.788,1.061
20069,669.6346,10.596,0.354
20070,669.6680,10.596,0.354
20071,669.7013,47.976,1.601
20072,669.7347,37.463,1.250
20073,669.7681,47.387,1.581
20074,669.8014,38.205,1.275
20075,669.8348,7.493,0.250
20076,669.8682,27.015,0.901
20077,669.9015,14.985,0.500
20078,669.9349,47.976,1.601
20079,669.9683,27.015,0.901
20080,670.0016,22.478,0.750
20081,670.0350,0.000,0.000
20082,670.0684,33.508,1.118
20083,670.1017,27.015,0.901
20084,670.1351,42.384,1.414
20085,670.1685,54.546,1.820
20086,670.2018,42.384,1.414
20087,670.2352,54.546,1.820
20088,670.2686,54.029,1.803
20089,670.3019,42.384,1.414
20090,670.3353,42.384,1.414
20091,670.3687,7.493,0.250
20092,670.4020,7.493,0.250
20093,670.4354,21.192,0.707
20094,670.4688,16.754,0.559
20095,670.5021,37.463,1.250
20096,670.5355,47.976,1.601
20097,670.5689,27.015,0.901
20098,670.6022,38.205,1.275
20099,670.6356,27.015,0.901
20100,670.6690,10.596,0.354
20101,670.7023,30.892,1.031
20102,670.7357,21.192,0.707
20103,670.7691,31.788,1.061
20104,670.8024,33.508,1.118
20105,670.8358,0.000,0.000
20106,670.8692,37.463,1.250
20107,670.9025,47.976,1.601
20108,670.9359,30.892,1.031
20109,670.9693,16.754,0.559
20110,671.0026,33.508,1.118
20111,671.0360,75.299,2.512
20112,671.0694,14.985,0.500
20113,671.1027,33.508,1.118
20114,671.1361,42.384,1.414
20115,671.1695,42.384,1.414
20116,671.2028,7.493,0.250
20117,671.2362,7.493,0.250
20118,671.2696,7.493,0.250
20119,671.3029,16.754,0.559
20120,671.3363,69.078,2.305
20121,671.3697,21.192,0.707
20122,671.4030,54.029,1.803
20123,671.4364,16.754,0.559
20124,671.4698,37.463,1.250
20125,671.5031,16.754,0.559
20126,671.5365,40.348,1.346
20127,671.5699,23.693,0.791
20128,671.6032,27.015,0.901
20129,671.6366,38.205,1.275
20130,671.6700,10.596,0.354
20131,671.7033,31.788,1.061
20132,671.7367,60.407,2.016
20133,671.7701,23.693,0.791
20134,671.8034,22.478,0.750
20135,671.8368,27.015,0.901
20136,671.8702,67.433,2.250
20137,671.9035,33.508,1.118
20138,671.9369,90.222,3.010
20139,671.9703,33.508,1.118
20140,672.0036,16.754,0.559
20141,672.0370,23.693,0.791
20142,672.0704,7.493,0.250
20143,672.1037,7.493,0.250
20144,672.1371,7.493,0.250
20145,672.1705,23.693,0.791
20146,672.2038,42.384,1.414
20147,672.2372,40.348,1.346
20148,672.2706,52.980,1.768
20149,672.3039,16.754,0.559
20150,672.3373,7.493,0.250
20151,672.3707,30.892,1.031
20152,672.4040,7.493,0.250
20153,672.4374,37.463,1.250
20154,672.4708,29.970,1.000
20155,672.5041,14.985,0.500
20156,672.5375,42.384,1.414
20157,672.5709,33.508,1.118
20158,672.6042,37.463,1.250
20159,672.6376,29.970,1.000
20160,672.6710,42.384,1.414
20161,672.7043,50.261,1.677
20162,672.7377,69.078,2.305
20163,672.7711,58.518,1.953
20164,672.8044,31.788,1.061
20165,672.8378,22.478,0.750
20166,672.8712,7.493,0.250
20167,672.9045,23.693,0.791
20168,672.9379,14.985,0.500
20169,672.9713,27.015,0.901
20170,673.0046,23.693,0.791
20171,673.0380,61.785,2.062
20172,673.0714,37.463,1.250
20173,673.1047,38.205,1.275
20174,673.1381,7.493,0.250
20175,673.1715,37.463,1.250
20176,673.2048,7.493,0.250
20177,673.2382,31.788,1.061
20178,673.2716,42.384,1.414
20179,673.3049,30.892,1.031
20180,673.3383,0.000,0.000
20181,673.3717,50.261,1.677
20182,673.4050,37.463,1.250
20183,673.4384,27.015,0.901
20184,673.4718,50.261,1.677
20185,673.5051,70.684,2.358
20186,673.5385,52.980,1.768
20187,673.5719,14.985,0.500
20188,673.6052,95.364,3.182
20189,673.6386,23.693,0.791
20190,673.6720,7.493,0.250
20191,673.7053,10.596,0.354
20192,673.7387,14.985,0.500
20193,673.7721,16.754,0.559
20194,673.8054,22.478,0.750
20195,673.8388,37.463,1.250
20196,673.8722,73.793,2.462
20197,673.9055,37.463,1.250
20198,673.9389,43.689,1.458
20199,673.9723,7.493,0.250
20200,674.0056,40.348,1.346
20201,674.0390,10.596,0.354
20202,674.0724,10.596,0.354
20203,674.1057,42.384,1.414
20204,674.1391,16.754,0.559
20205,674.1725,22.478,0.750
20206,674.2058,47.387,1.581
20207,674.2392,31.788,1.061
20208,674.2726,27.015,0.901
20209,674.3059,37.463,1.250
20210,674.3393,71.080,2.372
20211,674.3727,23.693,0.791
20212,674.4060,22.478,0.750
20213,674.4394,52.980,1.768
20214,674.4728,79.647,2.658
20215,674.5061,30.892,1.031
20216,674.5395,10.596,0.354
20217,674.5729,10.596,0.354
20218,674.6062,7.493,0.250
20219,674.6396,16.754,0.559
20220,674.6730,33.508,1.118
20221,674.7063,31.788,1.061
20222,674.7397,50.261,1.677
20223,674.7731,43.689,1.458
20224,674.8064,27.015,0.901
20225,674.8398,14.985,0.500
20226,674.8732,21.192,0.707
20227,674.9065,52.980,1.768
20228,674.9399,29.970,1.000
20229,674.9733,0.000,0.000
20230,675.0066,0.000,0.000
20231,675.0400,74.925,2.500
20232,675.0734,27.015,0.901
20233,675.1067,22.478,0.750
20234,675.1401,33.508,1.118
20235,675.1735,67.848,2.264
20236,675.2068,16.754,0.559
20237,675.2402,29.970,1.000
20238,675.2736,42.384,1.414
20239,675.3069,84.768,2.828
20240,675.3403,0.000,0.000
20241,675.3737,7.493,0.250
20242,675.4070,16.754,0.559
20243,675.4404,7.493,0.250
20244,675.4738,42.384,1.414
20245,675.5071,43.689,1.458
20246,675.5405,16.754,0.559
20247,675.5739,38.205,1.275
20248,675.6072,23.693,0.791
20249,675.6406,7.493,0.250
20250,675.6740,10.596,0.354
20251,675.7073,16.754,0.559
20252,675.7407,27.015,0.901
20253,675.7741,42.384,1.414
20254,675.8074,30.892,1.031
20255,675.8408,16.754,0.559
20256,675.8742,50.261,1.677
20257,675.9075,33.508,1.118
20258,675.9409,30.892,1.031
20259,675.9743,30.892,1.031
20260,676.0076,71.080,2.372
20261,676.0410,10.596,0.354
20262,676.0744,106.489,3.553
20263,676.1077,52.980,1.768
20264,676.1411,0.000,0.000
20265,676.1745,0.000,0.000
20266,676.2078,23.693,0.791
20267,676.2412,0.000,0.000
20268,676.2746,0.000,0.000
20269,676.3079,27.015,0.901
20270,676.3413,33.508,1.118
20271,676.3747,42.384,1.414
20272,676.4080,50.261,1.677
20273,676.4414,33.508,1.118
20274,676.4748,29.970,1.000
20275,676.5081,10.596,0.354
20276,676.5415,33.508,1.118
20277,676.5749,42.384,1.414
20278,676.6082,37.463,1.250
20279,676.6416,7.493,0.250
20280,676.6750,7.493,0.250
20281,676.7083,47.976,1.601
20282,676.7417,33.508,1.118
20283,676.7751,57.061,1.904
20284,676.8084,0.000,0.000
20285,676.8418,37.463,1.250
20286,676.8752,73.793,2.462
20287,676.9085,90.532,3.021
20288,676.9419,27.015,0.901
20289,676.9753,0.000,0.000
20290,677.0086,0.000,0.000
20291,677.0420,27.015,0.901
20292,677.0754,7.493,0.250
20293,677.1087,0.000,0.000
20294,677.1421,64.016,2.136
20295,677.1755,27.015,0.901
20296,677.2088,40.348,1.346
20297,677.2422,31.788,1.061
20298,677.2756,33.508,1.118
20299,677.3089,0.000,0.000
20300,677.3423,30.892,1.031
20301,677.3757,30.892,1.031
20302,677.4090,47.976,1.601
20303,677.4424,14.985,0.500
20304,677.4758,14.985,0.500
20305,677.5091,21.192,0.707
20306,677.5425,43.689,1.458
20307,677.5759,21.192,0.707
20308,677.6092,31.788,1.061
20309,677.6426,23.693,0.791
20310,677.6760,54.546,1.820
20311,677.7093,40.348,1.346
20312,677.7427,21.192,0.707
20313,677.7761,43.689,1.458
20314,677.8094,23.693,0.791
20315,677.8428,33.508,1.118
20316,677.8762,10.596,0.354
20317,677.9095,0.000,0.000
20318,677.9429,10.596,0.354
20319,677.9763,50.261,1.677
20320,678.0096,43.689,1.458
20321,678.0430,37.463,1.250
20322,678.0764,30.892,1.031
20323,678.1097,0.000,0.000
20324,678.1431,7.493,0.250
20325,678.1765,14.985,0.500
20326,678.2098,42.384,1.414
20327,678.2432,38.205,1.275
20328,678.2766,0.000,0.000
20329,678.3099,0.000,0.000
20330,678.3433,30.892,1.031
20331,678.3767,42.384,1.414
20332,678.4100,22.478,0.750
20333,678.4434,16.754,0.559
20334,678.4768,33.508,1.118
20335,678.5101,67.848,2.264
20336,678.5435,10.596,0.354
20337,678.5769,37.463,1.250
20338,678.6102,42.384,1.414
20339,678.6436,33.508,1.118
20340,678.6770,33.508,1.118
20341,678.7103,10.596,0.354
20342,678.7437,7.493,0.250
20343,678.7771,7.493,0.250
20344,678.8104,57.061,1.904
20345,678.8438,37.463,1.250
20346,678.8772,37.463,1.250
20347,678.9105,43.689,1.458
20348,678.9439,16.754,0.559
20349,678.9773,21.192,0.707
20350,679.0106,21.192,0.707
20351,679.0440,16.754,0.559
20352,679.0774,43.689,1.458
20353,679.1107,47.976,1.601
20354,679.1441,23.693,0.791
20355,679.1775,31.788,1.061
20356,679.2108,42.384,1.414
20357,679.2442,23.693,0.791
20358,679.2776,23.693,0.791
20359,679.3109,37.463,1.250
20360,679.3443,40.348,1.346
20361,679.3777,81.044,2.704
20362,679.4110,40.348,1.346
20363,679.4444,31.788,1.061
20364,679.4778,10.596,0.354
20365,679.5111,30.892,1.031
20366,679.5445,10.596,0.354
20367,679.5779,0.000,0.000
20368,679.6112,21.192,0.707
20369,679.6446,31.788,1.061
20370,679.6780,43.689,1.458
20371,679.7113,52.980,1.768
20372,679.7447,37.463,1.250
20373,679.7781,23.693,0.791
20374,679.8114,16.754,0.559
20375,679.8448,10.596,0.354
20376,679.8782,33.508,1.118
20377,679.9115,42.384,1.414
20378,679.9449,70.684,2.358
20379,679.9783,0.000,0.000
20380,680.0116,21.192,0.707
20381,680.0450,42.384,1.414
20382,680.0784,27.015,0.901
20383,680.1117,23.693,0.791
20384,680.1451,30.892,1.031
20385,680.1785,37.463,1.250
20386,680.2118,91.458,3.052
20387,680.2452,37.463,1.250
20388,680.2786,10.596,0.354
20389,680.3119,7.493,0.250
20390,680.3453,37.463,1.250
20391,680.3787,16.754,0.559
20392,680.4120,7.493,0.250
20393,680.4454,7.493,0.250
20394,680.4788,40.348,1.346
20395,680.5121,30.892,1.031
20396,680.5455,40.348,1.346
20397,680.5789,38.205,1.275
20398,680.6122,7.493,0.250
20399,680.6456,10.596,0.354
20400,680.6790,31.788,1.061
20401,680.7123,42.384,1.414
20402,680.7457,22.478,0.750
20403,680.7791,16.754,0.559
20404,680.8124,27.015,0.901
20405,680.8458,23.693,0.791
20406,680.8792,54.029,1.803
20407,680.9125,47.976,1.601
20408,680.9459,7.493,0.250
20409,680.9793,27.015,0.901
20410,681.0126,10.596,0.354
20411,681.0460,114.368,3.816
20412,681.0794,40.348,1.346
20413,681.1127,23.693,0.791
20414,681.1461,10.596,0.354
20415,681.1795,37.463,1.250
20416,681.2128,27.015,0.901
20417,681.2462,7.493,0.250
20418,681.2796,38.205,1.275
20419,681.3129,43.689,1.458
20420,681.3463,14.985,0.500
20421,681.3797,37.463,1.250
20422,681.4130,33.508,1.118
20423,681.4464,14.985,0.500
20424,681.4798,14.985,0.500
20425,681.5131,23.693,0.791
20426,681.5465,69.078,2.305
20427,681.5799,23.693,0.791
20428,681.6132,16.754,0.559
20429,681.6466,14.985,0.500
20430,681.6800,33.508,1.118
20431,681.7133,47.976,1.601
20432,681.7467,37.463,1.250
20433,681.7801,16.754,0.559
20434,681.8134,22.478,0.750
20435,681.8468,71.080,2.372
20436,681.8802,37.463,1.250
20437,681.9135,57.061,1.904
20438,681.9469,16.754,0.559
20439,681.9803,16.754,0.559
20440,682.0136,27.015,0.901
20441,682.0470,0.000,0.000
20442,682.0803,10.596,0.354
20443,682.1137,23.693,0.791
20444,682.1471,16.754,0.559
20445,682.1804,16.754,0.559
20446,682.2138,37.463,1.250
20447,682.2472,61.785,2.062
20448,682.2805,7.493,0.250
20449,682.3139,16.754,0.559
20450,682.3473,27.015,0.901
20451,682.3806,40.348,1.346
20452,682.4140,37.463,1.250
20453,682.4474,42.384,1.414
20454,682.4807,16.754,0.559
20455,682.5141,7.493,0.250
20456,682.5475,54.029,1.803
20457,682.5808,30.892,1.031
20458,682.6142,22.478,0.750
20459,682.6476,29.970,1.000
20460,682.6809,30.892,1.031
20461,682.7143,79.647,2.658
20462,682.7477,43.689,1.458
20463,682.7810,40.348,1.346
20464,682.8144,38.205,1.275
20465,682.8478,10.596,0.354
20466,682.8811,14.985,0.500
20467,682.9145,7.493,0.250
20468,682.9479,10.596,0.354
20469,682.9812,38.205,1.275
20470,683.0146,47.976,1.601
20471,683.0480,23.693,0.791
20472,683.0813,30.892,1.031
20473,683.1147,16.754,0.559
20474,683.1481,16.754,0.559
20475,683.1814,16.754,0.559
20476,683.2148,54.029,1.803
20477,683.2482,22.478,0.750
20478,683.2815,37.463,1.250
20479,683.3149,23.693,0.791
20480,683.3483,10.596,0.354
20481,683.3816,58.518,1.953
20482,683.4150,23.693,0.791
20483,683.4484,16.754,0.559
20484,683.4817,16.754,0.559
20485,683.5151,73.793,2.462
20486,683.5485,38.205,1.275
20487,683.5818,47.976,1.601
20488,683.6152,7.493,0.250
20489,683.6486,30.892,1.031
20490,683.6819,29.970,1.000
20491,683.7153,0.000,0.000
20492,683.7487,0.000,0.000
20493,683.7820,29.970,1.000
20494,683.8154,37.463,1.250
20495,683.8488,10.596,0.354
20496,683.8821,42.384,1.414
20497,683.9155,29.970,1.000
20498,683.9489,0.000,0.000
20499,683.9822,0.000,0.000
20500,684.0156,22.478,0.750
20501,684.0490,54.029,1.803
20502,684.0823,23.693,0.791
20503,684.1157,37.463,1.250
20504,684.1491,0.000,0.000
20505,684.1824,37.463,1.250
20506,684.2158,42.384,1.414
20507,684.2492,42.384,1.414
20508,684.2825,7.493,0.250
20509,684.3159,22.478,0.750
20510,684.3493,74.925,2.500
20511,684.3826,37.463,1.250
20512,684.4160,70.684,2.358
20513,684.4494,21.192,0.707
20514,684.4827,27.015,0.901
20515,684.5161,14.985,0.500
20516,684.5495,10.596,0.354
20517,684.5828,7.493,0.250
20518,684.6162,47.387,1.581
20519,684.6496,21.192,0.707
20520,684.6829,37.463,1.250
20521,684.7163,33.508,1.118
20522,684.7497,31.788,1.061
20523,684.7830,10.596,0.354
20524,684.8164,43.689,1.458
20525,684.8498,30.892,1.031
20526,684.8831,37.463,1.250
20527,684.9165,31.788,1.061
20528,684.9499,14.985,0.500
20529,684.9832,27.015,0.901
20530,685.0166,47.976,1.601
20531,685.0500,16.754,0.559
20532,685.0833,27.015,0.901
20533,685.1167,30.892,1.031
20534,685.1501,44.955,1.500
20535,685.1834,30.892,1.031
20536,685.2168,7.493,0.250
20537,685.2502,57.061,1.904
20538,685.2835,43.689,1.458
20539,685.3169,16.754,0.559
20540,685.3503,14.985,0.500
20541,685.3836,16.754,0.559
20542,685.4170,7.493,0.250
20543,685.4504,23.693,0.791
20544,685.4837,30.892,1.031
20545,685.5171,63.576,2.121
20546,685.5505,21.192,0.707
20547,685.5838,23.693,0.791
20548,685.6172,27.015,0.901
20549,685.6506,16.754,0.559
20550,685.6839,27.015,0.901
20551,685.7173,33.508,1.118
20552,685.7507,31.788,1.061
20553,685.7840,40.348,1.346
20554,685.8174,22.478,0.750
20555,685.8508,0.000,0.000
20556,685.8841,43.689,1.458
20557,685.9175,16.754,0.559
20558,685.9509,31.788,1.061
20559,685.9842,30.892,1.031
20560,686.0176,60.407,2.016
20561,686.0510,29.970,1.000
20562,686.0843,37.463,1.250
20563,686.1177,0.000,0.000
20564,686.1511,37.463,1.250
20565,686.1844,40.348,1.346
20566,686.2178,10.596,0.354
20567,686.2512,16.754,0.559
20568,686.2845,0.000,0.000
20569,686.3179,0.000,0.000
20570,686.3513,23.693,0.791
20571,686.3846,33.508,1.118
20572,686.4180,47.976,1.601
20573,686.4514,23.693,0.791
20574,686.4847,22.478,0.750
20575,686.5181,37.463,1.250
20576,686.5515,0.000,0.000
20577,686.5848,37.463,1.250
20578,686.6182,37.463,1.250
20579,686.6516,33.508,1.118
20580,686.6849,40.348,1.346
20581,686.7183,27.015,0.901
20582,686.7517,10.596,0.354
20583,686.7850,0.000,0.000
20584,686.8184,42.384,1.414
20585,686.8518,22.478,0.750
20586,686.8851,31.788,1.061
20587,686.9185,16.754,0.559
20588,686.9519,43.689,1.458
20589,686.9852,37.463,1.250
20590,687.0186,40.348,1.346
20591,687.0520,16.754,0.559
20592,687.0853,16.754,0.559
20593,687.1187,31.788,1.061
20594,687.1521,14.985,0.500
20595,687.1854,7.493,0.250
20596,687.2188,16.754,0.559
20597,687.2522,10.596,0.354
20598,687.2855,7.493,0.250
20599,687.3189,0.000,0.000
20600,687.3523,38.205,1.275
20601,687.3856,33.508,1.118
20602,687.4190,58.518,1.953
20603,687.4524,16.754,0.559
20604,687.4857,23.693,0.791
20605,687.5191,22.478,0.750
20606,687.5525,10.596,0.354
20607,687.5858,27.015,0.901
20608,687.6192,40.348,1.346
20609,687.6526,58.518,1.953
20610,687.6859,16.754,0.559
20611,687.7193,30.892,1.031
20612,687.7527,7.493,0.250
20613,687.7860,7.493,0.250
20614,687.8194,7.493,0.250
20615,687.8528,79.647,2.658
20616,687.8861,10.596,0.354
20617,687.9195,14.985,0.500
20618,687.9529,27.015,0.901
20619,687.9862,69.078,2.305
20620,688.0196,23.693,0.791
20621,688.0530,33.508,1.118
20622,688.0863,10.596,0.354
20623,688.1197,23.693,0.791
20624,688.1531,21.192,0.707
20625,688.1864,7.493,0.250
20626,688.2198,7.493,0.250
20627,688.2532,14.985,0.500
20628,688.2865,7.493,0.250
20629,688.3199,7.493,0.250
20630,688.3533,16.754,0.559
20631,688.3866,33.508,1.118
20632,688.4200,27.015,0.901
20633,688.4534,7.493,0.250
20634,688.4867,37.463,1.250
20635,688.5201,30.892,1.031
20636,688.5535,10.596,0.354
20637,688.5868,10.596,0.354
20638,688.6202,7.493,0.250
20639,688.6536,40.348,1.346
20640,688.6869,0.000,0.000
20641,688.7203,16.754,0.559
20642,688.7537,38.205,1.275
20643,688.7870,40.348,1.346
20644,688.8204,7.493,0.250
20645,688.8538,16.754,0.559
20646,688.8871,31.788,1.061
20647,688.9205,37.463,1.250
20648,688.9539,10.596,0.354
20649,688.9872,29.970,1.000
20650,689.0206,67.015,2.236
20651,689.0540,22.478,0.750
20652,689.0873,22.478,0.750
20653,689.1207,40.348,1.346
20654,689.1541,7.493,0.250
20655,689.1874,21.192,0.707
20656,689.2208,31.788,1.061
20657,689.2542,7.493,0.250
20658,689.2875,7.493,0.250
20659,689.3209,16.754,0.559
20660,689.3543,0.000,0.000
20661,689.3876,7.493,0.250
20662,689.4210,29.970,1.000
20663,689.4544,27.015,0.901
20664,689.4877,10.596,0.354
20665,689.5211,47.976,1.601
20666,689.5545,50.261,1.677
20667,689.5878,23.693,0.791
20668,689.6212,7.493,0.250
20669,689.6546,0.000,0.000
20670,689.6879,14.985,0.500
20671,689.7213,37.463,1.250
20672,689.7547,16.754,0.559
20673,689.7880,47.976,1.601
20674,689.8214,33.508,1.118
20675,689.8548,14.985,0.500
20676,689.8881,0.000,0.000
20677,689.9215,29.970,1.000
20678,689.9549,37.463,1.250
20679,689.9882,27.015,0.901
20680,690.0216,7.493,0.250
20681,690.0550,29.970,1.000
20682,690.0883,80.697,2.693
20683,690.1217,29.970,1.000
20684,690.1551,14.985,0.500
20685,690.1884,29.970,1.000
20686,690.2218,42.384,1.414
20687,690.2552,38.205,1.275
20688,690.2885,0.000,0.000
20689,690.3219,7.493,0.250
20690,690.3553,0.000,0.000
20691,690.3886,7.493,0.250
20692,690.4220,30.892,1.031
20693,690.4554,27.015,0.901
20694,690.4887,7.493,0.250
20695,690.5221,54.029,1.803
20696,690.5555,47.976,1.601
20697,690.5888,47.387,1.581
20698,690.6222,30.892,1.031
20699,690.6556,23.693,0.791
20700,690.6889,37.463,1.250
20701,690.7223,23.693,0.791
20702,690.7557,0.000,0.000
20703,690.7890,40.348,1.346
20704,690.8224,27.015,0.901
20705,690.8558,60.407,2.016
20706,690.8891,50.261,1.677
20707,690.9225,37.463,1.250
20708,690.9559,33.508,1.118
20709,690.9892,37.463,1.250
20710,691.0226,47.976,1.601
20711,691.0560,16.754,0.559
20712,691.0893,23.693,0.791
20713,691.1227,30.892,1.031
20714,691.1561,45.575,1.521
20715,691.1894,47.976,1.601
20716,691.2228,38.205,1.275
20717,691.2562,33.508,1.118
20718,691.2895,16.754,0.559
20719,691.3229,0.000,0.000
20720,691.3563,14.985,0.500
20721,691.3896,10.596,0.354
20722,691.4230,44.955,1.500
20723,691.4564,42.384,1.414
20724,691.4897,42.384,1.414
20725,691.5231,33.508,1.118
20726,691.5565,31.788,1.061
20727,691.5898,37.463,1.250
20728,691.6232,22.478,0.750
20729,691.6566,43.689,1.458
20730,691.6899,83.769,2.795
20731,691.7233,37.463,1.250
20732,691.7567,30.892,1.031
20733,691.7900,37.463,1.250
20734,691.8234,0.000,0.000
20735,691.8568,31.788,1.061
20736,691.8901,38.205,1.275
20737,691.9235,47.976,1.601
20738,691.9569,60.407,2.016
20739,691.9902,67.015,2.236
20740,692.0236,70.684,2.358
20741,692.0570,42.384,1.414
20742,692.0903,10.596,0.354
20743,692.1237,23.693,0.791
20744,692.1571,16.754,0.559
20745,692.1904,37.463,1.250
20746,692.2238,52.980,1.768
20747,692.2572,23.693,0.791
20748,692.2905,42.384,1.414
20749,692.3239,27.015,0.901
20750,692.3573,14.985,0.500
20751,692.3906,7.493,0.250
20752,692.4240,10.596,0.354
20753,692.4574,27.015,0.901
20754,692.4907,43.689,1.458
20755,692.5241,52.980,1.768
20756,692.5575,21.192,0.707
20757,692.5908,63.576,2.121
20758,692.6242,16.754,0.559
20759,692.6576,10.596,0.354
20760,692.6909,40.348,1.346
20761,692.7243,60.407,2.016
20762,692.7577,31.788,1.061
20763,692.7910,67.015,2.236
20764,692.8244,70.684,2.358
20765,692.8578,14.985,0.500
20766,692.8911,33.508,1.118
20767,692.9245,0.000,0.000
20768,692.9579,0.000,0.000
20769,692.9912,37.463,1.250
20770,693.0246,30.892,1.031
20771,693.0580,47.976,1.601
20772,693.0913,64.016,2.136
20773,693.1247,37.463,1.250
20774,693.1581,30.892,1.031
20775,693.1914,80.697,2.693
20776,693.2248,23.693,0.791
20777,693.2582,79.647,2.658
20778,693.2915,23.693,0.791
20779,693.3249,27.015,0.901
20780,693.3583,33.508,1.118
20781,693.3916,31.788,1.061
20782,693.4250,31.788,1.061
20783,693.4584,10.596,0.354
20784,693.4917,7.493,0.250
20785,693.5251,0.000,0.000
20786,693.5585,47.976,1.601
20787,693.5918,42.384,1.414
20788,693.6252,50.261,1.677
20789,693.6586,50.261,1.677
20790,693.6919,23.693,0.791
20791,693.7253,37.463,1.250
20792,693.7587,7.493,0.250
20793,693.7920,43.689,1.458
20794,693.8254,54.029,1.803
20795,693.8588,54.029,1.803
20796,693.8921,58.518,1.953
20797,693.9255,43.689,1.458
20798,693.9589,47.387,1.581
20799,693.9922,23.693,0.791
20800,694.0256,30.892,1.031
20801,694.0590,0.000,0.000
20802,694.0923,0.000,0.000
20803,694.1257,0.000,0.000
20804,694.1591,33.508,1.118
20805,694.1924,40.348,1.346
20806,694.2258,37.463,1.250
20807,694.2592,77.140,2.574
20808,694.2925,29.970,1.000
20809,694.3259,23.693,0.791
20810,694.3593,37.463,1.250
20811,694.3926,33.508,1.118
20812,694.4260,52.448,1.750
20813,694.4594,45.575,1.521
20814,694.4927,47.387,1.581
20815,694.5261,30.892,1.031
20816,694.5595,7.493,0.250
20817,694.5928,23.693,0.791
20818,694.6262,16.754,0.559
20819,694.6596,7.493,0.250
20820,694.6929,16.754,0.559
20821,694.7263,0.000,0.000
20822,694.7597,0.000,0.000
20823,694.7930,0.000,0.000
20824,694.8264,73.793,2.462
20825,694.8598,33.508,1.118
20826,694.8931,47.976,1.601
20827,694.9265,47.976,1.601
20828,694.9599,31.788,1.061
20829,694.9932,27.015,0.901
20830,695.0266,33.508,1.118
20831,695.0600,7.493,0.250
20832,695.0933,7.493,0.250
20833,695.1267,30.892,1.031
20834,695.1601,33.508,1.118
20835,695.1934,33.508,1.118
20836,695.2268,21.192,0.707
20837,695.2602,16.754,0.559
20838,695.2935,27.015,0.901
20839,695.3269,0.000,0.000
20840,695.3603,0.000,0.000
20841,695.3936,27.015,0.901
20842,695.4270,30.892,1.031
20843,695.4604,31.788,1.061
20844,695.4937,16.754,0.559
20845,695.5271,33.508,1.118
20846,695.5605,82.418,2.750
20847,695.5938,37.463,1.250
20848,695.6272,37.463,1.250
20849,695.6606,7.493,0.250
20850,695.6939,0.000,0.000
20851,695.7273,7.493,0.250
20852,695.7607,0.000,0.000
20853,695.7940,7.493,0.250
20854,695.8274,16.754,0.559
20855,695.8608,29.970,1.000
20856,695.8941,16.754,0.559
20857,695.9275,10.596,0.354
20858,695.9609,7.493,0.250
20859,695.9942,23.693,0.791
20860,696.0276,40.348,1.346
20861,696.0610,43.689,1.458
20862,696.0943,60.407,2.016
20863,696.1277,21.192,0.707
20864,696.1611,43.689,1.458
20865,696.1944,0.000,0.000
20866,696.2278,0.000,0.000
20867,696.2612,0.000,0.000
20868,696.2945,30.892,1.031
20869,696.3279,60.407,2.016
20870,696.3613,7.493,0.250
20871,696.3946,31.788,1.061
20872,696.4280,23.693,0.791
20873,696.4614,10.596,0.354
20874,696.4947,0.000,0.000
20875,696.5281,7.493,0.250
20876,696.5615,10.596,0.354
20877,696.5948,16.754,0.559
20878,696.6282,82.418,2.750
20879,696.6616,27.015,0.901
20880,696.6949,14.985,0.500
20881,696.7283,7.493,0.250
20882,696.7617,0.000,0.000
20883,696.7950,7.493,0.250
20884,696.8284,10.596,0.354
20885,696.8618,14.985,0.500
20886,696.8951,14.985,0.500
20887,696.9285,16.754,0.559
20888,696.9619,40.348,1.346
20889,696.9952,16.754,0.559
20890,697.0286,0.000,0.000
20891,697.0620,0.000,0.000
20892,697.0953,29.970,1.000
20893,697.1287,0.000,0.000
20894,697.1621,16.754,0.559
20895,697.1954,83.769,2.795
20896,697.2288,64.016,2.136
20897,697.2622,47.387,1.581
20898,697.2955,16.754,0.559
20899,697.3289,7.493,0.250
20900,697.3623,33.508,1.118
20901,697.3956,45.575,1.521
20902,697.4290,21.192,0.707
20903,697.4624,37.463,1.250
20904,697.4957,33.508,1.118
20905,697.5291,37.463,1.250
20906,697.5625,7.493,0.250
20907,697.5958,16.754,0.559
20908,697.6292,31.788,1.061
20909,697.6626,14.985,0.500
20910,697.6959,52.448,1.750
20911,697.7293,47.387,1.581
20912,697.7627,29.970,1.000
20913,697.7960,23.693,0.791
20914,697.8294,7.493,0.250
20915,697.8628,7.493,0.250
20916,697.8961,10.596,0.354
20917,697.9295,16.754,0.559
20918,697.9629,21.192,0.707
20919,697.9962,22.478,0.750
20920,698.0296,14.985,0.500
20921,698.0630,7.493,0.250
20922,698.0963,0.000,0.000
20923,698.1297,23.693,0.791
20924,698.1631,33.508,1.118
20925,698.1964,64.453,2.151
20926,698.2298,22.478,0.750
20927,698.2632,37.463,1.250
20928,698.2965,29.970,1.000
20929,698.3299,14.985,0.500
20930,698.3633,14.985,0.500
20931,698.3966,29.970,1.000
20932,698.4300,54.029,1.803
20933,698.4634,27.015,0.901
20934,698.4967,16.754,0.559
20935,698.5301,42.384,1.414
20936,698.5635,0.000,0.000
20937,698.5968,29.970,1.000
20938,698.6302,30.892,1.031
20939,698.6636,27.015,0.901
20940,698.6969,30.892,1.031
20941,698.7303,54.546,1.820
20942,698.7637,30.892,1.031
20943,698.7970,16.754,0.559
20944,698.8304,0.000,0.000
20945,698.8638,7.493,0.250
20946,698.8971,0.000,0.000
20947,698.9305,0.000,0.000
20948,698.9639,16.754,0.559
20949,698.9972,23.693,0.791
20950,699.0306,21.192,0.707
20951,699.0640,10.596,0.354
20952,699.0973,0.000,0.000
20953,699.1307,22.478,0.750
20954,699.1641,52.980,1.768
20955,699.1974,54.029,1.803
20956,699.2308,40.348,1.346
20957,699.2642,40.348,1.346
20958,699.2975,7.493,0.250
20959,699.3309,0.000,0.000
20960,699.3643,0.000,0.000
20961,699.3976,54.546,1.820
20962,699.4310,21.192,0.707
20963,699.4644,33.508,1.118
20964,699.4977,27.015,0.901
20965,699.5311,10.596,0.354
20966,699.5645,22.478,0.750
20967,699.5978,16.754,0.559
20968,699.6312,16.754,0.559
20969,699.6646,14.985,0.500
20970,699.6979,77.140,2.574
20971,699.7313,30.892,1.031
20972,699.7647,37.463,1.250
20973,699.7980,10.596,0.354
20974,699.8314,16.754,0.559
20975,699.8648,16.754,0.559
20976,699.8981,23.693,0.791
20977,699.9315,10.596,0.354
20978,699.9649,22.478,0.750
20979,699.9982,0.000,0.000
20980,700.0316,0.000,0.000
20981,700.0650,16.754,0.559
20982,700.0983,57.061,1.904
20983,700.1317,43.689,1.458
20984,700.1651,30.892,1.031
20985,700.1984,37.463,1.250
20986,700.2318,37.463,1.250
20987,700.2652,14.985,0.500
20988,700.2985,33.508,1.118
20989,700.3319,31.788,1.061
20990,700.3653,7.493,0.250
20991,700.3986,37.463,1.250
20992,700.4320,27.015,0.901
20993,700.4654,14.985,0.500
20994,700.4987,14.985,0.500
20995,700.5321,30.892,1.031
20996,700.5655,23.693,0.791
20997,700.5988,29.970,1.000
20998,700.6322,77.140,2.574
20999,700.6656,22.478,0.750
21000,700.6989,27.015,0.901
21001,700.7323,7.493,0.250
21002,700.7657,10.596,0.354
21003,700.7990,0.000,0.000
21004,700.8324,37.463,1.250
21005,700.8658,0.000,0.000
21006,700.8991,23.693,0.791
21007,700.9325,7.493,0.250
21008,700.9659,0.000,0.000
21009,700.9992,16.754,0.559
21010,701.0326,47.387,1.581
21011,701.0660,57.061,1.904
21012,701.0993,27.015,0.901
21013,701.1327,57.061,1.904
21014,701.1661,10.596,0.354
21015,701.1994,10.596,0.354
21016,701.2328,30.892,1.031
21017,701.2662,43.689,1.458
21018,701.2995,31.788,1.061
21019,701.3329,10.596,0.354
21020,701.3663,37.463,1.250
21021,701.3996,7.493,0.250
21022,701.4330,30.892,1.031
21023,701.4664,7.493,0.250
21024,701.4997,10.596,0.354
21025,701.5331,16.754,0.559
21026,701.5665,64.016,2.136
21027,701.5998,37.463,1.250
21028,701.6332,16.754,0.559
21029,701.6666,7.493,0.250
21030,701.6999,10.596,0.354
21031,701.7333,10.596,0.354
21032,701.7667,0.000,0.000
21033,701.8000,23.693,0.791
21034,701.8334,23.693,0.791
21035,701.8668,0.000,0.000
21036,701.9001,7.493,0.250
21037,701.9335,30.892,1.031
21038,701.9669,60.407,2.016
21039,702.0002,37.463,1.250
21040,702.0336,23.693,0.791
21041,702.0670,33.508,1.118
21042,702.1003,16.754,0.559
21043,702.1337,7.493,0.250
21044,702.1671,30.892,1.031
21045,702.2004,10.596,0.354
21046,702.2338,27.015,0.901
21047,702.2672,37.463,1.250
21048,702.3005,7.493,0.250
21049,702.3339,0.000,0.000
21050,702.3673,33.508,1.118
21051,702.4006,16.754,0.559
21052,702.4340,10.596,0.354
21053,702.4674,22.478,0.750
21054,702.5007,67.848,2.264
21055,702.5341,44.955,1.500
21056,702.5675,0.000,0.000
21057,702.6008,7.493,0.250
21058,702.6342,7.493,0.250
21059,702.6676,7.493,0.250
21060,702.7009,31.788,1.061
21061,702.7343,7.493,0.250
21062,702.7677,23.693,0.791
21063,702.8010,0.000,0.000
21064,702.8344,16.754,0.559
21065,702.8678,37.463,1.250
21066,702.9011,30.892,1.031
21067,702.9345,67.015,2.236
21068,702.9679,43.689,1.458
21069,703.0012,14.985,0.500
21070,703.0346,0.000,0.000
21071,703.0680,38.205,1.275
21072,703.1013,42.384,1.414
21073,703.1347,33.508,1.118
21074,703.1681,14.985,0.500
21075,703.2014,33.508,1.118
21076,703.2348,7.493,0.250
21077,703.2682,30.892,1.031
21078,703.3015,7.493,0.250
21079,703.3349,30.892,1.031
21080,703.3683,69.078,2.305
21081,703.4016,40.348,1.346
21082,703.4350,29.970,1.000
21083,703.4684,0.000,0.000
21084,703.5017,0.000,0.000
21085,703.5351,7.493,0.250
21086,703.5685,21.192,0.707
21087,703.6018,0.000,0.000
21088,703.6352,14.985,0.500
21089,703.6686,7.493,0.250
21090,703.7019,0.000,0.000
21091,703.7353,7.493,0.250
21092,703.7686,14.985,0.500
21093,703.8020,44.955,1.500
21094,703.8354,70.684,2.358
21095,703.8687,23.693,0.791
21096,703.9021,50.261,1.677
21097,703.9355,7.493,0.250
21098,703.9688,10.596,0.354
21099,704.0022,7.493,0.250
21100,704.0356,40.348,1.346
21101,704.0689,42.384,1.414
21102,704.1023,52.980,1.768
21103,704.1357,7.493,0.250
21104,704.1690,16.754,0.559
21105,704.2024,29.970,1.000
21106,704.2358,23.693,0.791
21107,704.2691,64.016,2.136
21108,704.3025,37.463,1.250
21109,704.3359,42.384,1.414
21110,704.3692,7.493,0.250
21111,704.4026,7.493,0.250
21112,704.4360,7.493,0.250
21113,704.4693,29.970,1.000
21114,704.5027,14.985,0.500
21115,704.5361,16.754,0.559
21116,704.5694,16.754,0.559
21117,704.6028,10.596,0.354
21118,704.6362,27.015,0.901
21119,704.6695,10.596,0.354
21120,704.7029,27.015,0.901
21121,704.7363,50.261,1.677
21122,704.7696,33.508,1.118
21123,704.8030,27.015,0.901
21124,704.8364,10.596,0.354
21125,704.8697,14.985,0.500
21126,704.9031,38.205,1.275
21127,704.9365,21.192,0.707
21128,704.9698,33.508,1.118
21129,705.0032,42.384,1.414
21130,705.0366,10.596,0.354
21131,705.0699,29.970,1.000
21132,705.1033,7.493,0.250
21133,705.1367,27.015,0.901
21134,705.1700,47.976,1.601
21135,705.2034,42.384,1.414
21136,705.2368,16.754,0.559
21137,705.2701,0.000,0.000
21138,705.3035,0.000,0.000
21139,705.3369,23.693,0.791
21140,705.3702,21.192,0.707
21141,705.4036,10.596,0.354
21142,705.4370,33.508,1.118
21143,705.4703,14.985,0.500
21144,705.5037,10.596,0.354
21145,705.5371,0.000,0.000
21146,705.5704,16.754,0.559
21147,705.6038,50.261,1.677
21148,705.6372,23.693,0.791
21149,705.6705,27.015,0.901
21150,705.7039,29.970,1.000
21151,705.7373,0.000,0.000
21152,705.7706,14.985,0.500
21153,705.8040,33.508,1.118
21154,705.8374,43.689,1.458
21155,705.8707,43.689,1.458
21156,705.9041,37.463,1.250
21157,705.9375,21.192,0.707
21158,705.9708,29.970,1.000
21159,706.0042,0.000,0.000
21160,706.0376,37.463,1.250
21161,706.0709,42.384,1.414
21162,706.1043,16.754,0.559
21163,706.1377,21.192,0.707
21164,706.1710,7.493,0.250
21165,706.2044,7.493,0.250
21166,706.2378,7.493,0.250
21167,706.2711,14.985,0.500
21168,706.3045,33.508,1.118
21169,706.3379,23.693,0.791
21170,706.3712,10.596,0.354
21171,706.4046,30.892,1.031
21172,706.4380,16.754,0.559
21173,706.4713,16.754,0.559
21174,706.5047,37.463,1.250
21175,706.5381,43.689,1.458
21176,706.5714,38.205,1.275
21177,706.6048,44.955,1.500
21178,706.6382,23.693,0.791
21179,706.6715,14.985,0.500
21180,706.7049,33.508,1.118
21181,706.7383,69.078,2.305
21182,706.7716,23.693,0.791
21183,706.8050,27.015,0.901
21184,706.8384,16.754,0.559
21185,706.8717,7.493,0.250
21186,706.9051,38.205,1.275
21187,706.9385,64.016,2.136
21188,706.9718,23.693,0.791
21189,707.0052,43.689,1.458
21190,707.0386,0.000,0.000
21191,707.0719,7.493,0.250
21192,707.1053,7.493,0.250
21193,707.1387,7.493,0.250
21194,707.1720,22.478,0.750
21195,707.2054,23.693,0.791
21196,707.2388,30.892,1.031
21197,707.2721,7.493,0.250
21198,707.3055,7.493,0.250
21199,707.3389,0.000,0.000
21200,707.3722,7.493,0.250
21201,707.4056,16.754,0.559
21202,707.4390,57.061,1.904
21203,707.4723,37.463,1.250
21204,707.5057,23.693,0.791
21205,707.5391,23.693,0.791
21206,707.5724,0.000,0.000
21207,707.6058,16.754,0.559
21208,707.6392,64.016,2.136
21209,707.6725,31.788,1.061
21210,707.7059,47.976,1.601
21211,707.7393,33.508,1.118
21212,707.7726,22.478,0.750
21213,707.8060,0.000,0.000
21214,707.8394,14.985,0.500
21215,707.8727,42.384,1.414
21216,707.9061,7.493,0.250
21217,707.9395,43.689,1.458
21218,707.9728,7.493,0.250
21219,708.0062,0.000,0.000
21220,708.0396,0.000,0.000
21221,708.0729,10.596,0.354
21222,708.1063,31.788,1.061
21223,708.1397,37.463,1.250
21224,708.1730,7.493,0.250
21225,708.2064,23.693,0.791
21226,708.2398,7.493,0.250
21227,708.2731,7.493,0.250
21228,708.3065,7.493,0.250
21229,708.3399,58.518,1.953
21230,708.3732,23.693,0.791
21231,708.4066,37.463,1.250
21232,708.4400,37.463,1.250
21233,708.4733,10.596,0.354
21234,708.5067,16.754,0.559
21235,708.5401,10.596,0.354
21236,708.5734,43.689,1.458
21237,708.6068,42.384,1.414
21238,708.6402,37.463,1.250
21239,708.6735,21.192,0.707
21240,708.7069,30.892,1.031
21241,708.7403,16.754,0.559
21242,708.7736,16.754,0.559
21243,708.8070,47.976,1.601
21244,708.8404,42.384,1.414
21245,708.8737,10.596,0.354
21246,708.9071,10.596,0.354
21247,708.9405,10.596,0.354
21248,708.9738,14.985,0.500
21249,709.0072,21.192,0.707
21250,709.0406,23.693,0.791
21251,709.0739,7.493,0.250
21252,709.1073,14.985,0.500
21253,709.1407,7.493,0.250
21254,709.1740,0.000,0.000
21255,709.2074,21.192,0.707
21256,709.2408,47.387,1.581
21257,709.2741,45.575,1.521
21258,709.3075,27.015,0.901
21259,709.3409,16.754,0.559
21260,709.3742,16.754,0.559
21261,709.4076,10.596,0.354
21262,709.4410,37.463,1.250
21263,709.4743,33.508,1.118
21264,709.5077,40.348,1.346
21265,709.5411,16.754,0.559
21266,709.5744,37.463,1.250
21267,709.6078,22.478,0.750
21268,709.6412,16.754,0.559
21269,709.6745,27.015,0.901
21270,709.7079,37.463,1.250
21271,709.7413,10.596,0.354
21272,709.7746,37.463,1.250
21273,709.8080,7.493,0.250
21274,709.8414,10.596,0.354
21275,709.8747,0.000,0.000
21276,709.9081,7.493,0.250
21277,709.9415,7.493,0.250
21278,709.9748,23.693,0.791
21279,710.0082,23.693,0.791
21280,710.0416,14.985,0.500
21281,710.0749,10.596,0.354
21282,710.1083,22.478,0.750
21283,710.1417,37.463,1.250
21284,710.1750,30.892,1.031
21285,710.2084,33.508,1.118
21286,710.2418,33.508,1.118
21287,710.2751,0.000,0.000
21288,710.3085,16.754,0.559
21289,710.3419,40.348,1.346
21290,710.3752,33.508,1.118
21291,710.4086,23.693,0.791
21292,710.4420,31.788,1.061
21293,710.4753,33.508,1.118
21294,710.5087,0.000,0.000
21295,710.5421,33.508,1.118
21296,710.5754,27.015,0.901
21297,710.6088,27.015,0.901
21298,710.6422,58.518,1.953
21299,710.6755,37.463,1.250
21300,710.7089,7.493,0.250
21301,710.7423,7.493,0.250
21302,710.7756,7.493,0.250
21303,710.8090,7.493,0.250
21304,710.8424,29.970,1.000
21305,710.8757,7.493,0.250
21306,710.9091,10.596,0.354
21307,710.9425,10.596,0.354
21308,710.9758,10.596,0.354
21309,711.0092,16.754,0.559
21310,711.0426,22.478,0.750
21311,711.0759,27.015,0.901
21312,711.1093,71.080,2.372
21313,711.1427,29.970,1.000
21314,711.1760,0.000,0.000
21315,711.2094,27.015,0.901
21316,711.2428,10.596,0.354
21317,711.2761,37.463,1.250
21318,711.3095,16.754,0.559
21319,711.3429,52.980,1.768
21320,711.3762,21.192,0.707
21321,711.4096,14.985,0.500
21322,711.4430,23.693,0.791
21323,711.4763,27.015,0.901
21324,711.5097,69.078,2.305
21325,711.5431,10.596,0.354
21326,711.5764,47.976,1.601
21327,711.6098,0.000,0.000
21328,711.6432,10.596,0.354
21329,711.6765,0.000,0.000
21330,711.7099,0.000,0.000
21331,711.7433,14.985,0.500
21332,711.7766,27.015,0.901
21333,711.8100,37.463,1.250
21334,711.8434,0.000,0.000
21335,711.8767,0.000,0.000
21336,711.9101,14.985,0.500
21337,711.9435,37.463,1.250
21338,711.9768,47.387,1.581
21339,712.0102,33.508,1.118
21340,712.0436,29.970,1.000
21341,712.0769,38.205,1.275
21342,712.1103,7.493,0.250
21343,712.1437,14.985,0.500
21344,712.1770,77.140,2.574
21345,712.2104,21.192,0.707
21346,712.2438,27.015,0.901
21347,712.2771,37.463,1.250
21348,712.3105,7.493,0.250
21349,712.3439,29.970,1.000
21350,712.3772,7.493,0.250
21351,712.4106,10.596,0.354
21352,712.4440,54.029,1.803
21353,712.4773,47.976,1.601
21354,712.5107,0.000,0.000
21355,712.5441,0.000,0.000
21356,712.5774,0.000,0.000
21357,712.6108,16.754,0.559
21358,712.6442,33.508,1.118
21359,712.6775,7.493,0.250
21360,712.7109,10.596,0.354
21361,712.7443,10.596,0.354
21362,712.7776,14.985,0.500
21363,712.8110,10.596,0.354
21364,712.8444,43.689,1.458
21365,712.8777,29.970,1.000
21366,712.9111,50.261,1.677
21367,712.9445,30.892,1.031
21368,712.9778,30.892,1.031
21369,713.0112,10.596,0.354
21370,713.0446,29.970,1.000
21371,713.0779,37.463,1.250
21372,713.1113,37.463,1.250
21373,713.1447,14.985,0.500
21374,713.1780,42.384,1.414
21375,713.2114,23.693,0.791
21376,713.2448,40.348,1.346
21377,713.2781,7.493,0.250
21378,713.3115,37.463,1.250
21379,713.3449,37.463,1.250
21380,713.3782,21.192,0.707
21381,713.4116,16.754,0.559
21382,713.4450,7.493,0.250
21383,713.4783,7.493,0.250
21384,713.5117,0.000,0.000
21385,713.5451,10.596,0.354
21386,713.5784,16.754,0.559
21387,713.6118,27.015,0.901
21388,713.6452,0.000,0.000
21389,713.6785,14.985,0.500
21390,713.7119,16.754,0.559
21391,713.7453,27.015,0.901
21392,713.7786,60.407,2.016
21393,713.8120,29.970,1.000
21394,713.8454,10.596,0.354
21395,713.8787,37.463,1.250
21396,713.9121,7.493,0.250
21397,713.9455,7.493,0.250
21398,713.9788,47.387,1.581
21399,714.0122,27.015,0.901
21400,714.0456,31.788,1.061
21401,714.0789,37.463,1.250
21402,714.1123,21.192,0.707
21403,714.1457,29.970,1.000
21404,714.1790,10.596,0.354
21405,714.2124,7.493,0.250
21406,714.2458,60.407,2.016
21407,714.2791,23.693,0.791
21408,714.3125,38.205,1.275
21409,714.3459,0.000,0.000
21410,714.3792,7.493,0.250
21411,714.4126,7.493,0.250
21412,714.4460,10.596,0.354
21413,714.4793,27.015,0.901
21414,714.5127,16.754,0.559
21415,714.5461,0.000,0.000
21416,714.5794,14.985,0.500
21417,714.6128,14.985,0.500
21418,714.6462,0.000,0.000
21419,714.6795,37.463,1.250
21420,714.7129,29.970,1.000
21421,714.7463,61.785,2.062
21422,714.7796,37.463,1.250
21423,714.8130,7.493,0.250
21424,714.8464,0.000,0.000
21425,714.8797,38.205,1.275
21426,714.9131,37.463,1.250
21427,714.9465,16.754,0.559
21428,714.9798,43.689,1.458
21429,715.0132,31.788,1.061
21430,715.0466,16.754,0.559
21431,715.0799,22.478,0.750
21432,715.1133,37.463,1.250
21433,715.1467,40.348,1.346
21434,715.1800,42.384,1.414
21435,715.2134,40.348,1.346
21436,715.2468,10.596,0.354
21437,715.2801,0.000,0.000
21438,715.3135,10.596,0.354
21439,715.3469,10.596,0.354
21440,715.3802,21.192,0.707
21441,715.4136,14.985,0.500
21442,715.4470,16.754,0.559
21443,715.4803,10.596,0.354
21444,715.5137,7.493,0.250
21445,715.5471,21.192,0.707
21446,715.5804,43.689,1.458
21447,715.6138,23.693,0.791
21448,715.6472,22.478,0.750
21449,715.6805,37.463,1.250
21450,715.7139,7.493,0.250
21451,715.7473,7.493,0.250
21452,715.7806,22.478,0.750
21453,715.8140,30.892,1.031
21454,715.8474,31.788,1.061
21455,715.8807,43.689,1.458
21456,715.9141,31.788,1.061
21457,715.9475,0.000,0.000
21458,715.9808,40.348,1.346
21459,716.0142,7.493,0.250
21460,716.0476,14.985,0.500
21461,716.0809,54.029,1.803
21462,716.1143,40.348,1.346
21463,716.1477,10.596,0.354
21464,716.1810,7.493,0.250
21465,716.2144,10.596,0.354
21466,716.2478,21.192,0.707
21467,716.2811,21.192,0.707
21468,716.3145,10.596,0.354
21469,716.3479,14.985,0.500
21470,716.3812,14.985,0.500
21471,716.4146,7.493,0.250
21472,716.4480,27.015,0.901
21473,716.4813,33.508,1.118
21474,716.5147,45.575,1.521
21475,716.5481,27.015,0.901
21476,716.5814,33.508,1.118
21477,716.6148,7.493,0.250
21478,716.6482,31.788,1.061
21479,716.6815,14.985,0.500
21480,716.7149,33.508,1.118
21481,716.7483,42.384,1.414
21482,716.7816,47.976,1.601
21483,716.8150,14.985,0.500
21484,716.8484,27.015,0.901
21485,716.8817,29.970,1.000
21486,716.9151,23.693,0.791
21487,716.9485,47.976,1.601
21488,716.9818,16.754,0.559
21489,717.0152,50.261,1.677
21490,717.0486,0.000,0.000
21491,717.0819,0.000,0.000
21492,717.1153,10.596,0.354
21493,717.1487,27.015,0.901
21494,717.1820,22.478,0.750
21495,717.2154,7.493,0.250
21496,717.2488,14.985,0.500
21497,717.2821,16.754,0.559
21498,717.3155,14.985,0.500
21499,717.3489,10.596,0.354
21500,717.3822,40.348,1.346
21501,717.4156,50.261,1.677
21502,717.4490,30.892,1.031
21503,717.4823,27.015,0.901
21504,717.5157,30.892,1.031
21505,717.5491,7.493,0.250
21506,717.5824,10.596,0.354
21507,717.6158,38.205,1.275
21508,717.6492,42.384,1.414
21509,717.6825,54.029,1.803
21510,717.7159,33.508,1.118
21511,717.7493,16.754,0.559
21512,717.7826,33.508,1.118
21513,717.8160,0.000,0.000
21514,717.8494,52.980,1.768
21515,717.8827,16.754,0.559
21516,717.9161,16.754,0.559
21517,717.9495,23.693,0.791
21518,717.9828,7.493,0.250
21519,718.0162,0.000,0.000
21520,718.0496,0.000,0.000
21521,718.0829,16.754,0.559
21522,718.1163,33.508,1.118
21523,718.1497,7.493,0.250
21524,718.1830,16.754,0.559
21525,718.2164,7.493,0.250
21526,718.2498,10.596,0.354
21527,718.2831,16.754,0.559
21528,718.3165,60.407,2.016
21529,718.3499,21.192,0.707
21530,718.3832,30.892,1.031
21531,718.4166,38.205,1.275
21532,718.4500,10.596,0.354
21533,718.4833,16.754,0.559
21534,718.5167,14.985,0.500
21535,718.5501,37.463,1.250
21536,718.5834,33.508,1.118
21537,718.6168,40.348,1.346
21538,718.6502,37.463,1.250
21539,718.6835,43.689,1.458
21540,718.7169,16.754,0.559
21541,718.7503,50.261,1.677
21542,718.7836,60.407,2.016
21543,718.8170,42.384,1.414
21544,718.8504,14.985,0.500
21545,718.8837,16.754,0.559
21546,718.9171,16.754,0.559
21547,718.9505,10.596,0.354
21548,718.9838,27.015,0.901
21549,719.0172,40.348,1.346
21550,719.0506,16.754,0.559
21551,719.0839,16.754,0.559
21552,719.1173,27.015,0.901
21553,719.1507,21.192,0.707
21554,719.1840,40.348,1.346
21555,719.2174,38.205,1.275
21556,719.2508,37.463,1.250
21557,719.2841,7.493,0.250
21558,719.3175,37.463,1.250
21559,719.3509,14.985,0.500
21560,719.3842,10.596,0.354
21561,719.4176,27.015,0.901
21562,719.4510,21.192,0.707
21563,719.4843,30.892,1.031
21564,719.5177,16.754,0.559
21565,719.5511,27.015,0.901
21566,719.5844,30.892,1.031
21567,719.6178,23.693,0.791
21568,719.6512,7.493,0.250
21569,719.6845,45.575,1.521
21570,719.7179,33.508,1.118
21571,719.7513,106.489,3.553
21572,719.7846,42.384,1.414
21573,719.8180,21.192,0.707
21574,719.8514,10.596,0.354
21575,719.8847,7.493,0.250
21576,719.9181,42.384,1.414
21577,719.9515,23.693,0.791
21578,719.9848,42.384,1.414
21579,720.0182,10.596,0.354
21580,720.0516,33.508,1.118
21581,720.0849,47.976,1.601
21582,720.1183,16.754,0.559
21583,720.1517,47.976,1.601
21584,720.1850,30.892,1.031
21585,720.2184,10.596,0.354
21586,720.2518,7.493,0.250
21587,720.2851,7.493,0.250
21588,720.3185,7.493,0.250
21589,720.3519,7.493,0.250
21590,720.3852,31.788,1.061
21591,720.4186,16.754,0.559
21592,720.4520,16.754,0.559
21593,720.4853,50.261,1.677
21594,720.5187,22.478,0.750
21595,720.5521,27.015,0.901
21596,720.5854,22.478,0.750
21597,720.6188,101.909,3.400
21598,720.6522,74.172,2.475
21599,720.6855,54.029,1.803
21600,720.7189,42.384,1.414
21601,720.7523,10.596,0.354
21602,720.7856,16.754,0.559
21603,720.8190,47.976,1.601
21604,720.8524,69.078,2.305
21605,720.8857,14.985,0.500
21606,720.9191,10.596,0.354
21607,720.9525,33.508,1.118
21608,720.9858,47.387,1.581
21609,721.0192,27.015,0.901
21610,721.0526,37.463,1.250
21611,721.0859,30.892,1.031
21612,721.1193,22.478,0.750
21613,721.1527,7.493,0.250
21614,721.1860,7.493,0.250
21615,721.2194,21.192,0.707
21616,721.2528,0.000,0.000
21617,721.2861,10.596,0.354
21618,721.3195,37.463,1.250
21619,721.3529,0.000,0.000
21620,721.3862,21.192,0.707
21621,721.4196,22.478,0.750
21622,721.4530,40.348,1.346
21623,721.4863,22.478,0.750
21624,721.5197,23.693,0.791
21625,721.5531,54.029,1.803
21626,721.5864,127.593,4.257
21627,721.6198,63.576,2.121
21628,721.6532,31.788,1.061
21629,721.6865,10.596,0.354
21630,721.7199,60.407,2.016
21631,721.7533,23.693,0.791
21632,721.7866,58.518,1.953
21633,721.8200,23.693,0.791
21634,721.8534,42.384,1.414
21635,721.8867,37.463,1.250
21636,721.9201,29.970,1.000
21637,721.9535,37.463,1.250
21638,721.9868,33.508,1.118
21639,722.0202,16.754,0.559
21640,722.0536,7.493,0.250
21641,722.0869,0.000,0.000
21642,722.1203,16.754,0.559
21643,722.1537,7.493,0.250
21644,722.1870,16.754,0.559
21645,722.2204,33.508,1.118
21646,722.2538,14.985,0.500
21647,722.2871,22.478,0.750
21648,722.3205,23.693,0.791
21649,722.3539,54.029,1.803
21650,722.3872,30.892,1.031
21651,722.4206,60.407,2.016
21652,722.4540,85.428,2.850
21653,722.4873,47.976,1.601
21654,722.5207,21.192,0.707
21655,722.5541,7.493,0.250
21656,722.5874,23.693,0.791
21657,722.6208,60.407,2.016
21658,722.6542,37.463,1.250
21659,722.6875,23.693,0.791
21660,722.7209,10.596,0.354
21661,722.7543,31.788,1.061
21662,722.7876,10.596,0.354
21663,722.8210,23.693,0.791
21664,722.8544,43.689,1.458
21665,722.8877,54.029,1.803
21666,722.9211,47.387,1.581
21667,722.9545,16.754,0.559
21668,722.9878,0.000,0.000
21669,723.0212,0.000,0.000
21670,723.0546,31.788,1.061
21671,723.0879,14.985,0.500
21672,723.1213,33.508,1.118
21673,723.1547,16.754,0.559
21674,723.1880,0.000,0.000
21675,723.2214,30.892,1.031
21676,723.2548,16.754,0.559
21677,723.2881,30.892,1.031
21678,723.3215,60.407,2.016
21679,723.3549,79.647,2.658
21680,723.3882,43.689,1.458
21681,723.4216,33.508,1.118
21682,723.4550,7.493,0.250
21683,723.4883,27.015,0.901
21684,723.5217,58.518,1.953
21685,723.5551,16.754,0.559
21686,723.5884,40.348,1.346
21687,723.6218,42.384,1.414
21688,723.6552,21.192,0.707
21689,723.6885,27.015,0.901
21690,723.7219,29.970,1.000
21691,723.7553,27.015,0.901
21692,723.7886,33.508,1.118
21693,723.8220,74.925,2.500
21694,723.8554,22.478,0.750
21695,723.8887,0.000,0.000
21696,723.9221,14.985,0.500
21697,723.9555,23.693,0.791
21698,723.9888,29.970,1.000
21699,724.0222,16.754,0.559
21700,724.0556,27.015,0.901
21701,724.0889,14.985,0.500
21702,724.1223,50.261,1.677
21703,724.1557,14.985,0.500
21704,724.1890,23.693,0.791
21705,724.2224,50.261,1.677
21706,724.2558,60.407,2.016
21707,724.2891,74.172,2.475
21708,724.3225,52.980,1.768
21709,724.3559,7.493,0.250
21710,724.3892,0.000,0.000
21711,724.4226,70.684,2.358
21712,724.4560,33.508,1.118
21713,724.4893,23.693,0.791
21714,724.5227,27.015,0.901
21715,724.5561,31.788,1.061
21716,724.5894,27.015,0.901
21717,724.6228,16.754,0.559
21718,724.6562,40.348,1.346
21719,724.6895,60.407,2.016
21720,724.7229,16.754,0.559
21721,724.7563,33.508,1.118
21722,724.7896,14.985,0.500
21723,724.8230,29.970,1.000
21724,724.8564,23.693,0.791
21725,724.8897,10.596,0.354
21726,724.9231,31.788,1.061
21727,724.9565,33.508,1.118
21728,724.9898,10.596,0.354
21729,725.0232,33.508,1.118
21730,725.0566,22.478,0.750
21731,725.0899,14.985,0.500
21732,725.1233,45.575,1.521
21733,725.1567,42.384,1.414
21734,725.1900,90.222,3.010
21735,725.2234,27.015,0.901
21736,725.2568,37.463,1.250
21737,725.2901,21.192,0.707
21738,725.3235,45.575,1.521
21739,725.3568,27.015,0.901
21740,725.3902,33.508,1.118
21741,725.4236,23.693,0.791
21742,725.4569,47.976,1.601
21743,725.4903,21.192,0.707
21744,725.5237,16.754,0.559
21745,725.5570,47.387,1.581
21746,725.5904,74.925,2.500
21747,725.6238,30.892,1.031
21748,725.6571,33.508,1.118
21749,725.6905,14.985,0.500
21750,725.7239,0.000,0.000
21751,725.7572,7.493,0.250
21752,725.7906,7.493,0.250
21753,725.8240,30.892,1.031
21754,725.8573,31.788,1.061
21755,725.8907,16.754,0.559
21756,725.9241,21.192,0.707
21757,725.9574,23.693,0.791
21758,725.9908,16.754,0.559
21759,726.0242,27.015,0.901
21760,726.0575,29.970,1.000
21761,726.0909,47.976,1.601
21762,726.1243,69.078,2.305
21763,726.1576,40.348,1.346
21764,726.1910,42.384,1.414
21765,726.2244,16.754,0.559
21766,726.2577,58.518,1.953
21767,726.2911,21.192,0.707
21768,726.3245,14.985,0.500
21769,726.3578,57.061,1.904
21770,726.3912,50.261,1.677
21771,726.4246,0.000,0.000
21772,726.4579,16.754,0.559
21773,726.4913,58.518,1.953
21774,726.5247,27.015,0.901
21775,726.5580,44.955,1.500
21776,726.5914,27.015,0.901
21777,726.6248,10.596,0.354
21778,726.6581,10.596,0.354
21779,726.6915,22.478,0.750
21780,726.7249,29.970,1.000
21781,726.7582,43.689,1.458
21782,726.7916,37.463,1.250
21783,726.8250,29.970,1.000
21784,726.8583,30.892,1.031
21785,726.8917,7.493,0.250
21786,726.9251,84.768,2.828
21787,726.9584,58.518,1.953
21788,726.9918,43.689,1.458
21789,727.0252,23.693,0.791
21790,727.0585,0.000,0.000
21791,727.0919,0.000,0.000
21792,727.1253,43.689,1.458
21793,727.1586,29.970,1.000
21794,727.1920,43.689,1.458
21795,727.2254,10.596,0.354
21796,727.2587,37.463,1.250
21797,727.2921,16.754,0.559
21798,727.3255,27.015,0.901
21799,727.3588,64.016,2.136
21800,727.3922,42.384,1.414
21801,727.4256,37.463,1.250
21802,727.4589,45.575,1.521
21803,727.4923,27.015,0.901
21804,727.5257,23.693,0.791
21805,727.5590,7.493,0.250
21806,727.5924,27.015,0.901
21807,727.6258,22.478,0.750
21808,727.6591,16.754,0.559
21809,727.6925,37.463,1.250
21810,727.7259,7.493,0.250
21811,727.7592,30.892,1.031
21812,727.7926,16.754,0.559
21813,727.8260,33.508,1.118
21814,727.8593,16.754,0.559
21815,727.8927,97.690,3.260
21816,727.9261,21.192,0.707
21817,727.9594,42.384,1.414
21818,727.9928,37.463,1.250
21819,728.0262,10.596,0.354
21820,728.0595,64.016,2.136
21821,728.0929,21.192,0.707
21822,728.1263,10.596,0.354
21823,728.1596,30.892,1.031
21824,728.1930,23.693,0.791
21825,728.2264,23.693,0.791
21826,728.2597,37.463,1.250
21827,728.2931,21.192,0.707
21828,728.3265,42.384,1.414
21829,728.3598,30.892,1.031
21830,728.3932,45.575,1.521
21831,728.4266,21.192,0.707
21832,728.4599,10.596,0.354
21833,728.4933,16.754,0.559
21834,728.5267,16.754,0.559
21835,728.5600,50.261,1.677
21836,728.5934,33.508,1.118
21837,728.6268,10.596,0.354
21838,728.6601,33.508,1.118
21839,728.6935,23.693,0.791
21840,728.7269,0.000,0.000
21841,728.7602,37.463,1.250
21842,728.7936,50.261,1.677
21843,728.8270,52.980,1.768
21844,728.8603,70.684,2.358
21845,728.8937,42.384,1.414
21846,728.9271,30.892,1.031
21847,728.9604,14.985,0.500
21848,728.9938,30.892,1.031
21849,729.0272,33.508,1.118
21850,729.0605,42.384,1.414
21851,729.0939,21.192,0.707
21852,729.1273,21.192,0.707
21853,729.1606,54.546,1.820
21854,729.1940,40.348,1.346
21855,729.2274,14.985,0.500
21856,729.2607,37.463,1.250
21857,729.2941,52.980,1.768
21858,729.3275,40.348,1.346
21859,729.3608,30.892,1.031
21860,729.3942,10.596,0.354
21861,729.4276,23.693,0.791
21862,729.4609,37.463,1.250
21863,729.4943,21.192,0.707
21864,729.5277,40.348,1.346
21865,729.5610,31.788,1.061
21866,729.5944,29.970,1.000
21867,729.6278,10.596,0.354
21868,729.6611,40.348,1.346
21869,729.6945,47.976,1.601
21870,729.7279,30.892,1.031
21871,729.7612,64.453,2.151
21872,729.7946,37.463,1.250
21873,729.8280,14.985,0.500
21874,729.8613,45.575,1.521
21875,729.8947,16.754,0.559
21876,729.9281,37.463,1.250
21877,729.9614,33.508,1.118
21878,729.9948,14.985,0.500
21879,730.0282,42.384,1.414
21880,730.0615,23.693,0.791
21881,730.0949,33.508,1.118
21882,730.1283,45.575,1.521
21883,730.1616,27.015,0.901
21884,730.1950,59.940,2.000
21885,730.2284,7.493,0.250
21886,730.2617,10.596,0.354
21887,730.2951,21.192,0.707
21888,730.3285,16.754,0.559
21889,730.3618,21.192,0.707
21890,730.3952,37.463,1.250
21891,730.4286,14.985,0.500
21892,730.4619,27.015,0.901
21893,730.4953,37.463,1.250
21894,730.5287,60.407,2.016
21895,730.5620,21.192,0.707
21896,730.5954,47.387,1.581
21897,730.6288,23.693,0.791
21898,730.6621,14.985,0.500
21899,730.6955,0.000,0.000
21900,730.7289,7.493,0.250
21901,730.7622,7.493,0.250
21902,730.7956,30.892,1.031
21903,730.8290,57.061,1.904
21904,730.8623,37.463,1.250
21905,730.8957,16.754,0.559
21906,730.9291,27.015,0.901
21907,730.9624,23.693,0.791
21908,730.9958,63.576,2.121
21909,731.0292,31.788,1.061
21910,731.0625,31.788,1.061
21911,731.0959,57.061,1.904
21912,731.1293,21.192,0.707
21913,731.1626,7.493,0.250
21914,731.1960,27.015,0.901
21915,731.2294,16.754,0.559
21916,731.2627,22.478,0.750
21917,731.2961,23.693,0.791
21918,731.3295,42.384,1.414
21919,731.3628,27.015,0.901
21920,731.3962,23.693,0.791
21921,731.4296,27.015,0.901
21922,731.4629,10.596,0.354
21923,731.4963,38.205,1.275
21924,731.5297,30.892,1.031
21925,731.5630,58.518,1.953
21926,731.5964,54.029,1.803
21927,731.6298,27.015,0.901
21928,731.6631,37.463,1.250
21929,731.6965,33.508,1.118
21930,731.7299,67.015,2.236
21931,731.7632,38.205,1.275
21932,731.7966,21.192,0.707
21933,731.8300,27.015,0.901
21934,731.8633,21.192,0.707
21935,731.8967,54.029,1.803
21936,731.9301,47.976,1.601
21937,731.9634,33.508,1.118
21938,731.9968,52.448,1.750
21939,732.0302,29.970,1.000
21940,732.0635,7.493,0.250
21941,732.0969,37.463,1.250
21942,732.1303,10.596,0.354
21943,732.1636,16.754,0.559
21944,732.1970,37.463,1.250
21945,732.2304,33.508,1.118
21946,732.2637,21.192,0.707
21947,732.2971,23.693,0.791
21948,732.3305,7.493,0.250
21949,732.3638,21.192,0.707
21950,732.3972,54.546,1.820
21951,732.4306,54.029,1.803
21952,732.4639,74.925,2.500
21953,732.4973,37.463,1.250
21954,732.5307,16.754,0.559
21955,732.5640,14.985,0.500
21956,732.5974,61.785,2.062
21957,732.6308,27.015,0.901
21958,732.6641,7.493,0.250
21959,732.6975,38.205,1.275
21960,732.7309,43.689,1.458
21961,732.7642,10.596,0.354
21962,732.7976,16.754,0.559
21963,732.8310,22.478,0.750
21964,732.8643,77.140,2.574
21965,732.8977,38.205,1.275
21966,732.9311,23.693,0.791
21967,732.9644,7.493,0.250
21968,732.9978,7.493,0.250
21969,733.0312,33.508,1.118
21970,733.0645,27.015,0.901
21971,733.0979,31.788,1.061
21972,733.1313,16.754,0.559
21973,733.1646,30.892,1.031
21974,733.1980,27.015,0.901
21975,733.2314,22.478,0.750
21976,733.2647,7.493,0.250
21977,733.2981,37.463,1.250
21978,733.3315,38.205,1.275
21979,733.3648,69.078,2.305
21980,733.3982,27.015,0.901
21981,733.4316,31.788,1.061
21982,733.4649,47.387,1.581
21983,733.4983,76.409,2.550
21984,733.5317,21.192,0.707
21985,733.5650,38.205,1.275
21986,733.5984,16.754,0.559
21987,733.6318,37.463,1.250
21988,733.6651,21.192,0.707
21989,733.6985,21.192,0.707
21990,733.7319,29.970,1.000
21991,733.7652,80.697,2.693
21992,733.7986,29.970,1.000
21993,733.8320,27.015,0.901
21994,733.8653,10.596,0.354
21995,733.8987,23.693,0.791
21996,733.9321,7.493,0.250
21997,733.9654,33.508,1.118
21998,733.9988,31.788,1.061
21999,734.0322,10.596,0.354
22000,734.0655,10.596,0.354
22001,734.0989,30.892,1.031
22002,734.1323,37.463,1.250
22003,734.1656,14.985,0.500
22004,734.1990,22.478,0.750
22005,734.2324,29.970,1.000
22006,734.2657,21.192,0.707
22007,734.2991,54.029,1.803
22008,734.3325,47.976,1.601
22009,734.3658,37.463,1.250
22010,734.3992,37.463,1.250
22011,734.4326,37.463,1.250
22012,734.4659,50.261,1.677
22013,734.4993,27.015,0.901
22014,734.5327,16.754,0.559
22015,734.5660,37.463,1.250
22016,734.5994,27.015,0.901
22017,734.6328,44.955,1.500
22018,734.6661,23.693,0.791
22019,734.6995,54.029,1.803
22020,734.7329,45.575,1.521
22021,734.7662,14.985,0.500
22022,734.7996,7.493,0.250
22023,734.8330,21.192,0.707
22024,734.8663,21.192,0.707
22025,734.8997,16.754,0.559
22026,734.9331,22.478,0.750
22027,734.9664,0.000,0.000
22028,734.9998,14.985,0.500
22029,735.0332,10.596,0.354
22030,735.0665,45.575,1.521
22031,735.0999,45.575,1.521
22032,735.1333,61.785,2.062
22033,735.1666,30.892,1.031
22034,735.2000,38.205,1.275
22035,735.2334,27.015,0.901
22036,735.2667,30.892,1.031
22037,735.3001,75.299,2.512
22038,735.3335,44.955,1.500
22039,735.3668,37.463,1.250
22040,735.4002,33.508,1.118
22041,735.4336,64.453,2.151
22042,735.4669,84.768,2.828
22043,735.5003,100.802,3.363
22044,735.5337,58.518,1.953
22045,735.5670,37.463,1.250
22046,735.6004,38.205,1.275
22047,735.6338,71.080,2.372
22048,735.6671,0.000,0.000
22049,735.7005,10.596,0.354
22050,735.7339,40.348,1.346
22051,735.7672,10.596,0.354
22052,735.8006,7.493,0.250
22053,735.8340,61.785,2.062
22054,735.8673,54.546,1.820
22055,735.9007,59.940,2.000
22056,735.9341,91.150,3.041
22057,735.9674,90.222,3.010
22058,736.0008,116.315,3.881
22059,736.0342,47.387,1.581
22060,736.0675,60.407,2.016
22061,736.1009,112.637,3.758
22062,736.1343,220.362,7.353
22063,736.1676,16.754,0.559
22064,736.2010,201.742,6.731
22065,736.2344,222.769,7.433
22066,736.2677,137.748,4.596
22067,736.3011,76.409,2.550
22068,736.3345,37.463,1.250
22069,736.3678,127.593,4.257
22070,736.4012,121.969,4.070
22071,736.4346,121.969,4.070
22072,736.4679,54.029,1.803
22073,736.5013,57.061,1.904
22074,736.5347,42.384,1.414
22075,736.5680,57.061,1.904
22076,736.6014,16.754,0.559
22077,736.6348,37.463,1.250
22078,736.6681,7.493,0.250
22079,736.7015,16.754,0.559
22080,736.7349,37.463,1.250
22081,736.7682,104.359,3.482
22082,736.8016,82.418,2.750
22083,736.8350,150.038,5.006
22084,736.8683,143.144,4.776
22085,736.9017,187.911,6.270
22086,736.9351,129.341,4.316
22087,736.9684,136.726,4.562
22088,737.0018,47.387,1.581
22089,737.0352,204.506,6.824
22090,737.0685,180.132,6.010
22091,737.1019,101.909,3.400
22092,737.1353,95.364,3.182
22093,737.1686,174.915,5.836
22094,737.2020,99.963,3.335
22095,737.2354,114.368,3.816
22096,737.2687,137.748,4.596
22097,737.3021,165.006,5.506
22098,737.3355,101.909,3.400
22099,737.3688,58.518,1.953
22100,737.4022,94.774,3.162
22101,737.4356,52.980,1.768
22102,737.4689,38.205,1.275
22103,737.5023,33.508,1.118
22104,737.5357,0.000,0.000
22105,737.5690,21.192,0.707
22106,737.6024,22.478,0.750
22107,737.6358,0.000,0.000
22108,737.6691,112.388,3.750
22109,737.7025,79.647,2.658
22110,737.7359,117.037,3.905
22111,737.7692,133.401,4.451
22112,737.8026,169.536,5.657
22113,737.8360,195.381,6.519
22114,737.8693,124.700,4.161
22115,737.9027,83.769,2.795
22116,737.9361,30.892,1.031
22117,737.9694,118.467,3.953
22118,738.0028,245.773,8.201
22119,738.0362,100.802,3.363
22120,738.0695,95.951,3.202
22121,738.1029,174.754,5.831
22122,738.1363,161.394,5.385
22123,738.1696,139.369,4.650
22124,738.2030,169.536,5.657
22125,738.2364,64.453,2.151
22126,738.2697,64.016,2.136
22127,738.3031,40.348,1.346
22128,738.3365,147.205,4.912
22129,738.3698,207.233,6.915
22130,738.4032,80.697,2.693
22131,738.4366,61.785,2.062
22132,738.4699,54.029,1.803
22133,738.5033,76.409,2.550
22134,738.5367,74.925,2.500
22135,738.5700,7.493,0.250
22136,738.6034,117.037,3.905
22137,738.6368,118.467,3.953
22138,738.6701,181.220,6.047
22139,738.7035,111.384,3.717
22140,738.7369,110.626,3.691
22141,738.7702,161.741,5.397
22142,738.8036,14.985,0.500
22143,738.8370,241.278,8.051
22144,738.8703,172.491,5.755
22145,738.9037,185.506,6.190
22146,738.9371,101.909,3.400
22147,738.9704,91.458,3.052
22148,739.0038,112.637,3.758
22149,739.0372,174.272,5.815
22150,739.0705,143.144,4.776
22151,739.1039,164.324,5.483
22152,739.1373,60.407,2.016
22153,739.1706,79.647,2.658
22154,739.2040,64.016,2.136
22155,739.2374,203.819,6.801
22156,739.2707,138.155,4.610
22157,739.3041,90.532,3.021
22158,739.3375,52.980,1.768
22159,739.3708,40.348,1.346
22160,739.4042,64.016,2.136
22161,739.4376,61.785,2.062
22162,739.4709,22.478,0.750
22163,739.5043,97.403,3.250
22164,739.5377,113.382,3.783
22165,739.5710,104.359,3.482
22166,739.6044,121.969,4.070
22167,739.6378,167.538,5.590
22168,739.6711,98.549,3.288
22169,739.7045,74.925,2.500
22170,739.7379,180.132,6.010
22171,739.7712,161.741,5.397
22172,739.8046,180.132,6.010
22173,739.8380,187.911,6.270
22174,739.8713,98.549,3.288
22175,739.9047,104.895,3.500
22176,739.9381,123.570,4.123
22177,739.9714,235.151,7.846
22178,740.0048,169.536,5.657
22179,740.0382,74.172,2.475
22180,740.0715,74.172,2.475
22181,740.1049,43.689,1.458
22182,740.1383,191.023,6.374
22183,740.1716,147.205,4.912
22184,740.2050,144.705,4.828
22185,740.2384,78.224,2.610
22186,740.2717,90.532,3.021
22187,740.3051,74.925,2.500
22188,740.3385,37.463,1.250
22189,740.3718,14.985,0.500
22190,740.4052,14.985,0.500
22191,740.4386,16.754,0.559
22192,740.4719,105.960,3.536
22193,740.5053,143.927,4.802
22194,740.5387,84.768,2.828
22195,740.5720,47.976,1.601
22196,740.6054,79.647,2.658
22197,740.6388,59.940,2.000
22198,740.6721,206.146,6.878
22199,740.7055,174.272,5.815
22200,740.7389,47.387,1.581
22201,740.7722,45.575,1.521
22202,740.8056,43.689,1.458
22203,740.8390,29.970,1.000
22204,740.8723,14.985,0.500
22205,740.9057,47.976,1.601
22206,740.9391,16.754,0.559
22207,740.9724,40.348,1.346
22208,741.0058,16.754,0.559
22209,741.0392,33.508,1.118
22210,741.0725,133.401,4.451
22211,741.1059,42.384,1.414
22212,741.1393,106.489,3.553
22213,741.1726,61.785,2.062
22214,741.2060,45.575,1.521
22215,741.2394,74.925,2.500
22216,741.2727,67.015,2.236
22217,741.3061,100.802,3.363
22218,741.3395,159.293,5.315
22219,741.3728,122.886,4.100
22220,741.4062,77.140,2.574
22221,741.4396,45.575,1.521
22222,741.4729,38.205,1.275
22223,741.5063,64.016,2.136
22224,741.5397,44.955,1.500
22225,741.5730,10.596,0.354
22226,741.6064,42.384,1.414
22227,741.6398,135.073,4.507
22228,741.6731,43.689,1.458
22229,741.7065,42.384,1.414
22230,741.7399,90.532,3.021
22231,741.7732,75.299,2.512
22232,741.8066,67.015,2.236
22233,741.8400,43.689,1.458
22234,741.8733,30.892,1.031
22235,741.9067,7.493,0.250
22236,741.9401,95.951,3.202
22237,741.9734,100.523,3.354
22238,742.0068,135.073,4.507
22239,742.0402,52.980,1.768
22240,742.0735,47.976,1.601
22241,742.1069,97.690,3.260
22242,742.1403,52.980,1.768
22243,742.1736,33.508,1.118
22244,742.2070,58.518,1.953
22245,742.2404,37.463,1.250
22246,742.2737,27.015,0.901
22247,742.3071,52.980,1.768
22248,742.3405,37.463,1.250
22249,742.3738,52.980,1.768
22250,742.4072,90.222,3.010
22251,742.4406,27.015,0.901
22252,742.4739,78.224,2.610
22253,742.5073,154.462,5.154
22254,742.5407,52.980,1.768
22255,742.5740,98.549,3.288
22256,742.6074,64.016,2.136
22257,742.6408,91.150,3.041
22258,742.6741,45.575,1.521
22259,742.7075,22.478,0.750
22260,742.7409,14.985,0.500
22261,742.7742,23.693,0.791
22262,742.8076,7.493,0.250
22263,742.8410,117.276,3.913
22264,742.8743,58.518,1.953
22265,742.9077,54.029,1.803
22266,742.9411,95.951,3.202
22267,742.9744,127.373,4.250
22268,743.0078,112.637,3.758
22269,743.0412,149.287,4.981
22270,743.0745,64.453,2.151
22271,743.1079,90.222,3.010
22272,743.1413,83.769,2.795
22273,743.1746,63.576,2.121
22274,743.2080,27.015,0.901
22275,743.2414,23.693,0.791
22276,743.2747,37.463,1.250
22277,743.3081,16.754,0.559
22278,743.3415,37.463,1.250
22279,743.3748,75.299,2.512
22280,743.4082,67.433,2.250
22281,743.4416,116.315,3.881
22282,743.4749,150.038,5.006
22283,743.5083,82.418,2.750
22284,743.5417,91.150,3.041
22285,743.5750,138.155,4.610
22286,743.6084,45.575,1.521
22287,743.6418,21.192,0.707
22288,743.6751,30.892,1.031
22289,743.7085,30.892,1.031
22290,743.7419,67.015,2.236
22291,743.7752,117.276,3.913
22292,743.8086,70.684,2.358
22293,743.8420,64.453,2.151
22294,743.8753,107.277,3.579
22295,743.9087,91.150,3.041
22296,743.9421,154.462,5.154
22297,743.9754,100.523,3.354
22298,744.0088,54.029,1.803
22299,744.0422,58.518,1.953
22300,744.0755,42.384,1.414
22301,744.1089,95.951,3.202
22302,744.1423,23.693,0.791
22303,744.1756,57.061,1.904
22304,744.2090,33.508,1.118
22305,744.2424,14.985,0.500
22306,744.2757,33.508,1.118
22307,744.3091,16.754,0.559
22308,744.3425,100.523,3.354
22309,744.3758,110.626,3.691
22310,744.4092,121.969,4.070
22311,744.4426,67.848,2.264
22312,744.4759,244.972,8.174
22313,744.5093,110.626,3.691
22314,744.5427,112.388,3.750
22315,744.5760,73.793,2.462
22316,744.6094,10.596,0.354
22317,744.6428,112.637,3.758
22318,744.6761,104.089,3.473
22319,744.7095,104.359,3.482
22320,744.7429,58.518,1.953
22321,744.7762,64.016,2.136
22322,744.8096,119.880,4.000
22323,744.8430,94.774,3.162
22324,744.8763,187.762,6.265
22325,744.9097,122.886,4.100
22326,744.9431,74.925,2.500
22327,744.9764,52.980,1.768
22328,745.0098,23.693,0.791
22329,745.0432,120.813,4.031
22330,745.0765,37.463,1.250
22331,745.1099,77.140,2.574
22332,745.1433,37.463,1.250
22333,745.1766,37.463,1.250
22334,745.2100,40.348,1.346
22335,745.2434,71.080,2.372
22336,745.2767,99.963,3.335
22337,745.3101,130.851,4.366
22338,745.3435,173.788,5.799
22339,745.3768,197.808,6.600
22340,745.4102,118.467,3.953
22341,745.4436,101.909,3.400
22342,745.4769,22.478,0.750
22343,745.5103,63.576,2.121
22344,745.5437,78.224,2.610
22345,745.5770,120.813,4.031
22346,745.6104,117.276,3.913
22347,745.6438,58.518,1.953
22348,745.6771,67.015,2.236
22349,745.7105,112.388,3.750
22350,745.7439,135.073,4.507
22351,745.7772,165.006,5.506
22352,745.8106,141.369,4.717
22353,745.8440,81.044,2.704
22354,745.8773,52.980,1.768
22355,745.9107,69.078,2.305
22356,745.9441,120.813,4.031
22357,745.9774,54.029,1.803
22358,746.0108,37.463,1.250
22359,746.0442,67.015,2.236
22360,746.0775,59.940,2.000
22361,746.1109,74.925,2.500
22362,746.1443,87.698,2.926
22363,746.1776,145.478,4.854
22364,746.2110,142.358,4.750
22365,746.2444,207.233,6.915
22366,746.2777,104.359,3.482
22367,746.3111,130.851,4.366
22368,746.3445,99.963,3.335
22369,746.3778,7.493,0.250
22370,746.4112,23.693,0.791
22371,746.4446,22.478,0.750
22372,746.4779,52.980,1.768
22373,746.5113,147.586,4.924
22374,746.5447,50.261,1.677
22375,746.5780,114.368,3.816
22376,746.6114,179.976,6.005
22377,746.6448,45.575,1.521
22378,746.6781,97.690,3.260
22379,746.7115,182.916,6.103
22380,746.7449,114.368,3.816
22381,746.7782,111.384,3.717
22382,746.8116,70.684,2.358
22383,746.8450,67.015,2.236
22384,746.8783,100.523,3.354
22385,746.9117,57.061,1.904
22386,746.9451,57.061,1.904
22387,746.9784,87.377,2.915
22388,747.0118,198.375,6.619
22389,747.0451,160.172,5.344
22390,747.0785,188.657,6.295
22391,747.1119,130.851,4.366
22392,747.1452,121.969,4.070
22393,747.1786,142.358,4.750
22394,747.2120,67.848,2.264
22395,747.2453,16.754,0.559
22396,747.2787,16.754,0.559
22397,747.3121,33.508,1.118
22398,747.3454,69.078,2.305
22399,747.3788,104.359,3.482
22400,747.4122,67.015,2.236
22401,747.4455,181.220,6.047
22402,747.4789,70.684,2.358
22403,747.5123,52.448,1.750
22404,747.5456,107.277,3.579
22405,747.5790,83.769,2.795
22406,747.6124,216.117,7.211
22407,747.6457,147.586,4.924
22408,747.6791,80.697,2.693
22409,747.7125,74.925,2.500
22410,747.7458,54.029,1.803
22411,747.7792,108.059,3.606
22412,747.8126,54.029,1.803
22413,747.8459,38.205,1.275
22414,747.8793,77.140,2.574
22415,747.9127,135.695,4.528
22416,747.9460,120.114,4.008
22417,747.9794,142.555,4.757
22418,748.0128,194.805,6.500
22419,748.0461,239.878,8.004
22420,748.0795,116.315,3.881
22421,748.1129,59.940,2.000
22422,748.1462,52.980,1.768
22423,748.1796,0.000,0.000
22424,748.2130,31.788,1.061
22425,748.2463,64.016,2.136
22426,748.2797,97.690,3.260
22427,748.3131,134.030,4.472
22428,748.3464,64.453,2.151
22429,748.3798,181.220,6.047
22430,748.4132,91.150,3.041
22431,748.4465,47.387,1.581
22432,748.4799,125.598,4.191
22433,748.5133,90.532,3.021
22434,748.5466,191.023,6.374
22435,748.5800,73.793,2.462
22436,748.6134,93.881,3.132
22437,748.6467,67.015,2.236
22438,748.6801,50.261,1.677
22439,748.7135,33.508,1.118
22440,748.7468,64.016,2.136
22441,748.7802,33.508,1.118
22442,748.8136,42.384,1.414
22443,748.8469,47.976,1.601
22444,748.8803,90.532,3.021
22445,748.9137,135.073,4.507
22446,748.9470,158.055,5.274
22447,748.9804,199.925,6.671
22448,749.0138,104.089,3.473
22449,749.0471,111.384,3.717
22450,749.0805,60.407,2.016
22451,749.1139,57.061,1.904
22452,749.1472,52.980,1.768
22453,749.1806,101.909,3.400
22454,749.2140,128.906,4.301
22455,749.2473,130.851,4.366
22456,749.2807,77.140,2.574
22457,749.3141,50.261,1.677
22458,749.3474,121.969,4.070
22459,749.3808,181.065,6.042
22460,749.4142,85.428,2.850
22461,749.4475,64.453,2.151
22462,749.4809,81.044,2.704
22463,749.5143,85.428,2.850
22464,749.5476,43.689,1.458
22465,749.5810,42.384,1.414
22466,749.6144,47.976,1.601
22467,749.6477,30.892,1.031
22468,749.6811,37.463,1.250
22469,749.7145,21.192,0.707
22470,749.7478,52.980,1.768
22471,749.7812,74.925,2.500
22472,749.8146,104.089,3.473
22473,749.8479,116.315,3.881
22474,749.8813,157.343,5.250
22475,749.9147,192.632,6.427
22476,749.9480,121.045,4.039
22477,749.9814,57.061,1.904
22478,750.0148,38.205,1.275
22479,750.0481,40.348,1.346
22480,750.0815,104.359,3.482
22481,750.1149,58.518,1.953
22482,750.1482,166.361,5.551
22483,750.1816,139.369,4.650
22484,750.2150,69.078,2.305
22485,750.2483,119.880,4.000
22486,750.2817,59.940,2.000
22487,750.3151,118.467,3.953
22488,750.3484,117.276,3.913
22489,750.3818,79.647,2.658
22490,750.4152,112.388,3.750
22491,750.4485,43.689,1.458
22492,750.4819,27.015,0.901
22493,750.5153,37.463,1.250
22494,750.5486,10.596,0.354
22495,750.5820,22.478,0.750
22496,750.6154,33.508,1.118
22497,750.6487,50.261,1.677
22498,750.6821,85.428,2.850
22499,750.7155,100.523,3.354
22500,750.7488,127.593,4.257
22501,750.7822,149.850,5.000
22502,750.8156,98.549,3.288
22503,750.8489,109.093,3.640
22504,750.8823,82.758,2.761
22505,750.9157,7.493,0.250
22506,750.9490,54.546,1.820
22507,750.9824,67.015,2.236
22508,751.0158,64.453,2.151
22509,751.0491,58.518,1.953
22510,751.0825,101.909,3.400
22511,751.1159,175.555,5.858
22512,751.1492,152.818,5.099
22513,751.1826,59.940,2.000
22514,751.2160,101.909,3.400
22515,751.2493,140.772,4.697
22516,751.2827,69.078,2.305
22517,751.3161,128.906,4.301
22518,751.3494,54.029,1.803
22519,751.3828,30.892,1.031
22520,751.4162,54.029,1.803
22521,751.4495,22.478,0.750
22522,751.4829,21.192,0.707
22523,751.5163,21.192,0.707
22524,751.5496,37.463,1.250
22525,751.5830,30.892,1.031
22526,751.6164,148.344,4.950
22527,751.6497,121.045,4.039
22528,751.6831,143.144,4.776
22529,751.7165,192.632,6.427
22530,751.7498,94.774,3.162
22531,751.7832,29.970,1.000
22532,751.8166,7.493,0.250
22533,751.8499,60.407,2.016
22534,751.8833,87.377,2.915
22535,751.9167,121.969,4.070
22536,751.9500,138.155,4.610
22537,751.9834,138.155,4.610
22538,752.0168,74.925,2.500
22539,752.0501,147.205,4.912
22540,752.0835,60.407,2.016
22541,752.1169,142.555,4.757
22542,752.1502,100.523,3.354
22543,752.1836,23.693,0.791
22544,752.2170,70.684,2.358
22545,752.2503,64.453,2.151
22546,752.2837,64.453,2.151
22547,752.3171,67.848,2.264
22548,752.3504,30.892,1.031
22549,752.3838,33.508,1.118
22550,752.4172,30.892,1.031
22551,752.4505,45.575,1.521
22552,752.4839,44.955,1.500
22553,752.5173,104.895,3.500
22554,752.5506,37.463,1.250
22555,752.5840,45.575,1.521
22556,752.6174,64.016,2.136
22557,752.6507,52.980,1.768
22558,752.6841,33.508,1.118
22559,752.7175,7.493,0.250
22560,752.7508,7.493,0.250
22561,752.7842,44.955,1.500
22562,752.8176,69.078,2.305
22563,752.8509,87.377,2.915
22564,752.8843,117.276,3.913
22565,752.9177,50.261,1.677
22566,752.9510,144.121,4.809
22567,752.9844,45.575,1.521
22568,753.0178,71.080,2.372
22569,753.0511,54.546,1.820
22570,753.0845,73.793,2.462
22571,753.1179,23.693,0.791
22572,753.1512,29.970,1.000
22573,753.1846,92.677,3.092
22574,753.2180,29.970,1.000
22575,753.2513,73.793,2.462
22576,753.2847,79.647,2.658
22577,753.3181,16.754,0.559
22578,753.3514,37.463,1.250
22579,753.3848,14.985,0.500
22580,753.4182,14.985,0.500
22581,753.4515,47.387,1.581
22582,753.4849,30.892,1.031
22583,753.5183,112.388,3.750
22584,753.5516,45.575,1.521
22585,753.5850,44.955,1.500
22586,753.6184,23.693,0.791
22587,753.6517,7.493,0.250
22588,753.6851,60.407,2.016
22589,753.7185,70.684,2.358
22590,753.7518,47.387,1.581
22591,753.7852,124.700,4.161
22592,753.8186,54.029,1.803
22593,753.8519,82.758,2.761
22594,753.8853,33.508,1.118
22595,753.9187,23.693,0.791
22596,753.9520,52.980,1.768
22597,753.9854,22.478,0.750
22598,754.0188,23.693,0.791
22599,754.0521,0.000,0.000
22600,754.0855,7.493,0.250
22601,754.1189,52.980,1.768
22602,754.1522,37.463,1.250
22603,754.1856,37.463,1.250
22604,754.2190,52.980,1.768
22605,754.2523,37.463,1.250
22606,754.2857,50.261,1.677
22607,754.3191,52.980,1.768
22608,754.3524,40.348,1.346
22609,754.3858,0.000,0.000
22610,754.4192,38.205,1.275
22611,754.4525,22.478,0.750
22612,754.4859,29.970,1.000
22613,754.5193,29.970,1.000
22614,754.5526,23.693,0.791
22615,754.5860,7.493,0.250
22616,754.6194,52.448,1.750
22617,754.6527,54.546,1.820
22618,754.6861,38.205,1.275
22619,754.7195,69.078,2.305
22620,754.7528,37.463,1.250
22621,754.7862,47.387,1.581
22622,754.8196,52.980,1.768
22623,754.8529,54.029,1.803
22624,754.8863,21.192,0.707
22625,754.9197,23.693,0.791
22626,754.9530,27.015,0.901
22627,754.9864,33.508,1.118
22628,755.0198,29.970,1.000
22629,755.0531,21.192,0.707
22630,755.0865,21.192,0.707
22631,755.1199,37.463,1.250
22632,755.1532,23.693,0.791
22633,755.1866,37.463,1.250
22634,755.2200,64.016,2.136
22635,755.2533,37.463,1.250
22636,755.2867,14.985,0.500
22637,755.3201,31.788,1.061
22638,755.3534,52.980,1.768
22639,755.3868,29.970,1.000
22640,755.4202,21.192,0.707
22641,755.4535,10.596,0.354
22642,755.4869,30.892,1.031
22643,755.5203,57.061,1.904
22644,755.5536,67.015,2.236
22645,755.5870,67.015,2.236
22646,755.6204,42.384,1.414
22647,755.6537,27.015,0.901
22648,755.6871,29.970,1.000
22649,755.7205,71.080,2.372
22650,755.7538,60.407,2.016
22651,755.7872,7.493,0.250
22652,755.8206,47.976,1.601
22653,755.8539,27.015,0.901
22654,755.8873,0.000,0.000
22655,755.9207,40.348,1.346
22656,755.9540,23.693,0.791
22657,755.9874,33.508,1.118
22658,756.0208,16.754,0.559
22659,756.0541,27.015,0.901
22660,756.0875,30.892,1.031
22661,756.1209,67.015,2.236
22662,756.1542,30.892,1.031
22663,756.1876,27.015,0.901
22664,756.2210,0.000,0.000
22665,756.2543,16.754,0.559
22666,756.2877,37.463,1.250
22667,756.3211,22.478,0.750
22668,756.3544,16.754,0.559
22669,756.3878,7.493,0.250
22670,756.4212,37.463,1.250
22671,756.4545,67.015,2.236
22672,756.4879,70.684,2.358
22673,756.5213,52.980,1.768
22674,756.5546,21.192,0.707
22675,756.5880,22.478,0.750
22676,756.6214,97.690,3.260
22677,756.6547,21.192,0.707
22678,756.6881,21.192,0.707
22679,756.7215,50.261,1.677
22680,756.7548,27.015,0.901
22681,756.7882,14.985,0.500
22682,756.8216,29.970,1.000
22683,756.8549,42.384,1.414
22684,756.8883,0.000,0.000
22685,756.9217,30.892,1.031
22686,756.9550,54.029,1.803
22687,756.9884,10.596,0.354
22688,757.0218,23.693,0.791
22689,757.0551,0.000,0.000
22690,757.0885,38.205,1.275
22691,757.1219,7.493,0.250
22692,757.1552,31.788,1.061
22693,757.1886,23.693,0.791
22694,757.2220,10.596,0.354
22695,757.2553,23.693,0.791
22696,757.2887,23.693,0.791
22697,757.3221,38.205,1.275
22698,757.3554,60.407,2.016
22699,757.3888,67.015,2.236
22700,757.4222,37.463,1.250
22701,757.4555,16.754,0.559
22702,757.4889,16.754,0.559
22703,757.5223,80.697,2.693
22704,757.5556,47.976,1.601
22705,757.5890,30.892,1.031
22706,757.6224,16.754,0.559
22707,757.6557,30.892,1.031
22708,757.6891,16.754,0.559
22709,757.7225,10.596,0.354
22710,757.7558,38.205,1.275
22711,757.7892,23.693,0.791
22712,757.8226,29.970,1.000
22713,757.8559,42.384,1.414
22714,757.8893,22.478,0.750
22715,757.9227,27.015,0.901
22716,757.9560,10.596,0.354
22717,757.9894,16.754,0.559
22718,758.0228,22.478,0.750
22719,758.0561,22.478,0.750
22720,758.0895,22.478,0.750
22721,758.1229,16.754,0.559
22722,758.1562,22.478,0.750
22723,758.1896,22.478,0.750
22724,758.2230,16.754,0.559
22725,758.2563,54.029,1.803
22726,758.2897,70.684,2.358
22727,758.3231,16.754,0.559
22728,758.3564,37.463,1.250
22729,758.3898,29.970,1.000
22730,758.4232,22.478,0.750
22731,758.4565,73.793,2.462
22732,758.4899,37.463,1.250
22733,758.5233,10.596,0.354
22734,758.5566,43.689,1.458
22735,758.5900,21.192,0.707
22736,758.6234,0.000,0.000
22737,758.6567,40.348,1.346
22738,758.6901,23.693,0.791
22739,758.7235,29.970,1.000
22740,758.7568,64.453,2.151
22741,758.7902,30.892,1.031
22742,758.8236,23.693,0.791
22743,758.8569,7.493,0.250
22744,758.8903,16.754,0.559
22745,758.9237,31.788,1.061
22746,758.9570,7.493,0.250
22747,758.9904,23.693,0.791
22748,759.0238,30.892,1.031
22749,759.0571,16.754,0.559
22750,759.0905,7.493,0.250
22751,759.1239,7.493,0.250
22752,759.1572,87.698,2.926
22753,759.1906,45.575,1.521
22754,759.2240,52.980,1.768
22755,759.2573,38.205,1.275
22756,759.2907,16.754,0.559
22757,759.3241,16.754,0.559
22758,759.3574,33.508,1.118
22759,759.3908,74.925,2.500
22760,759.4242,27.015,0.901
22761,759.4575,31.788,1.061
22762,759.4909,14.985,0.500
22763,759.5243,14.985,0.500
22764,759.5576,50.261,1.677
22765,759.5910,27.015,0.901
22766,759.6244,10.596,0.354
22767,759.6577,16.754,0.559
22768,759.6911,50.261,1.677
22769,759.7245,33.508,1.118
22770,759.7578,14.985,0.500
22771,759.7912,16.754,0.559
22772,759.8246,22.478,0.750
22773,759.8579,14.985,0.500
22774,759.8913,16.754,0.559
22775,759.9247,0.000,0.000
22776,759.9580,29.970,1.000
22777,759.9914,33.508,1.118
22778,760.0248,21.192,0.707
22779,760.0581,57.061,1.904
22780,760.0915,45.575,1.521
22781,760.1249,23.693,0.791
22782,760.1582,64.453,2.151
22783,760.1916,52.448,1.750
22784,760.2250,22.478,0.750
22785,760.2583,70.684,2.358
22786,760.2917,31.788,1.061
22787,760.3251,40.348,1.346
22788,760.3584,21.192,0.707
22789,760.3918,21.192,0.707
22790,760.4252,0.000,0.000
22791,760.4585,30.892,1.031
22792,760.4919,27.015,0.901
22793,760.5253,21.192,0.707
22794,760.5586,50.261,1.677
22795,760.5920,27.015,0.901
22796,760.6254,7.493,0.250
22797,760.6587,7.493,0.250
22798,760.6921,0.000,0.000
22799,760.7255,7.493,0.250
22800,760.7588,52.980,1.768
22801,760.7922,0.000,0.000
22802,760.8256,10.596,0.354
22803,760.8589,0.000,0.000
22804,760.8923,10.596,0.354
22805,760.9257,14.985,0.500
22806,760.9590,67.015,2.236
22807,760.9924,23.693,0.791
22808,761.0258,31.788,1.061
22809,761.0591,43.689,1.458
22810,761.0925,29.970,1.000
22811,761.1259,27.015,0.901
22812,761.1592,22.478,0.750
22813,761.1926,31.788,1.061
22814,761.2260,45.575,1.521
22815,761.2593,42.384,1.414
22816,761.2927,21.192,0.707
22817,761.3261,10.596,0.354
22818,761.3594,30.892,1.031
22819,761.3928,22.478,0.750
22820,761.4262,10.596,0.354
22821,761.4595,77.140,2.574
22822,761.4929,27.015,0.901
22823,761.5263,10.596,0.354
22824,761.5596,7.493,0.250
22825,761.5930,10.596,0.354
22826,761.6264,16.754,0.559
22827,761.6597,40.348,1.346
22828,761.6931,10.596,0.354
22829,761.7265,14.985,0.500
22830,761.7598,10.596,0.354
22831,761.7932,10.596,0.354
22832,761.8266,27.015,0.901
22833,761.8599,16.754,0.559
22834,761.8933,31.788,1.061
22835,761.9267,47.976,1.601
22836,761.9600,67.015,2.236
22837,761.9934,14.985,0.500
22838,762.0268,21.192,0.707
22839,762.0601,22.478,0.750
22840,762.0935,37.463,1.250
22841,762.1269,37.463,1.250
22842,762.1602,45.575,1.521
22843,762.1936,27.015,0.901
22844,762.2270,27.015,0.901
22845,762.2603,22.478,0.750
22846,762.2937,23.693,0.791
22847,762.3271,23.693,0.791
22848,762.3604,7.493,0.250
22849,762.3938,16.754,0.559
22850,762.4272,27.015,0.901
22851,762.4605,57.061,1.904
22852,762.4939,40.348,1.346
22853,762.5273,23.693,0.791
22854,762.5606,10.596,0.354
22855,762.5940,33.508,1.118
22856,762.6274,7.493,0.250
22857,762.6607,30.892,1.031
22858,762.6941,7.493,0.250
22859,762.7275,10.596,0.354
22860,762.7608,16.754,0.559
22861,762.7942,74.925,2.500
22862,762.8276,23.693,0.791
22863,762.8609,23.693,0.791
22864,762.8943,22.478,0.750
22865,762.9277,27.015,0.901
22866,762.9610,30.892,1.031
22867,762.9944,42.384,1.414
22868,763.0278,16.754,0.559
22869,763.0611,33.508,1.118
22870,763.0945,14.985,0.500
22871,763.1279,40.348,1.346
22872,763.1612,22.478,0.750
22873,763.1946,21.192,0.707
22874,763.2280,14.985,0.500
22875,763.2613,16.754,0.559
22876,763.2947,27.015,0.901
22877,763.3281,7.493,0.250
22878,763.3614,0.000,0.000
22879,763.3948,0.000,0.000
22880,763.4282,14.985,0.500
22881,763.4615,69.078,2.305
22882,763.4949,73.793,2.462
22883,763.5283,7.493,0.250
22884,763.5616,37.463,1.250
22885,763.5950,10.596,0.354
22886,763.6284,0.000,0.000
22887,763.6617,10.596,0.354
22888,763.6951,42.384,1.414
22889,763.7285,37.463,1.250
22890,763.7618,23.693,0.791
22891,763.7952,22.478,0.750
22892,763.8286,14.985,0.500
22893,763.8619,14.985,0.500
22894,763.8953,37.463,1.250
22895,763.9287,16.754,0.559
22896,763.9620,31.788,1.061
22897,763.9954,30.892,1.031
22898,764.0288,23.693,0.791
22899,764.0621,23.693,0.791
22900,764.0955,16.754,0.559
22901,764.1289,33.508,1.118
22902,764.1622,16.754,0.559
22903,764.1956,10.596,0.354
22904,764.2290,0.000,0.000
22905,764.2623,0.000,0.000
22906,764.2957,0.000,0.000
22907,764.3291,37.463,1.250
22908,764.3624,54.029,1.803
22909,764.3958,74.925,2.500
22910,764.4292,30.892,1.031
22911,764.4625,54.029,1.803
22912,764.4959,14.985,0.500
22913,764.5293,7.493,0.250
22914,764.5626,14.985,0.500
22915,764.5960,43.689,1.458
22916,764.6294,27.015,0.901
22917,764.6627,27.015,0.901
22918,764.6961,29.970,1.000
22919,764.7295,7.493,0.250
22920,764.7628,7.493,0.250
22921,764.7962,7.493,0.250
22922,764.8296,44.955,1.500
22923,764.8629,31.788,1.061
22924,764.8963,27.015,0.901
22925,764.9297,31.788,1.061
22926,764.9630,30.892,1.031
22927,764.9964,10.596,0.354
22928,765.0298,27.015,0.901
22929,765.0631,27.015,0.901
22930,765.0965,7.493,0.250
22931,765.1299,23.693,0.791
22932,765.1632,10.596,0.354
22933,765.1966,23.693,0.791
22934,765.2300,27.015,0.901
22935,765.2633,30.892,1.031
22936,765.2967,71.080,2.372
22937,765.3301,33.508,1.118
22938,765.3634,29.970,1.000
22939,765.3968,10.596,0.354
22940,765.4302,23.693,0.791
22941,765.4635,10.596,0.354
22942,765.4969,54.546,1.820
22943,765.5303,21.192,0.707
22944,765.5636,38.205,1.275
22945,765.5970,23.693,0.791
22946,765.6304,7.493,0.250
22947,765.6637,7.493,0.250
22948,765.6971,14.985,0.500
22949,765.7305,23.693,0.791
22950,765.7638,52.980,1.768
22951,765.7972,27.015,0.901
22952,765.8306,16.754,0.559
22953,765.8639,47.976,1.601
22954,765.8973,33.508,1.118
22955,765.9307,16.754,0.559
22956,765.9640,33.508,1.118
22957,765.9974,0.000,0.000
22958,766.0308,0.000,0.000
22959,766.0641,16.754,0.559
22960,766.0975,16.754,0.559
22961,766.1309,0.000,0.000
22962,766.1642,10.596,0.354
22963,766.1976,118.467,3.953
22964,766.2310,47.976,1.601
22965,766.2643,30.892,1.031
22966,766.2977,37.463,1.250
22967,766.3311,10.596,0.354
22968,766.3644,16.754,0.559
22969,766.3978,16.754,0.559
22970,766.4312,67.015,2.236
22971,766.4645,30.892,1.031
22972,766.4979,22.478,0.750
22973,766.5313,10.596,0.354
22974,766.5646,33.508,1.118
22975,766.5980,0.000,0.000
22976,766.6314,23.693,0.791
22977,766.6647,40.348,1.346
22978,766.6981,23.693,0.791
22979,766.7315,31.788,1.061
22980,766.7648,47.976,1.601
22981,766.7982,22.478,0.750
22982,766.8316,16.754,0.559
22983,766.8649,38.205,1.275
22984,766.8983,14.985,0.500
22985,766.9317,16.754,0.559
22986,766.9650,0.000,0.000
22987,766.9984,7.493,0.250
22988,767.0318,0.000,0.000
22989,767.0651,14.985,0.500
22990,767.0985,52.980,1.768
22991,767.1319,67.015,2.236
22992,767.1652,38.205,1.275
22993,767.1986,45.575,1.521
22994,767.2320,21.192,0.707
22995,767.2653,16.754,0.559
22996,767.2987,47.387,1.581
22997,767.3321,22.478,0.750
22998,767.3654,29.970,1.000
22999,767.3988,47.387,1.581
23000,767.4322,0.000,0.000
23001,767.4655,21.192,0.707
23002,767.4989,10.596,0.354
23003,767.5323,47.387,1.581
23004,767.5656,22.478,0.750
23005,767.5990,23.693,0.791
23006,767.6324,27.015,0.901
23007,767.6657,42.384,1.414
23008,767.6991,14.985,0.500
23009,767.7325,37.463,1.250
23010,767.7658,23.693,0.791
23011,767.7992,14.985,0.500
23012,767.8326,23.693,0.791
23013,767.8659,7.493,0.250
23014,767.8993,0.000,0.000
23015,767.9327,22.478,0.750
23016,767.9660,14.985,0.500
23017,767.9994,87.377,2.915
23018,768.0328,50.261,1.677
23019,768.0661,37.463,1.250
23020,768.0995,0.000,0.000
23021,768.1329,33.508,1.118
23022,768.1662,14.985,0.500
23023,768.1996,54.546,1.820
23024,768.2330,50.261,1.677
23025,768.2663,22.478,0.750
23026,768.2997,30.892,1.031
23027,768.3331,21.192,0.707
23028,768.3664,10.596,0.354
23029,768.3998,14.985,0.500
23030,768.4332,40.348,1.346
23031,768.4665,21.192,0.707
23032,768.4999,27.015,0.901
23033,768.5333,33.508,1.118
23034,768.5666,23.693,0.791
23035,768.6000,29.970,1.000
23036,768.6334,33.508,1.118
23037,768.6667,23.693,0.791
23038,768.7001,16.754,0.559
23039,768.7334,7.493,0.250
23040,768.7668,22.478,0.750
23041,768.8002,0.000,0.000
23042,768.8335,0.000,0.000
23043,768.8669,47.976,1.601
23044,768.9003,45.575,1.521
23045,768.9336,60.407,2.016
23046,768.9670,30.892,1.031
23047,769.0004,29.970,1.000
23048,769.0337,31.788,1.061
23049,769.0671,23.693,0.791
23050,769.1005,7.493,0.250
23051,769.1338,16.754,0.559
23052,769.1672,52.448,1.750
23053,769.2006,50.261,1.677
23054,769.2339,16.754,0.559
23055,769.2673,23.693,0.791
23056,769.3007,10.596,0.354
23057,769.3340,0.000,0.000
23058,769.3674,43.689,1.458
23059,769.4008,31.788,1.061
23060,769.4341,40.348,1.346
23061,769.4675,27.015,0.901
23062,769.5009,21.192,0.707
23063,769.5342,16.754,0.559
23064,769.5676,10.596,0.354
23065,769.6010,14.985,0.500
23066,769.6343,16.754,0.559
23067,769.6677,23.693,0.791
23068,769.7011,50.261,1.677
23069,769.7344,31.788,1.061
23070,769.7678,23.693,0.791
23071,769.8012,47.976,1.601
23072,769.8345,33.508,1.118
23073,769.8679,7.493,0.250
23074,769.9013,29.970,1.000
23075,769.9346,42.384,1.414
23076,769.9680,38.205,1.275
23077,770.0014,10.596,0.354
23078,770.0347,70.684,2.358
23079,770.0681,61.785,2.062
23080,770.1015,31.788,1.061
23081,770.1348,47.976,1.601
23082,770.1682,7.493,0.250
23083,770.2016,30.892,1.031
23084,770.2349,0.000,0.000
23085,770.2683,47.387,1.581
23086,770.3017,23.693,0.791
23087,770.3350,16.754,0.559
23088,770.3684,27.015,0.901
23089,770.4018,37.463,1.250
23090,770.4351,47.387,1.581
23091,770.4685,27.015,0.901
23092,770.5019,14.985,0.500
23093,770.5352,23.693,0.791
23094,770.5686,16.754,0.559
23095,770.6020,16.754,0.559
23096,770.6353,43.689,1.458
23097,770.6687,22.478,0.750
23098,770.7021,47.976,1.601
23099,770.7354,27.015,0.901
23100,770.7688,38.205,1.275
23101,770.8022,22.478,0.750
23102,770.8355,37.463,1.250
23103,770.8689,7.493,0.250
23104,770.9023,22.478,0.750
23105,770.9356,45.575,1.521
23106,770.9690,29.970,1.000
23107,771.0024,29.970,1.000
23108,771.0357,44.955,1.500
23109,771.0691,14.985,0.500
23110,771.1025,0.000,0.000
23111,771.1358,10.596,0.354
23112,771.1692,37.463,1.250
23113,771.2026,27.015,0.901
23114,771.2359,21.192,0.707
23115,771.2693,16.754,0.559
23116,771.3027,37.463,1.250
23117,771.3360,23.693,0.791
23118,771.3694,22.478,0.750
23119,771.4028,21.192,0.707
23120,771.4361,16.754,0.559
23121,771.4695,14.985,0.500
23122,771.5029,30.892,1.031
23123,771.5362,10.596,0.354
23124,771.5696,37.463,1.250
23125,771.6030,33.508,1.118
23126,771.6363,14.985,0.500
23127,771.6697,70.684,2.358
23128,771.7031,31.788,1.061
23129,771.7364,30.892,1.031
23130,771.7698,27.015,0.901
23131,771.8032,31.788,1.061
23132,771.8365,45.575,1.521
23133,771.8699,23.693,0.791
23134,771.9033,29.970,1.000
23135,771.9366,52.448,1.750
23136,771.9700,14.985,0.500
23137,772.0034,14.985,0.500
23138,772.0367,23.693,0.791
23139,772.0701,23.693,0.791
23140,772.1035,43.689,1.458
23141,772.1368,27.015,0.901
23142,772.1702,21.192,0.707
23143,772.2036,40.348,1.346
23144,772.2369,38.205,1.275
23145,772.2703,30.892,1.031
23146,772.3037,10.596,0.354
23147,772.3370,7.493,0.250
23148,772.3704,22.478,0.750
23149,772.4038,42.384,1.414
23150,772.4371,38.205,1.275
23151,772.4705,31.788,1.061
23152,772.5039,54.029,1.803
23153,772.5372,27.015,0.901
23154,772.5706,16.754,0.559
23155,772.6040,0.000,0.000
23156,772.6373,47.387,1.581
23157,772.6707,27.015,0.901
23158,772.7041,27.015,0.901
23159,772.7374,52.980,1.768
23160,772.7708,27.015,0.901
23161,772.8042,74.925,2.500
23162,772.8375,47.976,1.601
23163,772.8709,0.000,0.000
23164,772.9043,7.493,0.250
23165,772.9376,22.478,0.750
23166,772.9710,23.693,0.791
23167,773.0044,37.463,1.250
23168,773.0377,27.015,0.901
23169,773.0711,27.015,0.901
23170,773.1045,21.192,0.707
23171,773.1378,10.596,0.354
23172,773.1712,33.508,1.118
23173,773.2046,43.689,1.458
23174,773.2379,14.985,0.500
23175,773.2713,14.985,0.500
23176,773.3047,16.754,0.559
23177,773.3380,0.000,0.000
23178,773.3714,7.493,0.250
23179,773.4048,16.754,0.559
23180,773.4381,43.689,1.458
23181,773.4715,64.016,2.136
23182,773.5049,42.384,1.414
23183,773.5382,29.970,1.000
23184,773.5716,40.348,1.346
23185,773.6050,33.508,1.118
23186,773.6383,21.192,0.707
23187,773.6717,30.892,1.031
23188,773.7051,69.078,2.305
23189,773.7384,29.970,1.000
23190,773.7718,40.348,1.346
23191,773.8052,7.493,0.250
23192,773.8385,14.985,0.500
23193,773.8719,22.478,0.750
23194,773.9053,38.205,1.275
23195,773.9386,31.788,1.061
23196,773.9720,7.493,0.250
23197,774.0054,7.493,0.250
23198,774.0387,33.508,1.118
23199,774.0721,33.508,1.118
23200,774.1055,21.192,0.707
23201,774.1388,43.689,1.458
23202,774.1722,0.000,0.000
23203,774.2056,7.493,0.250
23204,774.2389,22.478,0.750
23205,774.2723,22.478,0.750
23206,774.3057,54.029,1.803
23207,774.3390,40.348,1.346
23208,774.3724,31.788,1.061
23209,774.4058,33.508,1.118
23210,774.4391,40.348,1.346
23211,774.4725,37.463,1.250
23212,774.5059,10.596,0.354
23213,774.5392,0.000,0.000
23214,774.5726,78.224,2.610
23215,774.6060,30.892,1.031
23216,774.6393,37.463,1.250
23217,774.6727,33.508,1.118
23218,774.7061,10.596,0.354
23219,774.7394,10.596,0.354
23220,774.7728,23.693,0.791
23221,774.8062,52.448,1.750
23222,774.8395,37.463,1.250
23223,774.8729,14.985,0.500
23224,774.9063,33.508,1.118
23225,774.9396,64.453,2.151
23226,774.9730,16.754,0.559
23227,775.0064,29.970,1.000
23228,775.0397,38.205,1.275
23229,775.0731,16.754,0.559
23230,775.1065,16.754,0.559
23231,775.1398,10.596,0.354
23232,775.1732,33.508,1.118
23233,775.2066,7.493,0.250
23234,775.2399,14.985,0.500
23235,775.2733,143.927,4.802
23236,775.3067,54.029,1.803
23237,775.3400,14.985,0.500
23238,775.3734,37.463,1.250
23239,775.4068,10.596,0.354
23240,775.4401,29.970,1.000
23241,775.4735,38.205,1.275
23242,775.5069,23.693,0.791
23243,775.5402,16.754,0.559
23244,775.5736,54.546,1.820
23245,775.6070,0.000,0.000
23246,775.6403,23.693,0.791
23247,775.6737,0.000,0.000
23248,775.7071,30.892,1.031
23249,775.7404,33.508,1.118
23250,775.7738,70.684,2.358
23251,775.8072,27.015,0.901
23252,775.8405,22.478,0.750
23253,775.8739,22.478,0.750
23254,775.9073,16.754,0.559
23255,775.9406,21.192,0.707
23256,775.9740,21.192,0.707
23257,776.0074,47.976,1.601
23258,776.0407,23.693,0.791
23259,776.0741,91.458,3.052
23260,776.1075,16.754,0.559
23261,776.1408,47.387,1.581
23262,776.1742,37.463,1.250
23263,776.2076,14.985,0.500
23264,776.2409,30.892,1.031
23265,776.2743,27.015,0.901
23266,776.3077,16.754,0.559
23267,776.3410,27.015,0.901
23268,776.3744,45.575,1.521
23269,776.4078,59.940,2.000
23270,776.4411,29.970,1.000
23271,776.4745,23.693,0.791
23272,776.5079,10.596,0.354
23273,776.5412,16.754,0.559
23274,776.5746,27.015,0.901
23275,776.6080,16.754,0.559
23276,776.6413,37.463,1.250
23277,776.6747,45.575,1.521
23278,776.7081,33.508,1.118
23279,776.7414,23.693,0.791
23280,776.7748,16.754,0.559
23281,776.8082,33.508,1.118
23282,776.8415,43.689,1.458
23283,776.8749,52.980,1.768
23284,776.9083,67.015,2.236
23285,776.9416,33.508,1.118
23286,776.9750,22.478,0.750
23287,777.0084,47.387,1.581
23288,777.0417,16.754,0.559
23289,777.0751,30.892,1.031
23290,777.1085,7.493,0.250
23291,777.1418,45.575,1.521
23292,777.1752,33.508,1.118
23293,777.2086,27.015,0.901
23294,777.2419,21.192,0.707
23295,777.2753,14.985,0.500
23296,777.3087,73.793,2.462
23297,777.3420,30.892,1.031
23298,777.3754,47.976,1.601
23299,777.4088,10.596,0.354
23300,777.4421,23.693,0.791
23301,777.4755,10.596,0.354
23302,777.5089,23.693,0.791
23303,777.5422,43.689,1.458
23304,777.5756,21.192,0.707
23305,777.6090,7.493,0.250
23306,777.6423,37.463,1.250
23307,777.6757,37.463,1.250
23308,777.7091,27.015,0.901
23309,777.7424,37.463,1.250
23310,777.7758,31.788,1.061
23311,777.8092,77.140,2.574
23312,777.8425,31.788,1.061
23313,777.8759,0.000,0.000
23314,777.9093,27.015,0.901
23315,777.9426,52.448,1.750
23316,777.9760,23.693,0.791
23317,778.0094,52.980,1.768
23318,778.0427,16.754,0.559
23319,778.0761,16.754,0.559
23320,778.1095,16.754,0.559
23321,778.1428,21.192,0.707
23322,778.1762,37.463,1.250
23323,778.2096,21.192,0.707
23324,778.2429,37.463,1.250
23325,778.2763,67.015,2.236
23326,778.3097,16.754,0.559
23327,778.3430,10.596,0.354
23328,778.3764,37.463,1.250
23329,778.4098,29.970,1.000
23330,778.4431,23.693,0.791
23331,778.4765,23.693,0.791
23332,778.5099,10.596,0.354
23333,778.5432,22.478,0.750
23334,778.5766,23.693,0.791
23335,778.6100,33.508,1.118
23336,778.6433,69.078,2.305
23337,778.6767,30.892,1.031
23338,778.7101,42.384,1.414
23339,778.7434,31.788,1.061
23340,778.7768,23.693,0.791
23341,778.8102,7.493,0.250
23342,778.8435,52.448,1.750
23343,778.8769,37.463,1.250
23344,778.9103,14.985,0.500
23345,778.9436,30.892,1.031
23346,778.9770,37.463,1.250
23347,779.0104,30.892,1.031
23348,779.0437,16.754,0.559
23349,779.0771,16.754,0.559
23350,779.1105,50.261,1.677
23351,779.1438,30.892,1.031
23352,779.1772,60.407,2.016
23353,779.2106,23.693,0.791
23354,779.2439,10.596,0.354
23355,779.2773,29.970,1.000
23356,779.3107,47.387,1.581
23357,779.3440,21.192,0.707
23358,779.3774,23.693,0.791
23359,779.4108,37.463,1.250
23360,779.4441,29.970,1.000
23361,779.4775,37.463,1.250
23362,779.5109,37.463,1.250
23363,779.5442,52.980,1.768
23364,779.5776,50.261,1.677
23365,779.6110,37.463,1.250
23366,779.6443,31.788,1.061
23367,779.6777,16.754,0.559
23368,779.7111,29.970,1.000
23369,779.7444,29.970,1.000
23370,779.7778,14.985,0.500
23371,779.8112,27.015,0.901
23372,779.8445,21.192,0.707
23373,779.8779,23.693,0.791
23374,779.9113,27.015,0.901
23375,779.9446,43.689,1.458
23376,779.9780,23.693,0.791
23377,780.0114,7.493,0.250
23378,780.0447,82.758,2.761
23379,780.0781,7.493,0.250
23380,780.1115,54.029,1.803
23381,780.1448,0.000,0.000
23382,780.1782,30.892,1.031
23383,780.2116,0.000,0.000
23384,780.2449,40.348,1.346
23385,780.2783,33.508,1.118
23386,780.3117,37.463,1.250
23387,780.3450,30.892,1.031
23388,780.3784,29.970,1.000
23389,780.4118,23.693,0.791
23390,780.4451,47.976,1.601
23391,780.4785,50.261,1.677
23392,780.5119,69.078,2.305
23393,780.5452,40.348,1.346
23394,780.5786,14.985,0.500
23395,780.6120,22.478,0.750
23396,780.6453,75.299,2.512
23397,780.6787,40.348,1.346
23398,780.7121,23.693,0.791
23399,780.7454,21.192,0.707
23400,780.7788,40.348,1.346
23401,780.8122,23.693,0.791
23402,780.8455,23.693,0.791
23403,780.8789,16.754,0.559
23404,780.9123,27.015,0.901
23405,780.9456,60.407,2.016
23406,780.9790,23.693,0.791
23407,781.0124,47.976,1.601
23408,781.0457,0.000,0.000
23409,781.0791,47.976,1.601
23410,781.1125,23.693,0.791
23411,781.1458,14.985,0.500
23412,781.1792,22.478,0.750
23413,781.2126,54.029,1.803
23414,781.2459,16.754,0.559
23415,781.2793,14.985,0.500
23416,781.3127,7.493,0.250
23417,781.3460,50.261,1.677
23418,781.3794,37.463,1.250
23419,781.4128,63.576,2.121
23420,781.4461,37.463,1.250
23421,781.4795,37.463,1.250
23422,781.5129,7.493,0.250
23423,781.5462,10.596,0.354
23424,781.5796,14.985,0.500
23425,781.6130,60.407,2.016
23426,781.6463,27.015,0.901
23427,781.6797,23.693,0.791
23428,781.7131,10.596,0.354
23429,781.7464,30.892,1.031
23430,781.7798,37.463,1.250
23431,781.8132,33.508,1.118
23432,781.8465,16.754,0.559
23433,781.8799,21.192,0.707
23434,781.9133,14.985,0.500
23435,781.9466,30.892,1.031
23436,781.9800,91.458,3.052
23437,782.0134,30.892,1.031
23438,782.0467,16.754,0.559
23439,782.0801,7.493,0.250
23440,782.1135,27.015,0.901
23441,782.1468,0.000,0.000
23442,782.1802,71.080,2.372
23443,782.2136,23.693,0.791
23444,782.2469,21.192,0.707
23445,782.2803,27.015,0.901
23446,782.3137,30.892,1.031
23447,782.3470,22.478,0.750
23448,782.3804,22.478,0.750
23449,782.4138,27.015,0.901
23450,782.4471,23.693,0.791
23451,782.4805,16.754,0.559
23452,782.5139,54.029,1.803
23453,782.5472,101.909,3.400
23454,782.5806,30.892,1.031
23455,782.6140,10.596,0.354
23456,782.6473,29.970,1.000
23457,782.6807,60.407,2.016
23458,782.7141,23.693,0.791
23459,782.7474,31.788,1.061
23460,782.7808,37.463,1.250
23461,782.8142,22.478,0.750
23462,782.8475,27.015,0.901
23463,782.8809,37.463,1.250
23464,782.9143,31.788,1.061
23465,782.9476,10.596,0.354
23466,782.9810,21.192,0.707
23467,783.0144,14.985,0.500
23468,783.0477,27.015,0.901
23469,783.0811,54.029,1.803
23470,783.1145,69.078,2.305
23471,783.1478,22.478,0.750
23472,783.1812,0.000,0.000
23473,783.2146,0.000,0.000
23474,783.2479,22.478,0.750
23475,783.2813,23.693,0.791
23476,783.3147,40.348,1.346
23477,783.3480,21.192,0.707
23478,783.3814,40.348,1.346
23479,783.4148,23.693,0.791
23480,783.4481,30.892,1.031
23481,783.4815,0.000,0.000
23482,783.5149,23.693,0.791
23483,783.5482,37.463,1.250
23484,783.5816,50.261,1.677
23485,783.6150,63.576,2.121
23486,783.6483,43.689,1.458
23487,783.6817,30.892,1.031
23488,783.7151,37.463,1.250
23489,783.7484,10.596,0.354
23490,783.7818,22.478,0.750
23491,783.8152,14.985,0.500
23492,783.8485,60.407,2.016
23493,783.8819,37.463,1.250
23494,783.9153,37.463,1.250
23495,783.9486,30.892,1.031
23496,783.9820,22.478,0.750
23497,784.0154,33.508,1.118
23498,784.0487,31.788,1.061
23499,784.0821,33.508,1.118
23500,784.1155,10.596,0.354
23501,784.1488,21.192,0.707
23502,784.1822,16.754,0.559
23503,784.2156,16.754,0.559
23504,784.2489,47.387,1.581
23505,784.2823,54.029,1.803
23506,784.3157,74.925,2.500
23507,784.3490,10.596,0.354
23508,784.3824,10.596,0.354
23509,784.4158,23.693,0.791
23510,784.4491,10.596,0.354
23511,784.4825,16.754,0.559
23512,784.5159,22.478,0.750
23513,784.5492,43.689,1.458
23514,784.5826,10.596,0.354
23515,784.6160,47.976,1.601
23516,784.6493,29.970,1.000
23517,784.6827,16.754,0.559
23518,784.7161,16.754,0.559
23519,784.7494,27.015,0.901
23520,784.7828,14.985,0.500
23521,784.8162,58.518,1.953
23522,784.8495,58.518,1.953
23523,784.8829,40.348,1.346
23524,784.9163,37.463,1.250
23525,784.9496,21.192,0.707
23526,784.9830,7.493,0.250
23527,785.0164,0.000,0.000
23528,785.0497,0.000,0.000
23529,785.0831,7.493,0.250
23530,785.1165,33.508,1.118
23531,785.1498,30.892,1.031
23532,785.1832,29.970,1.000
23533,785.2166,45.575,1.521
23534,785.2499,33.508,1.118
23535,785.2833,7.493,0.250
23536,785.3167,37.463,1.250
23537,785.3500,16.754,0.559
23538,785.3834,27.015,0.901
23539,785.4168,16.754,0.559
23540,785.4501,42.384,1.414
23541,785.4835,7.493,0.250
23542,785.5169,23.693,0.791
23543,785.5502,27.015,0.901
23544,785.5836,10.596,0.354
23545,785.6170,93.881,3.132
23546,785.6503,85.428,2.850
23547,785.6837,7.493,0.250
23548,785.7171,7.493,0.250
23549,785.7504,23.693,0.791
23550,785.7838,7.493,0.250
23551,785.8172,27.015,0.901
23552,785.8505,31.788,1.061
23553,785.8839,33.508,1.118
23554,785.9173,16.754,0.559
23555,785.9506,27.015,0.901
23556,785.9840,23.693,0.791
23557,786.0174,23.693,0.791
23558,786.0507,10.596,0.354
23559,786.0841,23.693,0.791
23560,786.1175,33.508,1.118
23561,786.1508,37.463,1.250
23562,786.1842,63.576,2.121
23563,786.2176,33.508,1.118
23564,786.2509,31.788,1.061
23565,786.2843,27.015,0.901
23566,786.3177,0.000,0.000
23567,786.3510,0.000,0.000
23568,786.3844,7.493,0.250
23569,786.4178,7.493,0.250
23570,786.4511,10.596,0.354
23571,786.4845,50.261,1.677
23572,786.5179,21.192,0.707
23573,786.5512,47.387,1.581
23574,786.5846,31.788,1.061
23575,786.6180,38.205,1.275
23576,786.6513,23.693,0.791
23577,786.6847,16.754,0.559
23578,786.7181,16.754,0.559
23579,786.7514,31.788,1.061
23580,786.7848,21.192,0.707
23581,786.8182,37.463,1.250
23582,786.8515,0.000,0.000
23583,786.8849,23.693,0.791
23584,786.9183,16.754,0.559
23585,786.9516,50.261,1.677
23586,786.9850,73.793,2.462
23587,787.0184,85.428,2.850
23588,787.0517,14.985,0.500
23589,787.0851,7.493,0.250
23590,787.1185,14.985,0.500
23591,787.1518,7.493,0.250
23592,787.1852,16.754,0.559
23593,787.2186,23.693,0.791
23594,787.2519,50.261,1.677
23595,787.2853,33.508,1.118
23596,787.3187,38.205,1.275
23597,787.3520,7.493,0.250
23598,787.3854,23.693,0.791
23599,787.4188,7.493,0.250
23600,787.4521,23.693,0.791
23601,787.4855,31.788,1.061
23602,787.5189,54.029,1.803
23603,787.5522,54.029,1.803
23604,787.5856,27.015,0.901
23605,787.6190,33.508,1.118
23606,787.6523,23.693,0.791
23607,787.6857,0.000,0.000
23608,787.7191,16.754,0.559
23609,787.7524,7.493,0.250
23610,787.7858,7.493,0.250
23611,787.8192,16.754,0.559
23612,787.8525,16.754,0.559
23613,787.8859,10.596,0.354
23614,787.9193,30.892,1.031
23615,787.9526,42.384,1.414
23616,787.9860,22.478,0.750
23617,788.0194,27.015,0.901
23618,788.0527,27.015,0.901
23619,788.0861,27.015,0.901
23620,788.1195,16.754,0.559
23621,788.1528,14.985,0.500
23622,788.1862,42.384,1.414
23623,788.2196,16.754,0.559
23624,788.2529,27.015,0.901
23625,788.2863,7.493,0.250
23626,788.3197,37.463,1.250
23627,788.3530,22.478,0.750
23628,788.3864,73.793,2.462
23629,788.4198,79.647,2.658
23630,788.4531,16.754,0.559
23631,788.4865,0.000,0.000
23632,788.5199,22.478,0.750
23633,788.5532,0.000,0.000
23634,788.5866,0.000,0.000
23635,788.6200,21.192,0.707
23636,788.6533,58.518,1.953
23637,788.6867,37.463,1.250
23638,788.7201,14.985,0.500
23639,788.7534,23.693,0.791
23640,788.7868,23.693,0.791
23641,788.8202,7.493,0.250
23642,788.8535,14.985,0.500
23643,788.8869,10.596,0.354
23644,788.9203,27.015,0.901
23645,788.9536,121.969,4.070
23646,788.9870,37.463,1.250
23647,789.0204,27.015,0.901
23648,789.0537,22.478,0.750
23649,789.0871,0.000,0.000
23650,789.1205,7.493,0.250
23651,789.1538,7.493,0.250
23652,789.1872,0.000,0.000
23653,789.2206,7.493,0.250
23654,789.2539,33.508,1.118
23655,789.2873,23.693,0.791
23656,789.3207,16.754,0.559
23657,789.3540,40.348,1.346
23658,789.3874,14.985,0.500
23659,789.4208,16.754,0.559
23660,789.4541,27.015,0.901
23661,789.4875,27.015,0.901
23662,789.5209,16.754,0.559
23663,789.5542,37.463,1.250
23664,789.5876,14.985,0.500
23665,789.6210,21.192,0.707
23666,789.6543,23.693,0.791
23667,789.6877,16.754,0.559
23668,789.7211,50.261,1.677
23669,789.7544,16.754,0.559
23670,789.7878,100.523,3.354
23671,789.8212,74.925,2.500
23672,789.8545,0.000,0.000
23673,789.8879,21.192,0.707
23674,789.9213,14.985,0.500
23675,789.9546,0.000,0.000
23676,789.9880,10.596,0.354
23677,790.0214,10.596,0.354
23678,790.0547,52.980,1.768
23679,790.0881,47.387,1.581
23680,790.1215,10.596,0.354
23681,790.1548,7.493,0.250
23682,790.1882,27.015,0.901
23683,790.2216,7.493,0.250
23684,790.2549,30.892,1.031
23685,790.2883,37.463,1.250
23686,790.3216,47.976,1.601
23687,790.3550,63.576,2.121
23688,790.3884,23.693,0.791
23689,790.4217,33.508,1.118
23690,790.4551,14.985,0.500
23691,790.4885,0.000,0.000
23692,790.5218,7.493,0.250
23693,790.5552,0.000,0.000
23694,790.5886,0.000,0.000
23695,790.6219,7.493,0.250
23696,790.6553,7.493,0.250
23697,790.6887,37.463,1.250
23698,790.7220,42.384,1.414
23699,790.7554,37.463,1.250
23700,790.7888,16.754,0.559
23701,790.8221,0.000,0.000
23702,790.8555,29.970,1.000
23703,790.8889,33.508,1.118
23704,790.9222,23.693,0.791
23705,790.9556,7.493,0.250
23706,790.9890,31.788,1.061
23707,791.0223,10.596,0.354
23708,791.0557,27.015,0.901
23709,791.0891,23.693,0.791
23710,791.1224,14.985,0.500
23711,791.1558,31.788,1.061
23712,791.1892,110.626,3.691
23713,791.2225,58.518,1.953
23714,791.2559,10.596,0.354
23715,791.2893,0.000,0.000
23716,791.3226,0.000,0.000
23717,791.3560,23.693,0.791
23718,791.3894,7.493,0.250
23719,791.4227,14.985,0.500
23720,791.4561,42.384,1.414
23721,791.4895,23.693,0.791
23722,791.5228,37.463,1.250
23723,791.5562,16.754,0.559
23724,791.5896,10.596,0.354
23725,791.6229,23.693,0.791
23726,791.6563,16.754,0.559
23727,791.6897,40.348,1.346
23728,791.7230,31.788,1.061
23729,791.7564,47.976,1.601
23730,791.7898,31.788,1.061
23731,791.8231,43.689,1.458
23732,791.8565,33.508,1.118
23733,791.8899,16.754,0.559
23734,791.9232,7.493,0.250
23735,791.9566,0.000,0.000
23736,791.9900,7.493,0.250
23737,792.0233,0.000,0.000
23738,792.0567,0.000,0.000
23739,792.0901,38.205,1.275
23740,792.1234,33.508,1.118
23741,792.1568,23.693,0.791
23742,792.1902,37.463,1.250
23743,792.2235,23.693,0.791
23744,792.2569,33.508,1.118
23745,792.2903,29.970,1.000
23746,792.3236,23.693,0.791
23747,792.3570,23.693,0.791
23748,792.3904,14.985,0.500
23749,792.4237,30.892,1.031
23750,792.4571,22.478,0.750
23751,792.4905,7.493,0.250
23752,792.5238,16.754,0.559
23753,792.5572,43.689,1.458
23754,792.5906,7.493,0.250
23755,792.6239,87.698,2.926
23756,792.6573,54.029,1.803
23757,792.6907,0.000,0.000
23758,792.7240,7.493,0.250
23759,792.7574,16.754,0.559
23760,792.7908,7.493,0.250
23761,792.8241,7.493,0.250
23762,792.8575,22.478,0.750
23763,792.8909,31.788,1.061
23764,792.9242,40.348,1.346
23765,792.9576,33.508,1.118
23766,792.9910,7.493,0.250
23767,793.0243,16.754,0.559
23768,793.0577,10.596,0.354
23769,793.0911,23.693,0.791
23770,793.1244,43.689,1.458
23771,793.1578,37.463,1.250
23772,793.1912,52.980,1.768
23773,793.2245,54.029,1.803
23774,793.2579,42.384,1.414
23775,793.2913,43.689,1.458
23776,793.3246,37.463,1.250
23777,793.3580,0.000,0.000
23778,793.3914,0.000,0.000
23779,793.4247,0.000,0.000
23780,793.4581,0.000,0.000
23781,793.4915,0.000,0.000
23782,793.5248,54.546,1.820
23783,793.5582,23.693,0.791
23784,793.5916,33.508,1.118
23785,793.6249,22.478,0.750
23786,793.6583,47.976,1.601
23787,793.6917,16.754,0.559
23788,793.7250,23.693,0.791
23789,793.7584,16.754,0.559
23790,793.7918,37.463,1.250
23791,793.8251,21.192,0.707
23792,793.8585,21.192,0.707
23793,793.8919,16.754,0.559
23794,793.9252,16.754,0.559
23795,793.9586,16.754,0.559
23796,793.9920,63.576,2.121
23797,794.0253,23.693,0.791
23798,794.0587,87.377,2.915
23799,794.0921,70.684,2.358
23800,794.1254,7.493,0.250
23801,794.1588,7.493,0.250
23802,794.1922,14.985,0.500
23803,794.2255,29.970,1.000
23804,794.2589,42.384,1.414
23805,794.2923,21.192,0.707
23806,794.3256,16.754,0.559
23807,794.3590,33.508,1.118
23808,794.3924,16.754,0.559
23809,794.4257,10.596,0.354
23810,794.4591,27.015,0.901
23811,794.4925,50.261,1.677
23812,794.5258,31.788,1.061
23813,794.5592,64.453,2.151
23814,794.5926,47.976,1.601
23815,794.6259,33.508,1.118
23816,794.6593,64.453,2.151
23817,794.6927,37.463,1.250
23818,794.7260,7.493,0.250
23819,794.7594,23.693,0.791
23820,794.7928,0.000,0.000
23821,794.8261,0.000,0.000
23822,794.8595,0.000,0.000
23823,794.8929,0.000,0.000
23824,794.9262,23.693,0.791
23825,794.9596,16.754,0.559
23826,794.9930,22.478,0.750
23827,795.0263,37.463,1.250
23828,795.0597,90.222,3.010
23829,795.0931,22.478,0.750
23830,795.1264,30.892,1.031
23831,795.1598,27.015,0.901
23832,795.1932,27.015,0.901
23833,795.2265,27.015,0.901
23834,795.2599,0.000,0.000
23835,795.2933,29.970,1.000
23836,795.3266,7.493,0.250
23837,795.3600,42.384,1.414
23838,795.3934,27.015,0.901
23839,795.4267,58.518,1.953
23840,795.4601,16.754,0.559
23841,795.4935,64.016,2.136
23842,795.5268,45.575,1.521
23843,795.5602,10.596,0.354
23844,795.5936,16.754,0.559
23845,795.6269,7.493,0.250
23846,795.6603,7.493,0.250
23847,795.6937,23.693,0.791
23848,795.7270,0.000,0.000
23849,795.7604,7.493,0.250
23850,795.7938,10.596,0.354
23851,795.8271,10.596,0.354
23852,795.8605,58.518,1.953
23853,795.8939,42.384,1.414
23854,795.9272,27.015,0.901
23855,795.9606,30.892,1.031
23856,795.9940,54.029,1.803
23857,796.0273,40.348,1.346
23858,796.0607,42.384,1.414
23859,796.0941,37.463,1.250
23860,796.1274,27.015,0.901
23861,796.1608,10.596,0.354
23862,796.1942,22.478,0.750
23863,796.2275,7.493,0.250
23864,796.2609,7.493,0.250
23865,796.2943,0.000,0.000
23866,796.3276,10.596,0.354
23867,796.3610,38.205,1.275
23868,796.3944,27.015,0.901
23869,796.4277,16.754,0.559
23870,796.4611,42.384,1.414
23871,796.4945,84.768,2.828
23872,796.5278,23.693,0.791
23873,796.5612,37.463,1.250
23874,796.5946,0.000,0.000
23875,796.6279,27.015,0.901
23876,796.6613,21.192,0.707
23877,796.6947,23.693,0.791
23878,796.7280,16.754,0.559
23879,796.7614,37.463,1.250
23880,796.7948,27.015,0.901
23881,796.8281,43.689,1.458
23882,796.8615,23.693,0.791
23883,796.8949,16.754,0.559
23884,796.9282,78.224,2.610
23885,796.9616,30.892,1.031
23886,796.9950,7.493,0.250
23887,797.0283,0.000,0.000
23888,797.0617,16.754,0.559
23889,797.0951,10.596,0.354
23890,797.1284,21.192,0.707
23891,797.1618,0.000,0.000
23892,797.1952,16.754,0.559
23893,797.2285,16.754,0.559
23894,797.2619,21.192,0.707
23895,797.2953,42.384,1.414
23896,797.3286,50.261,1.677
23897,797.3620,37.463,1.250
23898,797.3954,27.015,0.901
23899,797.4287,63.576,2.121
23900,797.4621,47.976,1.601
23901,797.4955,23.693,0.791
23902,797.5288,43.689,1.458
23903,797.5622,27.015,0.901
23904,797.5956,16.754,0.559
23905,797.6289,7.493,0.250
23906,797.6623,0.000,0.000
23907,797.6957,0.000,0.000
23908,797.7290,10.596,0.354
23909,797.7624,0.000,0.000
23910,797.7958,14.985,0.500
23911,797.8291,40.348,1.346
23912,797.8625,64.453,2.151
23913,797.8959,58.518,1.953
23914,797.9292,22.478,0.750
23915,797.9626,43.689,1.458
23916,797.9960,31.788,1.061
23917,798.0293,10.596,0.354
23918,798.0627,37.463,1.250
23919,798.0961,21.192,0.707
23920,798.1294,16.754,0.559
23921,798.1628,16.754,0.559
23922,798.1962,43.689,1.458
23923,798.2295,37.463,1.250
23924,798.2629,22.478,0.750
23925,798.2963,21.192,0.707
23926,798.3296,47.387,1.581
23927,798.3630,83.769,2.795
23928,798.3964,37.463,1.250
23929,798.4297,14.985,0.500
23930,798.4631,14.985,0.500
23931,798.4965,23.693,0.791
23932,798.5298,10.596,0.354
23933,798.5632,14.985,0.500
23934,798.5966,7.493,0.250
23935,798.6299,10.596,0.354
23936,798.6633,16.754,0.559
23937,798.6967,7.493,0.250
23938,798.7300,43.689,1.458
23939,798.7634,63.576,2.121
23940,798.7968,27.015,0.901
23941,798.8301,31.788,1.061
23942,798.8635,58.518,1.953
23943,798.8969,74.925,2.500
23944,798.9302,16.754,0.559
23945,798.9636,33.508,1.118
23946,798.9970,23.693,0.791
23947,799.0303,16.754,0.559
23948,799.0637,0.000,0.000
23949,799.0971,0.000,0.000
23950,799.1304,0.000,0.000
23951,799.1638,0.000,0.000
23952,799.1972,31.788,1.061
23953,799.2305,27.015,0.901
23954,799.2639,57.061,1.904
23955,799.2973,58.518,1.953
23956,799.3306,16.754,0.559
23957,799.3640,37.463,1.250
23958,799.3974,27.015,0.901
23959,799.4307,40.348,1.346
23960,799.4641,0.000,0.000
23961,799.4975,10.596,0.354
23962,799.5308,0.000,0.000
23963,799.5642,37.463,1.250
23964,799.5976,23.693,0.791
23965,799.6309,23.693,0.791
23966,799.6643,23.693,0.791
23967,799.6977,52.980,1.768
23968,799.7310,33.508,1.118
23969,799.7644,16.754,0.559
23970,799.7978,60.407,2.016
23971,799.8311,43.689,1.458
23972,799.8645,21.192,0.707
23973,799.8979,10.596,0.354
23974,799.9312,7.493,0.250
23975,799.9646,0.000,0.000
23976,799.9980,0.000,0.000
23977,800.0313,7.493,0.250
23978,800.0647,16.754,0.559
23979,800.0981,16.754,0.559
23980,800.1314,54.029,1.803
23981,800.1648,50.261,1.677
23982,800.1982,37.463,1.250
23983,800.2315,16.754,0.559
23984,800.2649,58.518,1.953
23985,800.2983,40.348,1.346
23986,800.3316,42.384,1.414
23987,800.3650,54.029,1.803
23988,800.3984,16.754,0.559
23989,800.4317,31.788,1.061
23990,800.4651,7.493,0.250
23991,800.4985,0.000,0.000
23992,800.5318,0.000,0.000
23993,800.5652,14.985,0.500
23994,800.5986,7.493,0.250
23995,800.6319,29.970,1.000
23996,800.6653,33.508,1.118
23997,800.6987,58.518,1.953
23998,800.7320,27.015,0.901
23999,800.7654,21.192,0.707
24000,800.7988,30.892,1.031
24001,800.8321,38.205,1.275
24002,800.8655,16.754,0.559
24003,800.8989,21.192,0.707
24004,800.9322,21.192,0.707
24005,800.9656,16.754,0.559
24006,800.9990,27.015,0.901
24007,801.0323,22.478,0.750
24008,801.0657,14.985,0.500
24009,801.0991,43.689,1.458
24010,801.1324,16.754,0.559
24011,801.1658,43.689,1.458
24012,801.1992,69.078,2.305
24013,801.2325,97.690,3.260
24014,801.2659,43.689,1.458
24015,801.2993,7.493,0.250
24016,801.3326,0.000,0.000
24017,801.3660,0.000,0.000
24018,801.3994,7.493,0.250
24019,801.4327,10.596,0.354
24020,801.4661,7.493,0.250
24021,801.4995,14.985,0.500
24022,801.5328,22.478,0.750
24023,801.5662,22.478,0.750
24024,801.5996,7.493,0.250
24025,801.6329,47.976,1.601
24026,801.6663,47.976,1.601
24027,801.6997,63.576,2.121
24028,801.7330,69.078,2.305
24029,801.7664,95.951,3.202
24030,801.7998,37.463,1.250
24031,801.8331,31.788,1.061
24032,801.8665,14.985,0.500
24033,801.8999,10.596,0.354
24034,801.9332,23.693,0.791
24035,801.9666,7.493,0.250
24036,802.0000,0.000,0.000
24037,802.0333,7.493,0.250
24038,802.0667,27.015,0.901
24039,802.1001,30.892,1.031
24040,802.1334,7.493,0.250
24041,802.1668,42.384,1.414
24042,802.2002,63.576,2.121
24043,802.2335,38.205,1.275
24044,802.2669,23.693,0.791
24045,802.3003,33.508,1.118
24046,802.3336,23.693,0.791
24047,802.3670,23.693,0.791
24048,802.4004,7.493,0.250
24049,802.4337,33.508,1.118
24050,802.4671,30.892,1.031
24051,802.5005,40.348,1.346
24052,802.5338,42.384,1.414
24053,802.5672,43.689,1.458
24054,802.6006,43.689,1.458
24055,802.6339,22.478,0.750
24056,802.6673,87.698,2.926
24057,802.7007,47.976,1.601
24058,802.7340,22.478,0.750
24059,802.7674,10.596,0.354
24060,802.8008,10.596,0.354
24061,802.8341,31.788,1.061
24062,802.8675,7.493,0.250
24063,802.9009,7.493,0.250
24064,802.9342,7.493,0.250
24065,802.9676,0.000,0.000
24066,803.0010,10.596,0.354
24067,803.0343,40.348,1.346
24068,803.0677,21.192,0.707
24069,803.1011,38.205,1.275
24070,803.1344,37.463,1.250
24071,803.1678,31.788,1.061
24072,803.2012,27.015,0.901
24073,803.2345,42.384,1.414
24074,803.2679,178.724,5.963
24075,803.3013,47.976,1.601
24076,803.3346,30.892,1.031
24077,803.3680,10.596,0.354
24078,803.4014,23.693,0.791
24079,803.4347,21.192,0.707
24080,803.4681,10.596,0.354
24081,803.5015,37.463,1.250
24082,803.5348,52.980,1.768
24083,803.5682,21.192,0.707
24084,803.6016,52.980,1.768
24085,803.6349,23.693,0.791
24086,803.6683,22.478,0.750
24087,803.7017,23.693,0.791
24088,803.7350,23.693,0.791
24089,803.7684,27.015,0.901
24090,803.8018,14.985,0.500
24091,803.8351,7.493,0.250
24092,803.8685,27.015,0.901
24093,803.9019,31.788,1.061
24094,803.9352,33.508,1.118
24095,803.9686,14.985,0.500
24096,804.0020,63.576,2.121
24097,804.0353,37.463,1.250
24098,804.0687,31.788,1.061
24099,804.1021,21.192,0.707
24100,804.1354,101.909,3.400
24101,804.1688,42.384,1.414
24102,804.2022,16.754,0.559
24103,804.2355,0.000,0.000
24104,804.2689,16.754,0.559
24105,804.3023,14.985,0.500
24106,804.3356,23.693,0.791
24107,804.3690,22.478,0.750
24108,804.4024,16.754,0.559
24109,804.4357,16.754,0.559
24110,804.4691,37.463,1.250
24111,804.5025,7.493,0.250
24112,804.5358,30.892,1.031
24113,804.5692,7.493,0.250
24114,804.6026,22.478,0.750
24115,804.6359,44.955,1.500
24116,804.6693,85.428,2.850
24117,804.7027,69.078,2.305
24118,804.7360,83.769,2.795
24119,804.7694,135.073,4.507
24120,804.8028,73.793,2.462
24121,804.8361,33.508,1.118
24122,804.8695,40.348,1.346
24123,804.9029,208.179,6.946
24124,804.9362,73.793,2.462
24125,804.9696,160.347,5.350
24126,805.0030,235.151,7.846
24127,805.0363,70.684,2.358
24128,805.0697,91.458,3.052
24129,805.1031,43.689,1.458
24130,805.1364,10.596,0.354
24131,805.1698,23.693,0.791
24132,805.2032,42.384,1.414
24133,805.2365,0.000,0.000
24134,805.2699,23.693,0.791
24135,805.3033,23.693,0.791
24136,805.3366,37.463,1.250
24137,805.3700,33.508,1.118
24138,805.4034,37.463,1.250
24139,805.4367,63.576,2.121
24140,805.4701,40.348,1.346
24141,805.5035,31.788,1.061
24142,805.5368,112.388,3.750
24143,805.5702,27.015,0.901
24144,805.6036,7.493,0.250
24145,805.6369,16.754,0.559
24146,805.6703,7.493,0.250
24147,805.7037,27.015,0.901
24148,805.7370,7.493,0.250
24149,805.7704,29.970,1.000
24150,805.8038,16.754,0.559
24151,805.8371,14.985,0.500
24152,805.8705,10.596,0.354
24153,805.9039,14.985,0.500
24154,805.9372,31.788,1.061
24155,805.9706,16.754,0.559
24156,806.0040,23.693,0.791
24157,806.0373,7.493,0.250
24158,806.0707,22.478,0.750
24159,806.1041,67.433,2.250
24160,806.1374,54.546,1.820
24161,806.1708,67.015,2.236
24162,806.2042,85.428,2.850
24163,806.2375,54.029,1.803
24164,806.2709,64.016,2.136
24165,806.3043,31.788,1.061
24166,806.3376,234.553,7.826
24167,806.3710,101.909,3.400
24168,806.4044,77.140,2.574
24169,806.4377,181.220,6.047
24170,806.4711,144.121,4.809
24171,806.5045,27.015,0.901
24172,806.5378,16.754,0.559
24173,806.5712,30.892,1.031
24174,806.6046,21.192,0.707
24175,806.6379,16.754,0.559
24176,806.6713,23.693,0.791
24177,806.7047,7.493,0.250
24178,806.7380,30.892,1.031
24179,806.7714,16.754,0.559
24180,806.8048,16.754,0.559
24181,806.8381,58.518,1.953
24182,806.8715,42.384,1.414
24183,806.9049,21.192,0.707
24184,806.9382,31.788,1.061
24185,806.9716,38.205,1.275
24186,807.0050,95.951,3.202
24187,807.0383,60.407,2.016
24188,807.0717,0.000,0.000
24189,807.1051,0.000,0.000
24190,807.1384,31.788,1.061
24191,807.1718,16.754,0.559
24192,807.2052,27.015,0.901
24193,807.2385,21.192,0.707
24194,807.2719,16.754,0.559
24195,807.3053,23.693,0.791
24196,807.3386,14.985,0.500
24197,807.3720,16.754,0.559
24198,807.4054,16.754,0.559
24199,807.4387,50.261,1.677
24200,807.4721,10.596,0.354
24201,807.5055,60.407,2.016
24202,807.5388,54.546,1.820
24203,807.5722,69.078,2.305
24204,807.6056,90.532,3.021
24205,807.6389,107.277,3.579
24206,807.6723,64.453,2.151
24207,807.7057,33.508,1.118
24208,807.7390,45.575,1.521
24209,807.7724,171.020,5.706
24210,807.8058,130.851,4.366
24211,807.8391,67.015,2.236
24212,807.8725,124.023,4.138
24213,807.9059,284.814,9.503
24214,807.9392,70.684,2.358
24215,807.9726,16.754,0.559
24216,808.0060,21.192,0.707
24217,808.0393,60.407,2.016
24218,808.0727,16.754,0.559
24219,808.1061,33.508,1.118
24220,808.1394,23.693,0.791
24221,808.1728,23.693,0.791
24222,808.2062,69.078,2.305
24223,808.2395,14.985,0.500
24224,808.2729,58.518,1.953
24225,808.3063,33.508,1.118
24226,808.3396,52.448,1.750
24227,808.3730,30.892,1.031
24228,808.4064,54.546,1.820
24229,808.4397,67.433,2.250
24230,808.4731,69.078,2.305
24231,808.5065,27.015,0.901
24232,808.5398,23.693,0.791
24233,808.5732,91.458,3.052
24234,808.6066,69.078,2.305
24235,808.6399,60.407,2.016
24236,808.6733,85.428,2.850
24237,808.7067,118.467,3.953
24238,808.7400,128.251,4.279
24239,808.7734,74.925,2.500
24240,808.8068,78.224,2.610
24241,808.8401,154.462,5.154
24242,808.8735,80.697,2.693
24243,808.9069,64.453,2.151
24244,808.9402,137.748,4.596
24245,808.9736,101.909,3.400
24246,809.0070,121.045,4.039
24247,809.0403,14.985,0.500
24248,809.0737,14.985,0.500
24249,809.1071,22.478,0.750
24250,809.1404,14.985,0.500
24251,809.1738,14.985,0.500
24252,809.2072,22.478,0.750
24253,809.2405,16.754,0.559
24254,809.2739,52.980,1.768
24255,809.3073,14.985,0.500
24256,809.3406,37.463,1.250
24257,809.3740,23.693,0.791
24258,809.4074,7.493,0.250
24259,809.4407,29.970,1.000
24260,809.4741,10.596,0.354
24261,809.5075,7.493,0.250
24262,809.5408,14.985,0.500
24263,809.5742,16.754,0.559
24264,809.6076,22.478,0.750
24265,809.6409,37.463,1.250
24266,809.6743,31.788,1.061
24267,809.7077,47.976,1.601
24268,809.7410,27.015,0.901
24269,809.7744,21.192,0.707
24270,809.8078,138.155,4.610
24271,809.8411,70.684,2.358
24272,809.8745,33.508,1.118
24273,809.9079,14.985,0.500
24274,809.9412,0.000,0.000
24275,809.9746,7.493,0.250
24276,810.0080,7.493,0.250
24277,810.0413,0.000,0.000
24278,810.0747,14.985,0.500
24279,810.1081,7.493,0.250
24280,810.1414,29.970,1.000
24281,810.1748,7.493,0.250
24282,810.2082,16.754,0.559
24283,810.2415,37.463,1.250
24284,810.2749,31.788,1.061
24285,810.3083,64.453,2.151
24286,810.3416,16.754,0.559
24287,810.3750,37.463,1.250
24288,810.4084,31.788,1.061
24289,810.4417,47.976,1.601
24290,810.4751,52.980,1.768
24291,810.5085,16.754,0.559
24292,810.5418,37.463,1.250
24293,810.5752,43.689,1.458
24294,810.6086,7.493,0.250
24295,810.6419,7.493,0.250
24296,810.6753,7.493,0.250
24297,810.7087,0.000,0.000
24298,810.7420,7.493,0.250
24299,810.7754,21.192,0.707
24300,810.8088,16.754,0.559
24301,810.8421,7.493,0.250
24302,810.8755,7.493,0.250
24303,810.9089,37.463,1.250
24304,810.9422,67.015,2.236
24305,810.9756,14.985,0.500
24306,811.0090,22.478,0.750
24307,811.0423,47.976,1.601
24308,811.0757,21.192,0.707
24309,811.1091,47.976,1.601
24310,811.1424,47.976,1.601
24311,811.1758,87.377,2.915
24312,811.2092,40.348,1.346
24313,811.2425,30.892,1.031
24314,811.2759,21.192,0.707
24315,811.3093,44.955,1.500
24316,811.3426,7.493,0.250
24317,811.3760,7.493,0.250
24318,811.4094,0.000,0.000
24319,811.4427,7.493,0.250
24320,811.4761,23.693,0.791
24321,811.5095,16.754,0.559
24322,811.5428,31.788,1.061
24323,811.5762,10.596,0.354
24324,811.6096,10.596,0.354
24325,811.6429,0.000,0.000
24326,811.6763,0.000,0.000
24327,811.7097,31.788,1.061
24328,811.7430,16.754,0.559
24329,811.7764,27.015,0.901
24330,811.8098,30.892,1.031
24331,811.8431,29.970,1.000
24332,811.8765,21.192,0.707
24333,811.9099,23.693,0.791
24334,811.9432,38.205,1.275
24335,811.9766,27.015,0.901
24336,812.0099,44.955,1.500
24337,812.0433,14.985,0.500
24338,812.0767,27.015,0.901
24339,812.1100,147.776,4.931
24340,812.1434,97.403,3.250
24341,812.1768,97.690,3.260
24342,812.2101,111.384,3.717
24343,812.2435,60.407,2.016
24344,812.2769,77.140,2.574
24345,812.3102,38.205,1.275
24346,812.3436,16.754,0.559
24347,812.3770,16.754,0.559
24348,812.4103,54.546,1.820
24349,812.4437,47.976,1.601
24350,812.4771,58.518,1.953
24351,812.5104,21.192,0.707
24352,812.5438,47.976,1.601
24353,812.5772,31.788,1.061
24354,812.6105,54.029,1.803
24355,812.6439,52.980,1.768
24356,812.6773,58.518,1.953
24357,812.7106,31.788,1.061
24358,812.7440,37.463,1.250
24359,812.7774,0.000,0.000
24360,812.8107,0.000,0.000
24361,812.8441,7.493,0.250
24362,812.8775,16.754,0.559
24363,812.9108,37.463,1.250
24364,812.9442,43.689,1.458
24365,812.9776,10.596,0.354
24366,813.0109,22.478,0.750
24367,813.0443,0.000,0.000
24368,813.0777,0.000,0.000
24369,813.1110,0.000,0.000
24370,813.1444,0.000,0.000
24371,813.1778,47.387,1.581
24372,813.2111,10.596,0.354
24373,813.2445,31.788,1.061
24374,813.2779,52.448,1.750
24375,813.3112,22.478,0.750
24376,813.3446,30.892,1.031
24377,813.3780,22.478,0.750
24378,813.4113,38.205,1.275
24379,813.4447,22.478,0.750
24380,813.4781,10.596,0.354
24381,813.5114,120.813,4.031
24382,813.5448,42.384,1.414
24383,813.5782,117.276,3.913
24384,813.6115,104.089,3.473
24385,813.6449,104.359,3.482
24386,813.6783,70.684,2.358
24387,813.7116,50.261,1.677
24388,813.7450,0.000,0.000
24389,813.7784,21.192,0.707
24390,813.8117,14.985,0.500
24391,813.8451,40.348,1.346
24392,813.8785,47.976,1.601
24393,813.9118,54.029,1.803
24394,813.9452,42.384,1.414
24395,813.9786,64.453,2.151
24396,814.0119,37.463,1.250
24397,814.0453,23.693,0.791
24398,814.0787,52.980,1.768
24399,814.1120,58.518,1.953
24400,814.1454,10.596,0.354
24401,814.1788,37.463,1.250
24402,814.2121,31.788,1.061
24403,814.2455,30.892,1.031
24404,814.2789,7.493,0.250
24405,814.3122,7.493,0.250
24406,814.3456,30.892,1.031
24407,814.3790,27.015,0.901
24408,814.4123,30.892,1.031
24409,814.4457,7.493,0.250
24410,814.4791,10.596,0.354
24411,814.5124,0.000,0.000
24412,814.5458,0.000,0.000
24413,814.5792,23.693,0.791
24414,814.6125,33.508,1.118
24415,814.6459,16.754,0.559
24416,814.6793,31.788,1.061
24417,814.7126,64.016,2.136
24418,814.7460,29.970,1.000
24419,814.7794,37.463,1.250
24420,814.8127,22.478,0.750
24421,814.8461,22.478,0.750
24422,814.8795,21.192,0.707
24423,814.9128,122.886,4.100
24424,814.9462,43.689,1.458
24425,814.9796,70.684,2.358
24426,815.0129,124.700,4.161
24427,815.0463,100.523,3.354
24428,815.0797,67.015,2.236
24429,815.1130,57.061,1.904
24430,815.1464,33.508,1.118
24431,815.1798,10.596,0.354
24432,815.2131,7.493,0.250
24433,815.2465,16.754,0.559
24434,815.2799,22.478,0.750
24435,815.3132,16.754,0.559
24436,815.3466,54.029,1.803
24437,815.3800,69.078,2.305
24438,815.4133,79.647,2.658
24439,815.4467,21.192,0.707
24440,815.4801,42.384,1.414
24441,815.5134,54.029,1.803
24442,815.5468,64.453,2.151
24443,815.5802,27.015,0.901
24444,815.6135,33.508,1.118
24445,815.6469,14.985,0.500
24446,815.6803,0.000,0.000
24447,815.7136,23.693,0.791
24448,815.7470,40.348,1.346
24449,815.7804,7.493,0.250
24450,815.8137,33.508,1.118
24451,815.8471,7.493,0.250
24452,815.8805,0.000,0.000
24453,815.9138,10.596,0.354
24454,815.9472,0.000,0.000
24455,815.9806,10.596,0.354
24456,816.0139,30.892,1.031
24457,816.0473,10.596,0.354
24458,816.0807,42.384,1.414
24459,816.1140,27.015,0.901
24460,816.1474,52.980,1.768
24461,816.1808,14.985,0.500
24462,816.2141,14.985,0.500
24463,816.2475,52.980,1.768
24464,816.2809,31.788,1.061
24465,816.3142,64.453,2.151
24466,816.3476,38.205,1.275
24467,816.3810,37.463,1.250
24468,816.4143,67.015,2.236
24469,816.4477,168.373,5.618
24470,816.4811,117.276,3.913
24471,816.5144,50.261,1.677
24472,816.5478,40.348,1.346
24473,816.5812,0.000,0.000
24474,816.6145,7.493,0.250
24475,816.6479,27.015,0.901
24476,816.6813,27.015,0.901
24477,816.7146,37.463,1.250
24478,816.7480,47.976,1.601
24479,816.7814,33.508,1.118
24480,816.8147,33.508,1.118
24481,816.8481,54.029,1.803
24482,816.8815,37.463,1.250
24483,816.9148,58.518,1.953
24484,816.9482,47.976,1.601
24485,816.9816,81.044,2.704
24486,817.0149,31.788,1.061
24487,817.0483,7.493,0.250
24488,817.0817,31.788,1.061
24489,817.1150,40.348,1.346
24490,817.1484,23.693,0.791
24491,817.1818,14.985,0.500
24492,817.2151,52.980,1.768
24493,817.2485,10.596,0.354
24494,817.2819,7.493,0.250
24495,817.3152,16.754,0.559
24496,817.3486,7.493,0.250
24497,817.3820,0.000,0.000
24498,817.4153,23.693,0.791
24499,817.4487,33.508,1.118
24500,817.4821,31.788,1.061
24501,817.5154,31.788,1.061
24502,817.5488,30.892,1.031
24503,817.5822,30.892,1.031
24504,817.6155,30.892,1.031
24505,817.6489,14.985,0.500
24506,817.6823,16.754,0.559
24507,817.7156,30.892,1.031
24508,817.7490,90.222,3.010
24509,817.7824,60.407,2.016
24510,817.8157,43.689,1.458
24511,817.8491,42.384,1.414
24512,817.8825,81.044,2.704
24513,817.9158,194.373,6.486
24514,817.9492,67.015,2.236
24515,817.9826,64.016,2.136
24516,818.0159,10.596,0.354
24517,818.0493,16.754,0.559
24518,818.0827,7.493,0.250
24519,818.1160,7.493,0.250
24520,818.1494,70.684,2.358
24521,818.1828,37.463,1.250
24522,818.2161,67.015,2.236
24523,818.2495,33.508,1.118
24524,818.2829,57.061,1.904
24525,818.3162,33.508,1.118
24526,818.3496,58.518,1.953
24527,818.3830,50.261,1.677
24528,818.4163,42.384,1.414
24529,818.4497,21.192,0.707
24530,818.4831,37.463,1.250
24531,818.5164,10.596,0.354
24532,818.5498,14.985,0.500
24533,818.5832,27.015,0.901
24534,818.6165,42.384,1.414
24535,818.6499,16.754,0.559
24536,818.6833,16.754,0.559
24537,818.7166,0.000,0.000
24538,818.7500,22.478,0.750
24539,818.7834,7.493,0.250
24540,818.8167,7.493,0.250
24541,818.8501,22.478,0.750
24542,818.8835,29.970,1.000
24543,818.9168,30.892,1.031
24544,818.9502,52.980,1.768
24545,818.9836,37.463,1.250
24546,819.0169,21.192,0.707
24547,819.0503,38.205,1.275
24548,819.0837,21.192,0.707
24549,819.1170,40.348,1.346
24550,819.1504,16.754,0.559
24551,819.1838,47.976,1.601
24552,819.2171,52.980,1.768
24553,819.2505,33.508,1.118
24554,819.2839,37.463,1.250
24555,819.3172,23.693,0.791
24556,819.3506,31.788,1.061
24557,819.3840,16.754,0.559
24558,819.4173,10.596,0.354
24559,819.4507,0.000,0.000
24560,819.4841,0.000,0.000
24561,819.5174,27.015,0.901
24562,819.5508,7.493,0.250
24563,819.5842,27.015,0.901
24564,819.6175,0.000,0.000
24565,819.6509,81.044,2.704
24566,819.6843,30.892,1.031
24567,819.7176,33.508,1.118
24568,819.7510,33.508,1.118
24569,819.7844,40.348,1.346
24570,819.8177,61.785,2.062
24571,819.8511,43.689,1.458
24572,819.8845,10.596,0.354
24573,819.9178,10.596,0.354
24574,819.9512,29.970,1.000
24575,819.9846,29.970,1.000
24576,820.0179,42.384,1.414
24577,820.0513,30.892,1.031
24578,820.0847,50.261,1.677
24579,820.1180,14.985,0.500
24580,820.1514,7.493,0.250
24581,820.1848,21.192,0.707
24582,820.2181,0.000,0.000
24583,820.2515,7.493,0.250
24584,820.2849,27.015,0.901
24585,820.3182,22.478,0.750
24586,820.3516,47.387,1.581
24587,820.3850,14.985,0.500
24588,820.4183,22.478,0.750
24589,820.4517,21.192,0.707
24590,820.4851,21.192,0.707
24591,820.5184,10.596,0.354
24592,820.5518,54.029,1.803
24593,820.5852,37.463,1.250
24594,820.6185,40.348,1.346
24595,820.6519,40.348,1.346
24596,820.6853,33.508,1.118
24597,820.7186,37.463,1.250
24598,820.7520,21.192,0.707
24599,820.7854,10.596,0.354
24600,820.8187,27.015,0.901
24601,820.8521,7.493,0.250
24602,820.8855,0.000,0.000
24603,820.9188,0.000,0.000
24604,820.9522,7.493,0.250
24605,820.9856,14.985,0.500
24606,821.0189,30.892,1.031
24607,821.0523,0.000,0.000
24608,821.0857,38.205,1.275
24609,821.1190,54.546,1.820
24610,821.1524,54.546,1.820
24611,821.1858,29.970,1.000
24612,821.2191,30.892,1.031
24613,821.2525,33.508,1.118
24614,821.2859,42.384,1.414
24615,821.3192,7.493,0.250
24616,821.3526,21.192,0.707
24617,821.3860,54.546,1.820
24618,821.4193,16.754,0.559
24619,821.4527,37.463,1.250
24620,821.4861,33.508,1.118
24621,821.5194,16.754,0.559
24622,821.5528,21.192,0.707
24623,821.5862,30.892,1.031
24624,821.6195,14.985,0.500
24625,821.6529,10.596,0.354
24626,821.6863,14.985,0.500
24627,821.7196,23.693,0.791
24628,821.7530,43.689,1.458
24629,821.7864,52.980,1.768
24630,821.8197,10.596,0.354
24631,821.8531,64.453,2.151
24632,821.8865,27.015,0.901
24633,821.9198,10.596,0.354
24634,821.9532,22.478,0.750
24635,821.9866,139.369,4.650
24636,822.0199,42.384,1.414
24637,822.0533,16.754,0.559
24638,822.0867,30.892,1.031
24639,822.1200,42.384,1.414
24640,822.1534,37.463,1.250
24641,822.1868,30.892,1.031
24642,822.2201,22.478,0.750
24643,822.2535,7.493,0.250
24644,822.2869,7.493,0.250
24645,822.3202,10.596,0.354
24646,822.3536,7.493,0.250
24647,822.3870,23.693,0.791
24648,822.4203,10.596,0.354
24649,822.4537,37.463,1.250
24650,822.4871,40.348,1.346
24651,822.5204,21.192,0.707
24652,822.5538,10.596,0.354
24653,822.5872,58.518,1.953
24654,822.6205,47.976,1.601
24655,822.6539,50.261,1.677
24656,822.6873,16.754,0.559
24657,822.7206,33.508,1.118
24658,822.7540,16.754,0.559
24659,822.7874,7.493,0.250
24660,822.8207,27.015,0.901
24661,822.8541,38.205,1.275
24662,822.8875,23.693,0.791
24663,822.9208,22.478,0.750
24664,822.9542,33.508,1.118
24665,822.9876,22.478,0.750
24666,823.0209,16.754,0.559
24667,823.0543,0.000,0.000
24668,823.0877,0.000,0.000
24669,823.1210,16.754,0.559
24670,823.1544,40.348,1.346
24671,823.1878,43.689,1.458
24672,823.2211,23.693,0.791
24673,823.2545,21.192,0.707
24674,823.2879,33.508,1.118
24675,823.3212,37.463,1.250
24676,823.3546,16.754,0.559
24677,823.3880,33.508,1.118
24678,823.4213,64.453,2.151
24679,823.4547,47.976,1.601
24680,823.4881,47.976,1.601
24681,823.5214,81.044,2.704
24682,823.5548,33.508,1.118
24683,823.5882,37.463,1.250
24684,823.6215,22.478,0.750
24685,823.6549,0.000,0.000
24686,823.6883,30.892,1.031
24687,823.7216,10.596,0.354
24688,823.7550,10.596,0.354
24689,823.7884,7.493,0.250
24690,823.8217,0.000,0.000
24691,823.8551,21.192,0.707
24692,823.8885,14.985,0.500
24693,823.9218,37.463,1.250
24694,823.9552,37.463,1.250
24695,823.9886,43.689,1.458
24696,824.0219,27.015,0.901
24697,824.0553,43.689,1.458
24698,824.0887,58.518,1.953
24699,824.1220,40.348,1.346
24700,824.1554,16.754,0.559
24701,824.1888,14.985,0.500
24702,824.2221,16.754,0.559
24703,824.2555,21.192,0.707
24704,824.2889,22.478,0.750
24705,824.3222,23.693,0.791
24706,824.3556,23.693,0.791
24707,824.3890,7.493,0.250
24708,824.4223,7.493,0.250
24709,824.4557,7.493,0.250
24710,824.4891,16.754,0.559
24711,824.5224,16.754,0.559
24712,824.5558,7.493,0.250
24713,824.5892,16.754,0.559
24714,824.6225,21.192,0.707
24715,824.6559,30.892,1.031
24716,824.6893,23.693,0.791
24717,824.7226,22.478,0.750
24718,824.7560,29.970,1.000
24719,824.7894,74.172,2.475
24720,824.8227,31.788,1.061
24721,824.8561,37.463,1.250
24722,824.8895,63.576,2.121
24723,824.9228,37.463,1.250
24724,824.9562,47.976,1.601
24725,824.9896,14.985,0.500
24726,825.0229,47.976,1.601
24727,825.0563,7.493,0.250
24728,825.0897,27.015,0.901
24729,825.1230,10.596,0.354
24730,825.1564,10.596,0.354
24731,825.1898,0.000,0.000
24732,825.2231,10.596,0.354
24733,825.2565,42.384,1.414
24734,825.2899,29.970,1.000
24735,825.3232,14.985,0.500
24736,825.3566,45.575,1.521
24737,825.3900,43.689,1.458
24738,825.4233,33.508,1.118
24739,825.4567,23.693,0.791
24740,825.4901,37.463,1.250
24741,825.5234,79.647,2.658
24742,825.5568,16.754,0.559
24743,825.5902,30.892,1.031
24744,825.6235,21.192,0.707
24745,825.6569,47.976,1.601
24746,825.6903,10.596,0.354
24747,825.7236,27.015,0.901
24748,825.7570,16.754,0.559
24749,825.7904,10.596,0.354
24750,825.8237,7.493,0.250
24751,825.8571,0.000,0.000
24752,825.8905,0.000,0.000
24753,825.9238,7.493,0.250
24754,825.9572,0.000,0.000
24755,825.9906,16.754,0.559
24756,826.0239,23.693,0.791
24757,826.0573,30.892,1.031
24758,826.0907,21.192,0.707
24759,826.1240,10.596,0.354
24760,826.1574,30.892,1.031
24761,826.1908,67.848,2.264
24762,826.2241,37.463,1.250
24763,826.2575,37.463,1.250
24764,826.2909,33.508,1.118
24765,826.3242,37.463,1.250
24766,826.3576,69.078,2.305
24767,826.3910,27.015,0.901
24768,826.4243,23.693,0.791
24769,826.4577,37.463,1.250
24770,826.4911,16.754,0.559
24771,826.5244,0.000,0.000
24772,826.5578,0.000,0.000
24773,826.5912,0.000,0.000
24774,826.6245,10.596,0.354
24775,826.6579,57.061,1.904
24776,826.6913,14.985,0.500
24777,826.7246,22.478,0.750
24778,826.7580,60.407,2.016
24779,826.7914,33.508,1.118
24780,826.8247,64.453,2.151
24781,826.8581,31.788,1.061
24782,826.8915,42.384,1.414
24783,826.9248,50.261,1.677
24784,826.9582,21.192,0.707
24785,826.9916,21.192,0.707
24786,827.0249,30.892,1.031
24787,827.0583,29.970,1.000
24788,827.0917,14.985,0.500
24789,827.1250,0.000,0.000
24790,827.1584,33.508,1.118
24791,827.1918,10.596,0.354
24792,827.2251,7.493,0.250
24793,827.2585,7.493,0.250
24794,827.2919,10.596,0.354
24795,827.3252,21.192,0.707
24796,827.3586,37.463,1.250
24797,827.3920,47.976,1.601
24798,827.4253,7.493,0.250
24799,827.4587,29.970,1.000
24800,827.4921,14.985,0.500
24801,827.5254,43.689,1.458
24802,827.5588,74.925,2.500
24803,827.5922,47.976,1.601
24804,827.6255,42.384,1.414
24805,827.6589,64.453,2.151
24806,827.6923,31.788,1.061
24807,827.7256,42.384,1.414
24808,827.7590,7.493,0.250
24809,827.7924,27.015,0.901
24810,827.8257,10.596,0.354
24811,827.8591,0.000,0.000
24812,827.8925,0.000,0.000
24813,827.9258,33.508,1.118
24814,827.9592,37.463,1.250
24815,827.9926,23.693,0.791
24816,828.0259,22.478,0.750
24817,828.0593,63.576,2.121
24818,828.0927,40.348,1.346
24819,828.1260,42.384,1.414
24820,828.1594,50.261,1.677
24821,828.1928,79.647,2.658
24822,828.2261,14.985,0.500
24823,828.2595,16.754,0.559
24824,828.2929,43.689,1.458
24825,828.3262,16.754,0.559
24826,828.3596,10.596,0.354
24827,828.3930,22.478,0.750
24828,828.4263,7.493,0.250
24829,828.4597,0.000,0.000
24830,828.4931,10.596,0.354
24831,828.5264,7.493,0.250
24832,828.5598,69.078,2.305
24833,828.5932,10.596,0.354
24834,828.6265,23.693,0.791
24835,828.6599,37.463,1.250
24836,828.6933,44.955,1.500
24837,828.7266,21.192,0.707
24838,828.7600,69.078,2.305
24839,828.7934,77.140,2.574
24840,828.8267,54.029,1.803
24841,828.8601,43.689,1.458
24842,828.8935,73.793,2.462
24843,828.9268,22.478,0.750
24844,828.9602,23.693,0.791
24845,828.9936,16.754,0.559
24846,829.0269,33.508,1.118
24847,829.0603,7.493,0.250
24848,829.0937,16.754,0.559
24849,829.1270,45.575,1.521
24850,829.1604,16.754,0.559
24851,829.1938,76.409,2.550
24852,829.2271,23.693,0.791
24853,829.2605,33.508,1.118
24854,829.2939,54.029,1.803
24855,829.3272,47.976,1.601
24856,829.3606,63.576,2.121
24857,829.3940,27.015,0.901
24858,829.4273,16.754,0.559
24859,829.4607,43.689,1.458
24860,829.4941,21.192,0.707
24861,829.5274,14.985,0.500
24862,829.5608,27.015,0.901
24863,829.5942,7.493,0.250
24864,829.6275,0.000,0.000
24865,829.6609,14.985,0.500
24866,829.6943,7.493,0.250
24867,829.7276,16.754,0.559
24868,829.7610,14.985,0.500
24869,829.7944,54.546,1.820
24870,829.8277,59.940,2.000
24871,829.8611,29.970,1.000
24872,829.8945,37.463,1.250
24873,829.9278,69.078,2.305
24874,829.9612,81.044,2.704
24875,829.9946,54.029,1.803
24876,830.0279,54.029,1.803
24877,830.0613,73.793,2.462
24878,830.0947,16.754,0.559
24879,830.1280,16.754,0.559
24880,830.1614,16.754,0.559
24881,830.1948,0.000,0.000
24882,830.2281,0.000,0.000
24883,830.2615,52.980,1.768
24884,830.2949,16.754,0.559
24885,830.3282,45.575,1.521
24886,830.3616,50.261,1.677
24887,830.3950,31.788,1.061
24888,830.4283,50.261,1.677
24889,830.4617,90.222,3.010
24890,830.4951,27.015,0.901
24891,830.5284,21.192,0.707
24892,830.5618,16.754,0.559
24893,830.5952,33.508,1.118
24894,830.6285,27.015,0.901
24895,830.6619,33.508,1.118
24896,830.6953,10.596,0.354
24897,830.7286,10.596,0.354
24898,830.7620,10.596,0.354
24899,830.7954,23.693,0.791
24900,830.8287,10.596,0.354
24901,830.8621,43.689,1.458
24902,830.8955,33.508,1.118
24903,830.9288,47.976,1.601
24904,830.9622,38.205,1.275
24905,830.9956,7.493,0.250
24906,831.0289,23.693,0.791
24907,831.0623,84.768,2.828
24908,831.0957,81.044,2.704
24909,831.1290,63.576,2.121
24910,831.1624,47.976,1.601
24911,831.1958,97.403,3.250
24912,831.2291,14.985,0.500
24913,831.2625,14.985,0.500
24914,831.2959,10.596,0.354
24915,831.3292,16.754,0.559
24916,831.3626,16.754,0.559
24917,831.3960,23.693,0.791
24918,831.4293,22.478,0.750
24919,831.4627,74.172,2.475
24920,831.4961,23.693,0.791
24921,831.5294,58.518,1.953
24922,831.5628,16.754,0.559
24923,831.5962,47.976,1.601
24924,831.6295,74.925,2.500
24925,831.6629,33.508,1.118
24926,831.6963,7.493,0.250
24927,831.7296,45.575,1.521
24928,831.7630,23.693,0.791
24929,831.7964,37.463,1.250
24930,831.8297,7.493,0.250
24931,831.8631,16.754,0.559
24932,831.8965,0.000,0.000
24933,831.9298,0.000,0.000
24934,831.9632,22.478,0.750
24935,831.9966,37.463,1.250
24936,832.0299,23.693,0.791
24937,832.0633,47.976,1.601
24938,832.0967,30.892,1.031
24939,832.1300,16.754,0.559
24940,832.1634,14.985,0.500
24941,832.1968,90.222,3.010
24942,832.2301,95.951,3.202
24943,832.2635,58.518,1.953
24944,832.2969,67.015,2.236
24945,832.3302,87.698,2.926
24946,832.3636,16.754,0.559
24947,832.3970,16.754,0.559
24948,832.4303,0.000,0.000
24949,832.4637,7.493,0.250
24950,832.4971,0.000,0.000
24951,832.5304,38.205,1.275
24952,832.5638,67.015,2.236
24953,832.5972,21.192,0.707
24954,832.6305,38.205,1.275
24955,832.6639,47.976,1.601
24956,832.6973,95.364,3.182
24957,832.7306,37.463,1.250
24958,832.7640,33.508,1.118
24959,832.7974,22.478,0.750
24960,832.8307,33.508,1.118
24961,832.8641,14.985,0.500
24962,832.8975,10.596,0.354
24963,832.9308,23.693,0.791
24964,832.9642,0.000,0.000
24965,832.9976,16.754,0.559
24966,833.0309,27.015,0.901
24967,833.0643,0.000,0.000
24968,833.0977,42.384,1.414
24969,833.1310,30.892,1.031
24970,833.1644,54.029,1.803
24971,833.1978,38.205,1.275
24972,833.2311,14.985,0.500
24973,833.2645,0.000,0.000
24974,833.2979,52.980,1.768
24975,833.3312,106.489,3.553
24976,833.3646,54.029,1.803
24977,833.3980,54.029,1.803
24978,833.4313,93.881,3.132
24979,833.4647,27.015,0.901
24980,833.4981,7.493,0.250
24981,833.5314,14.985,0.500
24982,833.5648,7.493,0.250
24983,833.5982,0.000,0.000
24984,833.6315,43.689,1.458
24985,833.6649,44.955,1.500
24986,833.6982,33.508,1.118
24987,833.7316,29.970,1.000
24988,833.7650,58.518,1.953
24989,833.7983,85.428,2.850
24990,833.8317,23.693,0.791
24991,833.8651,43.689,1.458
24992,833.8984,37.463,1.250
24993,833.9318,0.000,0.000
24994,833.9652,105.960,3.536
24995,833.9985,45.575,1.521
24996,834.0319,54.029,1.803
24997,834.0653,54.029,1.803
24998,834.0986,7.493,0.250
24999,834.1320,23.693,0.791
25000,834.1654,10.596,0.354
25001,834.1987,22.478,0.750
25002,834.2321,29.970,1.000
25003,834.2655,47.387,1.581
25004,834.2988,22.478,0.750
25005,834.3322,16.754,0.559
25006,834.3656,128.251,4.279
25007,834.3989,59.940,2.000
25008,834.4323,52.448,1.750
25009,834.4657,61.785,2.062
25010,834.4990,52.448,1.750
25011,834.5324,29.970,1.000
25012,834.5658,14.985,0.500
25013,834.5991,67.015,2.236
25014,834.6325,22.478,0.750
25015,834.6659,37.463,1.250
25016,834.6992,37.463,1.250
25017,834.7326,52.448,1.750
25018,834.7660,29.970,1.000
25019,834.7993,52.980,1.768
25020,834.8327,59.940,2.000
25021,834.8661,60.407,2.016
25022,834.8994,67.015,2.236
25023,834.9328,59.940,2.000
25024,834.9662,69.078,2.305
25025,834.9995,16.754,0.559
25026,835.0329,30.892,1.031
25027,835.0663,43.689,1.458
25028,835.0996,14.985,0.500
25029,835.1330,0.000,0.000
25030,835.1664,0.000,0.000
25031,835.1997,23.693,0.791
25032,835.2331,10.596,0.354
25033,835.2665,52.980,1.768
25034,835.2998,40.348,1.346
25035,835.3332,37.463,1.250
25036,835.3666,22.478,0.750
25037,835.3999,33.508,1.118
25038,835.4333,50.261,1.677
25039,835.4667,100.523,3.354
25040,835.5000,14.985,0.500
25089,837.1350,18.511,30.265
25090,837.1684,7.493,0.250
25091,837.2017,16.754,0.559
25092,837.2351,16.754,0.559
25093,837.2685,23.693,0.791
25094,837.3018,10.596,0.354
25095,837.3352,22.478,0.750
25096,837.3686,29.970,1.000
25097,837.4019,45.575,1.521
25098,837.4353,14.985,0.500
25099,837.4687,0.000,0.000
25100,837.5020,22.478,0.750
25126,838.3696,15.915,13.807
25127,838.4029,10.596,0.354
25128,838.4363,37.463,1.250
25129,838.4697,16.754,0.559
25130,838.5030,45.575,1.521
25131,838.5364,14.985,0.500
25132,838.5698,29.970,1.000
25133,838.6031,29.970,1.000
25134,838.6365,33.508,1.118
25135,838.6699,30.892,1.031
25136,838.7032,38.205,1.275
25137,838.7366,22.478,0.750
25138,838.7700,30.892,1.031
25139,838.8033,60.407,2.016
25140,838.8367,29.970,1.000
25141,838.8701,22.478,0.750
25142,838.9034,7.493,0.250
25143,838.9368,14.985,0.500
25144,838.9702,57.061,1.904
25145,839.0035,30.892,1.031
25146,839.0369,27.015,0.901
25147,839.0703,27.015,0.901
25148,839.1036,7.493,0.250
25149,839.1370,0.000,0.000
25150,839.1704,43.689,1.458
25151,839.2037,67.015,2.236
25152,839.2371,29.970,1.000
25153,839.2705,101.909,3.400
25154,839.3038,76.409,2.550
25155,839.3372,107.277,3.579
25156,839.3706,37.463,1.250
25157,839.4039,7.493,0.250
25158,839.4373,0.000,0.000
25159,839.4707,10.596,0.354
25160,839.5040,37.463,1.250
25161,839.5374,22.478,0.750
25162,839.5708,37.463,1.250
25163,839.6041,22.478,0.750
25164,839.6375,22.478,0.750
25165,839.6709,10.596,0.354
25166,839.7042,45.575,1.521
25167,839.7376,30.892,1.031
25168,839.7710,47.976,1.601
25169,839.8043,60.407,2.016
25170,839.8377,30.892,1.031
25171,839.8711,14.985,0.500
25172,839.9044,10.596,0.354
25173,839.9378,93.881,3.132
25174,839.9712,45.575,1.521
25175,840.0045,7.493,0.250
25176,840.0379,0.000,0.000
25177,840.0713,16.754,0.559
25178,840.1046,64.016,2.136
25179,840.1380,33.508,1.118
25180,840.1714,21.192,0.707
25181,840.2047,0.000,0.000
25182,840.2381,10.596,0.354
25183,840.2715,14.985,0.500
25184,840.3048,61.785,2.062
25185,840.3382,29.970,1.000
25186,840.3716,105.960,3.536
25187,840.4049,85.428,2.850
25188,840.4383,60.407,2.016
25189,840.4717,61.785,2.062
25190,840.5050,45.575,1.521
25191,840.5384,16.754,0.559
25192,840.5718,7.493,0.250
25193,840.6051,38.205,1.275
25194,840.6385,54.546,1.820
25195,840.6719,10.596,0.354
25196,840.7052,7.493,0.250
25197,840.7386,29.970,1.000
25198,840.7720,14.985,0.500
25199,840.8053,37.463,1.250
25200,840.8387,61.785,2.062
25201,840.8721,7.493,0.250
25202,840.9054,47.976,1.601
25203,840.9388,16.754,0.559
25204,840.9722,30.892,1.031
25205,841.0055,0.000,0.000
25206,841.0389,80.697,2.693
25207,841.0723,38.205,1.275
25208,841.1056,30.892,1.031
25209,841.1390,14.985,0.500
25210,841.1724,7.493,0.250
25211,841.2057,73.793,2.462
25212,841.2391,23.693,0.791
25213,841.2725,27.015,0.901
25214,841.3058,16.754,0.559
25215,841.3392,7.493,0.250
25216,841.3726,14.985,0.500
25217,841.4059,50.261,1.677
25218,841.4393,64.016,2.136
25219,841.4727,76.409,2.550
25220,841.5060,91.150,3.041
25221,841.5394,43.689,1.458
25222,841.5728,92.677,3.092
25223,841.6061,23.693,0.791
25224,841.6395,7.493,0.250
25225,841.6729,10.596,0.354
25226,841.7062,30.892,1.031
25227,841.7396,23.693,0.791
25228,841.7730,59.940,2.000
25229,841.8063,0.000,0.000
25230,841.8397,40.348,1.346
25231,841.8731,7.493,0.250
25232,841.9064,50.261,1.677
25233,841.9398,29.970,1.000
25234,841.9732,31.788,1.061
25235,842.0065,37.463,1.250
25236,842.0399,38.205,1.275
25237,842.0733,29.970,1.000
25238,842.1066,29.970,1.000
25239,842.1400,70.684,2.358
25240,842.1734,38.205,1.275
25241,842.2067,7.493,0.250
25242,842.2401,23.693,0.791
25243,842.2735,60.407,2.016
25244,842.3068,29.970,1.000
25245,842.3402,30.892,1.031
25246,842.3736,16.754,0.559
25247,842.4069,10.596,0.354
25248,842.4403,21.192,0.707
25249,842.4737,0.000,0.000
25250,842.5070,27.015,0.901
25251,842.5404,45.575,1.521
25252,842.5738,45.575,1.521
25253,842.6071,99.963,3.335
25254,842.6405,82.758,2.761
25255,842.6739,30.892,1.031
25256,842.7072,91.150,3.041
25257,842.7406,16.754,0.559
25258,842.7740,16.754,0.559
25259,842.8073,14.985,0.500
25260,842.8407,0.000,0.000
25261,842.8741,54.029,1.803
25262,842.9074,10.596,0.354
25263,842.9408,37.463,1.250
25264,842.9742,14.985,0.500
25265,843.0075,27.015,0.901
25266,843.0409,44.955,1.500
25267,843.0743,23.693,0.791
25268,843.1076,37.463,1.250
25269,843.1410,29.970,1.000
25270,843.1744,61.785,2.062
25271,843.2077,16.754,0.559
25272,843.2411,14.985,0.500
25273,843.2745,90.532,3.021
25274,843.3078,23.693,0.791
25275,843.3412,27.015,0.901
25276,843.3746,23.693,0.791
25277,843.4079,43.689,1.458
25278,843.4413,44.955,1.500
25279,843.4747,16.754,0.559
25280,843.5080,14.985,0.500
25281,843.5414,10.596,0.354
25282,843.5748,0.000,0.000
25283,843.6081,71.080,2.372
25284,843.6415,29.970,1.000
25285,843.6749,44.955,1.500
25286,843.7082,69.078,2.305
25287,843.7416,179.976,6.005
25288,843.7750,22.478,0.750
25289,843.8083,10.596,0.354
25290,843.8417,0.000,0.000
25291,843.8751,0.000,0.000
25292,843.9084,7.493,0.250
25293,843.9418,27.015,0.901
25294,843.9752,45.575,1.521
25295,844.0085,14.985,0.500
25296,844.0419,47.387,1.581
25297,844.0753,33.508,1.118
25298,844.1086,14.985,0.500
25299,844.1420,21.192,0.707
25300,844.1754,30.892,1.031
25301,844.2087,75.299,2.512
25302,844.2421,42.384,1.414
25303,844.2755,45.575,1.521
25304,844.3088,78.224,2.610
25305,844.3422,40.348,1.346
25306,844.3756,37.463,1.250
25307,844.4089,38.205,1.275
25308,844.4423,37.463,1.250
25309,844.4757,0.000,0.000
25310,844.5090,7.493,0.250
25311,844.5424,0.000,0.000
25312,844.5758,10.596,0.354
25313,844.6091,60.407,2.016
25314,844.6425,60.407,2.016
25315,844.6759,52.980,1.768
25316,844.7092,127.373,4.250
25317,844.7426,67.433,2.250
25318,844.7760,60.407,2.016
25319,844.8093,27.015,0.901
25320,844.8427,14.985,0.500
25321,844.8761,10.596,0.354
25322,844.9094,29.970,1.000
25323,844.9428,16.754,0.559
25324,844.9762,10.596,0.354
25325,845.0095,0.000,0.000
25326,845.0429,7.493,0.250
25327,845.0763,23.693,0.791
25328,845.1096,21.192,0.707
25329,845.1430,14.985,0.500
25330,845.1764,29.970,1.000
25331,845.2097,50.261,1.677
25332,845.2431,47.976,1.601
25333,845.2765,27.015,0.901
25334,845.3098,44.955,1.500
25335,845.3432,105.163,3.509
25336,845.3766,16.754,0.559
25337,845.4099,60.407,2.016
25338,845.4433,61.785,2.062
25339,845.4767,59.940,2.000
25340,845.5100,44.955,1.500
25341,845.5434,23.693,0.791
25342,845.5768,0.000,0.000
25343,845.6101,10.596,0.354
25344,845.6435,7.493,0.250
25345,845.6769,60.407,2.016
25346,845.7102,16.754,0.559
25347,845.7436,52.980,1.768
25348,845.7770,129.341,4.316
25349,845.8103,67.848,2.264
25350,845.8437,44.955,1.500
25351,845.8771,64.016,2.136
25352,845.9104,7.493,0.250
25353,845.9438,0.000,0.000
25354,845.9772,7.493,0.250
25355,846.0105,30.892,1.031
25356,846.0439,22.478,0.750
25357,846.0773,14.985,0.500
25358,846.1106,7.493,0.250
25359,846.1440,21.192,0.707
25360,846.1774,16.754,0.559
25361,846.2107,27.015,0.901
25362,846.2441,16.754,0.559
25363,846.2775,16.754,0.559
25364,846.3108,45.575,1.521
25365,846.3442,0.000,0.000
25366,846.3776,14.985,0.500
25367,846.4109,120.114,4.008
25368,846.4443,120.114,4.008
25369,846.4777,61.785,2.062
25370,846.5110,52.448,1.750
25371,846.5444,52.448,1.750
25372,846.5778,37.463,1.250
25373,846.6111,38.205,1.275
25374,846.6445,10.596,0.354
25375,846.6779,10.596,0.354
25376,846.7112,7.493,0.250
25377,846.7446,0.000,0.000
25378,846.7780,21.192,0.707
25379,846.8113,104.895,3.500
25380,846.8447,54.546,1.820
25381,846.8781,61.785,2.062
25382,846.9114,82.758,2.761
25383,846.9448,47.387,1.581
25384,846.9782,67.848,2.264
25385,847.0115,27.015,0.901
25386,847.0449,23.693,0.791
25387,847.0783,22.478,0.750
25388,847.1116,10.596,0.354
25389,847.1450,27.015,0.901
25390,847.1784,7.493,0.250
25391,847.2117,0.000,0.000
25392,847.2451,7.493,0.250
25393,847.2785,16.754,0.559
25394,847.3118,7.493,0.250
25395,847.3452,14.985,0.500
25396,847.3786,14.985,0.500
25397,847.4119,29.970,1.000
25398,847.4453,40.348,1.346
25399,847.4787,67.433,2.250
25400,847.5120,105.163,3.509
25402,847.5788,63.797,4.257
25403,847.6121,59.940,2.000
25404,847.6455,59.940,2.000
25405,847.6789,38.205,1.275
25406,847.7122,38.205,1.275
25407,847.7456,16.754,0.559
25408,847.7790,0.000,0.000
25409,847.8123,10.596,0.354
25410,847.8457,0.000,0.000
25411,847.8791,45.575,1.521
25412,847.9124,30.892,1.031
25413,847.9458,60.407,2.016
25414,847.9792,120.813,4.031
25415,848.0125,90.222,3.010
25416,848.0459,37.463,1.250
25417,848.0793,76.409,2.550
25418,848.1126,16.754,0.559
25419,848.1460,27.015,0.901
25420,848.1794,10.596,0.354
25421,848.2127,37.463,1.250
25422,848.2461,7.493,0.250
25423,848.2795,22.478,0.750
25424,848.3128,7.493,0.250
25425,848.3462,0.000,0.000
25426,848.3796,16.754,0.559
25427,848.4129,27.015,0.901
25428,848.4463,10.596,0.354
25429,848.4797,22.478,0.750
25430,848.5130,29.970,1.000
25431,848.5464,33.508,1.118
25432,848.5798,52.448,1.750
25433,848.6131,112.637,3.758
25434,848.6465,14.985,0.500
25435,848.6799,120.114,4.008
25436,848.7132,47.387,1.581
25437,848.7466,52.980,1.768
25438,848.7800,27.015,0.901
25439,848.8133,38.205,1.275
25440,848.8467,22.478,0.750
25441,848.8801,0.000,0.000
25442,848.9134,0.000,0.000
25443,848.9468,0.000,0.000
25445,849.0135,30.203,2.016
25446,849.0469,52.980,1.768
25447,849.0803,69.078,2.305
25448,849.1136,120.813,4.031
25449,849.1470,60.407,2.016
25450,849.1804,7.493,0.250
25451,849.2137,74.925,2.500
25452,849.2471,29.970,1.000
25453,849.2805,27.015,0.901
25454,849.3138,33.508,1.118
25455,849.3472,7.493,0.250
25456,849.3806,0.000,0.000
25457,849.4139,14.985,0.500
25458,849.4473,10.596,0.354
25459,849.4807,10.596,0.354
25460,849.5140,27.015,0.901
25461,849.5474,14.985,0.500
25462,849.5808,0.000,0.000
25463,849.6141,38.205,1.275
25464,849.6475,23.693,0.791
25465,849.6809,31.788,1.061
25466,849.7142,69.078,2.305
25467,849.7476,30.892,1.031
25468,849.7810,60.407,2.016
25469,849.8143,61.785,2.062
25470,849.8477,120.114,4.008
25471,849.8811,52.980,1.768
25472,849.9144,45.575,1.521
25473,849.9478,21.192,0.707
25474,849.9812,7.493,0.250
25475,850.0145,7.493,0.250
25476,850.0479,10.596,0.354
25477,850.0813,52.448,1.750
25478,850.1146,60.407,2.016
25479,850.1480,60.407,2.016
25480,850.1814,10.596,0.354
25481,850.2147,121.969,4.070
25482,850.2481,45.575,1.521
25483,850.2815,21.192,0.707
25484,850.3148,60.407,2.016
25485,850.3482,67.433,2.250
25486,850.3816,44.955,1.500
25487,850.4149,60.407,2.016
25488,850.4483,30.892,1.031
25489,850.4817,37.463,1.250
25490,850.5150,33.508,1.118
25491,850.5484,23.693,0.791
25492,850.5818,21.192,0.707
25493,850.6151,16.754,0.559
25494,850.6485,14.985,0.500
25495,850.6819,47.387,1.581
25496,850.7152,10.596,0.354
25497,850.7486,7.493,0.250
25498,850.7820,59.940,2.000
25499,850.8153,67.015,2.236
25500,850.8487,0.000,0.000
25501,850.8821,44.955,1.500
25502,850.9154,30.892,1.031
25503,850.9488,10.596,0.354
25504,850.9822,61.785,2.062
25505,851.0155,74.925,2.500
25506,851.0489,76.409,2.550
25507,851.0823,105.163,3.509
25508,851.1156,127.593,4.257
25509,851.1490,60.407,2.016
25510,851.1824,59.940,2.000
25511,851.2157,59.940,2.000
25512,851.2491,45.575,1.521
25513,851.2825,60.407,2.016
25514,851.3158,101.909,3.400
25515,851.3492,38.205,1.275
25516,851.3826,38.205,1.275
25517,851.4159,42.384,1.414
25518,851.4493,29.970,1.000
25519,851.4827,31.788,1.061
25520,851.5160,7.493,0.250
25521,851.5494,0.000,0.000
25522,851.5828,29.970,1.000
25523,851.6161,31.788,1.061
25524,851.6495,16.754,0.559
25525,851.6829,42.384,1.414
25526,851.7162,31.788,1.061
25527,851.7496,99.963,3.335
25528,851.7830,23.693,0.791
25529,851.8163,37.463,1.250
25530,851.8497,67.848,2.264
25531,851.8831,16.754,0.559
25532,851.9164,0.000,0.000
25533,851.9498,14.985,0.500
25534,851.9832,7.493,0.250
25535,852.0165,27.015,0.901
25536,852.0499,94.774,3.162
25537,852.0833,37.463,1.250
25538,852.1166,113.382,3.783
25539,852.1500,97.690,3.260
25540,852.1834,59.940,2.000
25541,852.2167,47.387,1.581
25542,852.2501,14.985,0.500
25543,852.2835,44.955,1.500
25544,852.3168,52.448,1.750
25545,852.3502,16.754,0.559
25546,852.3836,45.575,1.521
25547,852.4169,16.754,0.559
25548,852.4503,14.985,0.500
25549,852.4837,7.493,0.250
25550,852.5170,0.000,0.000
25551,852.5504,0.000,0.000
25552,852.5838,0.000,0.000
25553,852.6171,7.493,0.250
25554,852.6505,47.387,1.581
25555,852.6839,21.192,0.707
25556,852.7172,16.754,0.559
25557,852.7506,91.150,3.041
25558,852.7840,45.575,1.521
25559,852.8173,31.788,1.061
25560,852.8507,69.078,2.305
25561,852.8841,16.754,0.559
25562,852.9174,47.387,1.581
25563,852.9508,23.693,0.791
25564,852.9842,7.493,0.250
25565,853.0175,0.000,0.000
25566,853.0509,16.754,0.559
25567,853.0843,22.478,0.750
25568,853.1176,40.348,1.346
25569,853.1510,22.478,0.750
25570,853.1844,67.015,2.236
25571,853.2177,69.078,2.305
25572,853.2511,59.940,2.000
25573,853.2845,112.388,3.750
25574,853.3178,45.575,1.521
25575,853.3512,60.407,2.016
25576,853.3846,10.596,0.354
25577,853.4179,67.433,2.250
25578,853.4513,40.348,1.346
25579,853.4847,22.478,0.750
25580,853.5180,29.970,1.000
25581,853.5514,14.985,0.500
25582,853.5848,7.493,0.250
25583,853.6181,7.493,0.250
25584,853.6515,14.985,0.500
25585,853.6849,22.478,0.750
25586,853.7182,37.463,1.250
25587,853.7516,7.493,0.250
25588,853.7850,27.015,0.901
25589,853.8183,91.150,3.041
25590,853.8517,44.955,1.500
25591,853.8851,30.892,1.031
25592,853.9184,7.493,0.250
25593,853.9518,64.453,2.151
25594,853.9852,10.596,0.354
25595,854.0185,45.575,1.521
25596,854.0519,45.575,1.521
25597,854.0853,7.493,0.250
25598,854.1186,7.493,0.250
25599,854.1520,43.689,1.458
25600,854.1854,0.000,0.000
25601,854.2187,10.596,0.354
25602,854.2521,10.596,0.354
25603,854.2855,78.224,2.610
25604,854.3188,30.892,1.031
25605,854.3522,76.409,2.550
25606,854.3856,45.575,1.521
25607,854.4189,142.555,4.757
25608,854.4523,54.546,1.820
25609,854.4857,60.407,2.016
25610,854.5190,7.493,0.250
25611,854.5524,52.448,1.750
25612,854.5858,44.955,1.500
25613,854.6191,33.508,1.118
25614,854.6525,0.000,0.000
25615,854.6859,16.754,0.559
25616,854.7192,7.493,0.250
25617,854.7526,23.693,0.791
25618,854.7860,0.000,0.000
25619,854.8193,33.508,1.118
25620,854.8527,21.192,0.707
25621,854.8861,7.493,0.250
25622,854.9194,31.788,1.061
25623,854.9528,105.960,3.536
25624,854.9862,37.463,1.250
25625,855.0195,14.985,0.500
25626,855.0529,60.407,2.016
25627,855.0863,16.754,0.559
25628,855.1196,38.205,1.275
25629,855.1530,22.478,0.750
25630,855.1864,14.985,0.500
25631,855.2197,23.693,0.791
25632,855.2531,7.493,0.250
25633,855.2864,0.000,0.000
25634,855.3198,27.015,0.901
25635,855.3532,30.892,1.031
25636,855.3865,43.689,1.458
25637,855.4199,57.061,1.904
25638,855.4533,37.463,1.250
25639,855.4866,112.637,3.758
25640,855.5200,91.150,3.041
25641,855.5534,44.955,1.500
25642,855.5867,52.448,1.750
25643,855.6201,43.689,1.458
25644,855.6535,98.549,3.288
25645,855.6868,22.478,0.750
25646,855.7202,27.015,0.901
25647,855.7536,7.493,0.250
25648,855.7869,7.493,0.250
25649,855.8203,0.000,0.000
25650,855.8537,7.493,0.250
25651,855.8870,23.693,0.791
25652,855.9204,23.693,0.791
25653,855.9538,14.985,0.500
25654,855.9871,16.754,0.559
25655,856.0205,74.925,2.500
25656,856.0539,47.387,1.581
25657,856.0872,16.754,0.559
25658,856.1206,7.493,0.250
25659,856.1540,27.015,0.901
25660,856.1873,54.546,1.820
25661,856.2207,30.892,1.031
25662,856.2541,16.754,0.559
25663,856.2874,33.508,1.118
25664,856.3208,7.493,0.250
25665,856.3542,22.478,0.750
25666,856.3875,7.493,0.250
25667,856.4209,10.596,0.354
25668,856.4543,30.892,1.031
25669,856.4876,22.478,0.750
25670,856.5210,27.015,0.901
25671,856.5544,21.192,0.707
25672,856.5877,52.980,1.768
25673,856.6211,143.144,4.776
25674,856.6545,78.224,2.610
25675,856.6878,67.848,2.264
25676,856.7212,52.980,1.768
25677,856.7546,30.892,1.031
25678,856.7879,44.955,1.500
25679,856.8213,27.015,0.901
25680,856.8547,7.493,0.250
25681,856.8880,7.493,0.250
25682,856.9214,0.000,0.000
25683,856.9548,0.000,0.000
25684,856.9881,30.892,1.031
25685,857.0215,16.754,0.559
25686,857.0549,23.693,0.791
25687,857.0882,14.985,0.500
25688,857.1216,69.078,2.305
25689,857.1550,44.955,1.500
25690,857.1883,44.955,1.500
25691,857.2217,7.493,0.250
25692,857.2551,37.463,1.250
25693,857.2884,23.693,0.791
25694,857.3218,40.348,1.346
25695,857.3552,54.546,1.820
25696,857.3885,14.985,0.500
25697,857.4219,16.754,0.559
25698,857.4553,38.205,1.275
25699,857.4886,22.478,0.750
25700,857.5220,16.754,0.559
25701,857.5554,14.985,0.500
25702,857.5887,16.754,0.559
25703,857.6221,43.689,1.458
25704,857.6555,50.261,1.677
25705,857.6888,69.078,2.305
25706,857.7222,82.758,2.761
25707,857.7556,85.428,2.850
25708,857.7889,99.963,3.335
25709,857.8223,52.980,1.768
25710,857.8557,45.575,1.521
25711,857.8890,37.463,1.250
25712,857.9224,7.493,0.250
25713,857.9558,21.192,0.707
25714,857.9891,10.596,0.354
25715,858.0225,7.493,0.250
25716,858.0559,0.000,0.000
25717,858.0892,29.970,1.000
25718,858.1226,14.985,0.500
25719,858.1560,22.478,0.750
25720,858.1893,16.754,0.559
25721,858.2227,23.693,0.791
25722,858.2561,82.418,2.750
25723,858.2894,52.980,1.768
25724,858.3228,27.015,0.901
25725,858.3562,45.575,1.521
25726,858.3895,23.693,0.791
25727,858.4229,23.693,0.791
25728,858.4563,37.463,1.250
25729,858.4896,30.892,1.031
25730,858.5230,22.478,0.750
25731,858.5564,30.892,1.031
25732,858.5897,23.693,0.791
25733,858.6231,7.493,0.250
25734,858.6565,10.596,0.354
25735,858.6898,10.596,0.354
25736,858.7232,37.463,1.250
25737,858.7566,67.015,2.236
25738,858.7899,60.407,2.016
25739,858.8233,67.433,2.250
25740,858.8567,50.261,1.677
25741,858.8900,136.726,4.562
25742,858.9234,54.546,1.820
25743,858.9568,27.015,0.901
25744,858.9901,38.205,1.275
25745,859.0235,76.409,2.550
25746,859.0569,27.015,0.901
25747,859.0902,16.754,0.559
25748,859.1236,7.493,0.250
25749,859.1570,0.000,0.000
25750,859.1903,7.493,0.250
25751,859.2237,29.970,1.000
25752,859.2571,37.463,1.250
25753,859.2904,16.754,0.559
25754,859.3238,31.788,1.061
25755,859.3572,91.150,3.041
25756,859.3905,37.463,1.250
25757,859.4239,27.015,0.901
25758,859.4573,27.015,0.901
25759,859.4906,45.575,1.521
25760,859.5240,22.478,0.750
25761,859.5574,29.970,1.000
25762,859.5907,30.892,1.031
25763,859.6241,16.754,0.559
25764,859.6575,10.596,0.354
25765,859.6908,16.754,0.559
25766,859.7242,14.985,0.500
25767,859.7576,10.596,0.354
25768,859.7909,47.976,1.601
25769,859.8243,37.463,1.250
25770,859.8577,7.493,0.250
25771,859.8910,60.407,2.016
25772,859.9244,98.549,3.288
25773,859.9578,71.080,2.372
25774,859.9911,87.698,2.926
25775,860.0245,54.546,1.820
25776,860.0579,30.892,1.031
25777,860.0912,54.546,1.820
25778,860.1246,38.205,1.275
25779,860.1580,16.754,0.559
25780,860.1913,30.892,1.031
25781,860.2247,0.000,0.000
25782,860.2581,0.000,0.000
25783,860.2914,0.000,0.000
25784,860.3248,7.493,0.250
25785,860.3582,30.892,1.031
25786,860.3915,43.689,1.458
25787,860.4249,10.596,0.354
25788,860.4583,76.409,2.550
25789,860.4916,37.463,1.250
25790,860.5250,33.508,1.118
25791,860.5584,0.000,0.000
25792,860.5917,54.546,1.820
25793,860.6251,29.970,1.000
25794,860.6585,38.205,1.275
25795,860.6918,38.205,1.275
25796,860.7252,23.693,0.791
25797,860.7586,38.205,1.275
25798,860.7919,14.985,0.500
25799,860.8253,10.596,0.354
25800,860.8587,30.892,1.031
25801,860.8920,16.754,0.559
25802,860.9254,30.892,1.031
25803,860.9588,50.261,1.677
25804,860.9921,67.015,2.236
25805,861.0255,78.224,2.610
25806,861.0589,92.677,3.092
25807,861.0922,94.774,3.162
25808,861.1256,54.546,1.820
25809,861.1590,10.596,0.354
25810,861.1923,33.508,1.118
25811,861.2257,61.785,2.062
25812,861.2591,42.384,1.414
25813,861.2924,10.596,0.354
25814,861.3258,16.754,0.559
25815,861.3592,16.754,0.559
25816,861.3925,16.754,0.559
25817,861.4259,16.754,0.559
25818,861.4593,10.596,0.354
25819,861.4926,38.205,1.275
25820,861.5260,27.015,0.901
25821,861.5594,45.575,1.521
25822,861.5927,47.387,1.581
25823,861.6261,47.387,1.581
25824,861.6595,23.693,0.791
25825,861.6928,59.940,2.000
25826,861.7262,30.892,1.031
25827,861.7596,40.348,1.346
25828,861.7929,33.508,1.118
25829,861.8263,23.693,0.791
25830,861.8597,14.985,0.500
25831,861.8930,22.478,0.750
25832,861.9264,7.493,0.250
25833,861.9598,30.892,1.031
25834,861.9931,16.754,0.559
25835,862.0265,37.463,1.250
25836,862.0599,42.384,1.414
25837,862.0932,54.546,1.820
25838,862.1266,60.407,2.016
25839,862.1600,80.697,2.693
25840,862.1933,83.769,2.795
25841,862.2267,47.387,1.581
25842,862.2601,57.061,1.904
25843,862.2934,33.508,1.118
25844,862.3268,69.078,2.305
25845,862.3602,27.015,0.901
25846,862.3935,33.508,1.118
25847,862.4269,0.000,0.000
25848,862.4603,0.000,0.000
25849,862.4936,0.000,0.000
25850,862.5270,7.493,0.250
25851,862.5604,29.970,1.000
25852,862.5937,43.689,1.458
25853,862.6271,27.015,0.901
25854,862.6605,52.448,1.750
25855,862.6938,61.785,2.062
25856,862.7272,31.788,1.061
25857,862.7606,0.000,0.000
25858,862.7939,30.892,1.031
25859,862.8273,23.693,0.791
25860,862.8607,47.387,1.581
25861,862.8940,27.015,0.901
25862,862.9274,30.892,1.031
25863,862.9608,7.493,0.250
25864,862.9941,33.508,1.118
25865,863.0275,0.000,0.000
25866,863.0609,14.985,0.500
25867,863.0942,14.985,0.500
25868,863.1276,47.387,1.581
25869,863.1610,37.463,1.250
25870,863.1943,47.387,1.581
25871,863.2277,37.463,1.250
25872,863.2611,101.909,3.400
25873,863.2944,78.224,2.610
25874,863.3278,104.089,3.473
25875,863.3612,45.575,1.521
25876,863.3945,30.892,1.031
25877,863.4279,29.970,1.000
25878,863.4613,87.377,2.915
25879,863.4946,14.985,0.500
25880,863.5280,22.478,0.750
25881,863.5614,7.493,0.250
25882,863.5947,14.985,0.500
25883,863.6281,30.892,1.031
25884,863.6615,0.000,0.000
25885,863.6948,30.892,1.031
25886,863.7282,10.596,0.354
25887,863.7616,47.976,1.601
25888,863.7949,85.428,2.850
25889,863.8283,37.463,1.250
25890,863.8617,10.596,0.354
25891,863.8950,37.463,1.250
25892,863.9284,23.693,0.791
25893,863.9618,30.892,1.031
25894,863.9951,37.463,1.250
25895,864.0285,27.015,0.901
25896,864.0619,10.596,0.354
25897,864.0952,23.693,0.791
25898,864.1286,10.596,0.354
25899,864.1620,14.985,0.500
25900,864.1953,0.000,0.000
25901,864.2287,45.575,1.521
25902,864.2621,33.508,1.118
25903,864.2954,50.261,1.677
25904,864.3288,67.015,2.236
25905,864.3622,70.684,2.358
25906,864.3955,80.697,2.693
25907,864.4289,104.359,3.482
25908,864.4623,38.205,1.275
25909,864.4956,50.261,1.677
25910,864.5290,52.980,1.768
25911,864.5624,67.015,2.236
25912,864.5957,27.015,0.901
25913,864.6291,10.596,0.354
25914,864.6625,16.754,0.559
25915,864.6958,10.596,0.354
25916,864.7292,7.493,0.250
25917,864.7626,16.754,0.559
25918,864.7959,23.693,0.791
25919,864.8293,30.892,1.031
25920,864.8627,22.478,0.750
25921,864.8960,76.409,2.550
25922,864.9294,38.205,1.275
25923,864.9628,50.261,1.677
25924,864.9961,10.596,0.354
25925,865.0295,67.848,2.264
25926,865.0629,16.754,0.559
25927,865.0962,38.205,1.275
25928,865.1296,27.015,0.901
25929,865.1630,23.693,0.791
25930,865.1963,23.693,0.791
25931,865.2297,14.985,0.500
25932,865.2631,0.000,0.000
25933,865.2964,23.693,0.791
25934,865.3298,7.493,0.250
25935,865.3632,58.518,1.953
25936,865.3965,50.261,1.677
25937,865.4299,64.016,2.136
25938,865.4633,57.061,1.904
25939,865.4966,94.774,3.162
25940,865.5300,104.359,3.482
25941,865.5634,50.261,1.677
25942,865.5967,43.689,1.458
25943,865.6301,40.348,1.346
25944,865.6635,69.078,2.305
25945,865.6968,14.985,0.500
25946,865.7302,0.000,0.000
25947,865.7636,16.754,0.559
25948,865.7969,0.000,0.000
25949,865.8303,0.000,0.000
25950,865.8637,7.493,0.250
25951,865.8970,22.478,0.750
25952,865.9304,21.192,0.707
25953,865.9638,33.508,1.118
25954,865.9971,57.061,1.904
25955,866.0305,64.016,2.136
25956,866.0639,43.689,1.458
25957,866.0972,30.892,1.031
25958,866.1306,29.970,1.000
25959,866.1640,27.015,0.901
25960,866.1973,38.205,1.275
25961,866.2307,27.015,0.901
25962,866.2641,16.754,0.559
25963,866.2974,0.000,0.000
25964,866.3308,16.754,0.559
25965,866.3642,14.985,0.500
25966,866.3975,10.596,0.354
25967,866.4309,7.493,0.250
25968,866.4643,21.192,0.707
25969,866.4976,77.140,2.574
25970,866.5310,57.061,1.904
25971,866.5644,70.684,2.358
25972,866.5977,104.089,3.473
25973,866.6311,90.532,3.021
25974,866.6645,67.015,2.236
25975,866.6978,43.689,1.458
25976,866.7312,30.892,1.031
25977,866.7646,67.015,2.236
25978,866.7979,50.261,1.677
25979,866.8313,23.693,0.791
25980,866.8647,7.493,0.250
25981,866.8980,7.493,0.250
25982,866.9314,7.493,0.250
25983,866.9648,54.029,1.803
25984,866.9981,40.348,1.346
25985,867.0315,22.478,0.750
25986,867.0649,52.980,1.768
25987,867.0982,42.384,1.414
25988,867.1316,52.980,1.768
25989,867.1650,87.377,2.915
25990,867.1983,7.493,0.250
25991,867.2317,40.348,1.346
25992,867.2651,40.348,1.346
25993,867.2984,14.985,0.500
25994,867.3318,33.508,1.118
25995,867.3652,31.788,1.061
25996,867.3985,7.493,0.250
25997,867.4319,21.192,0.707
25998,867.4653,7.493,0.250
25999,867.4986,22.478,0.750
26000,867.5320,7.493,0.250
26001,867.5654,52.980,1.768
26002,867.5987,42.384,1.414
26003,867.6321,60.407,2.016
26004,867.6655,70.684,2.358
26005,867.6988,97.690,3.260
26006,867.7322,127.373,4.250
26007,867.7656,40.348,1.346
26008,867.7989,33.508,1.118
26009,867.8323,52.980,1.768
26010,867.8657,33.508,1.118
26011,867.8990,0.000,0.000
26012,867.9324,0.000,0.000
26013,867.9658,16.754,0.559
26014,867.9991,16.754,0.559
26015,868.0325,0.000,0.000
26016,868.0659,27.015,0.901
26017,868.0992,37.463,1.250
26018,868.1326,52.980,1.768
26019,868.1660,27.015,0.901
26020,868.1993,33.508,1.118
26021,868.2327,59.940,2.000
26022,868.2661,97.690,3.260
26023,868.2994,10.596,0.354
26024,868.3328,14.985,0.500
26025,868.3662,29.970,1.000
26026,868.3995,38.205,1.275
26027,868.4329,37.463,1.250
26028,868.4663,27.015,0.901
26029,868.4996,14.985,0.500
26030,868.5330,29.970,1.000
26031,868.5664,7.493,0.250
26032,868.5997,16.754,0.559
26033,868.6331,7.493,0.250
26034,868.6665,22.478,0.750
26035,868.6998,63.576,2.121
26036,868.7332,54.029,1.803
26037,868.7666,81.044,2.704
26038,868.7999,77.140,2.574
26039,868.8333,97.690,3.260
26040,868.8667,67.015,2.236
26041,868.9000,50.261,1.677
26042,868.9334,71.080,2.372
26043,868.9668,37.463,1.250
26044,869.0001,40.348,1.346
26045,869.0335,21.192,0.707
26046,869.0669,16.754,0.559
26047,869.1002,0.000,0.000
26048,869.1336,0.000,0.000
26049,869.1670,0.000,0.000
26050,869.2003,50.261,1.677
26051,869.2337,42.384,1.414
26052,869.2671,21.192,0.707
26053,869.3004,33.508,1.118
26054,869.3338,40.348,1.346
26055,869.3672,108.059,3.606
26056,869.4005,10.596,0.354
26057,869.4339,44.955,1.500
26058,869.4673,37.463,1.250
26059,869.5006,23.693,0.791
26060,869.5340,10.596,0.354
26061,869.5674,30.892,1.031
26062,869.6007,10.596,0.354
26063,869.6341,16.754,0.559
26064,869.6675,10.596,0.354
26065,869.7008,23.693,0.791
26066,869.7342,10.596,0.354
26067,869.7676,0.000,0.000
26068,869.8009,79.647,2.658
26069,869.8343,67.015,2.236
26070,869.8677,37.463,1.250
26071,869.9010,120.813,4.031
26072,869.9344,114.368,3.816
26073,869.9678,60.407,2.016
26074,870.0011,27.015,0.901
26075,870.0345,33.508,1.118
26076,870.0679,78.224,2.610
26077,870.1012,69.078,2.305
26078,870.1346,30.892,1.031
26079,870.1680,14.985,0.500
26080,870.2013,14.985,0.500
26081,870.2347,0.000,0.000
26082,870.2681,7.493,0.250
26083,870.3014,37.463,1.250
26084,870.3348,40.348,1.346
26085,870.3682,33.508,1.118
26086,870.4015,76.409,2.550
26087,870.4349,37.463,1.250
26088,870.4683,47.976,1.601
26089,870.5016,54.029,1.803
26090,870.5350,52.980,1.768
26091,870.5684,29.970,1.000
26092,870.6017,22.478,0.750
26093,870.6351,30.892,1.031
26094,870.6685,23.693,0.791
26095,870.7018,14.985,0.500
26096,870.7352,0.000,0.000
26097,870.7686,14.985,0.500
26098,870.8019,7.493,0.250
26099,870.8353,30.892,1.031
26100,870.8687,16.754,0.559
26101,870.9020,74.172,2.475
26102,870.9354,64.453,2.151
26103,870.9688,73.793,2.462
26104,871.0021,104.089,3.473
26105,871.0355,58.518,1.953
26106,871.0689,60.407,2.016
26107,871.1022,22.478,0.750
26108,871.1356,29.970,1.000
26109,871.1690,73.793,2.462
26110,871.2023,16.754,0.559
26111,871.2357,33.508,1.118
26112,871.2691,31.788,1.061
26113,871.3024,10.596,0.354
26114,871.3358,0.000,0.000
26115,871.3692,23.693,0.791
26116,871.4025,14.985,0.500
26117,871.4359,14.985,0.500
26118,871.4693,37.463,1.250
26119,871.5026,69.078,2.305
26120,871.5360,67.015,2.236
26121,871.5694,60.407,2.016
26122,871.6027,27.015,0.901
26123,871.6361,10.596,0.354
26124,871.6695,37.463,1.250
26125,871.7028,30.892,1.031
26126,871.7362,38.205,1.275
26127,871.7696,27.015,0.901
26128,871.8029,21.192,0.707
26129,871.8363,7.493,0.250
26130,871.8697,16.754,0.559
26131,871.9030,7.493,0.250
26132,871.9364,16.754,0.559
26133,871.9698,10.596,0.354
26134,872.0031,91.458,3.052
26135,872.0365,43.689,1.458
26136,872.0699,85.428,2.850
26137,872.1032,95.951,3.202
26138,872.1366,47.387,1.581
26139,872.1700,60.407,2.016
26140,872.2033,54.546,1.820
26141,872.2367,37.463,1.250
26142,872.2701,57.061,1.904
26143,872.3034,57.061,1.904
26144,872.3368,23.693,0.791
26145,872.3702,21.192,0.707
26146,872.4035,0.000,0.000
26147,872.4369,16.754,0.559
26148,872.4703,0.000,0.000
26149,872.5036,14.985,0.500
26150,872.5370,16.754,0.559
26151,872.5704,83.769,2.795
26152,872.6037,31.788,1.061
26153,872.6371,94.774,3.162
26154,872.6705,47.976,1.601
26155,872.7038,23.693,0.791
26156,872.7372,0.000,0.000
26157,872.7706,52.980,1.768
26158,872.8039,37.463,1.250
26159,872.8373,0.000,0.000
26160,872.8707,38.205,1.275
26161,872.9040,27.015,0.901
26162,872.9374,14.985,0.500
26163,872.9708,0.000,0.000
26164,873.0041,23.693,0.791
26165,873.0375,7.493,0.250
26166,873.0709,54.546,1.820
26167,873.1042,27.015,0.901
26168,873.1376,74.925,2.500
26169,873.1710,79.647,2.658
26170,873.2043,83.769,2.795
26171,873.2377,101.909,3.400
26172,873.2711,63.576,2.121
26173,873.3044,33.508,1.118
26174,873.3378,23.693,0.791
26175,873.3712,60.407,2.016
26176,873.4045,87.377,2.915
26177,873.4379,21.192,0.707
26178,873.4713,7.493,0.250
26179,873.5046,10.596,0.354
26180,873.5380,7.493,0.250
26181,873.5714,7.493,0.250
26182,873.6047,10.596,0.354
26183,873.6381,14.985,0.500
26184,873.6715,31.788,1.061
26185,873.7048,70.684,2.358
26186,873.7382,27.015,0.901
26187,873.7716,61.785,2.062
26188,873.8049,90.222,3.010
26189,873.8383,37.463,1.250
26190,873.8717,37.463,1.250
26191,873.9050,37.463,1.250
26192,873.9384,38.205,1.275
26193,873.9718,27.015,0.901
26194,874.0051,21.192,0.707
26195,874.0385,0.000,0.000
26196,874.0719,7.493,0.250
26197,874.1052,7.493,0.250
26198,874.1386,16.754,0.559
26199,874.1720,33.508,1.118
26200,874.2053,42.384,1.414
26201,874.2387,57.061,1.904
26202,874.2721,64.016,2.136
26203,874.3054,105.960,3.536
26204,874.3388,97.690,3.260
26205,874.3722,69.078,2.305
26206,874.4055,47.387,1.581
26207,874.4389,33.508,1.118
26208,874.4723,37.463,1.250
26209,874.5056,79.647,2.658
26210,874.5390,10.596,0.354
26211,874.5724,16.754,0.559
26212,874.6057,21.192,0.707
26213,874.6391,16.754,0.559
26214,874.6725,7.493,0.250
26215,874.7058,0.000,0.000
26216,874.7392,21.192,0.707
26217,874.7726,23.693,0.791
26218,874.8059,27.015,0.901
26219,874.8393,74.925,2.500
26220,874.8727,69.078,2.305
26221,874.9060,47.976,1.601
26222,874.9394,30.892,1.031
26223,874.9728,23.693,0.791
26224,875.0061,61.785,2.062
26225,875.0395,7.493,0.250
26226,875.0729,29.970,1.000
26227,875.1062,42.384,1.414
26228,875.1396,7.493,0.250
26229,875.1730,10.596,0.354
26230,875.2063,21.192,0.707
26231,875.2397,23.693,0.791
26232,875.2731,10.596,0.354
26233,875.3064,27.015,0.901
26234,875.3398,47.976,1.601
26235,875.3732,69.078,2.305
26236,875.4065,85.428,2.850
26237,875.4399,74.925,2.500
26238,875.4733,58.518,1.953
26239,875.5066,60.407,2.016
26240,875.5400,37.463,1.250
26241,875.5734,57.061,1.904
26242,875.6067,27.015,0.901
26243,875.6401,52.980,1.768
26244,875.6735,27.015,0.901
26245,875.7068,7.493,0.250
26246,875.7402,16.754,0.559
26247,875.7736,0.000,0.000
26248,875.8069,23.693,0.791
26249,875.8403,27.015,0.901
26250,875.8737,16.754,0.559
26251,875.9070,57.061,1.904
26252,875.9404,52.980,1.768
26253,875.9738,94.774,3.162
26254,876.0071,42.384,1.414
26255,876.0405,23.693,0.791
26256,876.0739,10.596,0.354
26257,876.1072,37.463,1.250
26258,876.1406,60.407,2.016
26259,876.1740,10.596,0.354
26260,876.2073,30.892,1.031
26261,876.2407,0.000,0.000
26262,876.2741,16.754,0.559
26263,876.3074,7.493,0.250
26264,876.3408,0.000,0.000
26265,876.3742,14.985,0.500
26266,876.4075,23.693,0.791
26267,876.4409,54.029,1.803
26268,876.4743,47.976,1.601
26269,876.5076,79.647,2.658
26270,876.5410,85.428,2.850
26271,876.5744,95.951,3.202
26272,876.6077,79.647,2.658
26273,876.6411,52.980,1.768
26274,876.6745,42.384,1.414
26275,876.7078,73.793,2.462
26276,876.7412,67.015,2.236
26277,876.7746,16.754,0.559
26278,876.8079,21.192,0.707
26279,876.8413,27.015,0.901
26280,876.8747,7.493,0.250
26281,876.9080,0.000,0.000
26282,876.9414,0.000,0.000
26283,876.9747,16.754,0.559
26284,877.0081,77.140,2.574
26285,877.0415,31.788,1.061
26286,877.0748,16.754,0.559
26287,877.1082,64.453,2.151
26288,877.1416,93.881,3.132
26289,877.1749,31.788,1.061
26290,877.2083,29.970,1.000
26291,877.2417,16.754,0.559
26292,877.2750,52.980,1.768
26293,877.3084,27.015,0.901
26294,877.3418,31.788,1.061
26295,877.3751,7.493,0.250
26296,877.4085,7.493,0.250
26297,877.4419,7.493,0.250
26298,877.4752,31.788,1.061
26299,877.5086,16.754,0.559
26300,877.5420,63.576,2.121
26301,877.5753,54.029,1.803
26302,877.6087,69.078,2.305
26303,877.6421,90.222,3.010
26304,877.6754,108.059,3.606
26305,877.7088,58.518,1.953
26306,877.7422,16.754,0.559
26307,877.7755,23.693,0.791
26308,877.8089,85.428,2.850
26309,877.8423,30.892,1.031
26310,877.8756,21.192,0.707
26311,877.9090,21.192,0.707
26312,877.9424,0.000,0.000
26313,877.9757,10.596,0.354
26314,878.0091,14.985,0.500
26315,878.0425,37.463,1.250
26316,878.0758,31.788,1.061
26317,878.1092,54.546,1.820
26318,878.1426,70.684,2.358
26319,878.1759,29.970,1.000
26320,878.2093,87.698,2.926
26321,878.2427,52.980,1.768
26322,878.2760,0.000,0.000
26323,878.3094,57.061,1.904
26324,878.3428,52.980,1.768
26325,878.3761,37.463,1.250
26326,878.4095,54.029,1.803
26327,878.4429,30.892,1.031
26328,878.4762,7.493,0.250
26329,878.5096,16.754,0.559
26330,878.5430,7.493,0.250
26331,878.5763,10.596,0.354
26332,878.6097,23.693,0.791
26333,878.6431,29.970,1.000
26334,878.6764,52.980,1.768
26335,878.7098,58.518,1.953
26336,878.7432,70.684,2.358
26337,878.7765,111.384,3.717
26338,878.8099,58.518,1.953
26339,878.8433,43.689,1.458
26340,878.8766,30.892,1.031
26341,878.9100,16.754,0.559
26342,878.9434,52.980,1.768
26343,878.9767,60.407,2.016
26344,879.0101,164.324,5.483
26345,879.0435,42.384,1.414
26346,879.0768,21.192,0.707
26347,879.1102,27.015,0.901
26348,879.1436,22.478,0.750
26349,879.1769,38.205,1.275
26350,879.2103,64.453,2.151
26351,879.2437,29.970,1.000
26352,879.2770,16.754,0.559
26353,879.3104,74.925,2.500
26354,879.3438,38.205,1.275
26355,879.3771,22.478,0.750
26356,879.4105,37.463,1.250
26357,879.4439,47.387,1.581
26358,879.4772,57.061,1.904
26359,879.5106,31.788,1.061
26360,879.5440,16.754,0.559
26361,879.5773,16.754,0.559
26362,879.6107,14.985,0.500
26363,879.6441,100.523,3.354
26364,879.6774,84.768,2.828
26365,879.7108,52.980,1.768
26366,879.7442,21.192,0.707
26367,879.7775,57.061,1.904
26368,879.8109,149.850,5.000
26369,879.8443,54.029,1.803
26370,879.8776,60.407,2.016
26371,879.9110,81.044,2.704
26372,879.9444,50.261,1.677
26373,879.9777,50.261,1.677
26374,880.0111,37.463,1.250
26375,880.0445,7.493,0.250
26376,880.0778,69.078,2.305
26377,880.1112,22.478,0.750
26378,880.1446,14.985,0.500
26379,880.1779,7.493,0.250
26380,880.2113,0.000,0.000
26381,880.2447,10.596,0.354
26382,880.2780,22.478,0.750
26383,880.3114,16.754,0.559
26384,880.3448,47.976,1.601
26385,880.3781,47.976,1.601
26386,880.4115,64.453,2.151
26387,880.4449,84.768,2.828
26388,880.4782,85.428,2.850
26389,880.5116,58.518,1.953
26390,880.5450,78.224,2.610
26391,880.5783,101.909,3.400
26392,880.6117,47.976,1.601
26393,880.6451,47.976,1.601
26394,880.6784,27.015,0.901
26395,880.7118,14.985,0.500
26396,880.7452,14.985,0.500
26397,880.7785,14.985,0.500
26398,880.8119,27.015,0.901
26399,880.8453,0.000,0.000
26400,880.8786,14.985,0.500
26401,880.9120,0.000,0.000
26402,880.9454,0.000,0.000
26403,880.9787,10.596,0.354
26404,881.0121,7.493,0.250
26405,881.0455,47.387,1.581
26406,881.0788,7.493,0.250
26407,881.1122,16.754,0.559
26408,881.1456,31.788,1.061
26409,881.1789,7.493,0.250
26410,881.2123,16.754,0.559
26411,881.2457,21.192,0.707
26412,881.2790,33.508,1.118
26413,881.3124,47.976,1.601
26414,881.3458,64.453,2.151
26415,881.3791,54.029,1.803
26416,881.4125,85.428,2.850
26417,881.4459,42.384,1.414
26418,881.4792,58.518,1.953
26419,881.5126,16.754,0.559
26420,881.5460,133.401,4.451
26421,881.5793,100.802,3.363
26422,881.6127,47.976,1.601
26423,881.6461,16.754,0.559
26424,881.6794,58.518,1.953
26425,881.7128,33.508,1.118
26426,881.7462,14.985,0.500
26427,881.7795,23.693,0.791
26428,881.8129,7.493,0.250
26429,881.8463,0.000,0.000
26430,881.8796,7.493,0.250
26431,881.9130,0.000,0.000
26432,881.9464,7.493,0.250
26433,881.9797,7.493,0.250
26434,882.0131,10.596,0.354
26435,882.0465,7.493,0.250
26436,882.0798,29.970,1.000
26437,882.1132,7.493,0.250
26438,882.1466,7.493,0.250
26439,882.1799,14.985,0.500
26440,882.2133,7.493,0.250
26441,882.2467,10.596,0.354
26442,882.2800,14.985,0.500
26443,882.3134,27.015,0.901
26444,882.3468,100.802,3.363
26445,882.3801,81.044,2.704
26446,882.4135,83.769,2.795
26447,882.4469,52.980,1.768
26448,882.4802,47.976,1.601
26449,882.5136,47.976,1.601
26450,882.5470,42.384,1.414
26451,882.5803,74.172,2.475
26452,882.6137,58.518,1.953
26453,882.6471,106.489,3.553
26454,882.6804,10.596,0.354
26455,882.7138,40.348,1.346
26456,882.7472,16.754,0.559
26457,882.7805,54.029,1.803
26458,882.8139,33.508,1.118
26459,882.8473,10.596,0.354
26460,882.8806,21.192,0.707
26461,882.9140,21.192,0.707
26462,882.9474,14.985,0.500
26463,882.9807,10.596,0.354
26464,883.0141,0.000,0.000
26465,883.0475,7.493,0.250
26466,883.0808,16.754,0.559
26467,883.1142,14.985,0.500
26468,883.1476,14.985,0.500
26469,883.1809,7.493,0.250
26470,883.2143,16.754,0.559
26471,883.2477,0.000,0.000
26472,883.2810,0.000,0.000
26473,883.3144,7.493,0.250
26474,883.3478,37.463,1.250
26475,883.3811,40.348,1.346
26476,883.4145,47.976,1.601
26477,883.4479,70.684,2.358
26478,883.4812,69.078,2.305
26479,883.5146,47.976,1.601
26480,883.5480,58.518,1.953
26481,883.5813,47.976,1.601
26482,883.6147,100.523,3.354
26483,883.6481,37.463,1.250
26484,883.6814,77.140,2.574
26485,883.7148,154.462,5.154
26486,883.7482,43.689,1.458
26487,883.7815,16.754,0.559
26488,883.8149,33.508,1.118
26489,883.8483,33.508,1.118
26490,883.8816,16.754,0.559
26491,883.9150,42.384,1.414
26492,883.9484,16.754,0.559
26493,883.9817,31.788,1.061
26494,884.0151,14.985,0.500
26495,884.0485,0.000,0.000
26496,884.0818,0.000,0.000
26497,884.1152,0.000,0.000
26498,884.1486,37.463,1.250
26499,884.1819,37.463,1.250
26500,884.2153,23.693,0.791
26501,884.2487,23.693,0.791
26502,884.2820,23.693,0.791
26503,884.3154,10.596,0.354
26504,884.3488,14.985,0.500
26505,884.3821,0.000,0.000
26506,884.4155,7.493,0.250
26507,884.4489,22.478,0.750
26508,884.4822,37.463,1.250
26509,884.5156,47.976,1.601
26510,884.5490,58.518,1.953
26511,884.5823,95.364,3.182
26512,884.6157,101.909,3.400
26513,884.6491,54.029,1.803
26514,884.6824,50.261,1.677
26515,884.7158,42.384,1.414
26516,884.7492,37.463,1.250
26517,884.7825,54.546,1.820
26518,884.8159,132.556,4.423
26519,884.8493,64.453,2.151
26520,884.8826,42.384,1.414
26521,884.9160,43.689,1.458
26522,884.9494,31.788,1.061
26523,884.9827,14.985,0.500
26524,885.0161,23.693,0.791
26525,885.0495,23.693,0.791
26526,885.0828,10.596,0.354
26527,885.1162,0.000,0.000
26528,885.1496,7.493,0.250
26529,885.1829,7.493,0.250
26530,885.2163,29.970,1.000
26531,885.2497,23.693,0.791
26532,885.2830,14.985,0.500
26533,885.3164,33.508,1.118
26534,885.3498,21.192,0.707
26535,885.3831,10.596,0.354
26536,885.4165,7.493,0.250
26537,885.4499,10.596,0.354
26538,885.4832,14.985,0.500
26539,885.5166,31.788,1.061
26540,885.5500,67.015,2.236
26541,885.5833,63.576,2.121
26542,885.6167,84.768,2.828
26543,885.6501,100.802,3.363
26544,885.6834,64.453,2.151
26545,885.7168,33.508,1.118
26546,885.7502,10.596,0.354
26547,885.7835,50.261,1.677
26548,885.8169,69.078,2.305
26549,885.8503,70.684,2.358
26550,885.8836,27.015,0.901
26551,885.9170,90.222,3.010
26552,885.9504,27.015,0.901
26553,885.9837,50.261,1.677
26554,886.0171,87.377,2.915
26555,886.0505,30.892,1.031
26556,886.0838,60.407,2.016
26557,886.1172,27.015,0.901
26558,886.1506,37.463,1.250
26559,886.1839,67.015,2.236
26560,886.2173,21.192,0.707
26561,886.2507,0.000,0.000
26562,886.2840,30.892,1.031
26563,886.3174,21.192,0.707
26564,886.3508,23.693,0.791
26565,886.3841,22.478,0.750
26566,886.4175,7.493,0.250
26567,886.4509,0.000,0.000
26568,886.4842,7.493,0.250
26569,886.5176,10.596,0.354
26570,886.5510,0.000,0.000
26571,886.5843,22.478,0.750
26572,886.6177,7.493,0.250
26573,886.6511,47.387,1.581
26574,886.6844,42.384,1.414
26575,886.7178,43.689,1.458
26576,886.7512,69.078,2.305
26577,886.7845,95.951,3.202
26578,886.8179,112.388,3.750
26579,886.8513,64.453,2.151
26580,886.8846,54.029,1.803
26581,886.9180,43.689,1.458
26582,886.9514,14.985,0.500
26583,886.9847,74.925,2.500
26584,887.0181,122.886,4.100
26585,887.0515,30.892,1.031
26586,887.0848,30.892,1.031
26587,887.1182,50.261,1.677
26588,887.1516,10.596,0.354
26589,887.1849,16.754,0.559
26590,887.2183,50.261,1.677
26591,887.2517,16.754,0.559
26592,887.2850,30.892,1.031
26593,887.3184,16.754,0.559
26594,887.3518,30.892,1.031
26595,887.3851,69.078,2.305
26596,887.4185,22.478,0.750
26597,887.4519,7.493,0.250
26598,887.4852,60.407,2.016
26599,887.5186,16.754,0.559
26600,887.5520,16.754,0.559
26601,887.5853,42.384,1.414
26602,887.6187,37.463,1.250
26603,887.6521,0.000,0.000
26604,887.6854,16.754,0.559
26605,887.7188,16.754,0.559
26606,887.7522,7.493,0.250
26607,887.7855,54.546,1.820
26608,887.8189,47.976,1.601
26609,887.8523,69.078,2.305
26610,887.8856,27.015,0.901
26611,887.9190,90.222,3.010
26612,887.9524,47.976,1.601
26613,887.9857,16.754,0.559
26614,888.0191,69.078,2.305
26615,888.0525,84.768,2.828
26616,888.0858,70.684,2.358
26617,888.1192,69.078,2.305
26618,888.1526,42.384,1.414
26619,888.1859,27.015,0.901
26620,888.2193,31.788,1.061
26621,888.2527,27.015,0.901
26622,888.2860,10.596,0.354
26623,888.3194,16.754,0.559
26624,888.3528,14.985,0.500
26625,888.3861,16.754,0.559
26626,888.4195,7.493,0.250
26627,888.4529,16.754,0.559
26628,888.4862,40.348,1.346
26629,888.5196,22.478,0.750
26630,888.5530,14.985,0.500
26631,888.5863,30.892,1.031
26632,888.6197,38.205,1.275
26633,888.6531,27.015,0.901
26634,888.6864,31.788,1.061
26635,888.7198,37.463,1.250
26636,888.7532,37.463,1.250
26637,888.7865,22.478,0.750
26638,888.8199,33.508,1.118
26639,888.8533,27.015,0.901
26640,888.8866,16.754,0.559
26641,888.9200,64.453,2.151
26642,888.9534,63.576,2.121
26643,888.9867,84.768,2.828
26644,889.0201,47.976,1.601
26645,889.0535,33.508,1.118
26646,889.0868,23.693,0.791
26647,889.1202,64.453,2.151
26648,889.1536,58.518,1.953
26649,889.1869,70.684,2.358
26650,889.2203,42.384,1.414
26651,889.2537,37.463,1.250
26652,889.2870,69.078,2.305
26653,889.3204,52.980,1.768
26654,889.3538,23.693,0.791
26655,889.3871,0.000,0.000
26656,889.4205,0.000,0.000
26657,889.4539,7.493,0.250
26658,889.4872,16.754,0.559
26659,889.5206,10.596,0.354
26660,889.5540,16.754,0.559
26661,889.5873,16.754,0.559
26662,889.6207,7.493,0.250
26663,889.6541,43.689,1.458
26664,889.6874,30.892,1.031
26665,889.7208,14.985,0.500
26666,889.7542,30.892,1.031
26667,889.7875,30.892,1.031
26668,889.8209,37.463,1.250
26669,889.8543,37.463,1.250
26670,889.8876,58.518,1.953
26671,889.9210,121.969,4.070
26672,889.9544,74.172,2.475
26673,889.9877,33.508,1.118
26674,890.0211,31.788,1.061
26675,890.0545,42.384,1.414
26676,890.0878,14.985,0.500
26677,890.1212,0.000,0.000
26678,890.1546,10.596,0.354
26679,890.1879,10.596,0.354
26680,890.2213,37.463,1.250
26681,890.2547,47.976,1.601
26682,890.2880,87.377,2.915
26683,890.3214,42.384,1.414
26684,890.3548,69.078,2.305
26685,890.3881,37.463,1.250
26686,890.4215,30.892,1.031
26687,890.4549,40.348,1.346
26688,890.4882,16.754,0.559
26689,890.5216,10.596,0.354
26690,890.5550,16.754,0.559
26691,890.5883,16.754,0.559
26692,890.6217,0.000,0.000
26693,890.6551,29.970,1.000
26694,890.6884,14.985,0.500
26695,890.7218,40.348,1.346
26696,890.7552,21.192,0.707
26697,890.7885,22.478,0.750
26698,890.8219,29.970,1.000
26699,890.8553,23.693,0.791
26700,890.8886,29.970,1.000
26701,890.9220,58.518,1.953
26702,890.9554,81.044,2.704
26703,890.9887,33.508,1.118
26704,891.0221,37.463,1.250
26705,891.0555,47.976,1.601
26706,891.0888,121.969,4.070
26707,891.1222,31.788,1.061
26708,891.1556,54.029,1.803
26709,891.1889,7.493,0.250
26710,891.2223,7.493,0.250
26711,891.2557,0.000,0.000
26712,891.2890,16.754,0.559
26713,891.3224,43.689,1.458
26714,891.3558,21.192,0.707
26715,891.3891,43.689,1.458
26716,891.4225,57.061,1.904
26717,891.4559,143.927,4.802
26718,891.4892,31.788,1.061
26719,891.5226,16.754,0.559
26720,891.5560,37.463,1.250
26721,891.5893,27.015,0.901
26722,891.6227,7.493,0.250
26723,891.6561,10.596,0.354
26724,891.6894,10.596,0.354
26725,891.7228,0.000,0.000
26726,891.7562,23.693,0.791
26727,891.7895,16.754,0.559
26728,891.8229,21.192,0.707
26729,891.8563,29.970,1.000
26730,891.8896,10.596,0.354
26731,891.9230,22.478,0.750
26732,891.9564,37.463,1.250
26733,891.9897,38.205,1.275
26734,892.0231,52.980,1.768
26735,892.0565,33.508,1.118
26736,892.0898,54.029,1.803
26737,892.1232,64.453,2.151
26738,892.1566,112.388,3.750
26739,892.1899,58.518,1.953
26740,892.2233,42.384,1.414
26741,892.2567,33.508,1.118
26742,892.2900,33.508,1.118
26743,892.3234,7.493,0.250
26744,892.3568,7.493,0.250
26745,892.3901,0.000,0.000
26746,892.4235,37.463,1.250
26747,892.4569,47.976,1.601
26748,892.4902,63.576,2.121
26749,892.5236,37.463,1.250
26750,892.5570,106.489,3.553
26751,892.5903,37.463,1.250
26752,892.6237,27.015,0.901
26753,892.6571,47.976,1.601
26754,892.6904,23.693,0.791
26755,892.7238,10.596,0.354
26756,892.7572,0.000,0.000
26757,892.7905,10.596,0.354
26758,892.8239,22.478,0.750
26759,892.8573,30.892,1.031
26760,892.8906,30.892,1.031
26761,892.9240,29.970,1.000
26762,892.9574,16.754,0.559
26763,892.9907,40.348,1.346
26764,893.0241,29.970,1.000
26765,893.0575,16.754,0.559
26766,893.0908,71.080,2.372
26767,893.1242,54.029,1.803
26768,893.1576,16.754,0.559
26769,893.1909,37.463,1.250
26770,893.2243,47.976,1.601
26771,893.2577,85.428,2.850
26772,893.2910,58.518,1.953
26773,893.3244,37.463,1.250
26774,893.3578,27.015,0.901
26775,893.3911,31.788,1.061
26776,893.4245,21.192,0.707
26777,893.4579,0.000,0.000
26778,893.4912,0.000,0.000
26779,893.5246,10.596,0.354
26780,893.5580,79.647,2.658
26781,893.5913,23.693,0.791
26782,893.6247,105.960,3.536
26783,893.6581,69.078,2.305
26784,893.6914,52.980,1.768
26785,893.7248,21.192,0.707
26786,893.7582,54.029,1.803
26787,893.7915,16.754,0.559
26788,893.8249,7.493,0.250
26789,893.8583,7.493,0.250
26790,893.8916,22.478,0.750
26791,893.9250,16.754,0.559
26792,893.9584,10.596,0.354
26793,893.9917,42.384,1.414
26794,894.0251,33.508,1.118
26795,894.0585,16.754,0.559
26796,894.0918,52.980,1.768
26797,894.1252,27.015,0.901
26798,894.1586,40.348,1.346
26799,894.1919,40.348,1.346
26800,894.2253,31.788,1.061
26801,894.2587,33.508,1.118
26802,894.2920,29.970,1.000
26803,894.3254,33.508,1.118
26804,894.3588,42.384,1.414
26805,894.3921,29.970,1.000
26806,894.4255,58.518,1.953
26807,894.4589,7.493,0.250
26808,894.4922,33.508,1.118
26809,894.5256,23.693,0.791
26810,894.5590,10.596,0.354
26811,894.5923,10.596,0.354
26812,894.6257,0.000,0.000
26813,894.6591,60.407,2.016
26814,894.6924,63.576,2.121
26815,894.7258,54.029,1.803
26816,894.7592,74.925,2.500
26817,894.7925,95.364,3.182
26818,894.8259,38.205,1.275
26819,894.8593,42.384,1.414
26820,894.8926,23.693,0.791
26821,894.9260,16.754,0.559
26822,894.9594,14.985,0.500
26823,894.9927,14.985,0.500
26824,895.0261,14.985,0.500
26825,895.0595,23.693,0.791
26826,895.0928,40.348,1.346
26827,895.1262,7.493,0.250
26828,895.1596,37.463,1.250
26829,895.1929,42.384,1.414
26830,895.2263,30.892,1.031
26831,895.2597,44.955,1.500
26832,895.2930,37.463,1.250
26833,895.3264,60.407,2.016
26834,895.3598,16.754,0.559
26835,895.3931,40.348,1.346
26836,895.4265,78.224,2.610
26837,895.4599,22.478,0.750
26838,895.4932,7.493,0.250
26839,895.5266,33.508,1.118
26840,895.5600,37.463,1.250
26841,895.5933,7.493,0.250
26842,895.6267,16.754,0.559
26843,895.6601,16.754,0.559
26844,895.6934,10.596,0.354
26845,895.7268,0.000,0.000
26846,895.7602,63.576,2.121
26847,895.7935,33.508,1.118
26848,895.8269,23.693,0.791
26849,895.8603,64.453,2.151
26850,895.8936,85.428,2.850
26851,895.9270,127.593,4.257
26852,895.9604,31.788,1.061
26853,895.9937,37.463,1.250
26854,896.0271,21.192,0.707
26855,896.0605,16.754,0.559
26856,896.0938,7.493,0.250
26857,896.1272,16.754,0.559
26858,896.1606,30.892,1.031
26859,896.1939,37.463,1.250
26860,896.2273,16.754,0.559
26861,896.2607,7.493,0.250
26862,896.2940,30.892,1.031
26863,896.3274,40.348,1.346
26864,896.3608,52.448,1.750
26865,896.3941,74.172,2.475
26866,896.4275,33.508,1.118
26867,896.4609,23.693,0.791
26868,896.4942,50.261,1.677
26869,896.5276,23.693,0.791
26870,896.5610,37.463,1.250
26871,896.5943,29.970,1.000
26872,896.6277,31.788,1.061
26873,896.6611,14.985,0.500
26874,896.6944,21.192,0.707
26875,896.7278,23.693,0.791
26876,896.7612,23.693,0.791
26877,896.7945,0.000,0.000
26878,896.8279,0.000,0.000
26879,896.8613,47.387,1.581
26880,896.8946,47.976,1.601
26881,896.9280,31.788,1.061
26882,896.9614,54.546,1.820
26883,896.9947,132.556,4.423
26884,897.0281,91.458,3.052
26885,897.0615,37.463,1.250
26886,897.0948,27.015,0.901
26887,897.1282,10.596,0.354
26888,897.1616,16.754,0.559
26889,897.1949,0.000,0.000
26890,897.2283,23.693,0.791
26891,897.2617,7.493,0.250
26892,897.2950,33.508,1.118
26893,897.3284,14.985,0.500
26894,897.3618,16.754,0.559
26895,897.3951,45.575,1.521
26896,897.4285,33.508,1.118
26897,897.4619,23.693,0.791
26898,897.4952,47.976,1.601
26899,897.5286,60.407,2.016
26900,897.5620,33.508,1.118
26901,897.5953,54.029,1.803
26902,897.6287,30.892,1.031
26903,897.6621,27.015,0.901
26904,897.6954,27.015,0.901
26905,897.7288,33.508,1.118
26906,897.7622,7.493,0.250
26907,897.7955,31.788,1.061
26908,897.8289,16.754,0.559
26909,897.8623,27.015,0.901
26910,897.8956,7.493,0.250
26911,897.9290,0.000,0.000
26912,897.9624,7.493,0.250
26913,897.9957,27.015,0.901
26914,898.0291,74.925,2.500
26915,898.0625,95.951,3.202
26916,898.0958,42.384,1.414
26917,898.1292,127.593,4.257
26918,898.1626,43.689,1.458
26919,898.1959,27.015,0.901
26920,898.2293,16.754,0.559
26921,898.2627,7.493,0.250
26922,898.2960,16.754,0.559
26923,898.3294,22.478,0.750
26924,898.3628,7.493,0.250
26925,898.3961,58.518,1.953
26926,898.4295,14.985,0.500
26927,898.4629,7.493,0.250
26928,898.4962,37.463,1.250
26929,898.5296,40.348,1.346
26930,898.5630,23.693,0.791
26931,898.5963,47.976,1.601
26932,898.6297,50.261,1.677
26933,898.6630,33.508,1.118
26934,898.6964,29.970,1.000
26935,898.7298,57.061,1.904
26936,898.7631,29.970,1.000
26937,898.7965,30.892,1.031
26938,898.8299,54.029,1.803
26939,898.8632,7.493,0.250
26940,898.8966,33.508,1.118
26941,898.9300,16.754,0.559
26942,898.9633,16.754,0.559
26943,898.9967,0.000,0.000
26944,899.0301,7.493,0.250
26945,899.0634,0.000,0.000
26946,899.0968,47.976,1.601
26947,899.1302,42.384,1.414
26948,899.1635,91.458,3.052
26949,899.1969,74.925,2.500
26950,899.2303,85.428,2.850
26951,899.2636,42.384,1.414
26952,899.2970,43.689,1.458
26953,899.3304,23.693,0.791
26954,899.3637,0.000,0.000
26955,899.3971,7.493,0.250
26956,899.4305,14.985,0.500
26957,899.4638,10.596,0.354
26958,899.4972,43.689,1.458
26959,899.5306,21.192,0.707
26960,899.5639,10.596,0.354
26961,899.5973,7.493,0.250
26962,899.6307,54.546,1.820
26963,899.6640,23.693,0.791
26964,899.6974,54.546,1.820
26965,899.7308,70.684,2.358
26966,899.7641,33.508,1.118
26967,899.7975,7.493,0.250
26968,899.8309,31.788,1.061
26969,899.8642,60.407,2.016
26970,899.8976,33.508,1.118
26971,899.9310,22.478,0.750
26972,899.9643,16.754,0.559
26973,899.9977,16.754,0.559
26974,900.0311,31.788,1.061
26975,900.0644,10.596,0.354
26976,900.0978,16.754,0.559
26977,900.1312,7.493,0.250
26978,900.1645,0.000,0.000
26979,900.1979,43.689,1.458
26980,900.2313,31.788,1.061
26981,900.2646,27.015,0.901
26982,900.2980,74.925,2.500
26983,900.3314,135.073,4.507
26984,900.3647,85.428,2.850
26985,900.3981,30.892,1.031
26986,900.4315,21.192,0.707
26987,900.4648,21.192,0.707
26988,900.4982,21.192,0.707
26989,900.5316,14.985,0.500
26990,900.5649,14.985,0.500
26991,900.5983,21.192,0.707
26992,900.6317,38.205,1.275
26993,900.6650,10.596,0.354
26994,900.6984,7.493,0.250
26995,900.7318,60.407,2.016
26996,900.7651,37.463,1.250
26997,900.7985,29.970,1.000
26998,900.8319,67.015,2.236
26999,900.8652,21.192,0.707
27000,900.8986,43.689,1.458
27001,900.9320,60.407,2.016
27002,900.9653,29.970,1.000
27003,900.9987,27.015,0.901
27004,901.0321,16.754,0.559
27005,901.0654,16.754,0.559
27006,901.0988,31.788,1.061
27007,901.1322,14.985,0.500
27008,901.1655,27.015,0.901
27009,901.1989,16.754,0.559
27010,901.2323,0.000,0.000
27011,901.2656,10.596,0.354
27012,901.2990,31.788,1.061
27013,901.3324,31.788,1.061
27014,901.3657,33.508,1.118
27015,901.3991,54.029,1.803
27016,901.4325,138.155,4.610
27017,901.4658,43.689,1.458
27018,901.4992,84.768,2.828
27019,901.5326,21.192,0.707
27020,901.5659,10.596,0.354
27021,901.5993,0.000,0.000
27022,901.6327,23.693,0.791
27023,901.6660,16.754,0.559
27024,901.6994,16.754,0.559
27025,901.7328,50.261,1.677
27026,901.7661,7.493,0.250
27027,901.7995,0.000,0.000
27028,901.8329,30.892,1.031
27029,901.8662,31.788,1.061
27030,901.8996,52.980,1.768
27031,901.9330,33.508,1.118
27032,901.9663,50.261,1.677
27033,901.9997,16.754,0.559
27034,902.0331,37.463,1.250
27035,902.0664,78.224,2.610
27036,902.0998,23.693,0.791
27037,902.1332,16.754,0.559
27038,902.1665,30.892,1.031
27039,902.1999,16.754,0.559
27040,902.2333,23.693,0.791
27041,902.2666,23.693,0.791
27042,902.3000,14.985,0.500
27043,902.3334,10.596,0.354
27044,902.3667,0.000,0.000
27045,902.4001,30.892,1.031
27046,902.4335,31.788,1.061
27047,902.4668,90.222,3.010
27048,902.5002,74.172,2.475
27049,902.5336,63.576,2.121
27050,902.5669,69.078,2.305
27051,902.6003,42.384,1.414
27052,902.6337,33.508,1.118
27053,902.6670,23.693,0.791
27054,902.7004,10.596,0.354
27055,902.7338,10.596,0.354
27056,902.7671,7.493,0.250
27057,902.8005,22.478,0.750
27058,902.8339,30.892,1.031
27059,902.8672,27.015,0.901
27060,902.9006,7.493,0.250
27061,902.9340,44.955,1.500
27062,902.9673,37.463,1.250
27063,903.0007,21.192,0.707
27064,903.0341,38.205,1.275
27065,903.0674,57.061,1.904
27066,903.1008,21.192,0.707
27067,903.1342,30.892,1.031
27068,903.1675,67.015,2.236
27069,903.2009,29.970,1.000
27070,903.2343,33.508,1.118
27071,903.2676,27.015,0.901
27072,903.3010,31.788,1.061
27073,903.3344,27.015,0.901
27074,903.3677,7.493,0.250
27075,903.4011,16.754,0.559
27076,903.4345,16.754,0.559
27077,903.4678,10.596,0.354
27078,903.5012,0.000,0.000
27079,903.5346,54.029,1.803
27080,903.5679,42.384,1.414
27081,903.6013,31.788,1.061
27082,903.6347,60.407,2.016
27083,903.6680,165.006,5.506
27084,903.7014,37.463,1.250
27085,903.7348,42.384,1.414
27086,903.7681,16.754,0.559
27087,903.8015,0.000,0.000
27088,903.8349,14.985,0.500
27089,903.8682,10.596,0.354
27090,903.9016,23.693,0.791
27091,903.9350,22.478,0.750
27092,903.9683,31.788,1.061
27093,904.0017,0.000,0.000
27094,904.0351,10.596,0.354
27095,904.0684,45.575,1.521
27096,904.1018,38.205,1.275
27097,904.1352,30.892,1.031
27098,904.1685,37.463,1.250
27099,904.2019,67.015,2.236
27100,904.2353,30.892,1.031
27101,904.2686,69.078,2.305
27102,904.3020,29.970,1.000
27103,904.3354,7.493,0.250
27104,904.3687,14.985,0.500
27105,904.4021,37.463,1.250
27106,904.4355,16.754,0.559
27107,904.4688,23.693,0.791
27108,904.5022,16.754,0.559
27109,904.5356,0.000,0.000
27110,904.5689,0.000,0.000
27111,904.6023,0.000,0.000
27112,904.6357,40.348,1.346
27113,904.6690,60.407,2.016
27114,904.7024,27.015,0.901
27115,904.7358,43.689,1.458
27116,904.7691,58.518,1.953
27117,904.8025,112.388,3.750
27118,904.8359,42.384,1.414
27119,904.8692,69.078,2.305
27120,904.9026,16.754,0.559
27121,904.9360,14.985,0.500
27122,904.9693,0.000,0.000
27123,905.0027,23.693,0.791
27124,905.0361,10.596,0.354
27125,905.0694,40.348,1.346
27126,905.1028,16.754,0.559
27127,905.1362,7.493,0.250
27128,905.1695,60.407,2.016
27129,905.2029,23.693,0.791
27130,905.2363,22.478,0.750
27131,905.2696,43.689,1.458
27132,905.3030,54.029,1.803
27133,905.3364,27.015,0.901
27134,905.3697,33.508,1.118
27135,905.4031,69.078,2.305
27136,905.4365,14.985,0.500
27137,905.4698,22.478,0.750
27138,905.5032,16.754,0.559
27139,905.5366,58.518,1.953
27140,905.5699,7.493,0.250
27141,905.6033,16.754,0.559
27142,905.6367,0.000,0.000
27143,905.6700,0.000,0.000
27144,905.7034,0.000,0.000
27145,905.7368,33.508,1.118
27146,905.7701,42.384,1.414
27147,905.8035,60.407,2.016
27148,905.8369,79.647,2.658
27149,905.8702,73.793,2.462
27150,905.9036,42.384,1.414
27151,905.9370,70.684,2.358
27152,905.9703,43.689,1.458
27153,906.0037,10.596,0.354
27154,906.0371,14.985,0.500
27155,906.0704,30.892,1.031
27156,906.1038,7.493,0.250
27157,906.1372,33.508,1.118
27158,906.1705,23.693,0.791
27159,906.2039,7.493,0.250
27160,906.2373,38.205,1.275
27161,906.2706,38.205,1.275
27162,906.3040,16.754,0.559
27163,906.3374,44.955,1.500
27164,906.3707,40.348,1.346
27165,906.4041,40.348,1.346
27166,906.4375,31.788,1.061
27167,906.4708,40.348,1.346
27168,906.5042,91.150,3.041
27169,906.5376,16.754,0.559
27170,906.5709,14.985,0.500
27171,906.6043,14.985,0.500
27172,906.6377,14.985,0.500
27173,906.6710,52.980,1.768
27174,906.7044,0.000,0.000
27175,906.7378,14.985,0.500
27176,906.7711,0.000,0.000
27177,906.8045,7.493,0.250
27178,906.8379,37.463,1.250
27179,906.8712,47.976,1.601
27180,906.9046,31.788,1.061
27181,906.9380,85.428,2.850
27182,906.9713,85.428,2.850
27183,907.0047,87.377,2.915
27184,907.0381,38.205,1.275
27185,907.0714,22.478,0.750
27186,907.1048,7.493,0.250
27187,907.1382,29.970,1.000
27188,907.1715,29.970,1.000
27189,907.2049,7.493,0.250
27190,907.2383,40.348,1.346
27191,907.2716,0.000,0.000
27192,907.3050,47.387,1.581
27193,907.3384,43.689,1.458
27194,907.3717,30.892,1.031
27195,907.4051,30.892,1.031
27196,907.4385,30.892,1.031
27197,907.4718,54.546,1.820
27198,907.5052,30.892,1.031
27199,907.5386,16.754,0.559
27200,907.5719,27.015,0.901
27201,907.6053,59.940,2.000
27202,907.6387,47.387,1.581
27203,907.6720,27.015,0.901
27204,907.7054,7.493,0.250
27205,907.7388,21.192,0.707
27206,907.7721,33.508,1.118
27207,907.8055,22.478,0.750
27208,907.8389,30.892,1.031
27209,907.8722,10.596,0.354
27210,907.9056,7.493,0.250
27211,907.9390,7.493,0.250
27212,907.9723,60.407,2.016
27213,908.0057,33.508,1.118
27214,908.0391,23.693,0.791
27215,908.0724,63.576,2.121
27216,908.1058,148.722,4.962
27217,908.1392,40.348,1.346
27218,908.1725,52.980,1.768
27219,908.2059,27.015,0.901
27220,908.2393,0.000,0.000
27221,908.2726,59.940,2.000
27222,908.3060,10.596,0.354
27223,908.3394,29.970,1.000
27224,908.3727,21.192,0.707
27225,908.4061,16.754,0.559
27226,908.4395,54.029,1.803
27227,908.4728,43.689,1.458
27228,908.5062,45.575,1.521
27229,908.5396,45.575,1.521
27230,908.5729,60.407,2.016
27231,908.6063,27.015,0.901
27232,908.6397,38.205,1.275
27233,908.6730,27.015,0.901
27234,908.7064,29.970,1.000
27235,908.7398,80.697,2.693
27236,908.7731,37.463,1.250
27237,908.8065,0.000,0.000
27238,908.8399,42.384,1.414
27239,908.8732,10.596,0.354
27240,908.9066,37.463,1.250
27241,908.9400,7.493,0.250
27242,908.9733,10.596,0.354
27243,909.0067,0.000,0.000
27244,909.0401,7.493,0.250
27245,909.0734,60.407,2.016
27246,909.1068,58.518,1.953
27247,909.1402,64.453,2.151
27248,909.1735,33.508,1.118
27249,909.2069,37.463,1.250
27250,909.2403,85.428,2.850
27251,909.2736,58.518,1.953
27252,909.3070,31.788,1.061
27253,909.3404,0.000,0.000
27254,909.3737,54.546,1.820
27255,909.4071,22.478,0.750
27256,909.4405,29.970,1.000
27257,909.4738,0.000,0.000
27258,909.5072,0.000,0.000
27259,909.5406,79.647,2.658
27260,909.5739,29.970,1.000
27261,909.6073,23.693,0.791
27262,909.6407,90.222,3.010
27263,909.6740,23.693,0.791
27264,909.7074,29.970,1.000
27265,909.7408,27.015,0.901
27266,909.7741,27.015,0.901
27267,909.8075,40.348,1.346
27268,909.8409,81.044,2.704
27269,909.8742,40.348,1.346
27270,909.9076,7.493,0.250
27271,909.9410,10.596,0.354
27272,909.9743,37.463,1.250
27273,910.0077,23.693,0.791
27274,910.0411,30.892,1.031
27275,910.0744,7.493,0.250
27276,910.1078,7.493,0.250
27277,910.1412,0.000,0.000
27278,910.1745,47.976,1.601
27279,910.2079,33.508,1.118
27280,910.2413,31.788,1.061
27281,910.2746,63.576,2.121
27282,910.3080,143.927,4.802
27283,910.3414,40.348,1.346
27284,910.3747,42.384,1.414
27285,910.4081,42.384,1.414
27286,910.4415,7.493,0.250
27287,910.4748,37.463,1.250
27288,910.5082,37.463,1.250
27289,910.5416,16.754,0.559
27290,910.5749,23.693,0.791
27291,910.6083,10.596,0.354
27292,910.6417,70.684,2.358
27293,910.6750,33.508,1.118
27294,910.7084,38.205,1.275
27295,910.7418,38.205,1.275
27296,910.7751,69.078,2.305
27297,910.8085,23.693,0.791
27298,910.8419,27.015,0.901
27299,910.8752,37.463,1.250
27300,910.9086,22.478,0.750
27301,910.9420,23.693,0.791
27302,910.9753,43.689,1.458
27303,911.0087,64.453,2.151
27304,911.0421,0.000,0.000
27305,911.0754,40.348,1.346
27306,911.1088,22.478,0.750
27307,911.1422,23.693,0.791
27308,911.1755,14.985,0.500
27309,911.2089,0.000,0.000
27310,911.2423,0.000,0.000
27311,911.2756,7.493,0.250
27312,911.3090,54.029,1.803
27313,911.3424,37.463,1.250
27314,911.3757,69.078,2.305
27315,911.4091,67.015,2.236
27316,911.4425,122.886,4.100
27317,911.4758,73.793,2.462
27318,911.5092,21.192,0.707
27319,911.5426,0.000,0.000
27320,911.5759,30.892,1.031
27321,911.6093,21.192,0.707
27322,911.6427,30.892,1.031
27323,911.6760,23.693,0.791
27324,911.7094,0.000,0.000
27325,911.7428,37.463,1.250
27326,911.7761,40.348,1.346
27327,911.8095,52.448,1.750
27328,911.8429,44.955,1.500
27329,911.8762,67.433,2.250
27330,911.9096,27.015,0.901
27331,911.9430,23.693,0.791
27332,911.9763,40.348,1.346
27333,912.0097,37.463,1.250
27334,912.0431,21.192,0.707
27335,912.0764,90.532,3.021
27336,912.1098,31.788,1.061
27337,912.1432,7.493,0.250
27338,912.1765,31.788,1.061
27339,912.2099,23.693,0.791
27340,912.2433,23.693,0.791
27341,912.2766,10.596,0.354
27342,912.3100,7.493,0.250
27343,912.3434,0.000,0.000
27344,912.3767,7.493,0.250
27345,912.4101,69.078,2.305
27346,912.4435,37.463,1.250
27347,912.4768,95.364,3.182
27348,912.5102,63.576,2.121
27349,912.5436,42.384,1.414
27350,912.5769,87.698,2.926
27351,912.6103,37.463,1.250
27352,912.6437,23.693,0.791
27353,912.6770,10.596,0.354
27354,912.7104,67.433,2.250
27355,912.7438,22.478,0.750
27356,912.7771,22.478,0.750
27357,912.8105,0.000,0.000
27358,912.8439,54.029,1.803
27359,912.8772,44.955,1.500
27360,912.9106,44.955,1.500
27361,912.9440,59.940,2.000
27362,912.9773,22.478,0.750
27363,913.0107,16.754,0.559
27364,913.0441,47.387,1.581
27365,913.0774,33.508,1.118
27366,913.1108,27.015,0.901
27367,913.1442,21.192,0.707
27368,913.1775,91.458,3.052
27369,913.2109,30.892,1.031
27370,913.2443,10.596,0.354
27371,913.2776,29.970,1.000
27372,913.3110,16.754,0.559
27373,913.3444,22.478,0.750
27374,913.3777,27.015,0.901
27375,913.4111,14.985,0.500
27376,913.4445,10.596,0.354
27377,913.4778,16.754,0.559
27378,913.5112,57.061,1.904
27379,913.5446,37.463,1.250
27380,913.5779,16.754,0.559
27381,913.6113,64.016,2.136
27382,913.6447,158.055,5.274
27383,913.6780,42.384,1.414
27384,913.7114,33.508,1.118
27385,913.7448,37.463,1.250
27386,913.7781,14.985,0.500
27387,913.8115,59.940,2.000
27388,913.8449,29.970,1.000
27389,913.8782,14.985,0.500
27390,913.9116,7.493,0.250
27391,913.9450,0.000,0.000
27392,913.9783,94.774,3.162
27393,914.0117,14.985,0.500
27394,914.0451,45.575,1.521
27395,914.0784,60.407,2.016
27396,914.1118,27.015,0.901
27397,914.1452,40.348,1.346
27398,914.1785,30.892,1.031
27399,914.2119,27.015,0.901
27400,914.2453,38.205,1.275
27401,914.2786,69.078,2.305
27402,914.3120,38.205,1.275
27403,914.3454,0.000,0.000
27404,914.3787,16.754,0.559
27405,914.4121,10.596,0.354
27406,914.4455,23.693,0.791
27407,914.4788,37.463,1.250
27408,914.5122,0.000,0.000
27409,914.5456,0.000,0.000
27410,914.5789,0.000,0.000
27411,914.6123,30.892,1.031
27412,914.6457,70.684,2.358
27413,914.6790,64.453,2.151
27414,914.7124,76.409,2.550
27415,914.7458,79.647,2.658
27416,914.7791,73.793,2.462
27417,914.8125,33.508,1.118
27418,914.8459,14.985,0.500
27419,914.8792,7.493,0.250
27420,914.9126,22.478,0.750
27421,914.9460,52.980,1.768
27422,914.9793,16.754,0.559
27423,915.0127,33.508,1.118
27424,915.0461,7.493,0.250
27425,915.0794,67.015,2.236
27426,915.1128,47.387,1.581
27427,915.1462,45.575,1.521
27428,915.1795,74.925,2.500
27429,915.2129,14.985,0.500
27430,915.2463,23.693,0.791
27431,915.2796,31.788,1.061
27432,915.3130,30.892,1.031
27433,915.3464,23.693,0.791
27434,915.3797,57.061,1.904
27435,915.4131,40.348,1.346
27436,915.4465,27.015,0.901
27437,915.4798,22.478,0.750
27438,915.5132,23.693,0.791
27439,915.5466,33.508,1.118
27440,915.5799,16.754,0.559
27441,915.6133,7.493,0.250
27442,915.6467,7.493,0.250
27443,915.6800,7.493,0.250
27444,915.7134,23.693,0.791
27445,915.7468,40.348,1.346
27446,915.7801,33.508,1.118
27447,915.8135,54.029,1.803
27448,915.8469,157.521,5.256
27449,915.8802,33.508,1.118
27450,915.9136,90.532,3.021
27451,915.9470,21.192,0.707
27452,915.9803,7.493,0.250
27453,916.0137,37.463,1.250
27454,916.0471,29.970,1.000
27455,916.0804,29.970,1.000
27456,916.1138,23.693,0.791
27457,916.1472,7.493,0.250
27458,916.1805,73.793,2.462
27459,916.2139,54.546,1.820
27460,916.2473,16.754,0.559
27461,916.2806,31.788,1.061
27462,916.3140,52.448,1.750
27463,916.3474,60.407,2.016
27464,916.3807,37.463,1.250
27465,916.4141,22.478,0.750
27466,916.4475,30.892,1.031
27467,916.4808,29.970,1.000
27468,916.5142,67.015,2.236
27469,916.5476,30.892,1.031
27470,916.5809,7.493,0.250
27471,916.6143,10.596,0.354
27472,916.6477,7.493,0.250
27473,916.6810,29.970,1.000
27474,916.7144,16.754,0.559
27475,916.7478,0.000,0.000
27476,916.7811,16.754,0.559
27477,916.8145,22.478,0.750
27478,916.8479,58.518,1.953
27479,916.8812,60.407,2.016
27480,916.9146,37.463,1.250
27481,916.9480,117.276,3.913
27482,916.9813,30.892,1.031
27483,917.0147,52.980,1.768
27484,917.0481,10.596,0.354
27485,917.0814,0.000,0.000
27486,917.1148,61.785,2.062
27487,917.1482,14.985,0.500
27488,917.1815,23.693,0.791
27489,917.2149,30.892,1.031
27490,917.2483,7.493,0.250
27491,917.2816,67.015,2.236
27492,917.3150,54.546,1.820
27493,917.3484,27.015,0.901
27494,917.3817,33.508,1.118
27495,917.4151,40.348,1.346
27496,917.4485,60.407,2.016
27497,917.4818,23.693,0.791
27498,917.5152,29.970,1.000
27499,917.5486,37.463,1.250
27500,917.5819,14.985,0.500
27501,917.6153,43.689,1.458
27502,917.6487,50.261,1.677
27503,917.6820,40.348,1.346
27504,917.7154,16.754,0.559
27505,917.7488,30.892,1.031
27506,917.7821,7.493,0.250
27507,917.8155,21.192,0.707
27508,917.8489,16.754,0.559
27509,917.8822,7.493,0.250
27510,917.9156,7.493,0.250
27511,917.9490,29.970,1.000
27512,917.9823,77.140,2.574
27513,918.0157,70.684,2.358
27514,918.0491,74.925,2.500
27515,918.0824,33.508,1.118
27516,918.1158,43.689,1.458
27517,918.1492,14.985,0.500
27518,918.1825,0.000,0.000
27519,918.2159,47.387,1.581
27520,918.2493,30.892,1.031
27521,918.2826,22.478,0.750
27522,918.3160,22.478,0.750
27523,918.3494,33.508,1.118
27524,918.3827,7.493,0.250
27525,918.4161,97.403,3.250
27526,918.4495,40.348,1.346
27527,918.4828,29.970,1.000
27528,918.5162,50.261,1.677
27529,918.5496,43.689,1.458
27530,918.5829,43.689,1.458
27531,918.6163,38.205,1.275
27532,918.6497,33.508,1.118
27533,918.6830,14.985,0.500
27534,918.7164,14.985,0.500
27535,918.7498,87.698,2.926
27536,918.7831,43.689,1.458
27537,918.8165,27.015,0.901
27538,918.8499,27.015,0.901
27539,918.8832,10.596,0.354
27540,918.9166,14.985,0.500
27541,918.9500,0.000,0.000
27542,918.9833,23.693,0.791
27543,919.0167,23.693,0.791
27544,919.0501,52.448,1.750
27545,919.0834,37.463,1.250
27546,919.1168,100.523,3.354
27547,919.1502,64.453,2.151
27548,919.1835,33.508,1.118
27549,919.2169,29.970,1.000
27550,919.2503,7.493,0.250
27551,919.2836,0.000,0.000
27552,919.3170,43.689,1.458
27553,919.3504,23.693,0.791
27554,919.3837,38.205,1.275
27555,919.4171,29.970,1.000
27556,919.4505,27.015,0.901
27557,919.4838,10.596,0.354
27558,919.5172,0.000,0.000
27559,919.5506,67.015,2.236
27560,919.5839,45.575,1.521
27561,919.6173,45.575,1.521
27562,919.6507,23.693,0.791
27563,919.6840,47.976,1.601
27564,919.7174,45.575,1.521
27565,919.7508,14.985,0.500
27566,919.7841,16.754,0.559
27567,919.8175,52.980,1.768
27568,919.8509,54.029,1.803
27569,919.8842,16.754,0.559
27570,919.9176,10.596,0.354
27571,919.9510,16.754,0.559
27572,919.9843,10.596,0.354
27573,920.0177,7.493,0.250
27574,920.0511,47.387,1.581
27575,920.0844,14.985,0.500
27576,920.1178,14.985,0.500
27577,920.1512,59.940,2.000
27578,920.1845,70.684,2.358
27579,920.2179,54.029,1.803
27580,920.2512,67.015,2.236
27581,920.2846,37.463,1.250
27582,920.3180,7.493,0.250
27583,920.3513,31.788,1.061
27584,920.3847,0.000,0.000
27585,920.4181,23.693,0.791
27586,920.4514,37.463,1.250
27587,920.4848,22.478,0.750
27588,920.5182,23.693,0.791
27589,920.5515,60.407,2.016
27590,920.5849,30.892,1.031
27591,920.6183,0.000,0.000
27592,920.6516,0.000,0.000
27593,920.6850,60.407,2.016
27594,920.7184,29.970,1.000
27595,920.7517,30.892,1.031
27596,920.7851,23.693,0.791
27597,920.8185,43.689,1.458
27598,920.8518,21.192,0.707
27599,920.8852,16.754,0.559
27600,920.9186,40.348,1.346
27601,920.9519,33.508,1.118
27602,920.9853,27.015,0.901
27603,921.0187,7.493,0.250
27604,921.0520,7.493,0.250
27605,921.0854,10.596,0.354
27606,921.1188,16.754,0.559
27607,921.1521,45.575,1.521
27608,921.1855,21.192,0.707
27609,921.2189,23.693,0.791
27610,921.2522,10.596,0.354
27611,921.2856,90.532,3.021
27612,921.3190,37.463,1.250
27613,921.3523,70.684,2.358
27614,921.3857,31.788,1.061
27615,921.4191,37.463,1.250
27616,921.4524,21.192,0.707
27617,921.4858,0.000,0.000
27618,921.5192,16.754,0.559
27619,921.5525,31.788,1.061
27620,921.5859,14.985,0.500
27621,921.6193,29.970,1.000
27622,921.6526,47.387,1.581
27623,921.6860,45.575,1.521
27624,921.7194,7.493,0.250
27625,921.7527,0.000,0.000
27626,921.7861,7.493,0.250
27627,921.8195,59.940,2.000
27628,921.8528,45.575,1.521
27629,921.8862,47.387,1.581
27630,921.9196,23.693,0.791
27631,921.9529,22.478,0.750
27632,921.9863,30.892,1.031
27633,922.0197,21.192,0.707
27634,922.0530,40.348,1.346
27635,922.0864,40.348,1.346
27636,922.1198,0.000,0.000
27637,922.1531,7.493,0.250
27638,922.1865,0.000,0.000
27639,922.2199,7.493,0.250
27640,922.2532,16.754,0.559
27641,922.2866,33.508,1.118
27642,922.3200,31.788,1.061
27643,922.3533,29.970,1.000
27644,922.3867,93.881,3.132
27645,922.4201,38.205,1.275
27646,922.4534,37.463,1.250
27647,922.4868,69.078,2.305
27648,922.5202,38.205,1.275
27649,922.5535,10.596,0.354
27650,922.5869,0.000,0.000
27651,922.6203,0.000,0.000
27652,922.6536,10.596,0.354
27653,922.6870,50.261,1.677
27654,922.7204,22.478,0.750
27655,922.7537,60.407,2.016
27656,922.7871,23.693,0.791
27657,922.8205,10.596,0.354
27658,922.8538,16.754,0.559
27659,922.8872,37.463,1.250
27660,922.9206,37.463,1.250
27661,922.9539,30.892,1.031
27662,922.9873,45.575,1.521
27663,923.0207,47.976,1.601
27664,923.0540,27.015,0.901
27665,923.0874,29.970,1.000
27666,923.1208,16.754,0.559
27667,923.1541,33.508,1.118
27668,923.1875,40.348,1.346
27669,923.2209,7.493,0.250
27670,923.2542,7.493,0.250
27671,923.2876,0.000,0.000
27672,923.3210,0.000,0.000
27673,923.3543,21.192,0.707
27674,923.3877,31.788,1.061
27675,923.4211,23.693,0.791
27676,923.4544,23.693,0.791
27677,923.4878,33.508,1.118
27678,923.5212,60.407,2.016
27679,923.5545,74.925,2.500
27680,923.5879,30.892,1.031
27681,923.6213,42.384,1.414
27682,923.6546,16.754,0.559
27683,923.6880,16.754,0.559
27684,923.7214,0.000,0.000
27685,923.7547,22.478,0.750
27686,923.7881,31.788,1.061
27687,923.8215,22.478,0.750
27688,923.8548,40.348,1.346
27689,923.8882,38.205,1.275
27690,923.9216,61.785,2.062
27691,923.9549,16.754,0.559
27692,923.9883,0.000,0.000
27693,924.0217,76.409,2.550
27694,924.0550,29.970,1.000
27695,924.0884,29.970,1.000
27696,924.1218,14.985,0.500
27697,924.1551,33.508,1.118
27698,924.1885,38.205,1.275
27699,924.2219,7.493,0.250
27700,924.2552,0.000,0.000
27701,924.2886,54.546,1.820
27702,924.3220,10.596,0.354
27703,924.3553,14.985,0.500
27704,924.3887,0.000,0.000
27705,924.4221,0.000,0.000
27706,924.4554,0.000,0.000
27707,924.4888,16.754,0.559
27708,924.5222,27.015,0.901
27709,924.5555,23.693,0.791
27710,924.5889,7.493,0.250
27711,924.6223,7.493,0.250
27712,924.6556,110.626,3.691
27713,924.6890,33.508,1.118
27714,924.7224,70.684,2.358
27715,924.7557,27.015,0.901
27716,924.7891,0.000,0.000
27717,924.8225,0.000,0.000
27718,924.8558,0.000,0.000
27719,924.8892,10.596,0.354
27720,924.9226,29.970,1.000
27721,924.9559,57.061,1.904
27722,924.9893,47.387,1.581
27723,925.0227,30.892,1.031
27724,925.0560,7.493,0.250
27725,925.0894,7.493,0.250
27726,925.1228,54.546,1.820
27727,925.1561,40.348,1.346
27728,925.1895,29.970,1.000
27729,925.2229,27.015,0.901
27730,925.2562,40.348,1.346
27731,925.2896,30.892,1.031
27732,925.3230,0.000,0.000
27733,925.3563,30.892,1.031
27734,925.3897,38.205,1.275
27735,925.4231,0.000,0.000
27736,925.4564,0.000,0.000
27737,925.4898,27.015,0.901
27738,925.5232,7.493,0.250
27739,925.5565,14.985,0.500
27740,925.5899,7.493,0.250
27741,925.6233,57.061,1.904
27742,925.6566,10.596,0.354
27743,925.6900,23.693,0.791
27744,925.7234,23.693,0.791
27745,925.7567,108.059,3.606
27746,925.7901,37.463,1.250
27747,925.8235,67.015,2.236
27748,925.8568,27.015,0.901
27749,925.8902,16.754,0.559
27750,925.9236,0.000,0.000
27751,925.9569,23.693,0.791
27752,925.9903,33.508,1.118
27753,926.0237,22.478,0.750
27754,926.0570,14.985,0.500
27755,926.0904,40.348,1.346
27756,926.1238,44.955,1.500
27757,926.1571,14.985,0.500
27758,926.1905,22.478,0.750
27759,926.2239,22.478,0.750
27760,926.2572,47.387,1.581
27761,926.2906,38.205,1.275
27762,926.3240,38.205,1.275
27763,926.3573,43.689,1.458
27764,926.3907,10.596,0.354
27765,926.4241,14.985,0.500
27766,926.4574,10.596,0.354
27767,926.4908,54.546,1.820
27768,926.5242,23.693,0.791
27769,926.5575,0.000,0.000
27770,926.5909,0.000,0.000
27771,926.6243,10.596,0.354
27772,926.6576,0.000,0.000
27773,926.6910,23.693,0.791
27774,926.7244,30.892,1.031
27775,926.7577,33.508,1.118
27776,926.7911,16.754,0.559
27777,926.8245,47.976,1.601
27778,926.8578,31.788,1.061
27779,926.8912,47.387,1.581
27780,926.9246,70.684,2.358
27781,926.9579,30.892,1.031
27782,926.9913,16.754,0.559
27783,927.0247,10.596,0.354
27784,927.0580,7.493,0.250
27785,927.0914,14.985,0.500
27786,927.1248,60.407,2.016
27787,927.1581,38.205,1.275
27788,927.1915,23.693,0.791
27789,927.2249,45.575,1.521
27790,927.2582,23.693,0.791
27791,927.2916,22.478,0.750
27792,927.3250,10.596,0.354
27793,927.3583,82.758,2.761
27794,927.3917,44.955,1.500
27795,927.4251,10.596,0.354
27796,927.4584,43.689,1.458
27797,927.4918,29.970,1.000
27798,927.5252,16.754,0.559
27799,927.5585,16.754,0.559
27800,927.5919,54.546,1.820
27801,927.6253,23.693,0.791
27802,927.6586,7.493,0.250
27803,927.6920,14.985,0.500
27804,927.7254,14.985,0.500
27805,927.7587,10.596,0.354
27806,927.7921,10.596,0.354
27807,927.8255,30.892,1.031
27808,927.8588,27.015,0.901
27809,927.8922,38.205,1.275
27810,927.9256,7.493,0.250
27811,927.9589,85.428,2.850
27812,927.9923,54.546,1.820
27813,928.0257,31.788,1.061
27814,928.0590,64.453,2.151
27815,928.0924,21.192,0.707
27816,928.1258,10.596,0.354
27817,928.1591,14.985,0.500
27818,928.1925,16.754,0.559
27819,928.2259,43.689,1.458
27820,928.2592,45.575,1.521
27821,928.2926,47.387,1.581
27822,928.3260,29.970,1.000
27823,928.3593,16.754,0.559
27824,928.3927,10.596,0.354
27825,928.4261,31.788,1.061
27826,928.4594,67.848,2.264
27827,928.4928,37.463,1.250
27828,928.5262,22.478,0.750
27829,928.5595,16.754,0.559
27830,928.5929,37.463,1.250
27831,928.6263,37.463,1.250
27832,928.6596,7.493,0.250
27833,928.6930,7.493,0.250
27834,928.7264,33.508,1.118
27835,928.7597,30.892,1.031
27836,928.7931,10.596,0.354
27837,928.8265,10.596,0.354
27838,928.8598,7.493,0.250
27839,928.8932,22.478,0.750
27840,928.9266,16.754,0.559
27841,928.9599,31.788,1.061
27842,928.9933,23.693,0.791
27843,929.0267,29.970,1.000
27844,929.0600,92.677,3.092
27845,929.0934,37.463,1.250
27846,929.1268,37.463,1.250
27847,929.1601,50.261,1.677
27848,929.1935,30.892,1.031
27849,929.2269,21.192,0.707
27850,929.2602,0.000,0.000
27851,929.2936,14.985,0.500
27852,929.3270,10.596,0.354
27853,929.3603,30.892,1.031
27854,929.3937,43.689,1.458
27855,929.4271,45.575,1.521
27856,929.4604,44.955,1.500
27857,929.4938,16.754,0.559
27858,929.5272,21.192,0.707
27859,929.5605,52.448,1.750
27860,929.5939,37.463,1.250
27861,929.6273,29.970,1.000
27862,929.6606,27.015,0.901
27863,929.6940,29.970,1.000
27864,929.7274,22.478,0.750
27865,929.7607,14.985,0.500
27866,929.7941,23.693,0.791
27867,929.8275,37.463,1.250
27868,929.8608,22.478,0.750
27869,929.8942,7.493,0.250
27870,929.9276,7.493,0.250
27871,929.9609,0.000,0.000
27872,929.9943,7.493,0.250
27873,930.0277,16.754,0.559
27874,930.0610,37.463,1.250
27875,930.0944,40.348,1.346
27876,930.1278,0.000,0.000
27877,930.1611,37.463,1.250
27878,930.1945,37.463,1.250
27879,930.2279,47.976,1.601
27880,930.2612,67.015,2.236
27881,930.2946,45.575,1.521
27882,930.3280,7.493,0.250
27883,930.3613,0.000,0.000
27884,930.3947,10.596,0.354
27885,930.4281,33.508,1.118
27886,930.4614,16.754,0.559
27887,930.4948,29.970,1.000
27888,930.5282,40.348,1.346
27889,930.5615,59.940,2.000
27890,930.5949,14.985,0.500
27891,930.6283,7.493,0.250
27892,930.6616,57.061,1.904
27893,930.6950,30.892,1.031
27894,930.7284,38.205,1.275
27895,930.7617,30.892,1.031
27896,930.7951,22.478,0.750
27897,930.8285,29.970,1.000
27898,930.8618,7.493,0.250
27899,930.8952,0.000,0.000
27900,930.9286,45.575,1.521
27901,930.9619,16.754,0.559
27902,930.9953,10.596,0.354
27903,931.0287,23.693,0.791
27904,931.0620,7.493,0.250
27905,931.0954,7.493,0.250
27906,931.1288,30.892,1.031
27907,931.1621,16.754,0.559
27908,931.1955,54.029,1.803
27909,931.2289,14.985,0.500
27910,931.2622,47.387,1.581
27911,931.2956,33.508,1.118
27912,931.3290,33.508,1.118
27913,931.3623,74.925,2.500
27914,931.3957,21.192,0.707
27915,931.4291,16.754,0.559
27916,931.4624,7.493,0.250
27917,931.4958,14.985,0.500
27918,931.5292,10.596,0.354
27919,931.5625,57.061,1.904
27920,931.5959,40.348,1.346
27921,931.6293,23.693,0.791
27922,931.6626,16.754,0.559
27923,931.6960,40.348,1.346
27924,931.7294,7.493,0.250
27925,931.7627,31.788,1.061
27926,931.7961,69.078,2.305
27927,931.8295,40.348,1.346
27928,931.8628,23.693,0.791
27929,931.8962,7.493,0.250
27930,931.9296,52.980,1.768
27931,931.9629,0.000,0.000
27932,931.9963,22.478,0.750
27933,932.0297,37.463,1.250
27934,932.0630,16.754,0.559
27935,932.0964,0.000,0.000
27936,932.1298,7.493,0.250
27937,932.1631,10.596,0.354
27938,932.1965,16.754,0.559
27939,932.2299,14.985,0.500
27940,932.2632,30.892,1.031
27941,932.2966,37.463,1.250
27942,932.3300,21.192,0.707
27943,932.3633,58.518,1.953
27944,932.3967,33.508,1.118
27945,932.4301,43.689,1.458
27946,932.4634,73.793,2.462
27947,932.4968,22.478,0.750
27948,932.5302,33.508,1.118
27949,932.5635,14.985,0.500
27950,932.5969,23.693,0.791
27951,932.6303,23.693,0.791
27952,932.6636,47.976,1.601
27953,932.6970,30.892,1.031
27954,932.7304,16.754,0.559
27955,932.7637,37.463,1.250
27956,932.7971,37.463,1.250
27957,932.8305,0.000,0.000
27958,932.8638,10.596,0.354
27959,932.8972,69.078,2.305
27960,932.9306,38.205,1.275
27961,932.9639,30.892,1.031
27962,932.9973,23.693,0.791
27963,933.0307,33.508,1.118
27964,933.0640,7.493,0.250
27965,933.0974,31.788,1.061
27966,933.1308,45.575,1.521
27967,933.1641,16.754,0.559
27968,933.1975,7.493,0.250
27969,933.2309,10.596,0.354
27970,933.2642,7.493,0.250
27971,933.2976,0.000,0.000
27972,933.3310,27.015,0.901
27973,933.3643,33.508,1.118
27974,933.3977,27.015,0.901
27975,933.4311,27.015,0.901
27976,933.4644,69.078,2.305
27977,933.4978,23.693,0.791
27978,933.5312,43.689,1.458
27979,933.5645,47.976,1.601
27980,933.5979,67.015,2.236
27981,933.6313,33.508,1.118
27982,933.6646,7.493,0.250
27983,933.6980,0.000,0.000
27984,933.7314,16.754,0.559
27985,933.7647,57.061,1.904
27986,933.7981,23.693,0.791
27987,933.8315,22.478,0.750
27988,933.8648,22.478,0.750
27989,933.8982,44.955,1.500
27990,933.9316,0.000,0.000
27991,933.9649,7.493,0.250
27992,933.9983,85.428,2.850
27993,934.0317,40.348,1.346
27994,934.0650,27.015,0.901
27995,934.0984,23.693,0.791
27996,934.1318,30.892,1.031
27997,934.1651,30.892,1.031
27998,934.1985,16.754,0.559
27999,934.2319,37.463,1.250
28000,934.2652,37.463,1.250
28001,934.2986,10.596,0.354
28002,934.3320,7.493,0.250
28003,934.3653,10.596,0.354
28004,934.3987,7.493,0.250
28005,934.4321,10.596,0.354
28006,934.4654,23.693,0.791
28007,934.4988,57.061,1.904
28008,934.5322,23.693,0.791
28009,934.5655,47.387,1.581
28010,934.5989,50.261,1.677
28011,934.6323,42.384,1.414
28012,934.6656,30.892,1.031
28013,934.6990,57.061,1.904
28014,934.7324,38.205,1.275
28015,934.7657,16.754,0.559
28016,934.7991,7.493,0.250
28017,934.8325,27.015,0.901
28018,934.8658,7.493,0.250
28019,934.8992,29.970,1.000
28020,934.9326,67.015,2.236
28021,934.9659,30.892,1.031
28022,934.9993,52.980,1.768
28023,935.0327,14.985,0.500
28024,935.0660,14.985,0.500
28025,935.0994,42.384,1.414
28026,935.1328,47.387,1.581
28027,935.1661,38.205,1.275
28028,935.1995,43.689,1.458
28029,935.2329,33.508,1.118
28030,935.2662,29.970,1.000
28031,935.2996,10.596,0.354
28032,935.3330,7.493,0.250
28033,935.3663,57.061,1.904
28034,935.3997,23.693,0.791
28035,935.4331,10.596,0.354
28036,935.4664,7.493,0.250
28037,935.4998,23.693,0.791
28038,935.5332,16.754,0.559
28039,935.5665,21.192,0.707
28040,935.5999,7.493,0.250
28041,935.6333,14.985,0.500
28042,935.6666,7.493,0.250
28043,935.7000,21.192,0.707
28044,935.7334,22.478,0.750
28045,935.7667,30.892,1.031
28046,935.8001,33.508,1.118
28047,935.8335,37.463,1.250
28048,935.8668,7.493,0.250
28049,935.9002,30.892,1.031
28050,935.9336,16.754,0.559
28051,935.9669,29.970,1.000
28052,936.0003,29.970,1.000
28053,936.0337,59.940,2.000
28054,936.0670,22.478,0.750
28055,936.1004,22.478,0.750
28056,936.1338,7.493,0.250
28057,936.1671,0.000,0.000
28058,936.2005,30.892,1.031
28059,936.2339,69.078,2.305
28060,936.2672,30.892,1.031
28061,936.3006,45.575,1.521
28062,936.3340,10.596,0.354
28063,936.3673,27.015,0.901
28064,936.4007,7.493,0.250
28065,936.4341,22.478,0.750
28066,936.4674,69.078,2.305
28067,936.5008,64.016,2.136
28068,936.5342,42.384,1.414
28069,936.5675,59.940,2.000
28070,936.6009,101.909,3.400
28071,936.6343,52.980,1.768
28072,936.6676,54.546,1.820
28073,936.7010,71.080,2.372
28074,936.7344,54.029,1.803
28075,936.7677,30.892,1.031
28076,936.8011,75.299,2.512
28077,936.8345,29.970,1.000
28078,936.8678,59.940,2.000
28079,936.9012,45.575,1.521
28080,936.9346,37.463,1.250
28081,936.9679,27.015,0.901
28082,937.0013,30.892,1.031
28083,937.0347,22.478,0.750
28084,937.0680,59.940,2.000
28085,937.1014,29.970,1.000
28086,937.1348,29.970,1.000
28087,937.1681,30.892,1.031
28088,937.2015,7.493,0.250
28089,937.2349,16.754,0.559
28090,937.2682,0.000,0.000
28091,937.3016,7.493,0.250
28092,937.3350,0.000,0.000
28093,937.3683,67.015,2.236
28094,937.4017,45.575,1.521
28095,937.4351,47.387,1.581
28096,937.4684,31.788,1.061
28097,937.5018,22.478,0.750
28098,937.5352,16.754,0.559
28099,937.5685,47.387,1.581
28100,937.6019,33.508,1.118
28101,937.6353,33.508,1.118
28102,937.6686,38.205,1.275
28103,937.7020,83.769,2.795
28104,937.7354,135.695,4.528
28105,937.7687,45.575,1.521
28106,937.8021,50.261,1.677
28107,937.8355,73.793,2.462
28108,937.8688,23.693,0.791
28109,937.9022,29.970,1.000
28110,937.9356,22.478,0.750
28111,937.9689,47.976,1.601
28112,938.0023,14.985,0.500
28113,938.0357,14.985,0.500
28114,938.0690,27.015,0.901
28115,938.1024,67.015,2.236
28116,938.1358,22.478,0.750
28117,938.1691,43.689,1.458
28118,938.2025,82.418,2.750
28119,938.2359,7.493,0.250
28120,938.2692,16.754,0.559
28121,938.3026,30.892,1.031
28122,938.3360,0.000,0.000
28123,938.3693,7.493,0.250
28124,938.4027,7.493,0.250
28125,938.4361,7.493,0.250
28126,938.4694,61.785,2.062
28127,938.5028,38.205,1.275
28128,938.5362,50.261,1.677
28129,938.5695,10.596,0.354
28130,938.6029,38.205,1.275
28131,938.6363,33.508,1.118
28132,938.6696,14.985,0.500
28133,938.7030,10.596,0.354
28134,938.7364,100.802,3.363
28135,938.7697,16.754,0.559
28136,938.8031,57.061,1.904
28137,938.8365,120.813,4.031
28138,938.8698,60.407,2.016
28139,938.9032,33.508,1.118
28140,938.9366,0.000,0.000
28141,938.9699,16.754,0.559
28142,939.0033,10.596,0.354
28143,939.0367,52.448,1.750
28144,939.0700,29.970,1.000
28145,939.1034,23.693,0.791
28146,939.1368,38.205,1.275
28147,939.1701,38.205,1.275
28148,939.2035,83.769,2.795
28149,939.2369,29.970,1.000
28150,939.2702,23.693,0.791
28151,939.3036,37.463,1.250
28152,939.3370,30.892,1.031
28153,939.3703,23.693,0.791
28154,939.4037,10.596,0.354
28155,939.4371,23.693,0.791
28156,939.4704,0.000,0.000
28157,939.5038,7.493,0.250
28158,939.5372,7.493,0.250
28159,939.5705,71.080,2.372
28160,939.6039,33.508,1.118
28161,939.6373,45.575,1.521
28162,939.6706,43.689,1.458
28163,939.7040,29.970,1.000
28164,939.7374,30.892,1.031
28165,939.7707,40.348,1.346
28166,939.8041,31.788,1.061
28167,939.8375,97.690,3.260
28168,939.8708,42.384,1.414
28169,939.9042,37.463,1.250
28170,939.9376,59.940,2.000
28171,939.9709,90.222,3.010
28172,940.0043,69.078,2.305
28173,940.0377,40.348,1.346
28174,940.0710,37.463,1.250
28175,940.1044,7.493,0.250
28176,940.1378,7.493,0.250
28177,940.1711,90.222,3.010
28178,940.2045,29.970,1.000
28179,940.2379,33.508,1.118
28180,940.2712,52.980,1.768
28181,940.3046,73.793,2.462
28182,940.3380,29.970,1.000
28183,940.3713,30.892,1.031
28184,940.4047,33.508,1.118
28185,940.4381,47.976,1.601
28186,940.4714,37.463,1.250
28187,940.5048,22.478,0.750
28188,940.5382,50.261,1.677
28189,940.5715,16.754,0.559
28190,940.6049,21.192,0.707
28191,940.6383,7.493,0.250
28192,940.6716,30.892,1.031
28193,940.7050,57.061,1.904
28194,940.7384,38.205,1.275
28195,940.7717,38.205,1.275
28196,940.8051,37.463,1.250
28197,940.8385,37.463,1.250
28198,940.8718,31.788,1.061
28199,940.9052,54.546,1.820
28200,940.9386,74.172,2.475
28201,940.9719,43.689,1.458
28202,941.0053,42.384,1.414
28203,941.0387,93.881,3.132
28204,941.0720,112.388,3.750
28205,941.1054,33.508,1.118
28206,941.1388,27.015,0.901
28207,941.1721,16.754,0.559
28208,941.2055,14.985,0.500
28209,941.2389,22.478,0.750
28210,941.2722,30.892,1.031
28211,941.3056,37.463,1.250
28212,941.3390,37.463,1.250
28213,941.3723,76.409,2.550
28214,941.4057,43.689,1.458
28215,941.4391,30.892,1.031
28216,941.4724,60.407,2.016
28217,941.5058,30.892,1.031
28218,941.5392,16.754,0.559
28219,941.5725,27.015,0.901
28220,941.6059,33.508,1.118
28221,941.6393,22.478,0.750
28222,941.6726,40.348,1.346
28223,941.7060,10.596,0.354
28224,941.7394,10.596,0.354
28225,941.7727,21.192,0.707
28226,941.8061,37.463,1.250
28227,941.8395,45.575,1.521
28228,941.8728,69.078,2.305
28229,941.9062,30.892,1.031
28230,941.9395,57.061,1.904
28231,941.9729,7.493,0.250
28232,942.0063,30.892,1.031
28233,942.0396,60.407,2.016
28234,942.0730,47.976,1.601
28235,942.1064,42.384,1.414
28236,942.1397,74.925,2.500
28237,942.1731,113.382,3.783
28238,942.2065,54.546,1.820
28239,942.2398,16.754,0.559
28240,942.2732,31.788,1.061
28241,942.3066,29.970,1.000
28242,942.3399,29.970,1.000
28243,942.3733,89.910,3.000
28244,942.4067,37.463,1.250
28245,942.4400,37.463,1.250
28246,942.4734,40.348,1.346
28247,942.5068,73.793,2.462
28248,942.5401,54.546,1.820
28249,942.5735,29.970,1.000
28250,942.6069,54.546,1.820
28251,942.6402,58.518,1.953
28252,942.6736,40.348,1.346
28253,942.7070,37.463,1.250
28254,942.7403,7.493,0.250
28255,942.7737,43.689,1.458
28256,942.8071,16.754,0.559
28257,942.8404,33.508,1.118
28258,942.8738,22.478,0.750
28259,942.9072,87.698,2.926
28260,942.9405,50.261,1.677
28261,942.9739,33.508,1.118
28262,943.0073,33.508,1.118
28263,943.0406,47.387,1.581
28264,943.0740,30.892,1.031
28265,943.1074,33.508,1.118
28266,943.1407,97.403,3.250
28267,943.1741,70.684,2.358
28268,943.2075,47.976,1.601
28269,943.2408,27.015,0.901
28270,943.2742,78.224,2.610
28271,943.3076,89.910,3.000
28272,943.3409,7.493,0.250
28273,943.3743,45.575,1.521
28274,943.4077,10.596,0.354
28275,943.4410,23.693,0.791
28276,943.4744,16.754,0.559
28277,943.5078,83.769,2.795
28278,943.5411,37.463,1.250
28279,943.5745,61.785,2.062
28280,943.6079,27.015,0.901
28281,943.6412,60.407,2.016
28282,943.6746,60.407,2.016
28283,943.7080,67.433,2.250
28284,943.7413,78.224,2.610
28285,943.7747,21.192,0.707
28286,943.8081,40.348,1.346
28287,943.8414,33.508,1.118
28288,943.8748,45.575,1.521
28289,943.9082,16.754,0.559
28290,943.9415,30.892,1.031
28291,943.9749,14.985,0.500
28292,944.0083,74.172,2.475
28293,944.0416,50.261,1.677
28294,944.0750,37.463,1.250
28295,944.1084,21.192,0.707
28296,944.1417,71.080,2.372
28297,944.1751,29.970,1.000
28298,944.2085,30.892,1.031
28299,944.2418,58.518,1.953
28300,944.2752,106.489,3.553
28301,944.3086,80.697,2.693
28302,944.3419,37.463,1.250
28303,944.3753,60.407,2.016
28304,944.4087,119.880,4.000
28305,944.4420,23.693,0.791
28306,944.4754,33.508,1.118
28307,944.5088,10.596,0.354
28308,944.5421,23.693,0.791
28309,944.5755,52.980,1.768
28310,944.6089,16.754,0.559
28311,944.6422,47.387,1.581
28312,944.6756,61.785,2.062
28313,944.7090,82.418,2.750
28314,944.7423,97.690,3.260
28315,944.7757,83.769,2.795
28316,944.8091,38.205,1.275
28317,944.8424,22.478,0.750
28318,944.8758,43.689,1.458
28319,944.9092,58.518,1.953
28320,944.9425,0.000,0.000
28321,944.9759,23.693,0.791
28322,945.0093,77.140,2.574
28323,945.0426,37.463,1.250
28324,945.0760,14.985,0.500
28325,945.1094,29.970,1.000
28326,945.1427,74.925,2.500
28327,945.1761,45.575,1.521
28328,945.2095,63.576,2.121
28329,945.2428,70.684,2.358
28330,945.2762,97.690,3.260
28331,945.3096,45.575,1.521
28332,945.3429,45.575,1.521
28333,945.3763,100.802,3.363
28334,945.4097,40.348,1.346
28335,945.4430,95.364,3.182
28336,945.4764,99.963,3.335
28337,945.5098,44.955,1.500
28338,945.5431,23.693,0.791
28339,945.5765,29.970,1.000
28340,945.6099,44.955,1.500
28341,945.6432,29.970,1.000
28342,945.6766,30.892,1.031
28343,945.7100,37.463,1.250
28344,945.7433,52.980,1.768
28345,945.7767,67.015,2.236
28346,945.8101,97.403,3.250
28347,945.8434,59.940,2.000
28348,945.8768,38.205,1.275
28349,945.9102,85.428,2.850
28350,945.9435,67.015,2.236
28351,945.9769,33.508,1.118
28352,946.0103,54.029,1.803
28353,946.0436,43.689,1.458
28354,946.0770,71.080,2.372
28355,946.1104,37.463,1.250
28356,946.1437,58.518,1.953
28357,946.1771,47.387,1.581
28358,946.2105,23.693,0.791
28359,946.2438,69.078,2.305
28360,946.2772,45.575,1.521
28361,946.3106,58.518,1.953
28362,946.3439,64.453,2.151
28363,946.3773,95.364,3.182
28364,946.4107,40.348,1.346
28365,946.4440,42.384,1.414
28366,946.4774,63.576,2.121
28367,946.5108,60.407,2.016
28368,946.5441,127.593,4.257
28369,946.5775,37.463,1.250
28370,946.6109,67.433,2.250
28371,946.6442,83.769,2.795
28372,946.6776,37.463,1.250
28373,946.7110,22.478,0.750
28374,946.7443,60.407,2.016
28375,946.7777,29.970,1.000
28376,946.8111,30.892,1.031
28377,946.8444,60.407,2.016
28378,946.8778,60.407,2.016
28379,946.9112,82.418,2.750
28380,946.9445,82.418,2.750
28381,946.9779,60.407,2.016
28382,947.0113,67.015,2.236
28383,947.0446,30.892,1.031
28384,947.0780,60.407,2.016
28385,947.1114,43.689,1.458
28386,947.1447,58.518,1.953
28387,947.1781,60.407,2.016
28388,947.2115,50.261,1.677
28389,947.2448,80.697,2.693
28390,947.2782,54.029,1.803
28391,947.3116,23.693,0.791
28392,947.3449,57.061,1.904
28393,947.3783,47.387,1.581
28394,947.4117,61.785,2.062
28395,947.4450,57.061,1.904
28396,947.4784,67.015,2.236
28397,947.5118,23.693,0.791
28398,947.5451,54.029,1.803
28399,947.5785,74.925,2.500
28400,947.6119,69.078,2.305
28401,947.6452,90.222,3.010
28402,947.6786,79.647,2.658
28403,947.7120,113.382,3.783
28404,947.7453,16.754,0.559
28405,947.7787,7.493,0.250
28406,947.8121,30.892,1.031
28407,947.8454,60.407,2.016
28408,947.8788,22.478,0.750
28409,947.9122,38.205,1.275
28410,947.9455,59.940,2.000
28411,947.9789,81.044,2.704
28412,948.0123,90.222,3.010
28413,948.0456,44.955,1.500
28414,948.0790,27.015,0.901
28415,948.1124,93.881,3.132
28416,948.1457,44.955,1.500
28417,948.1791,47.976,1.601
28418,948.2125,67.015,2.236
28419,948.2458,54.546,1.820
28420,948.2792,54.546,1.820
28421,948.3126,45.575,1.521
28422,948.3459,38.205,1.275
28423,948.3793,60.407,2.016
28424,948.4127,58.518,1.953
28425,948.4460,16.754,0.559
28426,948.4794,93.881,3.132
28427,948.5128,33.508,1.118
28428,948.5461,40.348,1.346
28429,948.5795,67.848,2.264
28430,948.6129,38.205,1.275
28431,948.6462,30.892,1.031
28432,948.6796,63.576,2.121
28433,948.7130,95.951,3.202
28434,948.7463,27.015,0.901
28435,948.7797,84.768,2.828
28436,948.8131,89.910,3.000
28437,948.8464,59.940,2.000
28438,948.8798,27.015,0.901
28439,948.9132,40.348,1.346
28440,948.9465,64.016,2.136
28441,948.9799,29.970,1.000
28442,949.0133,30.892,1.031
28443,949.0466,43.689,1.458
28444,949.0800,47.387,1.581
28445,949.1134,31.788,1.061
28446,949.1467,104.895,3.500
28447,949.1801,61.785,2.062
28448,949.2135,29.970,1.000
28449,949.2468,37.463,1.250
28450,949.2802,44.955,1.500
28451,949.3136,47.976,1.601
28452,949.3469,22.478,0.750
28453,949.3803,16.754,0.559
28454,949.4137,7.493,0.250
28455,949.4470,14.985,0.500
28456,949.4804,23.693,0.791
28457,949.5138,29.970,1.000
28458,949.5471,63.576,2.121
28459,949.5805,50.261,1.677
28460,949.6139,30.892,1.031
28461,949.6472,47.976,1.601
28462,949.6806,47.387,1.581
28463,949.7140,23.693,0.791
28464,949.7473,29.970,1.000
28465,949.7807,29.970,1.000
28466,949.8141,31.788,1.061
28467,949.8474,7.493,0.250
28468,949.8808,52.980,1.768
28469,949.9142,61.785,2.062
28470,949.9475,123.570,4.123
28471,949.9809,10.596,0.354
28472,950.0143,27.015,0.901
28473,950.0476,40.348,1.346
28474,950.0810,59.940,2.000
28475,950.1144,16.754,0.559
28476,950.1477,22.478,0.750
28477,950.1811,64.016,2.136
28478,950.2145,45.575,1.521
28479,950.2478,23.693,0.791
28480,950.2812,44.955,1.500
28481,950.3146,37.463,1.250
28482,950.3479,29.970,1.000
28483,950.3813,31.788,1.061
28484,950.4147,67.433,2.250
28485,950.4480,0.000,0.000
28486,950.4814,10.596,0.354
28487,950.5148,23.693,0.791
28488,950.5481,7.493,0.250
28489,950.5815,14.985,0.500
28490,950.6149,7.493,0.250
28491,950.6482,44.955,1.500
28492,950.6816,67.015,2.236
28493,950.7150,52.448,1.750
28494,950.7483,42.384,1.414
28495,950.7817,14.985,0.500
28496,950.8151,30.892,1.031
28497,950.8484,29.970,1.000
28498,950.8818,22.478,0.750
28499,950.9152,31.788,1.061
28500,950.9485,16.754,0.559
28501,950.9819,99.963,3.335
28502,951.0153,44.955,1.500
28503,951.0486,83.769,2.795
28504,951.0820,30.892,1.031
28505,951.1154,27.015,0.901
28506,951.1487,29.970,1.000
28507,951.1821,44.955,1.500
28508,951.2155,30.892,1.031
28509,951.2488,37.463,1.250
28510,951.2822,45.575,1.521
28511,951.3156,64.016,2.136
28512,951.3489,64.016,2.136
28513,951.3823,7.493,0.250
28514,951.4157,27.015,0.901
28515,951.4490,45.575,1.521
28516,951.4824,54.546,1.820
28517,951.5158,7.493,0.250
28518,951.5491,38.205,1.275
28519,951.5825,10.596,0.354
28520,951.6159,0.000,0.000
28521,951.6492,23.693,0.791
28522,951.6826,14.985,0.500
28523,951.7160,29.970,1.000
28524,951.7493,23.693,0.791
28525,951.7827,22.478,0.750
28526,951.8161,50.261,1.677
28527,951.8494,75.299,2.512
28528,951.8828,29.970,1.000
28529,951.9162,27.015,0.901
28530,951.9495,23.693,0.791
28531,951.9829,0.000,0.000
28532,952.0163,29.970,1.000
28533,952.0496,23.693,0.791
28534,952.0830,14.985,0.500
28535,952.1164,150.598,5.025
28536,952.1497,67.848,2.264
28537,952.1831,21.192,0.707
28538,952.2165,14.985,0.500
28539,952.2498,23.693,0.791
28540,952.2832,67.848,2.264
28541,952.3166,23.693,0.791
28542,952.3499,29.970,1.000
28543,952.3833,69.078,2.305
28544,952.4167,44.955,1.500
28545,952.4500,57.061,1.904
28546,952.4834,14.985,0.500
28547,952.5168,14.985,0.500
28548,952.5501,37.463,1.250
28549,952.5835,7.493,0.250
28550,952.6169,64.016,2.136
28551,952.6502,52.448,1.750
28552,952.6836,21.192,0.707
28553,952.7170,16.754,0.559
28554,952.7503,7.493,0.250
28555,952.7837,22.478,0.750
28556,952.8171,7.493,0.250
28557,952.8504,29.970,1.000
28558,952.8838,60.407,2.016
28559,952.9172,45.575,1.521
28560,952.9505,37.463,1.250
28561,952.9839,30.892,1.031
28562,953.0173,16.754,0.559
28563,953.0506,37.463,1.250
28564,953.0840,21.192,0.707
28565,953.1174,30.892,1.031
28566,953.1507,52.980,1.768
28567,953.1841,29.970,1.000
28568,953.2175,105.960,3.536
28569,953.2508,30.892,1.031
28570,953.2842,61.785,2.062
28571,953.3176,22.478,0.750
28572,953.3509,33.508,1.118
28573,953.3843,44.955,1.500
28574,953.4177,22.478,0.750
28575,953.4510,29.970,1.000
28576,953.4844,44.955,1.500
28577,953.5178,16.754,0.559
28578,953.5511,64.016,2.136
28579,953.5845,52.980,1.768
28580,953.6179,33.508,1.118
28581,953.6512,37.463,1.250
28582,953.6846,22.478,0.750
28583,953.7180,40.348,1.346
28584,953.7513,38.205,1.275
28585,953.7847,7.493,0.250
28586,953.8181,22.478,0.750
28587,953.8514,16.754,0.559
28588,953.8848,21.192,0.707
28589,953.9182,21.192,0.707
28590,953.9515,16.754,0.559
28591,953.9849,52.448,1.750
28592,954.0183,54.546,1.820
28593,954.0516,52.980,1.768
28594,954.0850,54.546,1.820
28595,954.1184,52.980,1.768
28596,954.1517,14.985,0.500
28597,954.1851,29.970,1.000
28598,954.2185,23.693,0.791
28599,954.2518,33.508,1.118
28600,954.2852,44.955,1.500
28601,954.3186,83.769,2.795
28602,954.3519,38.205,1.275
28603,954.3853,43.689,1.458
28604,954.4187,44.955,1.500
28605,954.4520,29.970,1.000
28606,954.4854,52.448,1.750
28607,954.5188,16.754,0.559
28608,954.5521,30.892,1.031
28609,954.5855,14.985,0.500
28610,954.6189,107.277,3.579
28611,954.6522,30.892,1.031
28612,954.6856,29.970,1.000
28613,954.7190,14.985,0.500
28614,954.7523,71.080,2.372
28615,954.7857,22.478,0.750
28616,954.8191,33.508,1.118
28617,954.8524,30.892,1.031
28618,954.8858,33.508,1.118
28619,954.9192,7.493,0.250
28620,954.9525,10.596,0.354
28621,954.9859,23.693,0.791
28622,955.0193,29.970,1.000
28623,955.0526,7.493,0.250
28624,955.0860,30.892,1.031
28625,955.1194,90.222,3.010
28626,955.1527,43.689,1.458
28627,955.1861,47.387,1.581
28628,955.2195,22.478,0.750
28629,955.2528,30.892,1.031
28630,955.2862,23.693,0.791
28631,955.3196,59.940,2.000
28632,955.3529,33.508,1.118
28633,955.3863,52.980,1.768
28634,955.4197,52.980,1.768
28635,955.4530,54.546,1.820
28636,955.4864,61.785,2.062
28637,955.5198,52.448,1.750
28638,955.5531,27.015,0.901
28639,955.5865,29.970,1.000
28640,955.6199,52.448,1.750
28641,955.6532,16.754,0.559
28642,955.6866,38.205,1.275
28643,955.7200,59.940,2.000
28644,955.7533,16.754,0.559
28645,955.7867,54.546,1.820
28646,955.8201,14.985,0.500
28647,955.8534,14.985,0.500
28648,955.8868,45.575,1.521
28649,955.9202,71.080,2.372
28650,955.9535,16.754,0.559
28651,955.9869,14.985,0.500
28652,956.0203,7.493,0.250
28653,956.0536,16.754,0.559
28654,956.0870,7.493,0.250
28655,956.1204,22.478,0.750
28656,956.1537,30.892,1.031
28657,956.1871,43.689,1.458
28658,956.2205,23.693,0.791
28659,956.2538,61.785,2.062
28660,956.2872,60.407,2.016
28661,956.3206,29.970,1.000
28662,956.3539,43.689,1.458
28663,956.3873,22.478,0.750
28664,956.4207,7.493,0.250
28665,956.4540,0.000,0.000
28666,956.4874,52.448,1.750
28667,956.5208,54.546,1.820
28668,956.5541,71.080,2.372
28669,956.5875,44.955,1.500
28670,956.6209,54.546,1.820
28671,956.6542,16.754,0.559
28672,956.6876,44.955,1.500
28673,956.7210,23.693,0.791
28674,956.7543,16.754,0.559
28675,956.7877,37.463,1.250
28676,956.8211,52.980,1.768
28677,956.8544,16.754,0.559
28678,956.8878,57.061,1.904
28679,956.9212,40.348,1.346
28680,956.9545,50.261,1.677
28681,956.9879,16.754,0.559
28682,957.0213,54.546,1.820
28683,957.0546,33.508,1.118
28684,957.0880,16.754,0.559
28685,957.1214,23.693,0.791
28686,957.1547,7.493,0.250
28687,957.1881,7.493,0.250
28688,957.2215,7.493,0.250
28689,957.2548,29.970,1.000
28690,957.2882,16.754,0.559
28691,957.3216,29.970,1.000
28692,957.3549,37.463,1.250
28693,957.3883,99.963,3.335
28694,957.4217,70.684,2.358
28695,957.4550,30.892,1.031
28696,957.4884,30.892,1.031
28697,957.5218,16.754,0.559
28698,957.5551,7.493,0.250
28699,957.5885,43.689,1.458
28700,957.6219,38.205,1.275
28701,957.6552,105.163,3.509
28702,957.6886,47.387,1.581
28703,957.7220,52.448,1.750
28704,957.7553,22.478,0.750
28705,957.7887,44.955,1.500
28706,957.8221,44.955,1.500
28707,957.8554,23.693,0.791
28708,957.8888,52.448,1.750
28709,957.9222,70.684,2.358
28710,957.9555,14.985,0.500
28711,957.9889,16.754,0.559
28712,958.0223,57.061,1.904
28713,958.0556,23.693,0.791
28714,958.0890,74.172,2.475
28715,958.1224,37.463,1.250
28716,958.1557,64.016,2.136
28717,958.1891,7.493,0.250
28718,958.2225,10.596,0.354
28719,958.2558,16.754,0.559
28720,958.2892,16.754,0.559
28721,958.3226,29.970,1.000
28722,958.3559,23.693,0.791
28723,958.3893,38.205,1.275
28724,958.4227,67.848,2.264
28725,958.4560,67.015,2.236
28726,958.4894,43.689,1.458
28727,958.5228,70.684,2.358
28728,958.5561,82.418,2.750
28729,958.5895,7.493,0.250
28730,958.6229,14.985,0.500
28731,958.6562,47.387,1.581
28732,958.6896,58.518,1.953
28733,958.7230,29.970,1.000
28734,958.7563,7.493,0.250
28735,958.7897,97.403,3.250
28736,958.8231,90.222,3.010
28737,958.8564,27.015,0.901
28738,958.8898,27.015,0.901
28739,958.9232,50.261,1.677
28740,958.9565,76.409,2.550
28741,958.9899,52.980,1.768
28742,959.0233,30.892,1.031
28743,959.0566,60.407,2.016
28744,959.0900,43.689,1.458
28745,959.1234,57.061,1.904
28746,959.1567,43.689,1.458
28747,959.1901,40.348,1.346
28748,959.2235,23.693,0.791
28749,959.2568,50.261,1.677
28750,959.2902,27.015,0.901
28751,959.3236,0.000,0.000
28752,959.3569,22.478,0.750
28753,959.3903,7.493,0.250
28754,959.4237,0.000,0.000
28755,959.4570,44.955,1.500
28756,959.4904,14.985,0.500
28757,959.5238,22.478,0.750
28758,959.5571,91.458,3.052
28759,959.5905,50.261,1.677
28760,959.6239,42.384,1.414
28761,959.6572,54.546,1.820
28762,959.6906,54.546,1.820
28763,959.7240,38.205,1.275
28764,959.7573,38.205,1.275
28765,959.7907,54.029,1.803
28766,959.8241,16.754,0.559
28767,959.8574,45.575,1.521
28768,959.8908,143.144,4.776
28769,959.9242,50.261,1.677
28770,959.9575,0.000,0.000
28771,959.9909,38.205,1.275
28772,960.0243,82.758,2.761
28773,960.0576,67.848,2.264
28774,960.0910,29.970,1.000
28775,960.1244,23.693,0.791
28776,960.1577,50.261,1.677
28777,960.1911,87.698,2.926
28778,960.2245,16.754,0.559
28779,960.2578,45.575,1.521
28780,960.2912,45.575,1.521
28781,960.3246,60.407,2.016
28782,960.3579,31.788,1.061
28783,960.3913,37.463,1.250
28784,960.4247,14.985,0.500
28785,960.4580,16.754,0.559
28786,960.4914,22.478,0.750
28787,960.5248,14.985,0.500
28788,960.5581,0.000,0.000
28789,960.5915,29.970,1.000
28790,960.6249,44.955,1.500
28791,960.6582,70.684,2.358
28792,960.6916,52.980,1.768
28793,960.7250,54.029,1.803
28794,960.7583,40.348,1.346
28795,960.7917,75.299,2.512
28796,960.8251,22.478,0.750
28797,960.8584,14.985,0.500
28798,960.8918,29.970,1.000
28799,960.9252,16.754,0.559
28800,960.9585,50.261,1.677
28801,960.9919,127.373,4.250
28802,961.0253,57.061,1.904
28803,961.0586,44.955,1.500
28804,961.0920,21.192,0.707
28805,961.1254,38.205,1.275
28806,961.1587,74.925,2.500
28807,961.1921,29.970,1.000
28808,961.2255,59.940,2.000
28809,961.2588,97.403,3.250
28810,961.2922,29.970,1.000
28811,961.3256,16.754,0.559
28812,961.3589,14.985,0.500
28813,961.3923,54.029,1.803
28814,961.4257,37.463,1.250
28815,961.4590,47.387,1.581
28816,961.4924,43.689,1.458
28817,961.5258,0.000,0.000
28818,961.5591,0.000,0.000
28819,961.5925,0.000,0.000
28820,961.6259,10.596,0.354
28821,961.6592,30.892,1.031
28822,961.6926,22.478,0.750
28823,961.7260,52.448,1.750
28824,961.7593,63.576,2.121
28825,961.7927,59.940,2.000
28826,961.8261,27.015,0.901
28827,961.8594,57.061,1.904
28828,961.8928,47.387,1.581
28829,961.9262,38.205,1.275
28830,961.9595,16.754,0.559
28831,961.9929,23.693,0.791
28832,962.0263,27.015,0.901
28833,962.0596,97.403,3.250
28834,962.0930,74.925,2.500
28835,962.1264,22.478,0.750
28836,962.1597,60.407,2.016
28837,962.1931,14.985,0.500
28838,962.2265,33.508,1.118
28839,962.2598,89.910,3.000
28840,962.2932,59.940,2.000
28841,962.3266,37.463,1.250
28842,962.3599,16.754,0.559
28843,962.3933,60.407,2.016
28844,962.4267,57.061,1.904
28845,962.4600,30.892,1.031
28846,962.4934,52.448,1.750
28847,962.5268,27.015,0.901
28848,962.5601,37.463,1.250
28849,962.5935,60.407,2.016
28850,962.6269,16.754,0.559
28851,962.6602,0.000,0.000
28852,962.6936,7.493,0.250
28853,962.7270,23.693,0.791
28854,962.7603,23.693,0.791
28855,962.7937,16.754,0.559
28856,962.8271,45.575,1.521
28857,962.8604,50.261,1.677
28858,962.8938,30.892,1.031
28859,962.9272,50.261,1.677
28860,962.9605,74.172,2.475
28861,962.9939,52.448,1.750
28862,963.0273,52.980,1.768
28863,963.0606,44.955,1.500
28864,963.0940,37.463,1.250
28865,963.1274,43.689,1.458
28866,963.1607,23.693,0.791
28867,963.1941,60.407,2.016
28868,963.2275,120.813,4.031
28869,963.2608,60.407,2.016
28870,963.2942,7.493,0.250
28871,963.3276,82.758,2.761
28872,963.3609,52.448,1.750
28873,963.3943,67.848,2.264
28874,963.4277,22.478,0.750
28875,963.4610,23.693,0.791
28876,963.4944,59.940,2.000
28877,963.5278,70.684,2.358
28878,963.5611,37.463,1.250
28879,963.5945,10.596,0.354
28880,963.6278,67.015,2.236
28881,963.6612,61.785,2.062
28882,963.6946,23.693,0.791
28883,963.7279,27.015,0.901
28884,963.7613,10.596,0.354
28885,963.7947,0.000,0.000
28886,963.8280,14.985,0.500
28887,963.8614,14.985,0.500
28888,963.8948,22.478,0.750
28889,963.9281,45.575,1.521
28890,963.9615,37.463,1.250
28891,963.9949,50.261,1.677
28892,964.0282,57.061,1.904
28893,964.0616,58.518,1.953
28894,964.0950,67.848,2.264
28895,964.1283,52.980,1.768
28896,964.1617,40.348,1.346
28897,964.1951,44.955,1.500
28898,964.2284,40.348,1.346
28899,964.2618,60.407,2.016
28900,964.2952,67.433,2.250
28901,964.3285,61.785,2.062
28902,964.3619,60.407,2.016
28903,964.3953,30.892,1.031
28904,964.4286,44.955,1.500
28905,964.4620,52.448,1.750
28906,964.4954,29.970,1.000
28907,964.5287,60.407,2.016
28908,964.5621,90.222,3.010
28909,964.5955,33.508,1.118
28910,964.6288,40.348,1.346
28911,964.6622,27.015,0.901
28912,964.6956,10.596,0.354
28913,964.7289,90.532,3.021
28914,964.7623,38.205,1.275
28915,964.7957,50.261,1.677
28916,964.8290,30.892,1.031
28917,964.8624,14.985,0.500
28918,964.8958,0.000,0.000
28919,964.9291,22.478,0.750
28920,964.9625,22.478,0.750
28921,964.9959,29.970,1.000
28922,965.0292,29.970,1.000
28923,965.0626,29.970,1.000
28924,965.0960,69.078,2.305
28925,965.1293,67.015,2.236
28926,965.1627,57.061,1.904
28927,965.1961,60.407,2.016
28928,965.2294,67.848,2.264
28929,965.2628,10.596,0.354
28930,965.2962,23.693,0.791
28931,965.3295,21.192,0.707
28932,965.3629,61.785,2.062
28933,965.3963,52.448,1.750
28934,965.4296,70.684,2.358
28935,965.4630,75.299,2.512
28936,965.4964,30.892,1.031
28937,965.5297,16.754,0.559
28938,965.5631,90.222,3.010
28939,965.5965,59.940,2.000
28940,965.6298,54.546,1.820
28941,965.6632,23.693,0.791
28942,965.6966,75.299,2.512
28943,965.7299,21.192,0.707
28944,965.7633,52.980,1.768
28945,965.7967,33.508,1.118
28946,965.8300,69.078,2.305
28947,965.8634,30.892,1.031
28948,965.8968,69.078,2.305
28949,965.9301,10.596,0.354
28950,965.9635,10.596,0.354
28951,965.9969,10.596,0.354
28952,966.0302,16.754,0.559
28953,966.0636,0.000,0.000
28954,966.0970,22.478,0.750
28955,966.1303,37.463,1.250
28956,966.1637,14.985,0.500
28957,966.1971,29.970,1.000
28958,966.2304,104.359,3.482
28959,966.2638,57.061,1.904
28960,966.2972,45.575,1.521
28961,966.3305,60.407,2.016
28962,966.3639,60.407,2.016
28963,966.3973,0.000,0.000
28964,966.4306,52.980,1.768
28965,966.4640,23.693,0.791
28966,966.4974,59.940,2.000
28967,966.5307,128.251,4.279
28968,966.5641,40.348,1.346
28969,966.5975,7.493,0.250
28970,966.6308,23.693,0.791
28971,966.6642,82.418,2.750
28972,966.6976,29.970,1.000
28973,966.7309,59.940,2.000
28974,966.7643,33.508,1.118
28975,966.7977,38.205,1.275
28976,966.8310,94.774,3.162
28977,966.8644,93.881,3.132
28978,966.8978,27.015,0.901
28979,966.9311,33.508,1.118
28980,966.9645,82.758,2.761
28981,966.9979,60.407,2.016
28982,967.0312,16.754,0.559
28983,967.0646,22.478,0.750
28984,967.0980,22.478,0.750
28985,967.1313,10.596,0.354
28986,967.1647,7.493,0.250
28987,967.1981,22.478,0.750
28988,967.2314,7.493,0.250
28989,967.2648,44.955,1.500
28990,967.2982,22.478,0.750
28991,967.3315,77.140,2.574
28992,967.3649,40.348,1.346
28993,967.3983,31.788,1.061
28994,967.4316,52.448,1.750
28995,967.4650,30.892,1.031
28996,967.4984,64.016,2.136
28997,967.5317,10.596,0.354
28998,967.5651,47.976,1.601
28999,967.5985,30.892,1.031
29000,967.6318,7.493,0.250
29001,967.6652,21.192,0.707
29002,967.6986,7.493,0.250
29003,967.7319,22.478,0.750
29004,967.7653,67.433,2.250
29005,967.7987,27.015,0.901
29006,967.8320,52.448,1.750
29007,967.8654,67.848,2.264
29008,967.8988,22.478,0.750
29009,967.9321,21.192,0.707
29010,967.9655,85.428,2.850
29011,967.9989,60.407,2.016
29012,968.0322,50.261,1.677
29013,968.0656,130.851,4.366
29014,968.0990,40.348,1.346
29015,968.1323,38.205,1.275
29016,968.1657,107.277,3.579
29017,968.1991,52.448,1.750
29018,968.2324,7.493,0.250
29019,968.2658,30.892,1.031
29020,968.2992,30.892,1.031
29021,968.3325,43.689,1.458
29022,968.3659,27.015,0.901
29023,968.3993,16.754,0.559
29024,968.4326,27.015,0.901
29025,968.4660,38.205,1.275
29026,968.4994,67.015,2.236
29027,968.5327,52.980,1.768
29028,968.5661,47.387,1.581
29029,968.5995,16.754,0.559
29030,968.6328,22.478,0.750
29031,968.6662,29.970,1.000
29032,968.6996,14.985,0.500
29033,968.7329,7.493,0.250
29034,968.7663,10.596,0.354
29035,968.7997,22.478,0.750
29036,968.8330,7.493,0.250
29037,968.8664,22.478,0.750
29038,968.8998,112.388,3.750
29039,968.9331,23.693,0.791
29040,968.9665,37.463,1.250
29042,969.0332,61.785,4.123
29043,969.0666,22.478,0.750
29044,969.1000,37.463,1.250
29045,969.1333,144.121,4.809
29046,969.1667,60.407,2.016
29047,969.2001,31.788,1.061
29048,969.2334,7.493,0.250
29049,969.2668,98.549,3.288
29050,969.3002,10.596,0.354
29051,969.3335,23.693,0.791
29052,969.3669,14.985,0.500
29053,969.4003,7.493,0.250
29054,969.4336,22.478,0.750
29055,969.4670,23.693,0.791
29056,969.5004,38.205,1.275
29057,969.5337,29.970,1.000
29058,969.5671,54.029,1.803
29059,969.6005,40.348,1.346
29060,969.6338,22.478,0.750
29061,969.6672,61.785,2.062
29062,969.7006,33.508,1.118
29063,969.7339,33.508,1.118
29064,969.7673,57.061,1.904
29065,969.8007,43.689,1.458
29066,969.8340,21.192,0.707
29067,969.8674,0.000,0.000
29068,969.9008,16.754,0.559
29069,969.9341,27.015,0.901
29070,969.9675,44.955,1.500
29071,970.0009,44.955,1.500
29072,970.0342,71.080,2.372
29073,970.0676,43.689,1.458
29074,970.1010,21.192,0.707
29075,970.1343,47.387,1.581
29076,970.1677,33.508,1.118
29077,970.2011,37.463,1.250
29078,970.2344,23.693,0.791
29079,970.2678,87.377,2.915
29080,970.3012,47.387,1.581
29081,970.3345,38.205,1.275
29082,970.3679,54.546,1.820
29083,970.4013,14.985,0.500
29084,970.4346,23.693,0.791
29085,970.4680,33.508,1.118
29086,970.5014,0.000,0.000
29087,970.5347,10.596,0.354
29088,970.5681,47.387,1.581
29089,970.6015,23.693,0.791
29090,970.6348,10.596,0.354
29091,970.6682,22.478,0.750
29092,970.7016,63.576,2.121
29093,970.7349,67.848,2.264
29094,970.7683,33.508,1.118
29095,970.8017,44.955,1.500
29096,970.8350,31.788,1.061
29097,970.8684,22.478,0.750
29098,970.9018,83.769,2.795
29099,970.9351,27.015,0.901
29100,970.9685,0.000,0.000
29101,971.0019,16.754,0.559
29102,971.0352,33.508,1.118
29103,971.0686,30.892,1.031
29104,971.1020,30.892,1.031
29105,971.1353,64.453,2.151
29106,971.1687,42.384,1.414
29107,971.2021,23.693,0.791
29108,971.2354,38.205,1.275
29109,971.2688,47.976,1.601
29110,971.3022,22.478,0.750
29111,971.3355,30.892,1.031
29112,971.3689,47.387,1.581
29113,971.4023,85.428,2.850
29114,971.4356,30.892,1.031
29115,971.4690,22.478,0.750
29116,971.5024,44.955,1.500
29117,971.5357,0.000,0.000
29118,971.5691,10.596,0.354
29119,971.6025,0.000,0.000
29120,971.6358,10.596,0.354
29121,971.6692,69.078,2.305
29122,971.7026,23.693,0.791
29123,971.7359,7.493,0.250
29124,971.7693,16.754,0.559
29125,971.8027,74.925,2.500
29126,971.8360,23.693,0.791
29127,971.8694,67.848,2.264
29128,971.9028,85.428,2.850
29129,971.9361,30.892,1.031
29130,971.9695,23.693,0.791
29131,972.0029,45.575,1.521
29132,972.0362,33.508,1.118
29133,972.0696,29.970,1.000
29134,972.1030,31.788,1.061
29135,972.1363,10.596,0.354
29136,972.1697,22.478,0.750
29137,972.2031,44.955,1.500
29138,972.2364,27.015,0.901
29139,972.2698,84.768,2.828
29140,972.3032,21.192,0.707
29141,972.3365,33.508,1.118
29142,972.3699,29.970,1.000
29143,972.4033,82.758,2.761
29144,972.4366,10.596,0.354
29145,972.4700,23.693,0.791
29146,972.5034,52.980,1.768
29147,972.5367,104.895,3.500
29148,972.5701,43.689,1.458
29149,972.6035,30.892,1.031
29150,972.6368,33.508,1.118
29151,972.6702,27.015,0.901
29152,972.7036,40.348,1.346
29153,972.7369,16.754,0.559
29154,972.7703,16.754,0.559
29155,972.8037,47.387,1.581
29156,972.8370,0.000,0.000
29157,972.8704,52.980,1.768
29158,972.9038,107.277,3.579
29159,972.9371,91.150,3.041
29160,972.9705,37.463,1.250
29161,973.0039,97.403,3.250
29162,973.0372,30.892,1.031
29163,973.0706,37.463,1.250
29164,973.1040,57.061,1.904
29165,973.1373,122.886,4.100
29166,973.1707,60.407,2.016
29167,973.2041,81.044,2.704
29168,973.2374,40.348,1.346
29169,973.2708,21.192,0.707
29170,973.3042,29.970,1.000
29171,973.3375,14.985,0.500
29172,973.3709,64.453,2.151
29173,973.4043,38.205,1.275
29174,973.4376,63.576,2.121
29175,973.4710,33.508,1.118
29176,973.5044,23.693,0.791
29177,973.5377,22.478,0.750
29178,973.5711,38.205,1.275
29179,973.6045,37.463,1.250
29180,973.6378,42.384,1.414
29181,973.6712,70.684,2.358
29182,973.7046,67.015,2.236
29183,973.7379,16.754,0.559
29184,973.7713,37.463,1.250
29185,973.8047,29.970,1.000
29186,973.8380,21.192,0.707
29187,973.8714,30.892,1.031
29188,973.9048,14.985,0.500
29189,973.9381,10.596,0.354
29190,973.9715,33.508,1.118
29191,974.0049,29.970,1.000
29192,974.0382,14.985,0.500
29193,974.0716,29.970,1.000
29194,974.1050,52.980,1.768
29195,974.1383,80.697,2.693
29196,974.1717,23.693,0.791
29197,974.2051,111.384,3.717
29198,974.2384,42.384,1.414
29199,974.2718,85.428,2.850
29200,974.3052,97.403,3.250
29201,974.3385,23.693,0.791
29202,974.3719,75.299,2.512
29203,974.4053,22.478,0.750
29204,974.4386,37.463,1.250
29205,974.4720,30.892,1.031
29206,974.5054,27.015,0.901
29207,974.5387,59.940,2.000
29208,974.5721,97.690,3.260
29209,974.6055,30.892,1.031
29210,974.6388,45.575,1.521
29211,974.6722,107.277,3.579
29212,974.7056,74.172,2.475
29213,974.7389,61.785,2.062
29214,974.7723,27.015,0.901
29215,974.8057,16.754,0.559
29216,974.8390,33.508,1.118
29217,974.8724,45.575,1.521
29218,974.9058,14.985,0.500
29219,974.9391,7.493,0.250
29220,974.9725,23.693,0.791
29221,975.0059,0.000,0.000
29222,975.0392,16.754,0.559
29223,975.0726,0.000,0.000
29224,975.1060,10.596,0.354
29225,975.1393,16.754,0.559
29226,975.1727,121.969,4.070
29227,975.2061,60.407,2.016
29228,975.2394,0.000,0.000
29229,975.2728,57.061,1.904
29230,975.3062,69.078,2.305
29231,975.3395,120.114,4.008
29232,975.3729,59.940,2.000
29233,975.4063,90.222,3.010
29234,975.4396,44.955,1.500
29235,975.4730,76.409,2.550
29236,975.5064,14.985,0.500
29237,975.5397,29.970,1.000
29238,975.5731,40.348,1.346
29239,975.6065,40.348,1.346
29240,975.6398,29.970,1.000
29241,975.6732,30.892,1.031
29242,975.7066,83.769,2.795
29243,975.7399,117.276,3.913
29244,975.7733,59.940,2.000
29245,975.8067,63.576,2.121
29246,975.8400,64.016,2.136
29247,975.8734,23.693,0.791
29248,975.9068,38.205,1.275
29249,975.9401,14.985,0.500
29250,975.9735,16.754,0.559
29251,976.0069,14.985,0.500
29252,976.0402,14.985,0.500
29253,976.0736,23.693,0.791
29254,976.1070,16.754,0.559
29255,976.1403,0.000,0.000
29256,976.1737,14.985,0.500
29257,976.2071,14.985,0.500
29258,976.2404,38.205,1.275
29259,976.2738,157.521,5.256
29260,976.3072,87.698,2.926
29261,976.3405,82.758,2.761
29262,976.3739,33.508,1.118
29263,976.4073,52.980,1.768
29264,976.4406,111.384,3.717
29265,976.4740,52.980,1.768
29266,976.5074,76.409,2.550
29267,976.5407,47.387,1.581
29268,976.5741,54.546,1.820
29269,976.6075,23.693,0.791
29270,976.6408,23.693,0.791
29271,976.6742,45.575,1.521
29272,976.7076,27.015,0.901
29273,976.7409,60.407,2.016
29274,976.7743,22.478,0.750
29275,976.8077,59.940,2.000
29276,976.8410,92.677,3.092
29277,976.8744,60.407,2.016
29278,976.9078,54.029,1.803
29279,976.9411,27.015,0.901
29280,976.9745,64.016,2.136
29281,977.0079,16.754,0.559
29282,977.0412,47.976,1.601
29283,977.0746,16.754,0.559
29284,977.1080,22.478,0.750
29285,977.1413,40.348,1.346
29286,977.1747,22.478,0.750
29287,977.2081,7.493,0.250
29288,977.2414,7.493,0.250
29289,977.2748,10.596,0.354
29290,977.3082,7.493,0.250
29291,977.3415,114.368,3.816
29292,977.3749,67.015,2.236
29293,977.4083,67.848,2.264
29294,977.4416,94.774,3.162
29295,977.4750,58.518,1.953
29296,977.5084,22.478,0.750
29297,977.5417,74.172,2.475
29298,977.5751,43.689,1.458
29299,977.6085,85.428,2.850
29300,977.6418,30.892,1.031
29301,977.6752,67.433,2.250
29302,977.7086,22.478,0.750
29303,977.7419,30.892,1.031
29304,977.7753,23.693,0.791
29305,977.8087,14.985,0.500
29306,977.8420,90.532,3.021
29307,977.8754,38.205,1.275
29308,977.9088,37.463,1.250
29309,977.9421,21.192,0.707
29310,977.9755,192.632,6.427
29311,978.0089,64.453,2.151
29312,978.0422,38.205,1.275
29313,978.0756,52.980,1.768
29314,978.1090,47.976,1.601
29315,978.1423,27.015,0.901
29317,978.2091,10.596,0.707
29318,978.2424,38.205,1.275
29319,978.2758,44.955,1.500
29320,978.3092,67.848,2.264
29321,978.3425,71.080,2.372
29322,978.3759,16.754,0.559
29323,978.4093,30.892,1.031
29324,978.4426,45.575,1.521
29325,978.4760,69.078,2.305
29326,978.5094,161.394,5.385
29327,978.5427,70.684,2.358
29328,978.5761,64.016,2.136
29329,978.6095,45.575,1.521
29331,978.6762,102.869,6.865
29333,978.7429,47.976,3.202
29334,978.7763,67.433,2.250
29335,978.8097,61.785,2.062
29336,978.8430,0.000,0.000
29337,978.8764,33.508,1.118
29338,978.9098,43.689,1.458
29339,978.9431,45.575,1.521
29340,978.9765,40.348,1.346
29341,979.0099,33.508,1.118
29342,979.0432,67.848,2.264
29343,979.0766,138.155,4.610
29344,979.1100,135.073,4.507
29345,979.1433,60.407,2.016
29346,979.1767,42.384,1.414
29347,979.2101,40.348,1.346
29348,979.2434,22.478,0.750
29349,979.2768,22.478,0.750
29350,979.3102,0.000,0.000
29351,979.3435,23.693,0.791
29352,979.3769,14.985,0.500
29353,979.4103,40.348,1.346
29354,979.4436,16.754,0.559
29355,979.4770,7.493,0.250
29356,979.5104,0.000,0.000
29357,979.5437,0.000,0.000
29358,979.5771,117.037,3.905
29359,979.6105,122.886,4.100
29360,979.6438,79.647,2.658
29361,979.6772,22.478,0.750
29362,979.7106,23.693,0.791
29363,979.7439,91.458,3.052
29364,979.7773,106.489,3.553
29365,979.8107,67.015,2.236
29366,979.8440,42.384,1.414
29367,979.8774,90.222,3.010
29368,979.9108,83.769,2.795
29369,979.9441,10.596,0.354
29370,979.9775,22.478,0.750
29371,980.0109,30.892,1.031
29372,980.0442,75.299,2.512
29373,980.0776,29.970,1.000
29374,980.1110,38.205,1.275
29375,980.1443,44.955,1.500
29376,980.1777,90.222,3.010
29377,980.2111,152.818,5.099
29378,980.2444,64.016,2.136
29379,980.2778,52.980,1.768
29380,980.3112,44.955,1.500
29381,980.3445,47.976,1.601
29382,980.3779,10.596,0.354
29383,980.4113,7.493,0.250
29384,980.4446,33.508,1.118
29385,980.4780,10.596,0.354
29386,980.5114,47.387,1.581
29387,980.5447,31.788,1.061
29388,980.5781,7.493,0.250
29389,980.6115,31.788,1.061
29390,980.6448,37.463,1.250
29391,980.6782,74.925,2.500
29392,980.7116,148.722,4.962
29393,980.7449,77.140,2.574
29394,980.7783,16.754,0.559
29395,980.8117,0.000,0.000
29396,980.8450,58.518,1.953
29397,980.8784,97.690,3.260
29398,980.9118,52.980,1.768
29399,980.9451,63.576,2.121
29400,980.9785,83.769,2.795
29401,981.0119,74.925,2.500
29402,981.0452,27.015,0.901
29403,981.0786,40.348,1.346
29404,981.1120,38.205,1.275
29405,981.1453,71.080,2.372
29406,981.1787,23.693,0.791
29407,981.2121,75.299,2.512
29408,981.2454,21.192,0.707
29409,981.2788,52.980,1.768
29410,981.3122,138.155,4.610
29411,981.3455,30.892,1.031
29412,981.3789,80.697,2.693
29413,981.4123,61.785,2.062
29414,981.4456,47.976,1.601
29415,981.4790,22.478,0.750
29416,981.5124,37.463,1.250
29417,981.5457,21.192,0.707
29418,981.5791,16.754,0.559
29419,981.6125,22.478,0.750
29420,981.6458,16.754,0.559
29421,981.6792,14.985,0.500
29422,981.7126,7.493,0.250
29423,981.7459,23.693,0.791
29424,981.7793,37.463,1.250
29425,981.8127,132.556,4.423
29426,981.8460,79.647,2.658
29427,981.8794,57.061,1.904
29428,981.9128,23.693,0.791
29429,981.9461,37.463,1.250
29430,981.9795,60.407,2.016
29431,982.0129,134.030,4.472
29432,982.0462,60.407,2.016
29433,982.0796,83.769,2.795
29434,982.1130,33.508,1.118
29435,982.1463,60.407,2.016
29436,982.1797,40.348,1.346
29437,982.2131,33.508,1.118
29438,982.2464,50.261,1.677
29439,982.2798,82.758,2.761
29440,982.3132,29.970,1.000
29441,982.3465,37.463,1.250
29442,982.3799,23.693,0.791
29443,982.4133,104.895,3.500
29444,982.4466,135.073,4.507
29445,982.4800,57.061,1.904
29446,982.5134,60.407,2.016
29447,982.5467,22.478,0.750
29448,982.5801,37.463,1.250
29449,982.6135,23.693,0.791
29450,982.6468,16.754,0.559
29451,982.6802,30.892,1.031
29452,982.7136,29.970,1.000
29453,982.7469,14.985,0.500
29454,982.7803,7.493,0.250
29455,982.8137,7.493,0.250
29456,982.8470,7.493,0.250
29457,982.8804,52.980,1.768
29458,982.9138,95.951,3.202
29459,982.9471,60.407,2.016
29460,982.9805,79.647,2.658
29461,983.0139,47.976,1.601
29462,983.0472,30.892,1.031
29463,983.0806,104.089,3.473
29464,983.1140,97.690,3.260
29465,983.1473,57.061,1.904
29466,983.1807,52.980,1.768
29467,983.2141,76.409,2.550
29468,983.2474,64.453,2.151
29469,983.2808,10.596,0.354
29470,983.3142,43.689,1.458
29471,983.3475,23.693,0.791
29472,983.3809,64.016,2.136
29473,983.4143,89.910,3.000
29474,983.4476,30.892,1.031
29475,983.4810,82.418,2.750
29476,983.5144,75.299,2.512
29477,983.5477,70.684,2.358
29478,983.5811,85.428,2.850
29479,983.6145,130.851,4.366
29480,983.6478,23.693,0.791
29481,983.6812,38.205,1.275
29482,983.7146,7.493,0.250
29483,983.7479,16.754,0.559
29484,983.7813,45.575,1.521
29485,983.8147,21.192,0.707
29486,983.8480,16.754,0.559
29487,983.8814,7.493,0.250
29488,983.9148,7.493,0.250
29489,983.9481,0.000,0.000
29490,983.9815,38.205,1.275
29491,984.0149,106.489,3.553
29492,984.0482,67.015,2.236
29493,984.0816,95.364,3.182
29494,984.1150,81.044,2.704
29495,984.1483,58.518,1.953
29496,984.1817,47.976,1.601
29497,984.2151,45.575,1.521
29498,984.2484,80.697,2.693
29499,984.2818,67.015,2.236
29500,984.3152,67.015,2.236
29501,984.3485,67.015,2.236
29502,984.3819,64.016,2.136
29503,984.4153,31.788,1.061
29504,984.4486,27.015,0.901
29505,984.4820,67.015,2.236
29506,984.5154,101.909,3.400
29507,984.5487,40.348,1.346
29508,984.5821,16.754,0.559
29509,984.6155,143.144,4.776
29510,984.6488,93.881,3.132
29511,984.6822,92.677,3.092
29512,984.7156,73.793,2.462
29513,984.7489,44.955,1.500
29514,984.7823,45.575,1.521
29515,984.8157,45.575,1.521
29516,984.8490,0.000,0.000
29517,984.8824,7.493,0.250
29518,984.9158,42.384,1.414
29519,984.9491,22.478,0.750
29520,984.9825,0.000,0.000
29521,985.0159,0.000,0.000
29522,985.0492,7.493,0.250
29523,985.0826,0.000,0.000
29524,985.1160,106.489,3.553
29525,985.1493,164.324,5.483
29526,985.1827,95.951,3.202
29527,985.2160,31.788,1.061
29528,985.2494,64.016,2.136
29529,985.2828,67.015,2.236
29530,985.3161,94.774,3.162
29531,985.3495,52.448,1.750
29532,985.3829,76.409,2.550
29533,985.4162,93.881,3.132
29534,985.4496,70.684,2.358
29535,985.4830,151.712,5.062
29536,985.5163,52.980,1.768
29537,985.5497,42.384,1.414
29538,985.5831,64.453,2.151
29539,985.6164,60.407,2.016
29540,985.6498,60.407,2.016
29541,985.6832,107.277,3.579
29542,985.7165,45.575,1.521
29543,985.7499,29.970,1.000
29544,985.7833,67.015,2.236
29545,985.8166,97.690,3.260
29546,985.8500,121.969,4.070
29547,985.8834,127.373,4.250
29548,985.9167,14.985,0.500
29549,985.9501,37.463,1.250
29550,985.9835,47.976,1.601
29551,986.0168,29.970,1.000
29552,986.0502,27.015,0.901
29553,986.0836,16.754,0.559
29554,986.1169,10.596,0.354
29555,986.1503,10.596,0.354
29556,986.1837,10.596,0.354
29557,986.2170,85.428,2.850
29558,986.2504,160.347,5.350
29559,986.2838,97.690,3.260
29560,986.3171,64.453,2.151
29561,986.3505,67.848,2.264
29562,986.3839,87.377,2.915
29563,986.4172,70.684,2.358
29564,986.4506,52.448,1.750
29565,986.4840,97.403,3.250
29566,986.5173,54.029,1.803
29567,986.5507,64.016,2.136
29568,986.5841,104.359,3.482
29569,986.6174,107.277,3.579
29570,986.6508,63.576,2.121
29571,986.6842,79.647,2.658
29572,986.7175,123.570,4.123
29573,986.7509,29.970,1.000
29574,986.7843,7.493,0.250
29575,986.8176,150.598,5.025
29576,986.8510,54.546,1.820
29577,986.8844,70.684,2.358
29578,986.9177,128.906,4.301
29579,986.9511,118.467,3.953
29580,986.9845,64.453,2.151
29581,987.0178,30.892,1.031
29582,987.0512,7.493,0.250
29583,987.0846,23.693,0.791
29584,987.1179,33.508,1.118
29585,987.1513,16.754,0.559
29586,987.1847,16.754,0.559
29587,987.2180,10.596,0.354
29588,987.2514,73.793,2.462
29589,987.2848,70.684,2.358
29590,987.3181,148.722,4.962
29591,987.3515,64.453,2.151
29592,987.3849,101.909,3.400
29593,987.4182,100.523,3.354
29594,987.4516,57.061,1.904
29595,987.4850,64.016,2.136
29596,987.5183,100.523,3.354
29597,987.5517,45.575,1.521
29598,987.5851,52.980,1.768
29599,987.6184,97.403,3.250
29600,987.6518,64.016,2.136
29601,987.6852,105.163,3.509
29602,987.7185,147.776,4.931
29603,987.7519,54.029,1.803
29604,987.7853,37.463,1.250
29605,987.8186,81.044,2.704
29606,987.8520,67.848,2.264
29607,987.8854,33.508,1.118
29608,987.9187,67.848,2.264
29609,987.9521,54.546,1.820
29610,987.9855,85.428,2.850
29611,988.0188,116.556,3.889
29612,988.0522,64.016,2.136
29613,988.0856,114.123,3.808
29614,988.1189,73.793,2.462
29615,988.1523,47.387,1.581
29616,988.1857,22.478,0.750
29617,988.2190,37.463,1.250
29618,988.2524,31.788,1.061
29619,988.2858,29.970,1.000
29620,988.3191,23.693,0.791
29621,988.3525,27.015,0.901
29622,988.3859,47.387,1.581
29623,988.4192,64.453,2.151
29624,988.4526,139.369,4.650
29625,988.4860,110.626,3.691
29626,988.5193,74.925,2.500
29627,988.5527,61.785,2.062
29628,988.5861,70.684,2.358
29629,988.6194,61.785,2.062
29630,988.6528,83.769,2.795
29631,988.6862,67.433,2.250
29632,988.7195,54.029,1.803
29633,988.7529,67.015,2.236
29634,988.7863,85.428,2.850
29635,988.8196,54.546,1.820
29636,988.8530,114.368,3.816
29637,988.8864,137.748,4.596
29638,988.9197,57.061,1.904
29639,988.9531,52.980,1.768
29640,988.9865,38.205,1.275
29641,989.0198,67.433,2.250
29642,989.0532,64.016,2.136
29643,989.0866,69.078,2.305
29644,989.1199,127.593,4.257
29645,989.1533,61.785,2.062
29646,989.1867,114.123,3.808
29647,989.2200,85.428,2.850
29648,989.2534,54.546,1.820
29649,989.2868,21.192,0.707
29650,989.3201,79.647,2.658
29651,989.3535,23.693,0.791
29652,989.3869,37.463,1.250
29653,989.4202,57.061,1.904
29654,989.4536,23.693,0.791
29655,989.4870,50.261,1.677
29656,989.5203,174.915,5.836
29657,989.5537,97.690,3.260
29658,989.5871,71.080,2.372
29659,989.6204,69.078,2.305
29660,989.6538,137.544,4.589
29661,989.6872,57.061,1.904
29662,989.7205,47.387,1.581
29663,989.7539,89.910,3.000
29664,989.7873,33.508,1.118
29665,989.8206,60.407,2.016
29666,989.8540,82.758,2.761
29667,989.8874,95.364,3.182
29668,989.9207,67.015,2.236
29669,989.9541,69.078,2.305
29670,989.9875,101.909,3.400
29671,990.0208,45.575,1.521
29672,990.0542,87.698,2.926
29673,990.0876,47.976,1.601
29674,990.1209,47.976,1.601
29675,990.1543,67.015,2.236
29676,990.1877,128.906,4.301
29677,990.2210,150.784,5.031
29678,990.2544,54.546,1.820
29679,990.2878,52.980,1.768
29680,990.3211,69.078,2.305
29681,990.3545,27.015,0.901
29682,990.3879,27.015,0.901
29683,990.4212,37.463,1.250
29684,990.4546,16.754,0.559
29685,990.4880,37.463,1.250
29686,990.5213,16.754,0.559
29687,990.5547,43.689,1.458
29688,990.5881,37.463,1.250
29689,990.6214,22.478,0.750
29690,990.6548,37.463,1.250
29691,990.6882,44.955,1.500
29692,990.7215,58.518,1.953
29693,990.7549,16.754,0.559
29694,990.7883,33.508,1.118
29695,990.8216,29.970,1.000
29696,990.8550,60.407,2.016
29697,990.8884,23.693,0.791
29698,990.9217,14.985,0.500
29699,990.9551,127.593,4.257
29700,990.9885,67.015,2.236
29701,991.0218,64.016,2.136
29702,991.0552,100.523,3.354
29703,991.0886,77.140,2.574
29704,991.1219,89.910,3.000
29705,991.1553,74.925,2.500
29706,991.1887,50.261,1.677
29707,991.2220,47.976,1.601
29708,991.2554,59.940,2.000
29709,991.2888,60.407,2.016
29710,991.3221,106.489,3.553
29711,991.3555,149.850,5.000
29712,991.3889,47.976,1.601
29713,991.4222,54.029,1.803
29714,991.4556,37.463,1.250
29715,991.4890,33.508,1.118
29716,991.5223,7.493,0.250
29717,991.5557,33.508,1.118
29718,991.5891,21.192,0.707
29719,991.6224,7.493,0.250
29720,991.6558,27.015,0.901
29721,991.6892,0.000,0.000
29722,991.7225,23.693,0.791
29723,991.7559,74.925,2.500
29724,991.7893,81.044,2.704
29725,991.8226,74.925,2.500
29726,991.8560,64.453,2.151
29727,991.8894,47.976,1.601
29728,991.9227,81.044,2.704
29729,991.9561,52.980,1.768
29730,991.9895,30.892,1.031
29731,992.0228,42.384,1.414
29732,992.0562,118.467,3.953
29733,992.0896,60.407,2.016
29734,992.1229,107.277,3.579
29735,992.1563,64.016,2.136
29736,992.1897,84.768,2.828
29737,992.2230,83.769,2.795
29738,992.2564,33.508,1.118
29739,992.2898,83.769,2.795
29740,992.3231,38.205,1.275
29741,992.3565,52.980,1.768
29742,992.3899,67.015,2.236
29743,992.4232,158.055,5.274
29744,992.4566,90.532,3.021
29745,992.4900,52.980,1.768
29746,992.5233,60.407,2.016
29747,992.5567,60.407,2.016
29748,992.5901,40.348,1.346
29749,992.6234,16.754,0.559
29750,992.6568,10.596,0.354
29751,992.6902,57.061,1.904
29752,992.7235,10.596,0.354
29753,992.7569,7.493,0.250
29754,992.7903,23.693,0.791
29755,992.8236,16.754,0.559
29756,992.8570,14.985,0.500
29757,992.8904,33.508,1.118
29758,992.9237,50.261,1.677
29759,992.9571,166.361,5.551
29760,992.9905,42.384,1.414
29761,993.0238,92.677,3.092
29762,993.0572,29.970,1.000
29763,993.0906,10.596,0.354
29764,993.1239,30.892,1.031
29765,993.1573,23.693,0.791
29766,993.1907,149.850,5.000
29767,993.2240,73.793,2.462
29768,993.2574,78.224,2.610
29769,993.2908,117.276,3.913
29770,993.3241,101.909,3.400
29771,993.3575,45.575,1.521
29772,993.3909,77.140,2.574
29773,993.4242,47.976,1.601
29774,993.4576,52.448,1.750
29775,993.4910,33.508,1.118
29776,993.5243,114.368,3.816
29777,993.5577,85.428,2.850
29778,993.5911,127.152,4.243
29779,993.6244,64.453,2.151
29780,993.6578,57.061,1.904
29781,993.6912,37.463,1.250
29782,993.7245,14.985,0.500
29783,993.7579,30.892,1.031
29784,993.7913,54.029,1.803
29785,993.8246,7.493,0.250
29786,993.8580,21.192,0.707
29787,993.8914,16.754,0.559
29788,993.9247,0.000,0.000
29789,993.9581,7.493,0.250
29790,993.9915,37.463,1.250
29791,994.0248,137.544,4.589
29792,994.0582,60.407,2.016
29793,994.0916,37.463,1.250
29794,994.1249,90.222,3.010
29795,994.1583,30.892,1.031
29796,994.1917,37.463,1.250
29797,994.2250,10.596,0.354
29798,994.2584,16.754,0.559
29799,994.2918,121.969,4.070
29800,994.3251,80.697,2.693
29801,994.3585,80.697,2.693
29802,994.3919,110.626,3.691
29803,994.4252,117.276,3.913
29804,994.4586,69.078,2.305
29805,994.4920,37.463,1.250
29806,994.5253,42.384,1.414
29807,994.5587,54.546,1.820
29808,994.5921,64.016,2.136
29809,994.6254,67.848,2.264
29810,994.6588,58.518,1.953
29811,994.6922,130.851,4.366
29812,994.7255,42.384,1.414
29813,994.7589,73.793,2.462
29814,994.7923,43.689,1.458
29815,994.8256,33.508,1.118
29816,994.8590,0.000,0.000
29817,994.8924,10.596,0.354
29818,994.9257,43.689,1.458
29819,994.9591,7.493,0.250
29820,994.9925,16.754,0.559
29821,995.0258,16.754,0.559
29822,995.0592,47.976,1.601
29823,995.0926,60.407,2.016
29824,995.1259,70.684,2.358
29825,995.1593,77.140,2.574
29826,995.1927,54.029,1.803
29827,995.2260,37.463,1.250
29828,995.2594,0.000,0.000
29829,995.2928,23.693,0.791
29830,995.3261,0.000,0.000
29831,995.3595,0.000,0.000
29832,995.3929,145.478,4.854
29833,995.4262,90.532,3.021
29834,995.4596,76.409,2.550
29835,995.4930,100.523,3.354
29836,995.5263,114.368,3.816
29837,995.5597,57.061,1.904
29838,995.5931,63.576,2.121
29839,995.6264,67.015,2.236
29840,995.6598,47.387,1.581
29841,995.6932,47.387,1.581
29842,995.7265,30.892,1.031
29843,995.7599,110.626,3.691
29844,995.7933,45.575,1.521
29845,995.8266,93.881,3.132
29846,995.8600,81.044,2.704
29847,995.8934,38.205,1.275
29848,995.9267,37.463,1.250
29849,995.9601,14.985,0.500
29850,995.9935,52.980,1.768
29851,996.0268,7.493,0.250
29852,996.0602,23.693,0.791
29853,996.0936,22.478,0.750
29854,996.1269,10.596,0.354
29855,996.1603,10.596,0.354
29856,996.1937,27.015,0.901
29857,996.2270,114.368,3.816
29858,996.2604,87.377,2.915
29859,996.2938,43.689,1.458
29860,996.3271,42.384,1.414
29861,996.3605,84.768,2.828
29862,996.3939,23.693,0.791
29863,996.4272,23.693,0.791
29864,996.4606,0.000,0.000
29865,996.4940,16.754,0.559
29866,996.5273,211.124,7.045
29867,996.5607,87.698,2.926
29868,996.5941,71.080,2.372
29869,996.6274,95.951,3.202
29870,996.6608,94.774,3.162
29871,996.6942,37.463,1.250
29872,996.7275,93.881,3.132
29873,996.7609,38.205,1.275
29874,996.7943,60.407,2.016
29875,996.8276,52.448,1.750
29876,996.8610,100.523,3.354
29877,996.8944,80.697,2.693
29878,996.9277,40.348,1.346
29879,996.9611,84.768,2.828
29880,996.9945,60.407,2.016
29881,997.0278,43.689,1.458
29882,997.0612,10.596,0.354
29883,997.0946,21.192,0.707
29884,997.1279,43.689,1.458
29885,997.1613,10.596,0.354
29886,997.1947,29.970,1.000
29887,997.2280,10.596,0.354
29888,997.2614,10.596,0.354
29889,997.2948,10.596,0.354
29890,997.3281,135.073,4.507
29891,997.3615,93.881,3.132
29892,997.3949,43.689,1.458
29893,997.4282,63.576,2.121
29894,997.4616,87.377,2.915
29895,997.4950,14.985,0.500
29896,997.5283,29.970,1.000
29897,997.5617,27.015,0.901
29898,997.5951,97.690,3.260
29899,997.6284,127.373,4.250
29900,997.6618,61.785,2.062
29901,997.6952,60.407,2.016
29902,997.7285,97.403,3.250
29903,997.7619,97.690,3.260
29904,997.7953,52.980,1.768
29905,997.8286,37.463,1.250
29906,997.8620,54.546,1.820
29907,997.8954,45.575,1.521
29908,997.9287,47.976,1.601
29909,997.9621,67.433,2.250
29910,997.9955,114.368,3.816
29911,998.0288,92.677,3.092
29912,998.0622,74.925,2.500
29913,998.0956,33.508,1.118
29914,998.1289,23.693,0.791
29915,998.1623,54.546,1.820
29916,998.1957,30.892,1.031
29917,998.2290,27.015,0.901
29918,998.2624,23.693,0.791
29919,998.2958,7.493,0.250
29920,998.3291,7.493,0.250
29921,998.3625,16.754,0.559
29922,998.3959,50.261,1.677
29923,998.4292,67.015,2.236
29924,998.4626,33.508,1.118
29925,998.4960,135.073,4.507
29926,998.5293,40.348,1.346
29927,998.5627,42.384,1.414
29928,998.5961,14.985,0.500
29929,998.6294,22.478,0.750
29930,998.6628,10.596,0.354
29931,998.6962,7.493,0.250
29932,998.7295,131.066,4.373
29933,998.7629,80.697,2.693
29934,998.7963,78.224,2.610
29935,998.8296,124.023,4.138
29936,998.8630,100.523,3.354
29937,998.8964,60.407,2.016
29938,998.9297,14.985,0.500
29939,998.9631,33.508,1.118
29940,998.9965,125.598,4.191
29941,999.0298,71.080,2.372
29942,999.0632,77.140,2.574
29943,999.0966,101.909,3.400
29944,999.1299,47.976,1.601
29945,999.1633,90.532,3.021
29946,999.1967,40.348,1.346
29947,999.2300,21.192,0.707
29948,999.2634,47.976,1.601
29949,999.2968,22.478,0.750
29950,999.3301,27.015,0.901
29951,999.3635,47.387,1.581
29952,999.3969,0.000,0.000
29953,999.4302,29.970,1.000
29954,999.4636,0.000,0.000
29955,999.4970,10.596,0.354
29956,999.5303,31.788,1.061
29957,999.5637,104.359,3.482
29958,999.5971,124.700,4.161
29959,999.6304,43.689,1.458
29960,999.6638,42.384,1.414
29961,999.6972,21.192,0.707
29962,999.7305,16.754,0.559
29963,999.7639,7.493,0.250
29964,999.7973,16.754,0.559
29965,999.8306,104.089,3.473
29966,999.8640,83.769,2.795
29967,999.8974,78.224,2.610
29968,999.9307,118.467,3.953
29969,999.9641,108.059,3.606
29970,999.9975,67.433,2.250
29971,1000.0308,47.976,1.601
29972,1000.0642,80.697,2.693
29973,1000.0976,67.848,2.264
29974,1000.1309,82.758,2.761
29975,1000.1643,30.892,1.031
29976,1000.1977,70.684,2.358
29977,1000.2310,37.463,1.250
29978,1000.2644,76.409,2.550
29979,1000.2978,73.793,2.462
29980,1000.3311,60.407,2.016
29981,1000.3645,70.684,2.358
29982,1000.3979,16.754,0.559
29983,1000.4312,0.000,0.000
29984,1000.4646,42.384,1.414
29985,1000.4980,21.192,0.707
29986,1000.5313,10.596,0.354
29987,1000.5647,7.493,0.250
29988,1000.5981,23.693,0.791
29989,1000.6314,30.892,1.031
29990,1000.6648,124.700,4.161
29991,1000.6982,97.403,3.250
29992,1000.7315,60.407,2.016
29993,1000.7649,50.261,1.677
29994,1000.7983,91.458,3.052
29995,1000.8316,37.463,1.250
29996,1000.8650,43.689,1.458
29997,1000.8984,0.000,0.000
29998,1000.9317,137.544,4.589
29999,1000.9651,158.764,5.297
30000,1000.9985,60.407,2.016
30001,1001.0318,77.140,2.574
30002,1001.0652,118.467,3.953
30003,1001.0986,97.690,3.260
30004,1001.1319,91.150,3.041
30005,1001.1653,52.980,1.768
30006,1001.1987,52.980,1.768
30007,1001.2320,69.078,2.305
30008,1001.2654,125.598,4.191
30009,1001.2988,87.698,2.926
30010,1001.3321,52.980,1.768
30011,1001.3655,90.532,3.021
30012,1001.3989,148.722,4.962
30013,1001.4322,42.384,1.414
30014,1001.4656,14.985,0.500
30015,1001.4990,42.384,1.414
30016,1001.5323,100.523,3.354
30017,1001.5657,30.892,1.031
30018,1001.5991,16.754,0.559
30019,1001.6324,31.788,1.061
30020,1001.6658,27.015,0.901
30021,1001.6992,16.754,0.559
30022,1001.7325,108.059,3.606
30023,1001.7659,100.523,3.354
30024,1001.7993,120.813,4.031
30025,1001.8326,50.261,1.677
30026,1001.8660,64.016,2.136
30027,1001.8994,100.523,3.354
30028,1001.9327,87.698,2.926
30029,1001.9661,99.963,3.335
30030,1001.9995,81.044,2.704
30031,1002.0328,60.407,2.016
30032,1002.0662,108.059,3.606
30033,1002.0996,215.727,7.198
30034,1002.1329,60.407,2.016
30035,1002.1663,137.748,4.596
30036,1002.1997,104.359,3.482
30037,1002.2330,61.785,2.062
30038,1002.2664,116.315,3.881
30039,1002.2998,61.785,2.062
30040,1002.3331,42.384,1.414
30041,1002.3665,92.677,3.092
30042,1002.3999,185.052,6.175
30043,1002.4332,94.774,3.162
30044,1002.4666,30.892,1.031
30045,1002.5000,97.403,3.250
30046,1002.5333,83.769,2.795
30047,1002.5667,73.793,2.462
30048,1002.6001,29.970,1.000
30049,1002.6334,67.015,2.236
30050,1002.6668,109.093,3.640
30051,1002.7002,63.576,2.121
30052,1002.7335,47.976,1.601
30053,1002.7669,23.693,0.791
30054,1002.8003,58.518,1.953
30055,1002.8336,77.140,2.574
30056,1002.8670,70.684,2.358
30057,1002.9004,104.359,3.482
30058,1002.9337,60.407,2.016
30059,1002.9671,64.016,2.136
30060,1003.0005,104.359,3.482
30061,1003.0338,104.359,3.482
30062,1003.0672,54.029,1.803
30063,1003.1006,54.029,1.803
30064,1003.1339,101.909,3.400
30065,1003.1673,93.881,3.132
30066,1003.2007,242.091,8.078
30067,1003.2340,83.769,2.795
30068,1003.2674,67.015,2.236
30069,1003.3008,104.359,3.482
30070,1003.3341,52.980,1.768
30071,1003.3675,118.467,3.953
30072,1003.4009,61.785,2.062
30073,1003.4342,54.029,1.803
30074,1003.4676,80.697,2.693
30075,1003.5010,109.093,3.640
30076,1003.5343,99.963,3.335
30077,1003.5677,78.224,2.610
30078,1003.6011,76.409,2.550
30079,1003.6344,90.222,3.010
30080,1003.6678,50.261,1.677
30081,1003.7012,57.061,1.904
30082,1003.7345,85.428,2.850
30083,1003.7679,43.689,1.458
30084,1003.8013,22.478,0.750
30085,1003.8346,0.000,0.000
30086,1003.8680,30.892,1.031
30087,1003.9014,10.596,0.354
30088,1003.9347,31.788,1.061
30089,1003.9681,64.453,2.151
30090,1004.0015,201.045,6.708
30091,1004.0348,47.387,1.581
30092,1004.0682,64.016,2.136
30093,1004.1016,80.697,2.693
30094,1004.1349,109.093,3.640
30095,1004.1683,54.546,1.820
30096,1004.2017,135.073,4.507
30097,1004.2350,70.684,2.358
30098,1004.2684,23.693,0.791
30099,1004.3018,47.976,1.601
30100,1004.3351,201.742,6.731
30101,1004.3685,71.080,2.372
30102,1004.4019,60.407,2.016
30103,1004.4352,97.403,3.250
30104,1004.4686,135.073,4.507
30105,1004.5020,47.387,1.581
30106,1004.5353,73.793,2.462
30107,1004.5687,95.951,3.202
30108,1004.6021,113.382,3.783
30109,1004.6354,99.963,3.335
30110,1004.6688,87.698,2.926
30111,1004.7022,90.222,3.010
30112,1004.7355,74.925,2.500
30113,1004.7689,16.754,0.559
30114,1004.8023,31.788,1.061
30115,1004.8356,33.508,1.118
30116,1004.8690,142.161,4.743
30117,1004.9024,30.892,1.031
30118,1004.9357,27.015,0.901
30119,1004.9691,54.546,1.820
30120,1005.0025,23.693,0.791
30121,1005.0358,27.015,0.901
30122,1005.0692,60.407,2.016
30123,1005.1026,201.045,6.708
30124,1005.1359,61.785,2.062
30125,1005.1693,71.080,2.372
30126,1005.2027,90.532,3.021
30127,1005.2360,101.909,3.400
30128,1005.2694,47.976,1.601
30129,1005.3028,130.851,4.366
30130,1005.3361,87.377,2.915
30131,1005.3695,85.428,2.850
30132,1005.4029,67.015,2.236
30133,1005.4362,154.462,5.154
30134,1005.4696,82.758,2.761
30135,1005.5030,118.467,3.953
30136,1005.5363,85.428,2.850
30137,1005.5697,109.093,3.640
30138,1005.6031,60.407,2.016
30139,1005.6364,67.015,2.236
30140,1005.6698,95.364,3.182
30141,1005.7032,158.940,5.303
30142,1005.7365,50.261,1.677
30143,1005.7699,105.960,3.536
30144,1005.8033,83.769,2.795
30145,1005.8366,106.489,3.553
30146,1005.8700,30.892,1.031
30147,1005.9034,37.463,1.250
30148,1005.9367,134.030,4.472
30149,1005.9701,60.407,2.016
30150,1006.0035,67.015,2.236
30151,1006.0368,80.697,2.693
30152,1006.0702,61.785,2.062
30153,1006.1036,7.493,0.250
30154,1006.1369,37.463,1.250
30155,1006.1703,100.523,3.354
30156,1006.2037,80.697,2.693
30157,1006.2370,87.698,2.926
30158,1006.2704,60.407,2.016
30159,1006.3038,67.433,2.250
30160,1006.3371,94.774,3.162
30161,1006.3705,99.963,3.335
30162,1006.4039,69.078,2.305
30163,1006.4372,97.690,3.260
30164,1006.4706,38.205,1.275
30165,1006.5040,42.384,1.414
30166,1006.5373,246.457,8.223
30167,1006.5707,78.224,2.610
30168,1006.6041,61.785,2.062
30169,1006.6374,118.467,3.953
30170,1006.6708,107.277,3.579
30171,1006.7042,57.061,1.904
30172,1006.7375,80.697,2.693
30173,1006.7709,108.059,3.606
30174,1006.8043,104.895,3.500
30175,1006.8376,116.315,3.881
30176,1006.8710,91.150,3.041
30177,1006.9043,74.925,2.500
30178,1006.9377,81.044,2.704
30179,1006.9711,31.788,1.061
30180,1007.0044,30.892,1.031
30181,1007.0378,30.892,1.031
30182,1007.0712,136.726,4.562
30183,1007.1045,67.015,2.236
30184,1007.1379,94.774,3.162
30185,1007.1713,14.985,0.500
30186,1007.2046,43.689,1.458
30187,1007.2380,31.788,1.061
30188,1007.2714,31.788,1.061
30189,1007.3047,67.015,2.236
30190,1007.3381,194.805,6.500
30191,1007.3715,45.575,1.521
30192,1007.4048,60.407,2.016
30193,1007.4382,121.045,4.039
30194,1007.4716,98.549,3.288
30195,1007.5049,44.955,1.500
30196,1007.5383,80.697,2.693
30197,1007.5717,97.690,3.260
30198,1007.6050,61.785,2.062
30199,1007.6384,191.023,6.374
30200,1007.6718,75.299,2.512
30201,1007.7051,73.793,2.462
30202,1007.7385,112.637,3.758
30203,1007.7719,83.769,2.795
30204,1007.8052,201.742,6.731
30205,1007.8386,67.015,2.236
30206,1007.8720,77.140,2.574
30207,1007.9053,120.114,4.008
30208,1007.9387,205.738,6.865
30209,1007.9721,59.940,2.000
30210,1008.0054,124.023,4.138
30211,1008.0388,58.518,1.953
30212,1008.0722,122.886,4.100
30213,1008.1055,92.677,3.092
30214,1008.1389,129.341,4.316
30215,1008.1723,67.015,2.236
30216,1008.2056,116.315,3.881
30217,1008.2390,67.015,2.236
30218,1008.2724,43.689,1.458
30219,1008.3057,79.647,2.658
30220,1008.3391,196.670,6.562
30221,1008.3725,61.785,2.062
30222,1008.4058,33.508,1.118
30223,1008.4392,33.508,1.118
30224,1008.4726,23.693,0.791
30225,1008.5059,37.463,1.250
30226,1008.5393,71.080,2.372
30227,1008.5727,116.315,3.881
30228,1008.6060,165.854,5.534
30229,1008.6394,104.359,3.482
30230,1008.6728,90.532,3.021
30231,1008.7061,0.000,0.000
30232,1008.7395,117.276,3.913
30233,1008.7729,7.493,0.250
30234,1008.8062,21.192,0.707
30235,1008.8396,113.382,3.783
30236,1008.8730,54.029,1.803
30237,1008.9063,38.205,1.275
30238,1008.9397,42.384,1.414
30239,1008.9731,99.963,3.335
30240,1009.0064,118.467,3.953
30241,1009.0398,23.693,0.791
30242,1009.0732,37.463,1.250
30243,1009.1065,10.596,0.354
30244,1009.1399,7.493,0.250
30245,1009.1733,22.478,0.750
30246,1009.2066,30.892,1.031
30247,1009.2400,16.754,0.559
30248,1009.2734,31.788,1.061
30249,1009.3067,45.575,1.521
30250,1009.3401,23.693,0.791
30251,1009.3735,47.387,1.581
30252,1009.4068,52.980,1.768
30253,1009.4402,16.754,0.559
30254,1009.4736,43.689,1.458
30255,1009.5069,58.518,1.953
30256,1009.5403,108.059,3.606
30257,1009.5737,137.748,4.596
30258,1009.6070,120.813,4.031
30259,1009.6404,112.388,3.750
30260,1009.6738,135.695,4.528
30261,1009.7071,76.409,2.550
30262,1009.7405,108.059,3.606
30263,1009.7739,52.980,1.768
30264,1009.8072,37.463,1.250
30265,1009.8406,0.000,0.000
30266,1009.8740,10.596,0.354
30267,1009.9073,10.596,0.354
30268,1009.9407,23.693,0.791
30269,1009.9741,94.774,3.162
30270,1010.0074,71.080,2.372
30271,1010.0408,64.016,2.136
30272,1010.0742,40.348,1.346
30273,1010.1075,99.963,3.335
30274,1010.1409,23.693,0.791
30275,1010.1743,69.078,2.305
30276,1010.2076,29.970,1.000
30277,1010.2410,37.463,1.250
30278,1010.2744,30.892,1.031
30279,1010.3077,14.985,0.500
30280,1010.3411,27.015,0.901
30281,1010.3745,98.549,3.288
30282,1010.4078,107.277,3.579
30283,1010.4412,57.061,1.904
30284,1010.4746,29.970,1.000
30285,1010.5079,54.546,1.820
30286,1010.5413,100.523,3.354
30287,1010.5747,67.015,2.236
30288,1010.6080,108.059,3.606
30289,1010.6414,149.850,5.000
30290,1010.6748,180.132,6.010
30291,1010.7081,120.114,4.008
30292,1010.7415,44.955,1.500
30293,1010.7749,47.387,1.581
30294,1010.8082,141.369,4.717
30295,1010.8416,54.546,1.820
30296,1010.8750,54.029,1.803
30297,1010.9083,27.015,0.901
30298,1010.9417,107.277,3.579
30299,1010.9751,52.980,1.768
30300,1011.0084,38.205,1.275
30301,1011.0418,16.754,0.559
30302,1011.0752,21.192,0.707
30303,1011.1085,61.785,2.062
30304,1011.1419,40.348,1.346
30305,1011.1753,67.848,2.264
30306,1011.2086,87.698,2.926
30307,1011.2420,50.261,1.677
30308,1011.2754,60.407,2.016
30309,1011.3087,57.061,1.904
30310,1011.3421,38.205,1.275
30311,1011.3755,54.546,1.820
30312,1011.4088,44.955,1.500
30313,1011.4422,47.976,1.601
30314,1011.4756,92.677,3.092
30315,1011.5089,107.277,3.579
30316,1011.5423,57.061,1.904
30317,1011.5757,45.575,1.521
30318,1011.6090,27.015,0.901
30319,1011.6424,95.951,3.202
30320,1011.6758,69.078,2.305
30321,1011.7091,97.690,3.260
30322,1011.7425,143.144,4.776
30323,1011.7759,161.394,5.385
30324,1011.8092,105.163,3.509
30325,1011.8426,97.403,3.250
30326,1011.8760,47.976,1.601
30327,1011.9093,137.748,4.596
30328,1011.9427,54.029,1.803
30329,1011.9761,57.061,1.904
30330,1012.0094,64.016,2.136
30331,1012.0428,40.348,1.346
30332,1012.0762,61.785,2.062
30333,1012.1095,30.892,1.031
30334,1012.1429,33.508,1.118
30335,1012.1763,27.015,0.901
30336,1012.2096,60.407,2.016
30337,1012.2430,43.689,1.458
30338,1012.2764,29.970,1.000
30339,1012.3097,43.689,1.458
30340,1012.3431,80.697,2.693
30341,1012.3765,110.626,3.691
30342,1012.4098,83.769,2.795
30343,1012.4432,97.403,3.250
30344,1012.4766,70.684,2.358
30345,1012.5099,100.523,3.354
30346,1012.5433,149.287,4.981
30347,1012.5767,114.614,3.824
30348,1012.6100,147.586,4.924
30349,1012.6434,54.546,1.820
30350,1012.6768,45.575,1.521
30351,1012.7101,16.754,0.559
30352,1012.7435,83.769,2.795
30353,1012.7769,54.546,1.820
30354,1012.8102,60.407,2.016
30355,1012.8436,23.693,0.791
30356,1012.8770,82.418,2.750
30357,1012.9103,52.980,1.768
30358,1012.9437,69.078,2.305
30359,1012.9771,151.712,5.062
30360,1013.0104,98.549,3.288
30361,1013.0438,37.463,1.250
30362,1013.0772,97.690,3.260
30363,1013.1105,47.976,1.601
30364,1013.1439,67.015,2.236
30365,1013.1773,60.407,2.016
30366,1013.2106,40.348,1.346
30367,1013.2440,29.970,1.000
30368,1013.2774,16.754,0.559
30369,1013.3107,0.000,0.000
30370,1013.3441,33.508,1.118
30371,1013.3775,0.000,0.000
30372,1013.4108,43.689,1.458
30373,1013.4442,37.463,1.250
30374,1013.4776,50.261,1.677
30375,1013.5109,14.985,0.500
30376,1013.5443,76.409,2.550
30377,1013.5777,33.508,1.118
30378,1013.6110,116.315,3.881
30379,1013.6444,97.403,3.250
30380,1013.6778,50.261,1.677
30381,1013.7111,114.368,3.816
30382,1013.7445,60.407,2.016
30383,1013.7779,23.693,0.791
30384,1013.8112,54.029,1.803
30385,1013.8446,23.693,0.791
30386,1013.8780,54.546,1.820
30387,1013.9113,37.463,1.250
30388,1013.9447,23.693,0.791
30389,1013.9781,40.348,1.346
30390,1014.0114,16.754,0.559
30391,1014.0448,114.614,3.824
30392,1014.0782,61.785,2.062
30393,1014.1115,80.697,2.693
30394,1014.1449,74.172,2.475
30395,1014.1783,148.344,4.950
30396,1014.2116,132.556,4.423
30397,1014.2450,63.576,2.121
30398,1014.2784,93.881,3.132
30399,1014.3117,57.061,1.904
30400,1014.3451,61.785,2.062
30401,1014.3785,16.754,0.559
30402,1014.4118,16.754,0.559
30403,1014.4452,33.508,1.118
30404,1014.4786,30.892,1.031
30405,1014.5119,0.000,0.000
30406,1014.5453,91.458,3.052
30407,1014.5787,43.689,1.458
30408,1014.6120,94.774,3.162
30409,1014.6454,61.785,2.062
30410,1014.6788,16.754,0.559
30411,1014.7121,38.205,1.275
30412,1014.7455,57.061,1.904
30413,1014.7789,180.132,6.010
30414,1014.8122,104.359,3.482
30415,1014.8456,64.016,2.136
30416,1014.8790,57.061,1.904
30417,1014.9123,40.348,1.346
30418,1014.9457,74.925,2.500
30419,1014.9791,52.448,1.750
30420,1015.0124,94.774,3.162
30421,1015.0458,97.690,3.260
30422,1015.0792,124.023,4.138
30423,1015.1125,172.328,5.750
30424,1015.1459,92.677,3.092
30425,1015.1793,37.463,1.250
30426,1015.2126,22.478,0.750
30427,1015.2460,150.784,5.031
30428,1015.2794,64.016,2.136
30429,1015.3127,16.754,0.559
30430,1015.3461,21.192,0.707
30431,1015.3795,37.463,1.250
30432,1015.4128,94.774,3.162
30433,1015.4462,37.463,1.250
30434,1015.4796,37.463,1.250
30435,1015.5129,43.689,1.458
30436,1015.5463,33.508,1.118
30437,1015.5797,54.546,1.820
30438,1015.6130,38.205,1.275
30439,1015.6464,52.980,1.768
30440,1015.6798,52.980,1.768
30441,1015.7131,40.348,1.346
30442,1015.7465,47.976,1.601
30443,1015.7799,87.698,2.926
30444,1015.8132,54.546,1.820
30445,1015.8466,61.785,2.062
30446,1015.8800,33.508,1.118
30447,1015.9133,37.463,1.250
30448,1015.9467,7.493,0.250
30449,1015.9801,43.689,1.458
30450,1016.0134,37.463,1.250
30451,1016.0468,33.508,1.118
30452,1016.0802,27.015,0.901
30453,1016.1135,52.448,1.750
30454,1016.1469,69.078,2.305
30455,1016.1803,60.407,2.016
30456,1016.2136,95.951,3.202
30457,1016.2470,127.152,4.243
30458,1016.2804,168.373,5.618
30459,1016.3137,90.532,3.021
30460,1016.3471,130.851,4.366
30461,1016.3805,114.123,3.808
30462,1016.4138,63.576,2.121
30463,1016.4472,128.906,4.301
30464,1016.4806,70.684,2.358
30465,1016.5139,42.384,1.414
30466,1016.5473,0.000,0.000
30467,1016.5807,92.677,3.092
30468,1016.6140,77.140,2.574
30469,1016.6474,47.976,1.601
30470,1016.6808,42.384,1.414
30471,1016.7141,104.895,3.500
30472,1016.7475,52.448,1.750
30473,1016.7809,67.015,2.236
30474,1016.8142,45.575,1.521
30475,1016.8476,38.205,1.275
30476,1016.8810,27.015,0.901
30477,1016.9143,22.478,0.750
30478,1016.9477,0.000,0.000
30479,1016.9811,22.478,0.750
30480,1017.0144,21.192,0.707
30481,1017.0478,33.508,1.118
30482,1017.0812,16.754,0.559
30483,1017.1145,30.892,1.031
30484,1017.1479,47.387,1.581
30485,1017.1813,64.016,2.136
30486,1017.2146,67.848,2.264
30487,1017.2480,38.205,1.275
30488,1017.2814,16.754,0.559
30489,1017.3147,52.980,1.768
30490,1017.3481,67.015,2.236
30491,1017.3815,47.387,1.581
30492,1017.4148,87.377,2.915
30493,1017.4482,106.489,3.553
30494,1017.4816,132.768,4.430
30495,1017.5149,164.324,5.483
30496,1017.5483,114.123,3.808
30497,1017.5817,27.015,0.901
30498,1017.6150,43.689,1.458
30499,1017.6484,33.508,1.118
30500,1017.6818,33.508,1.118
30501,1017.7151,60.407,2.016
30502,1017.7485,100.523,3.354
30503,1017.7819,70.684,2.358
30504,1017.8152,37.463,1.250
30505,1017.8486,47.976,1.601
30506,1017.8820,123.570,4.123
30507,1017.9153,80.697,2.693
30508,1017.9487,67.015,2.236
30509,1017.9821,61.785,2.062
30510,1018.0154,64.016,2.136
30511,1018.0488,16.754,0.559
30512,1018.0822,7.493,0.250
30513,1018.1155,0.000,0.000
30514,1018.1489,0.000,0.000
30515,1018.1823,10.596,0.354
30516,1018.2156,45.575,1.521
30517,1018.2490,14.985,0.500
30518,1018.2824,60.407,2.016
30519,1018.3157,37.463,1.250
30520,1018.3491,40.348,1.346
30521,1018.3825,76.409,2.550
30522,1018.4158,73.793,2.462
30523,1018.4492,29.970,1.000
30524,1018.4826,60.407,2.016
30525,1018.5159,81.044,2.704
30526,1018.5493,101.909,3.400
30527,1018.5827,123.570,4.123
30528,1018.6160,87.698,2.926
30529,1018.6494,78.224,2.610
30530,1018.6828,67.433,2.250
30531,1018.7161,93.881,3.132
30532,1018.7495,37.463,1.250
30533,1018.7829,60.407,2.016
30534,1018.8162,47.387,1.581
30535,1018.8496,74.172,2.475
30536,1018.8830,37.463,1.250
30537,1018.9163,119.880,4.000
30538,1018.9497,74.925,2.500
30539,1018.9831,63.576,2.121
30540,1019.0164,30.892,1.031
30541,1019.0498,30.892,1.031
30542,1019.0832,23.693,0.791
30543,1019.1165,7.493,0.250
30544,1019.1499,16.754,0.559
30545,1019.1833,30.892,1.031
30546,1019.2166,14.985,0.500
30547,1019.2500,14.985,0.500
30548,1019.2834,37.463,1.250
30549,1019.3167,23.693,0.791
30550,1019.3501,22.478,0.750
30551,1019.3835,37.463,1.250
30552,1019.4168,29.970,1.000
30553,1019.4502,52.980,1.768
30554,1019.4836,42.384,1.414
30555,1019.5169,101.909,3.400
30556,1019.5503,78.224,2.610
30557,1019.5837,100.523,3.354
30558,1019.6170,130.851,4.366
30559,1019.6504,156.448,5.220
30560,1019.6838,85.428,2.850
30561,1019.7171,111.384,3.717
30562,1019.7505,75.299,2.512
30563,1019.7839,105.960,3.536
30564,1019.8172,64.453,2.151
30565,1019.8506,27.015,0.901
30566,1019.8840,27.015,0.901
30567,1019.9173,64.016,2.136
30568,1019.9507,42.384,1.414
30569,1019.9841,33.508,1.118
30570,1020.0174,45.575,1.521
30571,1020.0508,61.785,2.062
30572,1020.0842,67.015,2.236
30573,1020.1175,69.078,2.305
30574,1020.1509,33.508,1.118
30575,1020.1843,0.000,0.000
30576,1020.2176,37.463,1.250
30577,1020.2510,0.000,0.000
30578,1020.2844,30.892,1.031
30579,1020.3177,0.000,0.000
30580,1020.3511,30.892,1.031
30581,1020.3845,16.754,0.559
30582,1020.4178,21.192,0.707
30583,1020.4512,0.000,0.000
30584,1020.4846,33.508,1.118
30585,1020.5179,52.448,1.750
30586,1020.5513,22.478,0.750
30587,1020.5847,29.970,1.000
30588,1020.6180,105.163,3.509
30589,1020.6514,104.089,3.473
30590,1020.6848,74.925,2.500
30591,1020.7181,235.151,7.846
30592,1020.7515,97.403,3.250
30593,1020.7849,118.467,3.953
30594,1020.8182,128.251,4.279
30595,1020.8516,111.384,3.717
30596,1020.8850,64.453,2.151
30597,1020.9183,74.925,2.500
30598,1020.9517,23.693,0.791
30599,1020.9851,30.892,1.031
30600,1021.0184,21.192,0.707
30601,1021.0518,47.976,1.601
30602,1021.0852,31.788,1.061
30603,1021.1185,45.575,1.521
30604,1021.1519,69.078,2.305
30605,1021.1853,67.015,2.236
30606,1021.2186,74.172,2.475
30607,1021.2520,0.000,0.000
30608,1021.2854,7.493,0.250
30609,1021.3187,33.508,1.118
30610,1021.3521,0.000,0.000
30611,1021.3855,37.463,1.250
30612,1021.4188,16.754,0.559
30613,1021.4522,38.205,1.275
30614,1021.4856,16.754,0.559
30615,1021.5189,33.508,1.118
30616,1021.5523,0.000,0.000
30617,1021.5857,40.348,1.346
30618,1021.6190,52.980,1.768
30619,1021.6524,22.478,0.750
30620,1021.6858,57.061,1.904
30621,1021.7191,61.785,2.062
30622,1021.7525,104.089,3.473
30623,1021.7859,127.593,4.257
30624,1021.8192,167.538,5.590
30625,1021.8526,220.362,7.353
30626,1021.8860,116.315,3.881
30627,1021.9193,29.970,1.000
30628,1021.9527,21.192,0.707
30629,1021.9861,234.074,7.810
30630,1022.0194,58.518,1.953
30631,1022.0528,16.754,0.559
30632,1022.0862,14.985,0.500
30633,1022.1195,50.261,1.677
30634,1022.1529,33.508,1.118
30635,1022.1863,22.478,0.750
30636,1022.2196,82.758,2.761
30637,1022.2530,67.015,2.236
30638,1022.2864,42.384,1.414
30639,1022.3197,64.453,2.151
30640,1022.3531,23.693,0.791
30641,1022.3865,0.000,0.000
30642,1022.4198,16.754,0.559
30643,1022.4532,23.693,0.791
30644,1022.4866,10.596,0.354
30645,1022.5199,10.596,0.354
30646,1022.5533,16.754,0.559
30647,1022.5867,30.892,1.031
30648,1022.6200,33.508,1.118
30649,1022.6534,29.970,1.000
30650,1022.6868,22.478,0.750
30651,1022.7201,45.575,1.521
30652,1022.7535,21.192,0.707
30653,1022.7869,16.754,0.559
30654,1022.8202,47.387,1.581
30655,1022.8536,158.055,5.274
30656,1022.8870,120.813,4.031
30657,1022.9203,141.369,4.717
30658,1022.9537,178.095,5.942
30659,1022.9871,109.093,3.640
30660,1023.0204,123.570,4.123
30661,1023.0538,7.493,0.250
30662,1023.0872,164.324,5.483
30663,1023.1205,60.407,2.016
30664,1023.1539,7.493,0.250
30665,1023.1873,7.493,0.250
30666,1023.2206,30.892,1.031
30667,1023.2540,16.754,0.559
30668,1023.2874,22.478,0.750
30669,1023.3207,60.407,2.016
30670,1023.3541,67.433,2.250
30671,1023.3875,23.693,0.791
30672,1023.4208,84.768,2.828
30673,1023.4542,21.192,0.707
30674,1023.4876,0.000,0.000
30675,1023.5209,7.493,0.250
30676,1023.5543,16.754,0.559
30677,1023.5877,37.463,1.250
30678,1023.6210,7.493,0.250
30679,1023.6544,37.463,1.250
30680,1023.6878,27.015,0.901
30681,1023.7211,10.596,0.354
30682,1023.7545,29.970,1.000
30683,1023.7879,0.000,0.000
30684,1023.8212,23.693,0.791
30685,1023.8546,45.575,1.521
30686,1023.8880,27.015,0.901
30687,1023.9213,47.387,1.581
30688,1023.9547,139.972,4.670
30689,1023.9881,117.276,3.913
30690,1024.0214,74.172,2.475
30691,1024.0548,246.457,8.223
30692,1024.0882,111.384,3.717
30693,1024.1215,132.768,4.430
30694,1024.1549,69.078,2.305
30695,1024.1883,138.155,4.610
30696,1024.2216,58.518,1.953
30697,1024.2550,54.029,1.803
30698,1024.2884,21.192,0.707
30699,1024.3217,7.493,0.250
30700,1024.3551,38.205,1.275
30701,1024.3885,30.892,1.031
30702,1024.4218,37.463,1.250
30703,1024.4552,44.955,1.500
30704,1024.4886,52.980,1.768
30705,1024.5219,63.576,2.121
30706,1024.5553,54.029,1.803
30707,1024.5887,0.000,0.000
30708,1024.6220,16.754,0.559
30709,1024.6554,0.000,0.000
30710,1024.6888,14.985,0.500
30711,1024.7221,29.970,1.000
30712,1024.7555,16.754,0.559
30713,1024.7889,21.192,0.707
30714,1024.8222,21.192,0.707
30715,1024.8556,0.000,0.000
30716,1024.8890,0.000,0.000
30717,1024.9223,60.407,2.016
30718,1024.9557,21.192,0.707
30719,1024.9891,54.029,1.803
30720,1025.0224,79.647,2.658
30721,1025.0558,83.769,2.795
30722,1025.0892,69.078,2.305
30723,1025.1225,97.403,3.250
30724,1025.1559,106.489,3.553
30725,1025.1893,149.850,5.000
30726,1025.2226,189.547,6.325
30727,1025.2560,121.045,4.039
30728,1025.2894,85.428,2.850
30729,1025.3227,37.463,1.250
30730,1025.3561,127.152,4.243
30731,1025.3895,74.925,2.500
30732,1025.4228,37.463,1.250
30733,1025.4562,0.000,0.000
30734,1025.4896,27.015,0.901
30735,1025.5229,21.192,0.707
30736,1025.5563,23.693,0.791
30737,1025.5897,47.387,1.581
30738,1025.6230,29.970,1.000
30739,1025.6564,71.080,2.372
30740,1025.6898,47.387,1.581
30741,1025.7231,33.508,1.118
30742,1025.7565,60.407,2.016
30743,1025.7899,7.493,0.250
30744,1025.8232,30.892,1.031
30745,1025.8566,31.788,1.061
30746,1025.8900,7.493,0.250
30747,1025.9233,22.478,0.750
30748,1025.9567,10.596,0.354
30749,1025.9901,22.478,0.750
30750,1026.0234,74.172,2.475
30751,1026.0568,111.384,3.717
30752,1026.0902,94.774,3.162
30753,1026.1235,47.976,1.601
30754,1026.1569,37.463,1.250
30755,1026.1903,37.463,1.250
30756,1026.2236,27.015,0.901
30757,1026.2570,47.976,1.601
30758,1026.2904,58.518,1.953
30759,1026.3237,91.458,3.052
30760,1026.3571,124.700,4.161
30761,1026.3905,164.324,5.483
30762,1026.4238,87.698,2.926
30763,1026.4572,83.769,2.795
30764,1026.4906,47.387,1.581
30765,1026.5239,84.768,2.828
30766,1026.5573,69.078,2.305
30767,1026.5907,29.970,1.000
30768,1026.6240,29.970,1.000
30769,1026.6574,30.892,1.031
30770,1026.6908,64.016,2.136
30771,1026.7241,78.224,2.610
30772,1026.7575,108.059,3.606
30773,1026.7909,54.029,1.803
30774,1026.8242,50.261,1.677
30775,1026.8576,61.785,2.062
30776,1026.8910,70.684,2.358
30777,1026.9243,33.508,1.118
30778,1026.9577,40.348,1.346
30779,1026.9911,54.546,1.820
30780,1027.0244,91.150,3.041
30781,1027.0578,0.000,0.000
30782,1027.0912,23.693,0.791
30783,1027.1245,74.925,2.500
30784,1027.1579,57.061,1.904
30785,1027.1913,208.717,6.964
30786,1027.2246,80.697,2.693
30787,1027.2580,42.384,1.414
30788,1027.2914,38.205,1.275
30789,1027.3247,31.788,1.061
30790,1027.3581,16.754,0.559
30791,1027.3915,40.348,1.346
30792,1027.4248,54.546,1.820
30793,1027.4582,104.089,3.473
30794,1027.4916,127.373,4.250
30795,1027.5249,165.854,5.534
30796,1027.5583,82.418,2.750
30797,1027.5917,43.689,1.458
30798,1027.6250,43.689,1.458
30799,1027.6584,38.205,1.275
30800,1027.6918,23.693,0.791
30801,1027.7251,54.546,1.820
30802,1027.7585,43.689,1.458
30803,1027.7919,52.448,1.750
30804,1027.8252,54.546,1.820
30805,1027.8586,137.748,4.596
30806,1027.8920,21.192,0.707
30807,1027.9253,10.596,0.354
30808,1027.9587,38.205,1.275
30809,1027.9921,23.693,0.791
30810,1028.0254,60.407,2.016
30811,1028.0588,73.793,2.462
30812,1028.0922,71.080,2.372
30813,1028.1255,61.785,2.062
30814,1028.1589,64.016,2.136
30815,1028.1923,16.754,0.559
30816,1028.2256,7.493,0.250
30817,1028.2590,141.369,4.717
30818,1028.2924,139.972,4.670
30819,1028.3257,64.016,2.136
30820,1028.3591,78.224,2.610
30821,1028.3925,114.123,3.808
30822,1028.4258,27.015,0.901
30823,1028.4592,10.596,0.354
30824,1028.4925,10.596,0.354
30825,1028.5259,31.788,1.061
30826,1028.5593,93.881,3.132
30827,1028.5926,93.881,3.132
30828,1028.6260,114.123,3.808
30829,1028.6594,85.428,2.850
30830,1028.6927,89.910,3.000
30831,1028.7261,37.463,1.250
30832,1028.7595,69.078,2.305
30833,1028.7928,38.205,1.275
30834,1028.8262,83.769,2.795
30835,1028.8596,64.016,2.136
30836,1028.8929,44.955,1.500
30837,1028.9263,52.448,1.750
30838,1028.9597,97.403,3.250
30839,1028.9930,43.689,1.458
30840,1029.0264,47.976,1.601
30841,1029.0598,33.508,1.118
30842,1029.0931,97.403,3.250
30843,1029.1265,76.409,2.550
30844,1029.1599,43.689,1.458
30845,1029.1932,27.015,0.901
30846,1029.2266,61.785,2.062
30847,1029.2600,69.078,2.305
30848,1029.2933,7.493,0.250
30849,1029.3267,0.000,0.000
30850,1029.3601,95.951,3.202
30851,1029.3934,123.570,4.123
30852,1029.4268,85.428,2.850
30853,1029.4602,61.785,2.062
30854,1029.4935,93.881,3.132
30855,1029.5269,47.387,1.581
30856,1029.5603,7.493,0.250
30857,1029.5936,14.985,0.500
30858,1029.6270,47.976,1.601
30859,1029.6604,73.793,2.462
30860,1029.6937,74.925,2.500
30861,1029.7271,144.705,4.828
30862,1029.7605,149.287,4.981
30863,1029.7938,82.418,2.750
30864,1029.8272,23.693,0.791
30865,1029.8606,43.689,1.458
30866,1029.8939,38.205,1.275
30867,1029.9273,16.754,0.559
30868,1029.9607,67.848,2.264
30869,1029.9940,69.078,2.305
30870,1030.0274,47.387,1.581
30871,1030.0608,59.940,2.000
30872,1030.0941,118.467,3.953
30873,1030.1275,40.348,1.346
30874,1030.1609,21.192,0.707
30875,1030.1942,98.549,3.288
30876,1030.2276,78.224,2.610
30877,1030.2610,16.754,0.559
30878,1030.2943,60.407,2.016
30879,1030.3277,76.409,2.550
30880,1030.3611,80.697,2.693
30881,1030.3944,60.407,2.016
30882,1030.4278,16.754,0.559
30883,1030.4612,81.044,2.704
30884,1030.4945,105.960,3.536
30885,1030.5279,76.409,2.550
30886,1030.5613,78.224,2.610
30887,1030.5946,90.532,3.021
30888,1030.6280,43.689,1.458
30889,1030.6614,21.192,0.707
30890,1030.6947,10.596,0.354
30891,1030.7281,43.689,1.458
30892,1030.7615,73.793,2.462
30893,1030.7948,104.089,3.473
30894,1030.8282,127.373,4.250
30895,1030.8616,165.515,5.523
30896,1030.8949,75.299,2.512
30897,1030.9283,60.407,2.016
30898,1030.9617,70.684,2.358
30899,1030.9950,16.754,0.559
30900,1031.0284,22.478,0.750
30901,1031.0618,82.758,2.761
30902,1031.0951,52.448,1.750
30903,1031.1285,37.463,1.250
30904,1031.1619,47.387,1.581
30905,1031.1952,109.093,3.640
30906,1031.2286,79.647,2.658
30907,1031.2620,22.478,0.750
30908,1031.2953,30.892,1.031
30909,1031.3287,61.785,2.062
30910,1031.3621,90.222,3.010
30911,1031.3954,92.677,3.092
30912,1031.4288,83.769,2.795
30913,1031.4622,45.575,1.521
30914,1031.4955,61.785,2.062
30915,1031.5289,31.788,1.061
30916,1031.5623,84.768,2.828
30917,1031.5956,61.785,2.062
30918,1031.6290,185.355,6.185
30919,1031.6624,82.418,2.750
30920,1031.6957,83.769,2.795
30921,1031.7291,37.463,1.250
30922,1031.7625,38.205,1.275
30923,1031.7958,10.596,0.354
30924,1031.8292,45.575,1.521
30925,1031.8626,50.261,1.677
30926,1031.8959,85.428,2.850
30927,1031.9293,134.030,4.472
30928,1031.9627,67.433,2.250
30929,1031.9960,158.940,5.303
30930,1032.0294,52.448,1.750
30931,1032.0628,59.940,2.000
30932,1032.0961,47.976,1.601
30933,1032.1295,22.478,0.750
30934,1032.1629,97.403,3.250
30935,1032.1962,50.261,1.677
30936,1032.2296,40.348,1.346
30937,1032.2630,47.387,1.581
30938,1032.2963,134.865,4.500
30939,1032.3297,31.788,1.061
30940,1032.3631,0.000,0.000
30941,1032.3964,67.848,2.264
30942,1032.4298,22.478,0.750
30943,1032.4632,27.015,0.901
30944,1032.4965,38.205,1.275
30945,1032.5299,97.403,3.250
30946,1032.5633,33.508,1.118
30947,1032.5966,33.508,1.118
30948,1032.6300,0.000,0.000
30949,1032.6634,7.493,0.250
30950,1032.6967,111.384,3.717
30951,1032.7301,33.508,1.118
30952,1032.7635,57.061,1.904
30953,1032.7968,58.518,1.953
30954,1032.8302,60.407,2.016
30955,1032.8636,54.546,1.820
30956,1032.8969,7.493,0.250
30957,1032.9303,54.029,1.803
30958,1032.9637,94.774,3.162
30959,1032.9970,61.785,2.062
30960,1033.0304,52.448,1.750
30961,1033.0638,129.341,4.316
30962,1033.0971,89.910,3.000
30963,1033.1305,37.463,1.250
30964,1033.1639,76.409,2.550
30965,1033.1972,50.261,1.677
30966,1033.2306,38.205,1.275
30967,1033.2640,71.080,2.372
30968,1033.2973,60.407,2.016
30969,1033.3307,37.463,1.250
30970,1033.3641,21.192,0.707
30971,1033.3974,50.261,1.677
30972,1033.4308,64.453,2.151
30973,1033.4642,47.387,1.581
30974,1033.4975,0.000,0.000
30975,1033.5309,7.493,0.250
30976,1033.5643,57.061,1.904
30977,1033.5976,54.546,1.820
30978,1033.6310,27.015,0.901
30979,1033.6644,74.925,2.500
30980,1033.6977,23.693,0.791
30981,1033.7311,47.976,1.601
30982,1033.7645,45.575,1.521
30983,1033.7978,57.061,1.904
30984,1033.8312,90.532,3.021
30985,1033.8646,104.089,3.473
30986,1033.8979,139.369,4.650
30987,1033.9313,149.850,5.000
30988,1033.9647,207.233,6.915
30989,1033.9980,112.637,3.758
30990,1034.0314,61.785,2.062
30991,1034.0648,45.575,1.521
30992,1034.0981,214.553,7.159
30993,1034.1315,78.224,2.610
30994,1034.1649,82.758,2.761
30995,1034.1982,33.508,1.118
30996,1034.2316,45.575,1.521
30997,1034.2650,44.955,1.500
30998,1034.2983,10.596,0.354
30999,1034.3317,10.596,0.354
31000,1034.3651,0.000,0.000
31001,1034.3984,23.693,0.791
31002,1034.4318,104.895,3.500
31003,1034.4652,59.940,2.000
31004,1034.4985,43.689,1.458
31005,1034.5319,61.785,2.062
31006,1034.5653,85.428,2.850
31007,1034.5986,67.015,2.236
31008,1034.6320,30.892,1.031
31009,1034.6654,23.693,0.791
31010,1034.6987,67.848,2.264
31011,1034.7321,38.205,1.275
31012,1034.7655,40.348,1.346
31013,1034.7988,158.055,5.274
31014,1034.8322,113.382,3.783
31015,1034.8656,10.596,0.354
31017,1034.9323,93.731,6.255
31018,1034.9657,47.387,1.581
31019,1034.9990,168.373,5.618
31020,1035.0324,159.293,5.315
31021,1035.0658,173.788,5.799
31023,1035.1325,105.960,7.071
31024,1035.1659,70.684,2.358
31025,1035.1992,106.489,3.553
31026,1035.2326,69.078,2.305
31027,1035.2660,64.016,2.136
31028,1035.2993,122.886,4.100
31029,1035.3327,326.677,10.900
31030,1035.3661,95.951,3.202
31031,1035.3994,104.359,3.482
31032,1035.4328,81.044,2.704
31033,1035.4662,167.538,5.590
31034,1035.4995,116.315,3.881
31035,1035.5329,67.015,2.236
31036,1035.5663,101.909,3.400
31037,1035.5996,310.827,10.371
31038,1035.6330,94.774,3.162
31039,1035.6664,92.677,3.092
31040,1035.6997,64.016,2.136
31041,1035.7331,52.980,1.768
31042,1035.7665,74.172,2.475
31043,1035.7998,60.407,2.016
31044,1035.8332,97.403,3.250
31045,1035.8666,47.387,1.581
31046,1035.8999,172.491,5.755
31047,1035.9333,60.407,2.016
31048,1035.9667,37.463,1.250
31049,1036.0000,23.693,0.791
31050,1036.0334,94.774,3.162
31051,1036.0668,112.637,3.758
31052,1036.1001,137.748,4.596
31053,1036.1335,42.384,1.414
31054,1036.1669,42.384,1.414
31055,1036.2002,132.768,4.430
31056,1036.2336,206.146,6.878
31057,1036.2670,94.774,3.162
31058,1036.3003,83.769,2.795
31059,1036.3337,122.886,4.100
31060,1036.3671,58.518,1.953
31061,1036.4004,229.349,7.653
31062,1036.4338,177.622,5.927
31063,1036.4672,109.093,3.640
31064,1036.5005,90.532,3.021
31065,1036.5339,117.037,3.905
31066,1036.5673,165.515,5.523
31067,1036.6006,52.448,1.750
31068,1036.6340,61.785,2.062
31069,1036.6674,47.976,1.601
31070,1036.7007,16.754,0.559
31071,1036.7341,218.443,7.289
31072,1036.7675,150.598,5.025
31073,1036.8008,127.373,4.250
31074,1036.8342,82.758,2.761
31075,1036.8676,52.448,1.750
31076,1036.9009,29.970,1.000
31077,1036.9343,79.647,2.658
31078,1036.9677,54.029,1.803
31079,1037.0010,105.163,3.509
31080,1037.0344,105.163,3.509
31081,1037.0678,57.061,1.904
31082,1037.1011,60.407,2.016
31083,1037.1345,104.089,3.473
31084,1037.1679,135.073,4.507
31085,1037.2012,52.980,1.768
31086,1037.2346,61.785,2.062
31087,1037.2680,91.458,3.052
31088,1037.3013,158.940,5.303
31089,1037.3347,129.341,4.316
31090,1037.3681,105.163,3.509
31091,1037.4014,90.222,3.010
31092,1037.4348,29.970,1.000
31093,1037.4682,181.220,6.047
31094,1037.5015,131.066,4.373
31095,1037.5349,161.741,5.397
31096,1037.5683,100.523,3.354
31097,1037.6016,85.428,2.850
31098,1037.6350,101.909,3.400
31099,1037.6684,165.006,5.506
31100,1037.7017,44.955,1.500
31101,1037.7351,59.940,2.000
31102,1037.7685,22.478,0.750
31103,1037.8018,14.985,0.500
31104,1037.8352,37.463,1.250
31105,1037.8686,38.205,1.275
31106,1037.9019,172.978,5.772
31107,1037.9353,67.848,2.264
31108,1037.9687,119.880,4.000
31109,1038.0020,135.695,4.528
31110,1038.0354,110.626,3.691
31111,1038.0688,40.348,1.346
31112,1038.1021,69.078,2.305
31113,1038.1355,89.910,3.000
31114,1038.1689,97.403,3.250
31115,1038.2022,75.299,2.512
31116,1038.2356,130.851,4.366
31117,1038.2690,101.909,3.400
31118,1038.3023,130.851,4.366
31119,1038.3357,70.684,2.358
31120,1038.3691,64.453,2.151
31121,1038.4024,137.544,4.589
31122,1038.4358,260.089,8.678
31123,1038.4692,90.222,3.010
31124,1038.5025,79.647,2.658
31125,1038.5359,54.029,1.803
31126,1038.5693,27.015,0.901
31127,1038.6026,85.428,2.850
31128,1038.6360,240.812,8.035
31129,1038.6694,151.527,5.056
31130,1038.7027,90.222,3.010
31131,1038.7361,57.061,1.904
31132,1038.7695,16.754,0.559
31133,1038.8028,119.880,4.000
31134,1038.8362,82.758,2.761
31135,1038.8696,16.754,0.559
31136,1038.9029,33.508,1.118
31137,1038.9363,29.970,1.000
31138,1038.9697,64.453,2.151
31139,1039.0030,123.570,4.123
31140,1039.0364,59.940,2.000
31141,1039.0698,203.543,6.792
31142,1039.1031,76.409,2.550
31143,1039.1365,97.690,3.260
31144,1039.1699,108.059,3.606
31145,1039.2032,109.093,3.640
31146,1039.2366,152.818,5.099
31147,1039.2700,105.163,3.509
31148,1039.3033,30.892,1.031
31149,1039.3367,97.690,3.260
31150,1039.3701,128.032,4.272
31151,1039.4034,117.276,3.913
31152,1039.4368,58.518,1.953
31153,1039.4702,69.078,2.305
31154,1039.5035,139.972,4.670
31155,1039.5369,248.273,8.284
31156,1039.5703,89.910,3.000
31157,1039.6036,38.205,1.275
31158,1039.6370,85.428,2.850
31159,1039.6704,47.976,1.601
31160,1039.7037,90.222,3.010
31161,1039.7371,264.901,8.839
31162,1039.7705,173.788,5.799
31163,1039.8038,64.016,2.136
31164,1039.8372,23.693,0.791
31165,1039.8706,112.637,3.758
31166,1039.9039,76.409,2.550
31167,1039.9373,105.163,3.509
31168,1039.9707,90.532,3.021
31169,1040.0040,21.192,0.707
31170,1040.0374,16.754,0.559
31171,1040.0708,54.546,1.820
31172,1040.1041,16.754,0.559
31173,1040.1375,52.980,1.768
31174,1040.1709,277.628,9.264
31175,1040.2042,60.407,2.016
31176,1040.2376,67.848,2.264
31177,1040.2710,60.407,2.016
31178,1040.3043,91.150,3.041
31179,1040.3377,119.880,4.000
31180,1040.3711,40.348,1.346
31181,1040.4044,60.407,2.016
31182,1040.4378,116.315,3.881
31183,1040.4712,92.677,3.092
31184,1040.5045,121.045,4.039
31185,1040.5379,67.015,2.236
31186,1040.5713,58.518,1.953
31187,1040.6046,120.813,4.031
31189,1040.6714,214.717,14.329
31190,1040.7047,14.985,0.500
31191,1040.7381,29.970,1.000
31192,1040.7715,79.647,2.658
31193,1040.8048,211.523,7.058
31194,1040.8382,147.586,4.924
31195,1040.8716,213.109,7.111
31196,1040.9049,101.909,3.400
31197,1040.9383,54.029,1.803
31198,1040.9717,43.689,1.458
31199,1041.0050,132.768,4.430
31200,1041.0384,135.073,4.507
31201,1041.0718,16.754,0.559
31202,1041.1051,10.596,0.354
31203,1041.1385,64.016,2.136
31204,1041.1719,16.754,0.559
31205,1041.2052,130.851,4.366
31206,1041.2386,114.614,3.824
31207,1041.2720,120.813,4.031
31208,1041.3053,135.073,4.507
31209,1041.3387,89.910,3.000
31210,1041.3721,83.769,2.795
31211,1041.4054,107.277,3.579
31212,1041.4388,158.940,5.303
31213,1041.4722,61.785,2.062
31214,1041.5055,76.409,2.550
31215,1041.5389,69.078,2.305
31216,1041.5723,90.222,3.010
31217,1041.6056,127.373,4.250
31218,1041.6390,73.793,2.462
31219,1041.6724,64.453,2.151
31220,1041.7057,131.066,4.373
31221,1041.7391,254.415,8.489
31222,1041.7725,107.277,3.579
31223,1041.8058,101.909,3.400
31224,1041.8392,70.684,2.358
31225,1041.8726,33.508,1.118
31226,1041.9059,145.478,4.854
31227,1041.9393,129.341,4.316
31228,1041.9727,161.741,5.397
31229,1042.0060,82.758,2.761
31230,1042.0394,92.677,3.092
31231,1042.0728,118.467,3.953
31232,1042.1061,97.690,3.260
31233,1042.1395,45.575,1.521
31234,1042.1729,97.690,3.260
31235,1042.2062,27.015,0.901
31236,1042.2396,27.015,0.901
31237,1042.2730,23.693,0.791
31238,1042.3063,22.478,0.750
31239,1042.3397,142.555,4.757
31240,1042.3731,59.940,2.000
31241,1042.4064,105.163,3.509
31242,1042.4398,262.238,8.750
31243,1042.4732,60.407,2.016
31244,1042.5065,67.015,2.236
31245,1042.5399,112.637,3.758
31246,1042.5733,173.788,5.799
31247,1042.6066,67.848,2.264
31248,1042.6400,67.433,2.250
31249,1042.6734,94.774,3.162
31250,1042.7067,172.491,5.755
31251,1042.7401,133.401,4.451
31252,1042.7735,79.647,2.658
31253,1042.8068,84.768,2.828
31254,1042.8402,176.353,5.884
31255,1042.8736,217.412,7.254
31256,1042.9069,43.689,1.458
31257,1042.9403,45.575,1.521
31258,1042.9737,70.684,2.358
31259,1043.0070,91.150,3.041
31260,1043.0404,47.387,1.581
31261,1043.0738,213.109,7.111
31262,1043.1071,76.409,2.550
31263,1043.1405,90.222,3.010
31264,1043.1739,114.123,3.808
31265,1043.2072,90.222,3.010
31266,1043.2406,52.980,1.768
31267,1043.2740,64.016,2.136
31268,1043.3073,16.754,0.559
31269,1043.3407,30.892,1.031
31270,1043.3741,29.970,1.000
31271,1043.4074,7.493,0.250
31272,1043.4408,202.852,6.768
31273,1043.4742,120.114,4.008
31274,1043.5075,98.549,3.288
31275,1043.5409,135.073,4.507
31276,1043.5743,59.940,2.000
31277,1043.6076,132.768,4.430
31278,1043.6410,54.546,1.820
31279,1043.6744,129.341,4.316
31280,1043.7077,176.353,5.884
31281,1043.7411,54.546,1.820
31282,1043.7745,45.575,1.521
31283,1043.8078,135.073,4.507
31284,1043.8412,52.448,1.750
31285,1043.8746,45.575,1.521
31286,1043.9079,101.909,3.400
31287,1043.9413,233.353,7.786
31288,1043.9747,255.186,8.515
31289,1044.0080,144.121,4.809
31290,1044.0414,23.693,0.791
31291,1044.0748,27.015,0.901
31292,1044.1081,111.384,3.717
31293,1044.1415,116.315,3.881
31294,1044.1749,143.144,4.776
31295,1044.2082,139.972,4.670
31296,1044.2416,83.769,2.795
31297,1044.2750,101.909,3.400
31298,1044.3083,87.698,2.926
31299,1044.3417,52.980,1.768
31300,1044.3751,67.015,2.236
31301,1044.4084,21.192,0.707
31302,1044.4418,22.478,0.750
31303,1044.4752,30.892,1.031
31304,1044.5085,157.521,5.256
31305,1044.5419,129.341,4.316
31306,1044.5753,54.546,1.820
31307,1044.6086,60.407,2.016
31308,1044.6420,97.690,3.260
31309,1044.6754,284.814,9.503
31310,1044.7087,67.015,2.236
31311,1044.7421,135.073,4.507
31312,1044.7755,220.489,7.357
31313,1044.8088,82.418,2.750
31314,1044.8422,45.575,1.521
31315,1044.8756,38.205,1.275
31316,1044.9089,194.805,6.500
31317,1044.9423,77.140,2.574
31318,1044.9757,67.015,2.236
31319,1045.0090,148.722,4.962
31320,1045.0424,326.419,10.892
31321,1045.0758,113.382,3.783
31322,1045.1091,82.758,2.761
31323,1045.1425,21.192,0.707
31324,1045.1759,95.364,3.182
31325,1045.2092,107.277,3.579
31326,1045.2426,59.940,2.000
31327,1045.2760,185.355,6.185
31328,1045.3093,145.478,4.854
31329,1045.3427,97.690,3.260
31330,1045.3761,57.061,1.904
31331,1045.4094,27.015,0.901
31332,1045.4428,91.150,3.041
31333,1045.4762,52.980,1.768
31334,1045.5095,10.596,0.354
31335,1045.5429,21.192,0.707
31337,1045.6096,38.205,2.550
31338,1045.6430,135.073,4.507
31339,1045.6764,47.387,1.581
31340,1045.7097,52.448,1.750
31341,1045.7431,112.637,3.758
31342,1045.7765,188.657,6.295
31343,1045.8098,99.963,3.335
31344,1045.8432,150.784,5.031
31345,1045.8766,187.762,6.265
31346,1045.9099,210.325,7.018
31347,1045.9433,78.224,2.610
31348,1045.9767,108.059,3.606
31349,1046.0100,243.939,8.139
31350,1046.0434,304.255,10.152
31351,1046.0768,108.059,3.606
31352,1046.1101,137.544,4.589
31353,1046.1435,212.053,7.075
31354,1046.1769,52.980,1.768
31355,1046.2102,30.892,1.031
31356,1046.2436,30.892,1.031
31357,1046.2770,50.261,1.677
31358,1046.3103,112.388,3.750
31359,1046.3437,227.506,7.591
31360,1046.3771,181.220,6.047
31361,1046.4104,189.695,6.329
31362,1046.4438,105.960,3.536
31363,1046.4772,50.261,1.677
31364,1046.5105,42.384,1.414
31365,1046.5439,197.097,6.576
31366,1046.5773,57.061,1.904
31367,1046.6106,67.433,2.250
31368,1046.6440,16.754,0.559
31369,1046.6774,67.848,2.264
31370,1046.7107,37.463,1.250
31371,1046.7441,47.387,1.581
31372,1046.7775,149.850,5.000
31373,1046.8108,196.098,6.543
31374,1046.8442,92.677,3.092
31375,1046.8776,87.698,2.926
31376,1046.9109,85.428,2.850
31377,1046.9443,145.478,4.854
31378,1046.9777,154.462,5.154
31379,1047.0110,30.892,1.031
31380,1047.0444,54.546,1.820
31381,1047.0778,114.368,3.816
31382,1047.1111,50.261,1.677
31383,1047.1445,208.314,6.951
31384,1047.1779,74.925,2.500
31385,1047.2112,84.768,2.828
31386,1047.2446,164.494,5.489
31387,1047.2780,285.602,9.530
31388,1047.3113,127.593,4.257
31389,1047.3447,45.575,1.521
31390,1047.3781,93.881,3.132
31391,1047.4114,108.059,3.606
31392,1047.4448,147.586,4.924
31393,1047.4782,170.856,5.701
31394,1047.5115,208.986,6.973
31395,1047.5449,121.969,4.070
31396,1047.5783,74.925,2.500
31397,1047.6116,69.078,2.305
31398,1047.6450,191.023,6.374
31399,1047.6784,38.205,1.275
31400,1047.7117,61.785,2.062
31401,1047.7451,7.493,0.250
31402,1047.7785,54.546,1.820
31403,1047.8118,37.463,1.250
31404,1047.8452,31.788,1.061
31405,1047.8786,116.315,3.881
31406,1047.9119,164.835,5.500
31407,1047.9453,210.325,7.018
31408,1047.9787,135.695,4.528
31409,1048.0120,142.555,4.757
31410,1048.0454,105.163,3.509
31411,1048.0788,114.368,3.816
31412,1048.1121,130.851,4.366
31413,1048.1455,121.969,4.070
31414,1048.1789,67.015,2.236
31415,1048.2122,64.016,2.136
31416,1048.2456,108.059,3.606
31417,1048.2790,117.037,3.905
31418,1048.3123,70.684,2.358
31419,1048.3457,58.518,1.953
31420,1048.3791,124.023,4.138
31421,1048.4124,276.310,9.220
31422,1048.4458,112.637,3.758
31423,1048.4792,69.078,2.305
31424,1048.5125,104.359,3.482
31425,1048.5459,60.407,2.016
31426,1048.5793,121.969,4.070
31427,1048.6126,114.614,3.824
31428,1048.6460,75.299,2.512
31429,1048.6794,158.940,5.303
31430,1048.7127,67.848,2.264
31431,1048.7461,37.463,1.250
31432,1048.7795,76.409,2.550
31433,1048.8128,33.508,1.118
31434,1048.8462,31.788,1.061
31435,1048.8796,16.754,0.559
31436,1048.9129,14.985,0.500
31437,1048.9463,54.029,1.803
31438,1048.9797,50.261,1.677
31439,1049.0130,214.553,7.159
31440,1049.0464,29.970,1.000
31441,1049.0798,47.387,1.581
31442,1049.1131,87.698,2.926
31443,1049.1465,196.098,6.543
31444,1049.1799,135.073,4.507
31445,1049.2132,98.549,3.288
31446,1049.2466,101.909,3.400
31447,1049.2800,42.384,1.414
31448,1049.3133,27.015,0.901
31449,1049.3467,83.769,2.795
31450,1049.3801,174.915,5.836
31451,1049.4134,117.276,3.913
31452,1049.4468,91.458,3.052
31453,1049.4802,224.900,7.504
31454,1049.5135,112.388,3.750
31455,1049.5469,128.251,4.279
31456,1049.5803,158.940,5.303
31457,1049.6136,75.299,2.512
31459,1049.6804,89.048,5.942
31460,1049.7137,138.155,4.610
31461,1049.7471,166.361,5.551
31462,1049.7805,91.150,3.041
31463,1049.8138,90.222,3.010
31464,1049.8472,97.403,3.250
31465,1049.8806,76.409,2.550
31466,1049.9139,23.693,0.791
31467,1049.9473,0.000,0.000
31468,1049.9807,29.970,1.000
31469,1050.0140,54.029,1.803
31470,1050.0474,60.407,2.016
31471,1050.0808,47.387,1.581
31472,1050.1141,74.925,2.500
31473,1050.1475,114.123,3.808
31474,1050.1808,211.523,7.058
31475,1050.2142,169.039,5.640
31476,1050.2476,80.697,2.693
31477,1050.2809,121.969,4.070
31478,1050.3143,52.980,1.768
31479,1050.3477,69.078,2.305
31480,1050.3810,83.769,2.795
31481,1050.4144,78.224,2.610
31482,1050.4478,105.163,3.509
31483,1050.4811,52.980,1.768
31484,1050.5145,140.772,4.697
31485,1050.5479,81.044,2.704
31486,1050.5812,232.630,7.762
31487,1050.6146,241.626,8.062
31488,1050.6480,120.114,4.008
31489,1050.6813,76.409,2.550
31490,1050.7147,45.575,1.521
31491,1050.7481,130.851,4.366
31492,1050.7814,90.222,3.010
31493,1050.8148,120.114,4.008
31494,1050.8482,135.073,4.507
31495,1050.8815,82.418,2.750
31496,1050.9149,92.677,3.092
31497,1050.9483,92.677,3.092
31498,1050.9816,75.299,2.512
31499,1051.0150,37.463,1.250
31500,1051.0484,14.985,0.500
31501,1051.0817,60.407,2.016
31502,1051.1151,21.192,0.707
31503,1051.1485,120.813,4.031
31504,1051.1818,110.626,3.691
31505,1051.2152,52.980,1.768
31506,1051.2486,50.261,1.677
31507,1051.2819,97.403,3.250
31508,1051.3153,256.064,8.544
31509,1051.3487,92.677,3.092
31510,1051.3820,104.089,3.473
31511,1051.4154,54.546,1.820
31512,1051.4488,75.299,2.512
31513,1051.4821,87.377,2.915
31514,1051.5155,33.508,1.118
31515,1051.5489,47.387,1.581
31516,1051.5822,98.549,3.288
31517,1051.6156,97.690,3.260
31518,1051.6490,184.292,6.149
31519,1051.6823,69.078,2.305
31520,1051.7157,151.527,5.056
31521,1051.7491,348.624,11.632
31522,1051.7824,119.880,4.000
31523,1051.8158,80.697,2.693
31524,1051.8492,121.969,4.070
31525,1051.8825,111.384,3.717
31526,1051.9159,59.940,2.000
31527,1051.9493,202.437,6.755
31528,1051.9826,89.910,3.000
31529,1052.0160,97.690,3.260
31530,1052.0494,144.121,4.809
31531,1052.0827,23.693,0.791
31532,1052.1161,60.407,2.016
31533,1052.1495,59.940,2.000
31534,1052.1828,60.407,2.016
31535,1052.2162,16.754,0.559
31536,1052.2496,81.044,2.704
31537,1052.2829,79.647,2.658
31538,1052.3163,118.467,3.953
31539,1052.3497,47.976,1.601
31540,1052.3830,194.373,6.486
31541,1052.4164,100.802,3.363
31542,1052.4498,123.570,4.123
31543,1052.4831,87.698,2.926
31544,1052.5165,130.851,4.366
31545,1052.5499,81.044,2.704
31546,1052.5832,64.453,2.151
31547,1052.6166,42.384,1.414
31548,1052.6500,97.690,3.260
31549,1052.6833,92.677,3.092
31550,1052.7167,83.769,2.795
31551,1052.7501,143.927,4.802
31552,1052.7834,144.705,4.828
31553,1052.8168,221.885,7.404
31554,1052.8502,123.570,4.123
31555,1052.8835,120.114,4.008
31556,1052.9169,117.276,3.913
31557,1052.9503,75.299,2.512
31558,1052.9836,67.433,2.250
31559,1053.0170,90.222,3.010
31560,1053.0504,45.575,1.521
31561,1053.0837,187.463,6.255
31562,1053.1171,60.407,2.016
31563,1053.1505,67.433,2.250
31564,1053.1838,90.222,3.010
31565,1053.2172,67.848,2.264
31566,1053.2506,29.970,1.000
31567,1053.2839,23.693,0.791
31568,1053.3173,74.925,2.500
31569,1053.3507,74.925,2.500
31570,1053.3840,91.458,3.052
31571,1053.4174,114.368,3.816
31572,1053.4508,43.689,1.458
31573,1053.4841,64.453,2.151
31574,1053.5175,104.089,3.473
31575,1053.5509,211.523,7.058
31576,1053.5842,67.848,2.264
31577,1053.6176,90.222,3.010
31578,1053.6510,69.078,2.305
31579,1053.6843,91.458,3.052
31580,1053.7177,37.463,1.250
31581,1053.7511,14.985,0.500
31582,1053.7844,85.428,2.850
31583,1053.8178,109.093,3.640
31584,1053.8512,77.140,2.574
31585,1053.8845,95.951,3.202
31586,1053.9179,172.978,5.772
31587,1053.9513,116.315,3.881
31588,1053.9846,128.251,4.279
31589,1054.0180,183.681,6.129
31590,1054.0514,54.546,1.820
31591,1054.0847,105.960,3.536
31592,1054.1181,89.910,3.000
31593,1054.1515,127.373,4.250
31594,1054.1848,157.343,5.250
31595,1054.2182,82.418,2.750
31596,1054.2516,82.418,2.750
31597,1054.2849,43.689,1.458
31598,1054.3183,59.940,2.000
31599,1054.3517,52.980,1.768
31600,1054.3850,0.000,0.000
31601,1054.4184,16.754,0.559
31602,1054.4518,54.546,1.820
31603,1054.4851,81.044,2.704
31604,1054.5185,29.970,1.000
31605,1054.5519,101.909,3.400
31606,1054.5852,42.384,1.414
31607,1054.6186,85.428,2.850
31608,1054.6520,342.368,11.424
31609,1054.6853,121.969,4.070
31610,1054.7187,52.980,1.768
31611,1054.7521,105.960,3.536
31612,1054.7854,71.080,2.372
31613,1054.8188,22.478,0.750
31614,1054.8522,52.980,1.768
31615,1054.8855,37.463,1.250
31616,1054.9189,104.089,3.473
31617,1054.9523,268.584,8.962
31618,1054.9856,137.748,4.596
31619,1055.0190,187.313,6.250
31620,1055.0524,107.277,3.579
31621,1055.0857,105.960,3.536
31622,1055.1191,260.089,8.678
31623,1055.1525,93.881,3.132
31624,1055.1858,52.980,1.768
31626,1055.2526,105.163,7.018
31627,1055.2859,44.955,1.500
31628,1055.3193,37.463,1.250
31629,1055.3527,30.892,1.031
31630,1055.3860,7.493,0.250
31631,1055.4194,0.000,0.000
31632,1055.4528,0.000,0.000
31633,1055.4861,38.205,1.275
31634,1055.5195,38.205,1.275
31635,1055.5529,61.785,2.062
31636,1055.5862,42.384,1.414
31638,1055.6530,117.097,7.814
31639,1055.6863,135.695,4.528
31640,1055.7197,152.818,5.099
31641,1055.7531,91.150,3.041
31642,1055.7864,127.593,4.257
31643,1055.8198,98.549,3.288
31644,1055.8532,135.073,4.507
31645,1055.8865,277.223,9.250
31646,1055.9199,104.895,3.500
31647,1055.9533,157.343,5.250
31648,1055.9866,82.418,2.750
31649,1056.0200,44.955,1.500
31650,1056.0534,158.055,5.274
31651,1056.0867,149.287,4.981
31652,1056.1201,232.389,7.754
31653,1056.1535,114.614,3.824
31654,1056.1868,105.960,3.536
31655,1056.2202,233.353,7.786
31656,1056.2536,54.546,1.820
31657,1056.2869,69.078,2.305
31658,1056.3203,31.788,1.061
31659,1056.3537,219.340,7.319
31660,1056.3870,104.895,3.500
31661,1056.4204,76.409,2.550
31662,1056.4538,59.940,2.000
31663,1056.4871,147.586,4.924
31664,1056.5205,45.575,1.521
31665,1056.5539,60.407,2.016
31666,1056.5872,14.985,0.500
31667,1056.6206,23.693,0.791
31668,1056.6540,7.493,0.250
31669,1056.6873,37.463,1.250
31670,1056.7207,83.769,2.795
31673,1056.8208,122.454,12.258
31674,1056.8542,213.109,7.111
31675,1056.8875,135.073,4.507
31676,1056.9209,113.382,3.783
31677,1056.9543,58.518,1.953
31678,1056.9876,150.038,5.006
31679,1057.0210,165.515,5.523
31680,1057.0544,97.403,3.250
31681,1057.0877,67.848,2.264
31682,1057.1211,179.820,6.000
31683,1057.1545,164.835,5.500
31684,1057.1878,157.521,5.256
31685,1057.2212,194.950,6.505
31686,1057.2546,119.880,4.000
31687,1057.2879,112.388,3.750
31688,1057.3213,209.924,7.004
31689,1057.3547,232.751,7.766
31690,1057.3880,138.155,4.610
31691,1057.4214,38.205,1.275
31692,1057.4548,16.754,0.559
31693,1057.4881,274.782,9.169
31694,1057.5215,78.224,2.610
31695,1057.5549,114.614,3.824
31696,1057.5882,82.418,2.750
31697,1057.6216,47.976,1.601
31698,1057.6550,14.985,0.500
31699,1057.6883,43.689,1.458
31700,1057.7217,14.985,0.500
31701,1057.7551,64.016,2.136
31702,1057.7884,67.433,2.250
31703,1057.8218,97.403,3.250
31704,1057.8552,114.614,3.824
31705,1057.8885,145.478,4.854
31706,1057.9219,194.517,6.490
31707,1057.9553,273.451,9.124
31708,1057.9886,152.818,5.099
31709,1058.0220,160.172,5.344
31710,1058.0554,73.793,2.462
31711,1058.0887,114.368,3.816
31712,1058.1221,105.163,3.509
31713,1058.1555,82.758,2.761
31714,1058.1888,157.521,5.256
31715,1058.2222,151.527,5.056
31716,1058.2556,61.785,2.062
31717,1058.2889,144.121,4.809
31718,1058.3223,121.969,4.070
31719,1058.3557,92.677,3.092
31720,1058.3890,71.080,2.372
31721,1058.4224,38.205,1.275
31722,1058.4558,114.614,3.824
31723,1058.4891,23.693,0.791
31724,1058.5225,91.150,3.041
31725,1058.5559,97.403,3.250
31726,1058.5892,85.428,2.850
31727,1058.6226,81.044,2.704
31728,1058.6560,180.444,6.021
31729,1058.6893,67.433,2.250
31730,1058.7227,59.940,2.000
31731,1058.7561,60.407,2.016
31732,1058.7894,137.748,4.596
31733,1058.8228,90.532,3.021
31734,1058.8562,104.089,3.473
31735,1058.8895,130.851,4.366
31736,1058.9229,134.030,4.472
31737,1058.9563,169.039,5.640
31738,1058.9896,216.247,7.215
31739,1059.0230,272.320,9.086
31741,1059.0897,155.819,10.398
31742,1059.1231,85.428,2.850
31743,1059.1565,149.850,5.000
31744,1059.1898,110.626,3.691
31745,1059.2232,163.639,5.460
31746,1059.2566,91.150,3.041
31747,1059.2899,75.299,2.512
31748,1059.3233,149.287,4.981
31749,1059.3567,212.053,7.075
31750,1059.3900,154.462,5.154
31751,1059.4234,79.647,2.658
31752,1059.4568,78.224,2.610
31753,1059.4901,61.785,2.062
31754,1059.5235,50.261,1.677
31755,1059.5569,29.970,1.000
31756,1059.5902,60.407,2.016
31757,1059.6236,61.785,2.062
31758,1059.6570,21.192,0.707
31759,1059.6903,29.970,1.000
31760,1059.7237,73.793,2.462
31761,1059.7571,67.848,2.264
31762,1059.7904,105.960,3.536
31763,1059.8238,59.940,2.000
31764,1059.8572,59.940,2.000
31765,1059.8905,84.768,2.828
31766,1059.9239,70.684,2.358
31767,1059.9573,70.684,2.358
31768,1059.9906,74.925,2.500
31769,1060.0240,113.382,3.783
31770,1060.0574,114.123,3.808
31771,1060.0907,167.538,5.590
31772,1060.1241,202.298,6.750
31773,1060.1575,135.073,4.507
31774,1060.1908,127.593,4.257
31775,1060.2242,95.951,3.202
31776,1060.2576,143.927,4.802
31777,1060.2909,144.705,4.828
31778,1060.3243,99.963,3.335
31779,1060.3577,85.428,2.850
31780,1060.3910,151.527,5.056
31781,1060.4244,121.969,4.070
31782,1060.4578,199.081,6.643
31783,1060.4911,81.044,2.704
31784,1060.5245,43.689,1.458
31785,1060.5579,38.205,1.275
31786,1060.5912,57.061,1.904
31787,1060.6246,60.407,2.016
31788,1060.6580,60.407,2.016
31789,1060.6913,52.448,1.750
31790,1060.7247,52.980,1.768
31791,1060.7581,93.881,3.132
31792,1060.7914,59.940,2.000
31793,1060.8248,27.015,0.901
31794,1060.8582,81.044,2.704
31795,1060.8915,57.061,1.904
31796,1060.9249,29.970,1.000
31797,1060.9583,67.433,2.250
31798,1060.9916,43.689,1.458
31799,1061.0250,43.689,1.458
31800,1061.0584,16.754,0.559
31801,1061.0917,38.205,1.275
31802,1061.1251,59.940,2.000
31803,1061.1585,59.940,2.000
31804,1061.1918,85.428,2.850
31805,1061.2252,120.813,4.031
31806,1061.2586,140.772,4.697
31807,1061.2919,158.764,5.297
31808,1061.3253,117.276,3.913
31809,1061.3587,97.690,3.260
31810,1061.3920,97.690,3.260
31811,1061.4254,144.705,4.828
31812,1061.4588,139.972,4.670
31813,1061.4921,76.409,2.550
31814,1061.5255,61.785,2.062
31815,1061.5589,27.015,0.901
31816,1061.5922,138.155,4.610
31817,1061.6256,143.144,4.776
31818,1061.6590,78.224,2.610
31819,1061.6923,45.575,1.521
31820,1061.7257,38.205,1.275
31821,1061.7591,37.463,1.250
31822,1061.7924,120.813,4.031
31823,1061.8258,60.407,2.016
31824,1061.8592,77.140,2.574
31825,1061.8925,0.000,0.000
31826,1061.9259,52.980,1.768
31827,1061.9593,40.348,1.346
31828,1061.9926,60.407,2.016
31829,1062.0260,74.925,2.500
31830,1062.0594,30.892,1.031
31831,1062.0927,16.754,0.559
31832,1062.1261,22.478,0.750
31833,1062.1595,7.493,0.250
31834,1062.1928,21.192,0.707
31835,1062.2262,57.061,1.904
31836,1062.2596,38.205,1.275
31837,1062.2929,82.758,2.761
31838,1062.3263,87.698,2.926
31839,1062.3597,124.023,4.138
31840,1062.3930,137.544,4.589
31841,1062.4264,83.769,2.795
31842,1062.4598,63.576,2.121
31843,1062.4931,116.315,3.881
31844,1062.5265,303.609,10.130
31845,1062.5599,91.150,3.041
31846,1062.5932,111.384,3.717
31847,1062.6266,154.462,5.154
31848,1062.6600,122.886,4.100
31849,1062.6933,79.647,2.658
31850,1062.7267,74.925,2.500
31851,1062.7601,114.614,3.824
31852,1062.7934,90.532,3.021
31853,1062.8268,70.684,2.358
31854,1062.8602,43.689,1.458
31855,1062.8935,30.892,1.031
31856,1062.9269,159.293,5.315
31857,1062.9603,155.909,5.202
31858,1062.9936,100.802,3.363
31859,1063.0270,77.140,2.574
31860,1063.0604,165.515,5.523
31861,1063.0937,149.287,4.981
31862,1063.1271,85.428,2.850
31863,1063.1605,251.307,8.385
31864,1063.1938,107.277,3.579
31865,1063.2272,74.925,2.500
31866,1063.2606,45.575,1.521
31867,1063.2939,138.155,4.610
31868,1063.3273,100.523,3.354
31869,1063.3607,60.407,2.016
31870,1063.3940,69.078,2.305
31871,1063.4274,54.546,1.820
31872,1063.4608,58.518,1.953
31873,1063.4941,30.892,1.031
31874,1063.5275,10.596,0.354
31875,1063.5609,37.463,1.250
31876,1063.5942,40.348,1.346
31877,1063.6276,99.963,3.335
31878,1063.6610,63.576,2.121
31879,1063.6943,73.793,2.462
31880,1063.7277,14.985,0.500
31881,1063.7611,60.407,2.016
31882,1063.7944,64.016,2.136
31883,1063.8278,38.205,1.275
31884,1063.8612,7.493,0.250
31885,1063.8945,7.493,0.250
31886,1063.9279,23.693,0.791
31887,1063.9613,90.222,3.010
31888,1063.9946,97.690,3.260
31889,1064.0280,120.114,4.008
31890,1064.0614,150.038,5.006
31891,1064.0947,82.418,2.750
31892,1064.1281,83.769,2.795
31893,1064.1615,52.448,1.750
31894,1064.1948,91.150,3.041
31895,1064.2282,98.549,3.288
31896,1064.2616,60.407,2.016
31897,1064.2949,29.970,1.000
31898,1064.3283,74.172,2.475
31899,1064.3617,85.428,2.850
31900,1064.3950,77.140,2.574
31901,1064.4284,85.428,2.850
31902,1064.4618,140.772,4.697
31903,1064.4951,47.976,1.601
31904,1064.5285,78.224,2.610
31905,1064.5619,10.596,0.354
31906,1064.5952,43.689,1.458
31907,1064.6286,14.985,0.500
31908,1064.6620,38.205,1.275
31909,1064.6953,82.418,2.750
31910,1064.7287,29.970,1.000
31911,1064.7621,61.785,2.062
31912,1064.7954,27.015,0.901
31913,1064.8288,31.788,1.061
31914,1064.8622,31.788,1.061
31915,1064.8955,80.697,2.693
31916,1064.9289,83.769,2.795
31917,1064.9623,69.078,2.305
31918,1064.9956,60.407,2.016
31919,1065.0290,27.015,0.901
31920,1065.0624,164.324,5.483
31921,1065.0957,47.387,1.581
31922,1065.1291,52.980,1.768
31923,1065.1625,105.163,3.509
31924,1065.1958,180.444,6.021
31925,1065.2292,82.418,2.750
31926,1065.2626,67.015,2.236
31927,1065.2959,52.448,1.750
31928,1065.3293,0.000,0.000
31929,1065.3627,29.970,1.000
31930,1065.3960,29.970,1.000
31931,1065.4294,30.892,1.031
31932,1065.4628,50.261,1.677
31933,1065.4961,52.980,1.768
31934,1065.5295,64.453,2.151
31935,1065.5629,83.769,2.795
31936,1065.5962,93.881,3.132
31937,1065.6296,105.960,3.536
31938,1065.6630,60.407,2.016
31939,1065.6963,60.407,2.016
31940,1065.7297,85.428,2.850
31941,1065.7631,10.596,0.354
31942,1065.7964,16.754,0.559
31943,1065.8298,105.163,3.509
31944,1065.8632,71.080,2.372
31945,1065.8965,78.224,2.610
31946,1065.9299,31.788,1.061
31947,1065.9633,37.463,1.250
31948,1065.9966,16.754,0.559
31949,1066.0300,57.061,1.904
31950,1066.0634,188.657,6.295
31951,1066.0967,74.925,2.500
31952,1066.1301,71.080,2.372
31953,1066.1635,38.205,1.275
31954,1066.1968,169.867,5.668
31955,1066.2302,61.785,2.062
31956,1066.2636,30.892,1.031
31957,1066.2969,89.910,3.000
31958,1066.3303,147.205,4.912
31959,1066.3637,99.963,3.335
31960,1066.3970,30.892,1.031
31961,1066.4304,7.493,0.250
31962,1066.4638,0.000,0.000
31963,1066.4971,27.015,0.901
31964,1066.5305,40.348,1.346
31965,1066.5639,64.016,2.136
31966,1066.5972,54.546,1.820
31967,1066.6306,74.172,2.475
31968,1066.6640,74.172,2.475
31969,1066.6973,93.881,3.132
31970,1066.7307,119.880,4.000
31971,1066.7641,90.222,3.010
31972,1066.7974,54.029,1.803
31973,1066.8308,69.078,2.305
31974,1066.8642,50.261,1.677
31975,1066.8975,64.016,2.136
31976,1066.9309,67.848,2.264
31977,1066.9643,40.348,1.346
31978,1066.9976,74.925,2.500
31979,1067.0310,70.684,2.358
31980,1067.0644,43.689,1.458
31982,1067.1311,71.572,4.776
31983,1067.1645,85.428,2.850
31984,1067.1978,112.637,3.758
31985,1067.2312,87.698,2.926
31986,1067.2646,54.546,1.820
31987,1067.2979,81.044,2.704
31988,1067.3313,73.793,2.462
31989,1067.3647,112.388,3.750
31990,1067.3980,52.448,1.750
31991,1067.4314,54.546,1.820
31992,1067.4648,97.403,3.250
31993,1067.4981,30.892,1.031
31994,1067.5315,23.693,0.791
31995,1067.5649,21.192,0.707
31996,1067.5982,30.892,1.031
31997,1067.6316,14.985,0.500
31998,1067.6650,38.205,1.275
31999,1067.6983,30.892,1.031
32000,1067.7317,42.384,1.414
32001,1067.7651,67.015,2.236
32002,1067.7984,64.016,2.136
32003,1067.8318,125.598,4.191
32004,1067.8652,69.078,2.305
32005,1067.8985,80.697,2.693
32006,1067.9319,67.015,2.236
32007,1067.9653,91.458,3.052
32008,1067.9986,52.980,1.768
32009,1068.0320,75.299,2.512
32010,1068.0654,59.940,2.000
32011,1068.0987,64.016,2.136
32012,1068.1321,38.205,1.275
32013,1068.1655,22.478,0.750
32014,1068.1988,47.976,1.601
32015,1068.2322,153.734,5.130
32016,1068.2656,116.315,3.881
32017,1068.2989,135.073,4.507
32018,1068.3323,77.140,2.574
32019,1068.3657,69.078,2.305
32020,1068.3990,43.689,1.458
32021,1068.4324,135.073,4.507
32022,1068.4658,67.015,2.236
32023,1068.4991,97.403,3.250
32024,1068.5325,127.593,4.257
32025,1068.5659,78.224,2.610
32026,1068.5992,21.192,0.707
32027,1068.6326,7.493,0.250
32028,1068.6660,7.493,0.250
32029,1068.6993,50.261,1.677
32030,1068.7327,16.754,0.559
32031,1068.7661,30.892,1.031
32032,1068.7994,23.693,0.791
32033,1068.8328,67.848,2.264
32034,1068.8662,63.576,2.121
32035,1068.8995,73.793,2.462
32036,1068.9329,89.910,3.000
32037,1068.9663,67.433,2.250
32038,1068.9996,67.848,2.264
32039,1069.0330,90.532,3.021
32040,1069.0664,58.518,1.953
32041,1069.0997,14.985,0.500
32042,1069.1331,45.575,1.521
32043,1069.1665,78.224,2.610
32044,1069.1998,89.910,3.000
32045,1069.2332,29.970,1.000
32046,1069.2666,23.693,0.791
32047,1069.2999,85.428,2.850
32048,1069.3333,79.647,2.658
32049,1069.3667,118.467,3.953
32050,1069.4000,166.361,5.551
32051,1069.4334,82.758,2.761
32052,1069.4668,50.261,1.677
32053,1069.5001,30.892,1.031
32054,1069.5335,149.287,4.981
32055,1069.5669,90.222,3.010
32056,1069.6002,59.940,2.000
32057,1069.6336,44.955,1.500
32058,1069.6670,105.960,3.536
32059,1069.7003,44.955,1.500
32060,1069.7337,10.596,0.354
32061,1069.7671,7.493,0.250
32062,1069.8004,37.463,1.250
32063,1069.8338,33.508,1.118
32064,1069.8672,67.433,2.250
32065,1069.9005,45.575,1.521
32066,1069.9339,52.980,1.768
32067,1069.9673,40.348,1.346
32068,1070.0006,57.061,1.904
32069,1070.0340,83.769,2.795
32070,1070.0674,60.407,2.016
32071,1070.1007,82.418,2.750
32072,1070.1341,109.093,3.640
32073,1070.1675,33.508,1.118
32074,1070.2008,43.689,1.458
32075,1070.2342,45.575,1.521
32076,1070.2676,47.387,1.581
32077,1070.3009,75.299,2.512
32078,1070.3343,38.205,1.275
32079,1070.3677,10.596,0.354
32080,1070.4010,79.647,2.658
32081,1070.4344,91.458,3.052
32082,1070.4678,123.570,4.123
32083,1070.5011,144.121,4.809
32084,1070.5345,60.407,2.016
32085,1070.5679,29.970,1.000
32086,1070.6012,29.970,1.000
32087,1070.6346,171.184,5.712
32088,1070.6680,128.251,4.279
32089,1070.7013,67.433,2.250
32090,1070.7347,59.940,2.000
32091,1070.7681,105.960,3.536
32092,1070.8014,23.693,0.791
32093,1070.8348,14.985,0.500
32094,1070.8682,22.478,0.750
32095,1070.9015,52.980,1.768
32096,1070.9349,14.985,0.500
32097,1070.9683,14.985,0.500
32098,1071.0016,7.493,0.250
32099,1071.0350,10.596,0.354
32100,1071.0684,7.493,0.250
32101,1071.1017,22.478,0.750
32102,1071.1351,27.015,0.901
32103,1071.1685,27.015,0.901
32104,1071.2018,50.261,1.677
32105,1071.2352,29.970,1.000
32106,1071.2686,27.015,0.901
32107,1071.3019,33.508,1.118
32108,1071.3353,97.403,3.250
32109,1071.3687,23.693,0.791
32110,1071.4020,54.029,1.803
32111,1071.4354,75.299,2.512
32112,1071.4688,54.546,1.820
32113,1071.5021,23.693,0.791
32114,1071.5355,134.030,4.472
32115,1071.5689,47.387,1.581
32116,1071.6022,100.523,3.354
32117,1071.6356,47.387,1.581
32118,1071.6690,29.970,1.000
32119,1071.7023,37.463,1.250
32120,1071.7357,100.802,3.363
32121,1071.7691,127.373,4.250
32122,1071.8024,150.038,5.006
32123,1071.8358,105.163,3.509
32124,1071.8691,112.388,3.750
32125,1071.9025,67.848,2.264
32126,1071.9359,116.315,3.881
32127,1071.9692,45.575,1.521
32128,1072.0026,69.078,2.305
32129,1072.0360,45.575,1.521
32130,1072.0693,30.892,1.031
32131,1072.1027,27.015,0.901
32132,1072.1361,64.016,2.136
32133,1072.1694,97.403,3.250
32134,1072.2028,50.261,1.677
32135,1072.2362,57.061,1.904
32136,1072.2695,101.909,3.400
32137,1072.3029,139.369,4.650
32138,1072.3363,117.037,3.905
32139,1072.3696,38.205,1.275
32140,1072.4030,59.940,2.000
32141,1072.4364,95.951,3.202
32142,1072.4697,37.463,1.250
32143,1072.5031,82.418,2.750
32144,1072.5365,59.940,2.000
32145,1072.5698,43.689,1.458
32147,1072.6366,45.111,3.010
32148,1072.6699,43.689,1.458
32149,1072.7033,50.261,1.677
32150,1072.7367,205.738,6.865
32151,1072.7700,144.121,4.809
32152,1072.8034,104.359,3.482
32153,1072.8368,67.015,2.236
32154,1072.8701,16.754,0.559
32155,1072.9035,174.915,5.836
32156,1072.9369,142.555,4.757
32157,1072.9702,89.910,3.000
32158,1073.0036,67.433,2.250
32159,1073.0370,70.684,2.358
32160,1073.0703,87.377,2.915
32161,1073.1037,52.448,1.750
32162,1073.1371,40.348,1.346
32163,1073.1704,14.985,0.500
32164,1073.2038,60.407,2.016
32165,1073.2372,60.407,2.016
32166,1073.2705,29.970,1.000
32167,1073.3039,82.758,2.761
32168,1073.3373,76.409,2.550
32169,1073.3706,94.774,3.162
32170,1073.4040,47.387,1.581
32171,1073.4374,52.980,1.768
32172,1073.4707,33.508,1.118
32173,1073.5041,67.848,2.264
32174,1073.5375,79.647,2.658
32175,1073.5708,43.689,1.458
32176,1073.6042,187.463,6.255
32177,1073.6376,52.980,1.768
32178,1073.6709,64.016,2.136
32179,1073.7043,30.892,1.031
32180,1073.7377,63.576,2.121
32181,1073.7710,81.044,2.704
32182,1073.8044,98.549,3.288
32183,1073.8378,59.940,2.000
32184,1073.8711,142.161,4.743
32185,1073.9045,60.407,2.016
32186,1073.9379,33.508,1.118
32187,1073.9712,71.080,2.372
32188,1074.0046,97.690,3.260
32189,1074.0380,135.073,4.507
32190,1074.0713,149.850,5.000
32191,1074.1047,97.403,3.250
32192,1074.1381,71.080,2.372
32193,1074.1714,45.575,1.521
32194,1074.2048,167.538,5.590
32195,1074.2382,114.368,3.816
32196,1074.2715,113.382,3.783
32197,1074.3049,120.813,4.031
32198,1074.3383,44.955,1.500
32199,1074.3716,191.023,6.374
32200,1074.4050,248.273,8.284
32201,1074.4384,269.731,9.000
32202,1074.4717,134.865,4.500
32203,1074.5051,134.865,4.500
32204,1074.5385,194.805,6.500
32205,1074.5718,112.637,3.758
32206,1074.6052,52.980,1.768
32207,1074.6386,79.647,2.658
32208,1074.6719,61.785,2.062
32209,1074.7053,173.788,5.799
32210,1074.7387,67.848,2.264
32211,1074.7720,60.407,2.016
32212,1074.8054,37.463,1.250
32213,1074.8388,112.388,3.750
32214,1074.8721,85.428,2.850
32215,1074.9055,106.489,3.553
32216,1074.9389,99.963,3.335
32217,1074.9722,129.341,4.316
32218,1075.0056,73.793,2.462
32219,1075.0390,16.754,0.559
32220,1075.0723,61.785,2.062
32221,1075.1057,60.407,2.016
32222,1075.1391,97.690,3.260
32223,1075.1724,112.637,3.758
32224,1075.2058,142.358,4.750
32225,1075.2392,104.895,3.500
32226,1075.2725,82.758,2.761
32227,1075.3059,58.518,1.953
32228,1075.3393,120.813,4.031
32229,1075.3726,59.940,2.000
32230,1075.4060,101.909,3.400
32231,1075.4394,85.428,2.850
32232,1075.4727,43.689,1.458
32233,1075.5061,40.348,1.346
32234,1075.5395,83.769,2.795
32235,1075.5728,23.693,0.791
32236,1075.6062,16.754,0.559
32237,1075.6396,135.073,4.507
32238,1075.6729,37.463,1.250
32239,1075.7063,52.980,1.768
32240,1075.7397,54.546,1.820
32241,1075.7730,64.016,2.136
32242,1075.8064,180.444,6.021
32243,1075.8398,59.940,2.000
32244,1075.8731,121.969,4.070
32245,1075.9065,45.575,1.521
32246,1075.9399,100.802,3.363
32247,1075.9732,64.453,2.151
32248,1076.0066,112.388,3.750
32249,1076.0400,44.955,1.500
32250,1076.0733,165.006,5.506
32251,1076.1067,57.061,1.904
32252,1076.1401,90.532,3.021
32253,1076.1734,33.508,1.118
32254,1076.2068,7.493,0.250
32255,1076.2402,157.521,5.256
32256,1076.2735,119.880,4.000
32257,1076.3069,150.038,5.006
32258,1076.3403,82.418,2.750
32259,1076.3736,74.925,2.500
32260,1076.4070,58.518,1.953
32261,1076.4404,139.972,4.670
32262,1076.4737,67.433,2.250
32263,1076.5071,98.549,3.288
32264,1076.5405,52.448,1.750
32265,1076.5738,54.029,1.803
32266,1076.6072,14.985,0.500
32267,1076.6406,50.261,1.677
32268,1076.6739,31.788,1.061
32269,1076.7073,97.403,3.250
32270,1076.7407,33.508,1.118
32271,1076.7740,33.508,1.118
32272,1076.8074,60.407,2.016
32273,1076.8408,69.078,2.305
32274,1076.8741,70.684,2.358
32275,1076.9075,69.078,2.305
32276,1076.9409,112.637,3.758
32277,1076.9742,224.900,7.504
32278,1077.0076,43.689,1.458
32279,1077.0410,58.518,1.953
32280,1077.0743,118.467,3.953
32281,1077.1077,23.693,0.791
32282,1077.1411,124.700,4.161
32283,1077.1744,117.037,3.905
32284,1077.2078,201.742,6.731
32285,1077.2412,90.222,3.010
32286,1077.2745,73.793,2.462
32287,1077.3079,30.892,1.031
32288,1077.3413,92.677,3.092
32289,1077.3746,104.895,3.500
32290,1077.4080,158.940,5.303
32291,1077.4414,150.038,5.006
32292,1077.4747,61.785,2.062
32293,1077.5081,67.015,2.236
32294,1077.5415,120.813,4.031
32295,1077.5748,67.848,2.264
32296,1077.6082,60.407,2.016
32297,1077.6416,91.150,3.041
32298,1077.6749,109.093,3.640
32299,1077.7083,45.575,1.521
32300,1077.7417,44.955,1.500
32301,1077.7750,85.428,2.850
32302,1077.8084,29.970,1.000
32303,1077.8418,7.493,0.250
32304,1077.8751,60.407,2.016
32305,1077.9085,52.448,1.750
32306,1077.9419,52.448,1.750
32307,1077.9752,37.463,1.250
32308,1078.0086,37.463,1.250
32309,1078.0420,114.614,3.824
32310,1078.0753,194.805,6.500
32311,1078.1087,67.433,2.250
32312,1078.1421,47.976,1.601
32313,1078.1754,108.059,3.606
32314,1078.2088,127.373,4.250
32315,1078.2422,63.576,2.121
32316,1078.2755,160.172,5.344
32317,1078.3089,61.785,2.062
32318,1078.3423,76.409,2.550
32319,1078.3756,69.078,2.305
32320,1078.4090,52.448,1.750
32321,1078.4424,60.407,2.016
32322,1078.4757,82.758,2.761
32323,1078.5091,142.555,4.757
32324,1078.5425,142.358,4.750
32325,1078.5758,105.163,3.509
32326,1078.6092,69.078,2.305
32327,1078.6426,38.205,1.275
32328,1078.6759,182.301,6.083
32329,1078.7093,98.549,3.288
32330,1078.7427,165.854,5.534
32331,1078.7760,127.373,4.250
32332,1078.8094,151.712,5.062
32333,1078.8428,27.015,0.901
32334,1078.8761,97.690,3.260
32335,1078.9095,67.015,2.236
32336,1078.9429,43.689,1.458
32337,1078.9762,67.433,2.250
32338,1079.0096,54.546,1.820
32339,1079.0430,57.061,1.904
32340,1079.0763,107.277,3.579
32341,1079.1097,57.061,1.904
32342,1079.1431,112.637,3.758
32343,1079.1764,119.880,4.000
32345,1079.2432,62.012,4.138
32346,1079.2765,181.375,6.052
32347,1079.3099,108.059,3.606
32348,1079.3433,108.059,3.606
32349,1079.3766,67.015,2.236
32350,1079.4100,167.538,5.590
32351,1079.4434,57.061,1.904
32352,1079.4767,47.387,1.581
32353,1079.5101,7.493,0.250
32354,1079.5435,40.348,1.346
32355,1079.5768,157.521,5.256
32356,1079.6102,120.114,4.008
32357,1079.6436,142.358,4.750
32358,1079.6769,105.163,3.509
32359,1079.7103,67.848,2.264
32360,1079.7437,112.388,3.750
32361,1079.7770,78.224,2.610
32362,1079.8104,60.407,2.016
32363,1079.8438,114.614,3.824
32364,1079.8771,59.940,2.000
32365,1079.9105,43.689,1.458
32366,1079.9439,75.299,2.512
32367,1079.9772,16.754,0.559
32368,1080.0106,52.980,1.768
32369,1080.0440,67.433,2.250
32370,1080.0773,47.387,1.581
32371,1080.1107,30.892,1.031
32372,1080.1441,16.754,0.559
32373,1080.1774,30.892,1.031
32374,1080.2108,127.373,4.250
32375,1080.2442,90.222,3.010
32376,1080.2775,187.911,6.270
32377,1080.3109,61.785,2.062
32378,1080.3443,54.546,1.820
32379,1080.3776,85.428,2.850
32380,1080.4110,165.006,5.506
32381,1080.4444,174.915,5.836
32382,1080.4777,125.598,4.191
32383,1080.5111,67.848,2.264
32384,1080.5445,69.078,2.305
32385,1080.5778,30.892,1.031
32386,1080.6112,33.508,1.118
32387,1080.6446,90.222,3.010
32388,1080.6779,59.940,2.000
32389,1080.7113,119.880,4.000
32390,1080.7447,134.865,4.500
32391,1080.7780,83.769,2.795
32392,1080.8114,75.299,2.512
32393,1080.8448,104.895,3.500
32394,1080.8781,173.788,5.799
32395,1080.9115,60.407,2.016
32396,1080.9449,44.955,1.500
32397,1080.9782,67.848,2.264
32398,1081.0116,111.384,3.717
32399,1081.0450,73.793,2.462
32400,1081.0783,23.693,0.791
32401,1081.1117,50.261,1.677
32402,1081.1451,42.384,1.414
32403,1081.1784,112.637,3.758
32404,1081.2118,37.463,1.250
32405,1081.2452,37.463,1.250
32406,1081.2785,64.453,2.151
32407,1081.3119,45.575,1.521
32408,1081.3453,52.980,1.768
32409,1081.3786,112.637,3.758
32410,1081.4120,194.805,6.500
32411,1081.4454,57.061,1.904
32412,1081.4787,67.433,2.250
32413,1081.5121,110.626,3.691
32414,1081.5455,191.023,6.374
32415,1081.5788,131.066,4.373
32416,1081.6122,123.570,4.123
32417,1081.6456,69.078,2.305
32418,1081.6789,60.407,2.016
32419,1081.7123,38.205,1.275
32420,1081.7457,42.384,1.414
32421,1081.7790,52.980,1.768
32422,1081.8124,74.925,2.500
32423,1081.8458,82.418,2.750
32424,1081.8791,120.813,4.031
32425,1081.9125,120.114,4.008
32426,1081.9459,82.418,2.750
32427,1081.9792,112.637,3.758
32428,1082.0126,61.785,2.062
32429,1082.0460,209.924,7.004
32430,1082.0793,91.150,3.041
32431,1082.1127,71.080,2.372
32432,1082.1461,157.521,5.256
32433,1082.1794,114.368,3.816
32434,1082.2128,104.089,3.473
32435,1082.2462,83.769,2.795
32436,1082.2795,67.848,2.264
32437,1082.3129,82.758,2.761
32438,1082.3463,38.205,1.275
32439,1082.3796,64.453,2.151
32440,1082.4130,29.970,1.000
32441,1082.4464,52.448,1.750
32442,1082.4797,83.769,2.795
32443,1082.5131,31.788,1.061
32444,1082.5465,45.575,1.521
32445,1082.5798,54.029,1.803
32446,1082.6132,127.373,4.250
32447,1082.6466,76.409,2.550
32448,1082.6799,101.909,3.400
32450,1082.7467,121.045,8.078
32452,1082.8134,69.078,4.610
32453,1082.8468,14.985,0.500
32454,1082.8801,75.299,2.512
32455,1082.9135,30.892,1.031
32456,1082.9469,22.478,0.750
32457,1082.9802,7.493,0.250
32458,1083.0136,23.693,0.791
32459,1083.0470,52.448,1.750
32460,1083.0803,29.970,1.000
32461,1083.1137,105.163,3.509
32462,1083.1471,109.093,3.640
32463,1083.1804,119.880,4.000
32464,1083.2138,67.433,2.250
32465,1083.2472,61.785,2.062
32466,1083.2805,50.261,1.677
32467,1083.3139,217.283,7.250
32468,1083.3473,97.690,3.260
32469,1083.3806,97.690,3.260
32470,1083.4140,100.523,3.354
32471,1083.4474,75.299,2.512
32472,1083.4807,92.677,3.092
32473,1083.5141,22.478,0.750
32474,1083.5475,30.892,1.031
32475,1083.5808,54.546,1.820
32476,1083.6142,45.575,1.521
32477,1083.6476,23.693,0.791
32478,1083.6809,16.754,0.559
32479,1083.7143,23.693,0.791
32480,1083.7477,77.140,2.574
32481,1083.7810,123.570,4.123
32482,1083.8144,123.570,4.123
32483,1083.8478,132.768,4.430
32484,1083.8811,64.016,2.136
32485,1083.9145,45.575,1.521
32486,1083.9479,47.976,1.601
32487,1083.9812,7.493,0.250
32488,1084.0146,52.980,1.768
32489,1084.0480,38.205,1.275
32490,1084.0813,0.000,0.000
32491,1084.1147,29.970,1.000
32492,1084.1481,59.940,2.000
32493,1084.1814,52.448,1.750
32494,1084.2148,82.418,2.750
32495,1084.2482,90.222,3.010
32496,1084.2815,138.155,4.610
32497,1084.3149,71.080,2.372
32498,1084.3483,97.403,3.250
32499,1084.3816,90.222,3.010
32500,1084.4150,67.848,2.264
32502,1084.4817,135.073,9.014
32503,1084.5151,54.546,1.820
32504,1084.5485,90.222,3.010
32505,1084.5818,71.080,2.372
32506,1084.6152,37.463,1.250
32507,1084.6486,30.892,1.031
32508,1084.6819,22.478,0.750
32509,1084.7153,14.985,0.500
32510,1084.7487,10.596,0.354
32511,1084.7820,31.788,1.061
32512,1084.8154,57.061,1.904
32513,1084.8488,71.080,2.372
32514,1084.8821,93.881,3.132
32515,1084.9155,93.881,3.132
32516,1084.9489,114.614,3.824
32517,1084.9822,134.030,4.472
32518,1085.0156,67.848,2.264
32520,1085.0823,50.261,3.354
32521,1085.1157,52.448,1.750
32522,1085.1491,37.463,1.250
32523,1085.1824,23.693,0.791
32524,1085.2158,22.478,0.750
32525,1085.2492,7.493,0.250
32526,1085.2825,0.000,0.000
32527,1085.3159,10.596,0.354
32528,1085.3493,21.192,0.707
32529,1085.3826,7.493,0.250
32530,1085.4160,69.078,2.305
32531,1085.4494,60.407,2.016
32532,1085.4827,37.463,1.250
32533,1085.5161,45.575,1.521
32534,1085.5495,60.407,2.016
32535,1085.5828,129.341,4.316
32536,1085.6162,40.348,1.346
32537,1085.6496,79.647,2.658
32538,1085.6829,37.463,1.250
32539,1085.7163,27.015,0.901
32540,1085.7497,31.788,1.061
32541,1085.7830,30.892,1.031
32542,1085.8164,67.015,2.236
32543,1085.8498,27.015,0.901
32544,1085.8831,16.754,0.559
32545,1085.9165,47.976,1.601
32546,1085.9499,64.016,2.136
32547,1085.9832,70.684,2.358
32548,1086.0166,101.909,3.400
32549,1086.0500,111.384,3.717
32550,1086.0833,114.614,3.824
32552,1086.1501,67.537,4.507
32553,1086.1834,33.508,1.118
32554,1086.2168,33.508,1.118
32555,1086.2502,73.793,2.462
32556,1086.2835,38.205,1.275
32557,1086.3169,0.000,0.000
32558,1086.3503,54.546,1.820
32559,1086.3836,14.985,0.500
32560,1086.4170,74.925,2.500
32561,1086.4504,45.575,1.521
32562,1086.4837,113.382,3.783
32563,1086.5171,114.614,3.824
32564,1086.5505,71.080,2.372
32565,1086.5838,78.224,2.610
32566,1086.6172,113.382,3.783
32567,1086.6506,101.909,3.400
32568,1086.6839,87.698,2.926
32569,1086.7173,74.925,2.500
32570,1086.7507,82.758,2.761
32571,1086.7840,97.403,3.250
32572,1086.8174,38.205,1.275
32573,1086.8508,23.693,0.791
32574,1086.8841,54.029,1.803
32575,1086.9175,38.205,1.275
32576,1086.9509,21.192,0.707
32577,1086.9842,16.754,0.559
32578,1087.0176,29.970,1.000
32579,1087.0510,58.518,1.953
32580,1087.0843,47.387,1.581
32581,1087.1177,161.394,5.385
32582,1087.1511,104.089,3.473
32584,1087.2178,91.227,6.088
32585,1087.2512,54.546,1.820
32586,1087.2845,73.793,2.462
32587,1087.3179,7.493,0.250
32588,1087.3513,60.407,2.016
32589,1087.3846,54.546,1.820
32590,1087.4180,10.596,0.354
32591,1087.4514,67.848,2.264
32592,1087.4847,23.693,0.791
32593,1087.5181,97.690,3.260
32594,1087.5515,90.222,3.010
32595,1087.5848,104.895,3.500
32596,1087.6182,144.121,4.809
32597,1087.6516,100.523,3.354
32598,1087.6849,90.532,3.021
32599,1087.7183,113.382,3.783
32600,1087.7517,67.015,2.236
32601,1087.7850,90.222,3.010
32602,1087.8184,107.277,3.579
32604,1087.8851,109.221,7.289
32605,1087.9185,71.080,2.372
32606,1087.9519,23.693,0.791
32607,1087.9852,0.000,0.000
32608,1088.0186,23.693,0.791
32609,1088.0520,30.892,1.031
32610,1088.0853,23.693,0.791
32611,1088.1187,30.892,1.031
32612,1088.1521,67.015,2.236
32614,1088.2188,85.592,5.712
32615,1088.2522,94.774,3.162
32616,1088.2855,135.073,4.507
32617,1088.3189,61.785,2.062
32618,1088.3523,60.407,2.016
32619,1088.3856,83.769,2.795
32620,1088.4190,16.754,0.559
32621,1088.4524,83.769,2.795
32622,1088.4857,43.689,1.458
32623,1088.5191,0.000,0.000
32624,1088.5525,23.693,0.791
32625,1088.5858,44.955,1.500
32626,1088.6192,37.463,1.250
32627,1088.6526,14.985,0.500
32628,1088.6859,67.848,2.264
32629,1088.7193,135.073,4.507
32630,1088.7527,105.960,3.536
32631,1088.7860,69.078,2.305
32632,1088.8194,85.428,2.850
32633,1088.8528,75.299,2.512
32634,1088.8861,150.598,5.025
32635,1088.9195,97.403,3.250
32636,1088.9529,67.433,2.250
32637,1088.9862,64.016,2.136
32638,1089.0196,97.403,3.250
32639,1089.0530,37.463,1.250
32640,1089.0863,16.754,0.559
32641,1089.1197,27.015,0.901
32642,1089.1531,14.985,0.500
32643,1089.1864,37.463,1.250
32644,1089.2198,14.985,0.500
32645,1089.2532,7.493,0.250
32646,1089.2865,52.980,1.768
32647,1089.3199,160.871,5.368
32648,1089.3533,104.895,3.500
32649,1089.3866,108.059,3.606
32650,1089.4200,120.114,4.008
32651,1089.4534,61.785,2.062
32652,1089.4867,47.387,1.581
32653,1089.5201,27.015,0.901
32654,1089.5535,44.955,1.500
32655,1089.5868,54.546,1.820
32656,1089.6202,52.448,1.750
32657,1089.6536,40.348,1.346
32658,1089.6869,59.940,2.000
32659,1089.7203,74.925,2.500
32660,1089.7537,89.910,3.000
32661,1089.7870,104.895,3.500
32663,1089.8538,112.637,7.517
32664,1089.8871,67.848,2.264
32665,1089.9205,60.407,2.016
32666,1089.9539,224.900,7.504
32667,1089.9872,87.698,2.926
32668,1090.0206,97.690,3.260
32669,1090.0540,138.155,4.610
32670,1090.0873,60.407,2.016
32671,1090.1207,54.546,1.820
32672,1090.1541,30.892,1.031
32673,1090.1874,16.754,0.559
32674,1090.2208,22.478,0.750
32675,1090.2542,119.880,4.000
32676,1090.2875,60.407,2.016
32677,1090.3209,59.940,2.000
32678,1090.3543,47.976,1.601
32679,1090.3876,109.093,3.640
32680,1090.4210,151.527,5.056
32681,1090.4544,60.407,2.016
32682,1090.4877,134.865,4.500
32683,1090.5211,94.774,3.162
32684,1090.5545,57.061,1.904
32685,1090.5878,45.575,1.521
32686,1090.6212,44.955,1.500
32687,1090.6546,54.546,1.820
32688,1090.6879,142.358,4.750
32689,1090.7213,127.593,4.257
32690,1090.7547,142.358,4.750
32691,1090.7880,97.690,3.260
32692,1090.8214,89.910,3.000
32693,1090.8548,89.910,3.000
32694,1090.8881,187.463,6.255
32695,1090.9215,112.637,3.758
32696,1090.9549,99.963,3.335
32697,1090.9882,132.768,4.430
32699,1091.0550,130.044,8.678
32700,1091.0883,120.813,4.031
32701,1091.1217,143.927,4.802
32702,1091.1551,118.467,3.953
32703,1091.1884,98.549,3.288
32704,1091.2218,137.544,4.589
32705,1091.2552,21.192,0.707
32706,1091.2885,119.880,4.000
32707,1091.3219,120.813,4.031
32708,1091.3553,150.038,5.006
32709,1091.3886,61.785,2.062
32710,1091.4220,90.222,3.010
32711,1091.4554,59.940,2.000
32712,1091.4887,130.851,4.366
32713,1091.5221,181.220,6.047
32714,1091.5555,97.403,3.250
32715,1091.5888,97.403,3.250
32716,1091.6222,54.546,1.820
32717,1091.6556,54.029,1.803
32718,1091.6889,74.925,2.500
32719,1091.7223,91.458,3.052
32720,1091.7557,42.384,1.414
32721,1091.7890,85.428,2.850
32722,1091.8224,254.856,8.504
32723,1091.8558,75.299,2.512
32724,1091.8891,97.403,3.250
32725,1091.9225,91.150,3.041
32726,1091.9559,136.726,4.562
32727,1091.9892,128.251,4.279
32728,1092.0226,97.690,3.260
32729,1092.0560,127.593,4.257
32730,1092.0893,127.373,4.250
32731,1092.1227,165.006,5.506
32732,1092.1561,107.277,3.579
32733,1092.1894,64.016,2.136
32734,1092.2228,125.598,4.191
32735,1092.2562,158.764,5.297
32736,1092.2895,52.980,1.768
32737,1092.3229,135.073,4.507
32738,1092.3563,52.448,1.750
32739,1092.3896,94.774,3.162
32740,1092.4230,127.593,4.257
32741,1092.4564,149.850,5.000
32742,1092.4897,82.758,2.761
32743,1092.5231,52.980,1.768
32744,1092.5565,91.150,3.041
32745,1092.5898,120.813,4.031
32746,1092.6232,218.828,7.302
32747,1092.6566,64.016,2.136
32748,1092.6899,47.387,1.581
32749,1092.7233,75.299,2.512
32750,1092.7567,118.467,3.953
32751,1092.7900,37.463,1.250
32752,1092.8234,64.453,2.151
32754,1092.8901,117.336,7.830
32755,1092.9235,134.865,4.500
32756,1092.9569,82.418,2.750
32757,1092.9902,90.222,3.010
32758,1093.0236,69.078,2.305
32759,1093.0570,195.381,6.519
32760,1093.0903,105.960,3.536
32761,1093.1237,67.848,2.264
32762,1093.1571,128.251,4.279
32763,1093.1904,83.769,2.795
32764,1093.2238,127.152,4.243
32765,1093.2572,42.384,1.414
32766,1093.2905,87.698,2.926
32767,1093.3239,71.080,2.372
32768,1093.3573,112.388,3.750
32769,1093.3906,44.955,1.500
32770,1093.4240,71.080,2.372
32771,1093.4573,54.029,1.803
32772,1093.4907,196.098,6.543
32773,1093.5241,67.848,2.264
32774,1093.5574,75.299,2.512
32775,1093.5908,127.593,4.257
32776,1093.6242,150.038,5.006
32777,1093.6575,142.555,4.757
32778,1093.6909,67.015,2.236
32779,1093.7243,127.593,4.257
32780,1093.7576,107.277,3.579
32781,1093.7910,214.553,7.159
32782,1093.8244,58.518,1.953
32783,1093.8577,33.508,1.118
32784,1093.8911,29.970,1.000
32785,1093.9245,47.976,1.601
32786,1093.9578,33.508,1.118
32787,1093.9912,67.433,2.250
32788,1094.0246,232.268,7.750
32789,1094.0579,166.361,5.551
32790,1094.0913,89.910,3.000
32791,1094.1247,52.448,1.750
32792,1094.1580,89.910,3.000
32793,1094.1914,52.448,1.750
32794,1094.2248,44.955,1.500
32795,1094.2581,30.892,1.031
32796,1094.2915,7.493,0.250
32797,1094.3249,43.689,1.458
32798,1094.3582,92.677,3.092
32799,1094.3916,82.758,2.761
32800,1094.4250,121.045,4.039
32801,1094.4583,60.407,2.016
32802,1094.4917,50.261,1.677
32803,1094.5251,45.575,1.521
32804,1094.5584,75.299,2.512
32805,1094.5918,22.478,0.750
32806,1094.6252,27.015,0.901
32807,1094.6585,30.892,1.031
32808,1094.6919,75.299,2.512
32809,1094.7253,67.015,2.236
32810,1094.7586,85.428,2.850
32811,1094.7920,119.880,4.000
32812,1094.8254,52.448,1.750
32813,1094.8587,189.695,6.329
32814,1094.8921,78.224,2.610
32815,1094.9255,60.407,2.016
32816,1094.9588,109.093,3.640
32817,1094.9922,107.277,3.579
32818,1095.0256,73.793,2.462
32819,1095.0589,31.788,1.061
32820,1095.0923,76.409,2.550
32821,1095.1257,60.407,2.016
32822,1095.1590,0.000,0.000
32823,1095.1924,61.785,2.062
32824,1095.2258,45.575,1.521
32825,1095.2591,74.925,2.500
32826,1095.2925,97.690,3.260
32827,1095.3259,127.593,4.257
32828,1095.3592,165.006,5.506
32829,1095.3926,98.549,3.288
32830,1095.4260,98.549,3.288
32831,1095.4593,105.163,3.509
32832,1095.4927,69.078,2.305
32833,1095.5261,217.799,7.267
32834,1095.5594,121.969,4.070
32835,1095.5928,71.080,2.372
32836,1095.6262,112.637,3.758
32837,1095.6595,58.518,1.953
32838,1095.6929,73.793,2.462
32839,1095.7263,21.192,0.707
32840,1095.7596,0.000,0.000
32841,1095.7930,7.493,0.250
32842,1095.8264,7.493,0.250
32843,1095.8597,43.689,1.458
32844,1095.8931,27.015,0.901
32845,1095.9265,37.463,1.250
32846,1095.9598,84.768,2.828
32847,1095.9932,105.163,3.509
32848,1096.0266,165.515,5.523
32849,1096.0599,52.980,1.768
32850,1096.0933,60.407,2.016
32851,1096.1267,90.222,3.010
32852,1096.1600,44.955,1.500
32853,1096.1934,22.478,0.750
32854,1096.2268,45.575,1.521
32855,1096.2601,60.407,2.016
32856,1096.2935,45.575,1.521
32857,1096.3269,16.754,0.559
32858,1096.3602,7.493,0.250
32859,1096.3936,0.000,0.000
32860,1096.4270,23.693,0.791
32861,1096.4603,57.061,1.904
32862,1096.4937,42.384,1.414
32863,1096.5271,70.684,2.358
32864,1096.5604,47.976,1.601
32865,1096.5938,47.976,1.601
32866,1096.6272,90.532,3.021
32867,1096.6605,54.546,1.820
32868,1096.6939,61.785,2.062
32869,1096.7273,131.066,4.373
32870,1096.7606,64.453,2.151
32871,1096.7940,33.508,1.118
32872,1096.8274,54.029,1.803
32873,1096.8607,45.575,1.521
32874,1096.8941,67.848,2.264
32875,1096.9275,21.192,0.707
32876,1096.9608,58.518,1.953
32877,1096.9942,29.970,1.000
32878,1097.0276,54.029,1.803
32879,1097.0609,47.387,1.581
32880,1097.0943,45.575,1.521
32881,1097.1277,67.433,2.250
32882,1097.1610,97.403,3.250
32883,1097.1944,90.222,3.010
32884,1097.2278,45.575,1.521
32885,1097.2611,45.575,1.521
32886,1097.2945,52.448,1.750
32887,1097.3279,23.693,0.791
32888,1097.3612,89.910,3.000
32889,1097.3946,52.980,1.768
32890,1097.4280,30.892,1.031
32891,1097.4613,0.000,0.000
32892,1097.4947,0.000,0.000
32893,1097.5281,0.000,0.000
32894,1097.5614,7.493,0.250
32895,1097.5948,50.261,1.677
32896,1097.6282,16.754,0.559
32897,1097.6615,33.508,1.118
32898,1097.6949,42.384,1.414
32899,1097.7283,47.387,1.581
32900,1097.7616,60.407,2.016
32901,1097.7950,7.493,0.250
32902,1097.8284,81.044,2.704
32903,1097.8617,74.925,2.500
32904,1097.8951,118.467,3.953
32905,1097.9285,37.463,1.250
32906,1097.9618,47.976,1.601
32907,1097.9952,45.575,1.521
32908,1098.0286,30.892,1.031
32909,1098.0619,16.754,0.559
32910,1098.0953,37.463,1.250
32911,1098.1287,107.277,3.579
32912,1098.1620,93.881,3.132
32913,1098.1954,52.448,1.750
32914,1098.2288,76.409,2.550
32915,1098.2621,82.418,2.750
32916,1098.2955,74.925,2.500
32917,1098.3289,37.463,1.250
32918,1098.3622,50.261,1.677
32919,1098.3956,37.463,1.250
32920,1098.4290,29.970,1.000
32921,1098.4623,82.418,2.750
32922,1098.4957,52.448,1.750
32923,1098.5291,16.754,0.559
32924,1098.5624,33.508,1.118
32925,1098.5958,29.970,1.000
32926,1098.6292,10.596,0.354
32927,1098.6625,14.985,0.500
32928,1098.6959,33.508,1.118
32929,1098.7293,50.261,1.677
32930,1098.7626,23.693,0.791
32931,1098.7960,67.015,2.236
32932,1098.8294,58.518,1.953
32933,1098.8627,40.348,1.346
32934,1098.8961,64.453,2.151
32935,1098.9295,76.409,2.550
32936,1098.9628,73.793,2.462
32937,1098.9962,73.793,2.462
32938,1099.0296,61.785,2.062
32939,1099.0629,60.407,2.016
32940,1099.0963,29.970,1.000
32941,1099.1297,43.689,1.458
32942,1099.1630,23.693,0.791
32943,1099.1964,10.596,0.354
32944,1099.2298,87.377,2.915
32945,1099.2631,47.976,1.601
32946,1099.2965,54.546,1.820
32947,1099.3299,99.963,3.335
32948,1099.3632,114.614,3.824
32949,1099.3966,74.925,2.500
32950,1099.4300,89.910,3.000
32951,1099.4633,40.348,1.346
32952,1099.4967,40.348,1.346
32953,1099.5301,31.788,1.061
32954,1099.5634,83.769,2.795
32955,1099.5968,52.980,1.768
32956,1099.6302,47.387,1.581
32957,1099.6635,29.970,1.000
32958,1099.6969,14.985,0.500
32959,1099.7303,29.970,1.000
32960,1099.7636,0.000,0.000
32961,1099.7970,0.000,0.000
32962,1099.8304,10.596,0.354
32963,1099.8637,0.000,0.000
32964,1099.8971,43.689,1.458
32965,1099.9305,0.000,0.000
32966,1099.9638,23.693,0.791
32967,1099.9972,50.261,1.677
32968,1100.0306,23.693,0.791
32969,1100.0639,47.387,1.581
32970,1100.0973,116.315,3.881
32971,1100.1307,60.407,2.016
32972,1100.1640,37.463,1.250
32973,1100.1974,33.508,1.118
32974,1100.2308,29.970,1.000
32975,1100.2641,40.348,1.346
32976,1100.2975,31.788,1.061
32977,1100.3309,54.029,1.803
32978,1100.3642,23.693,0.791
32979,1100.3976,71.080,2.372
32980,1100.4310,94.774,3.162
32981,1100.4643,85.428,2.850
32982,1100.4977,38.205,1.275
32983,1100.5311,120.114,4.008
32984,1100.5644,47.387,1.581
32985,1100.5978,38.205,1.275
32986,1100.6312,27.015,0.901
32987,1100.6645,71.080,2.372
32988,1100.6979,45.575,1.521
32989,1100.7313,45.575,1.521
32990,1100.7646,30.892,1.031
32991,1100.7980,37.463,1.250
32992,1100.8314,22.478,0.750
32993,1100.8647,7.493,0.250
32994,1100.8981,10.596,0.354
32995,1100.9315,31.788,1.061
32996,1100.9648,40.348,1.346
32997,1100.9982,10.596,0.354
32998,1101.0316,21.192,0.707
32999,1101.0649,21.192,0.707
33000,1101.0983,45.575,1.521
33001,1101.1317,52.980,1.768
33002,1101.1650,60.407,2.016
33003,1101.1984,75.299,2.512
33004,1101.2318,121.045,4.039
33005,1101.2651,27.015,0.901
33006,1101.2985,30.892,1.031
33007,1101.3319,50.261,1.677
33008,1101.3652,29.970,1.000
33009,1101.3986,7.493,0.250
33010,1101.4320,85.428,2.850
33011,1101.4653,43.689,1.458
33012,1101.4987,71.080,2.372
33013,1101.5321,98.549,3.288
33014,1101.5654,82.418,2.750
33015,1101.5988,38.205,1.275
33016,1101.6322,128.251,4.279
33017,1101.6655,40.348,1.346
33018,1101.6989,21.192,0.707
33019,1101.7323,42.384,1.414
33020,1101.7656,33.508,1.118
33021,1101.7990,29.970,1.000
33022,1101.8324,75.299,2.512
33023,1101.8657,42.384,1.414
33024,1101.8991,30.892,1.031
33025,1101.9325,7.493,0.250
33026,1101.9658,22.478,0.750
33027,1101.9992,23.693,0.791
33028,1102.0326,33.508,1.118
33029,1102.0659,16.754,0.559
33030,1102.0993,14.985,0.500
33031,1102.1327,14.985,0.500
33032,1102.1660,33.508,1.118
33033,1102.1994,82.418,2.750
33034,1102.2328,52.448,1.750
33035,1102.2661,44.955,1.500
33036,1102.2995,61.785,2.062
33037,1102.3329,91.150,3.041
33038,1102.3662,54.029,1.803
33039,1102.3996,37.463,1.250
33040,1102.4330,23.693,0.791
33041,1102.4663,64.453,2.151
33042,1102.4997,30.892,1.031
33043,1102.5331,14.985,0.500
33044,1102.5664,122.886,4.100
33045,1102.5998,40.348,1.346
33046,1102.6332,83.769,2.795
33047,1102.6665,83.769,2.795
33048,1102.6999,90.222,3.010
33049,1102.7333,83.769,2.795
33050,1102.7666,85.428,2.850
33051,1102.8000,30.892,1.031
33052,1102.8334,31.788,1.061
33053,1102.8667,14.985,0.500
33054,1102.9001,64.016,2.136
33055,1102.9335,52.980,1.768
33056,1102.9668,54.546,1.820
33057,1103.0002,29.970,1.000
33058,1103.0336,30.892,1.031
33059,1103.0669,16.754,0.559
33060,1103.1003,16.754,0.559
33061,1103.1337,47.387,1.581
33062,1103.1670,16.754,0.559
33063,1103.2004,60.407,2.016
33064,1103.2338,22.478,0.750
33065,1103.2671,14.985,0.500
33066,1103.3005,60.407,2.016
33067,1103.3339,113.382,3.783
33068,1103.3672,71.080,2.372
33069,1103.4006,52.980,1.768
33070,1103.4340,80.697,2.693
33071,1103.4673,37.463,1.250
33072,1103.5007,37.463,1.250
33073,1103.5341,27.015,0.901
33074,1103.5674,27.015,0.901
33075,1103.6008,50.261,1.677
33076,1103.6342,58.518,1.953
33077,1103.6675,77.140,2.574
33078,1103.7009,27.015,0.901
33079,1103.7343,57.061,1.904
33080,1103.7676,94.774,3.162
33081,1103.8010,82.418,2.750
33082,1103.8344,37.463,1.250
33083,1103.8677,114.614,3.824
33084,1103.9011,40.348,1.346
33085,1103.9345,47.387,1.581
33086,1103.9678,23.693,0.791
33087,1104.0012,113.382,3.783
33088,1104.0346,40.348,1.346
33089,1104.0679,61.785,2.062
33090,1104.1013,14.985,0.500
33091,1104.1347,38.205,1.275
33092,1104.1680,16.754,0.559
33093,1104.2014,7.493,0.250
33094,1104.2348,7.493,0.250
33095,1104.2681,10.596,0.354
33096,1104.3015,33.508,1.118
33097,1104.3349,10.596,0.354
33098,1104.3682,16.754,0.559
33099,1104.4016,14.985,0.500
33100,1104.4350,78.224,2.610
33101,1104.4683,44.955,1.500
33102,1104.5017,87.377,2.915
33103,1104.5351,45.575,1.521
33104,1104.5684,67.848,2.264
33105,1104.6018,27.015,0.901
33106,1104.6352,10.596,0.354
33107,1104.6685,16.754,0.559
33108,1104.7019,7.493,0.250
33109,1104.7353,30.892,1.031
33110,1104.7686,14.985,0.500
33111,1104.8020,43.689,1.458
33112,1104.8354,157.343,5.250
33113,1104.8687,67.433,2.250
33114,1104.9021,128.251,4.279
33115,1104.9355,180.132,6.010
33116,1104.9688,33.508,1.118
33117,1105.0022,57.061,1.904
33118,1105.0356,14.985,0.500
33119,1105.0689,105.960,3.536
33120,1105.1023,43.689,1.458
33121,1105.1357,23.693,0.791
33122,1105.1690,30.892,1.031
33123,1105.2024,30.892,1.031
33124,1105.2358,30.892,1.031
33125,1105.2691,54.546,1.820
33126,1105.3025,52.448,1.750
33127,1105.3359,81.044,2.704
33128,1105.3692,93.881,3.132
33129,1105.4026,50.261,1.677
33130,1105.4360,60.407,2.016
33131,1105.4693,38.205,1.275
33132,1105.5027,134.030,4.472
33133,1105.5361,158.055,5.274
33134,1105.5694,123.570,4.123
33135,1105.6028,69.078,2.305
33136,1105.6362,47.387,1.581
33137,1105.6695,64.016,2.136
33138,1105.7029,27.015,0.901
33139,1105.7363,30.892,1.031
33140,1105.7696,16.754,0.559
33141,1105.8030,14.985,0.500
33142,1105.8364,59.940,2.000
33143,1105.8697,109.093,3.640
33144,1105.9031,82.418,2.750
33145,1105.9365,82.418,2.750
33146,1105.9698,127.373,4.250
33147,1106.0032,120.813,4.031
33148,1106.0366,188.657,6.295
33149,1106.0699,37.463,1.250
33150,1106.1033,43.689,1.458
33151,1106.1367,54.546,1.820
33152,1106.1700,112.388,3.750
33153,1106.2034,61.785,2.062
33154,1106.2368,30.892,1.031
33155,1106.2701,75.299,2.512
33156,1106.3035,67.848,2.264
33157,1106.3369,59.940,2.000
33158,1106.3702,98.549,3.288
33159,1106.4036,149.850,5.000
33160,1106.4370,76.409,2.550
33161,1106.4703,67.848,2.264
33162,1106.5037,30.892,1.031
33163,1106.5371,327.278,10.920
33164,1106.5704,134.030,4.472
33165,1106.6038,113.382,3.783
33166,1106.6372,210.991,7.040
33167,1106.6705,138.155,4.610
33168,1106.7039,114.368,3.816
33169,1106.7373,40.348,1.346
33170,1106.7706,47.387,1.581
33171,1106.8040,33.508,1.118
33172,1106.8374,52.448,1.750
33174,1106.9041,68.363,4.562
33175,1106.9375,69.078,2.305
33176,1106.9708,128.032,4.272
33177,1107.0042,74.925,2.500
33178,1107.0376,74.925,2.500
33179,1107.0709,127.373,4.250
33180,1107.1043,202.437,6.755
33181,1107.1377,89.910,3.000
33182,1107.1710,52.980,1.768
33183,1107.2044,75.299,2.512
33184,1107.2378,31.788,1.061
33185,1107.2711,113.382,3.783
33186,1107.3045,38.205,1.275
33187,1107.3379,54.546,1.820
33190,1107.4380,119.984,12.010
33191,1107.4713,180.444,6.021
33192,1107.5047,91.150,3.041
33193,1107.5381,60.407,2.016
33194,1107.5714,23.693,0.791
33195,1107.6048,326.419,10.892
33196,1107.6382,127.373,4.250
33197,1107.6715,112.388,3.750
33198,1107.7049,173.788,5.799
33199,1107.7383,183.681,6.129
33200,1107.7716,135.073,4.507
33201,1107.8050,58.518,1.953
33202,1107.8384,93.881,3.132
33203,1107.8717,57.061,1.904
33204,1107.9051,54.029,1.803
33205,1107.9385,97.690,3.260
33206,1107.9718,27.015,0.901
33207,1108.0052,44.955,1.500
33208,1108.0386,137.748,4.596
33209,1108.0719,161.741,5.397
33210,1108.1053,74.925,2.500
33211,1108.1387,82.418,2.750
33212,1108.1720,127.373,4.250
33213,1108.2054,135.073,4.507
33214,1108.2388,127.593,4.257
33215,1108.2721,82.758,2.761
33216,1108.3055,44.955,1.500
33217,1108.3389,52.448,1.750
33218,1108.3722,112.637,3.758
33219,1108.4056,45.575,1.521
33220,1108.4390,79.647,2.658
33221,1108.4723,194.950,6.505
33222,1108.5057,149.850,5.000
33223,1108.5391,172.978,5.772
33224,1108.5724,90.222,3.010
33225,1108.6058,52.980,1.768
33226,1108.6392,74.925,2.500
33227,1108.6725,71.080,2.372
33228,1108.7059,92.677,3.092
33229,1108.7393,60.407,2.016
33230,1108.7726,127.593,4.257
33231,1108.8060,73.793,2.462
33232,1108.8394,60.407,2.016
33233,1108.8727,144.121,4.809
33234,1108.9061,97.403,3.250
33235,1108.9395,82.418,2.750
33236,1108.9728,44.955,1.500
33237,1109.0062,42.384,1.414
33238,1109.0396,71.080,2.372
33239,1109.0729,29.970,1.000
33240,1109.1063,75.299,2.512
33241,1109.1397,52.448,1.750
33242,1109.1730,109.093,3.640
33243,1109.2064,210.325,7.018
33244,1109.2398,60.407,2.016
33245,1109.2731,119.880,4.000
33246,1109.3065,135.073,4.507
33247,1109.3399,180.444,6.021
33248,1109.3732,44.955,1.500
33249,1109.4066,52.980,1.768
33250,1109.4400,60.407,2.016
33251,1109.4733,67.848,2.264
33252,1109.5067,57.061,1.904
33253,1109.5401,31.788,1.061
33254,1109.5734,142.555,4.757
33255,1109.6068,112.388,3.750
33256,1109.6402,142.358,4.750
33257,1109.6735,195.381,6.519
33258,1109.7069,82.758,2.761
33259,1109.7403,52.448,1.750
33260,1109.7736,143.144,4.776
33261,1109.8070,89.910,3.000
33262,1109.8404,78.224,2.610
33263,1109.8737,132.768,4.430
33264,1109.9071,100.523,3.354
33265,1109.9405,195.381,6.519
33266,1109.9738,67.848,2.264
33267,1110.0072,52.980,1.768
33268,1110.0406,29.970,1.000
33269,1110.0739,67.433,2.250
33270,1110.1073,54.029,1.803
33271,1110.1407,98.549,3.288
33272,1110.1740,27.015,0.901
33273,1110.2074,92.677,3.092
33275,1110.2741,54.546,3.640
33276,1110.3075,77.140,2.574
33277,1110.3409,172.328,5.750
33278,1110.3742,270.147,9.014
33279,1110.4076,64.016,2.136
33280,1110.4410,60.407,2.016
33281,1110.4743,67.848,2.264
33282,1110.5077,90.222,3.010
33283,1110.5411,67.433,2.250
33284,1110.5744,60.407,2.016
33285,1110.6078,40.348,1.346
33286,1110.6412,60.407,2.016
33287,1110.6745,161.741,5.397
33288,1110.7079,143.144,4.776
33289,1110.7413,165.006,5.506
33290,1110.7746,82.758,2.761
33291,1110.8080,104.895,3.500
33292,1110.8414,90.532,3.021
33293,1110.8747,198.375,6.619
33294,1110.9081,61.785,2.062
33295,1110.9415,64.016,2.136
33296,1110.9748,90.532,3.021
33297,1111.0082,144.121,4.809
33298,1111.0416,47.387,1.581
33299,1111.0749,61.785,2.062
33300,1111.1083,139.972,4.670
33301,1111.1417,106.489,3.553
33302,1111.1750,38.205,1.275
33303,1111.2084,22.478,0.750
33304,1111.2418,43.689,1.458
33305,1111.2751,40.348,1.346
33306,1111.3085,67.433,2.250
33307,1111.3419,101.909,3.400
33308,1111.3752,52.980,1.768
33309,1111.4086,172.491,5.755
33310,1111.4420,89.910,3.000
33311,1111.4753,89.910,3.000
33312,1111.5087,142.555,4.757
33313,1111.5421,167.538,5.590
33314,1111.5754,97.403,3.250
33315,1111.6088,52.980,1.768
33316,1111.6422,67.848,2.264
33317,1111.6755,83.769,2.795
33318,1111.7089,60.407,2.016
33319,1111.7423,30.892,1.031
33320,1111.7756,45.575,1.521
33321,1111.8090,16.754,0.559
33322,1111.8424,89.910,3.000
33323,1111.8757,40.348,1.346
33324,1111.9091,29.970,1.000
33325,1111.9425,135.073,4.507
33326,1111.9758,64.016,2.136
33327,1112.0092,67.848,2.264
33328,1112.0426,27.015,0.901
33329,1112.0759,202.852,6.768
33330,1112.1093,121.045,4.039
33331,1112.1427,90.532,3.021
33332,1112.1760,87.698,2.926
33333,1112.2094,144.705,4.828
33334,1112.2428,139.369,4.650
33335,1112.2761,31.788,1.061
33336,1112.3095,74.925,2.500
33337,1112.3429,29.970,1.000
33338,1112.3762,16.754,0.559
33339,1112.4096,67.848,2.264
33340,1112.4430,77.140,2.574
33341,1112.4763,50.261,1.677
33342,1112.5097,183.681,6.129
33343,1112.5431,89.910,3.000
33344,1112.5764,82.418,2.750
33346,1112.6432,124.136,8.284
33347,1112.6765,94.774,3.162
33348,1112.7099,120.813,4.031
33349,1112.7433,52.980,1.768
33350,1112.7766,14.985,0.500
33351,1112.8100,82.758,2.761
33352,1112.8434,47.387,1.581
33353,1112.8767,16.754,0.559
33354,1112.9101,121.969,4.070
33355,1112.9435,97.403,3.250
33356,1112.9768,120.813,4.031
33357,1113.0102,173.788,5.799
33358,1113.0436,83.769,2.795
33359,1113.0769,60.407,2.016
33360,1113.1103,60.407,2.016
33361,1113.1437,194.805,6.500
33362,1113.1770,116.315,3.881
33363,1113.2104,105.163,3.509
33364,1113.2438,218.443,7.289
33366,1113.3105,162.650,10.854
33367,1113.3439,45.575,1.521
33368,1113.3772,38.205,1.275
33369,1113.4106,114.368,3.816
33370,1113.4440,37.463,1.250
33371,1113.4773,38.205,1.275
33372,1113.5107,38.205,1.275
33373,1113.5441,116.315,3.881
33374,1113.5774,64.016,2.136
33375,1113.6108,163.639,5.460
33376,1113.6442,82.758,2.761
33377,1113.6775,67.848,2.264
33378,1113.7109,97.690,3.260
33379,1113.7443,100.523,3.354
33380,1113.7776,94.774,3.162
33381,1113.8110,67.015,2.236
33383,1113.8777,80.173,5.350
33384,1113.9111,117.276,3.913
33385,1113.9445,116.315,3.881
33386,1113.9778,97.403,3.250
33387,1114.0112,47.387,1.581
33388,1114.0446,64.016,2.136
33389,1114.0779,0.000,0.000
33390,1114.1113,7.493,0.250
33391,1114.1447,23.693,0.791
33392,1114.1780,22.478,0.750
33393,1114.2114,10.596,0.354
33394,1114.2448,10.596,0.354
33395,1114.2781,7.493,0.250
33396,1114.3115,42.384,1.414
33397,1114.3449,33.508,1.118
33398,1114.3782,7.493,0.250
33399,1114.4116,7.493,0.250
33400,1114.4450,16.754,0.559
33401,1114.4783,29.970,1.000
33402,1114.5117,16.754,0.559
33403,1114.5451,156.448,5.220
33404,1114.5784,92.677,3.092
33405,1114.6118,54.546,1.820
33406,1114.6452,83.769,2.795
33407,1114.6785,97.403,3.250
33408,1114.7119,30.892,1.031
33409,1114.7453,85.428,2.850
33410,1114.7786,37.463,1.250
33411,1114.8120,69.078,2.305
33412,1114.8454,30.892,1.031
33413,1114.8787,45.575,1.521
33414,1114.9121,45.575,1.521
33415,1114.9455,113.382,3.783
33416,1114.9788,37.463,1.250
33417,1115.0122,21.192,0.707
33418,1115.0456,69.078,2.305
33419,1115.0789,59.940,2.000
33420,1115.1123,90.222,3.010
33421,1115.1456,22.478,0.750
33422,1115.1790,10.596,0.354
33423,1115.2124,40.348,1.346
33424,1115.2457,40.348,1.346
33425,1115.2791,23.693,0.791
33426,1115.3125,16.754,0.559
33427,1115.3458,37.463,1.250
33428,1115.3792,23.693,0.791
33429,1115.4126,106.489,3.553
33430,1115.4459,79.647,2.658
33431,1115.4793,121.969,4.070
33432,1115.5127,148.344,4.950
33433,1115.5460,90.222,3.010
33435,1115.6128,77.231,5.154
33436,1115.6461,52.980,1.768
33437,1115.6795,30.892,1.031
33438,1115.7129,22.478,0.750
33439,1115.7462,0.000,0.000
33440,1115.7796,14.985,0.500
33441,1115.8130,7.493,0.250
33442,1115.8463,16.754,0.559
33443,1115.8797,10.596,0.354
33444,1115.9131,10.596,0.354
33445,1115.9464,22.478,0.750
33446,1115.9798,0.000,0.000
33447,1116.0132,30.892,1.031
33448,1116.0465,0.000,0.000
33449,1116.0799,16.754,0.559
33450,1116.1133,29.970,1.000
33451,1116.1466,54.546,1.820
33452,1116.1800,7.493,0.250
33453,1116.2134,31.788,1.061
33454,1116.2467,10.596,0.354
33455,1116.2801,23.693,0.791
33456,1116.3135,67.848,2.264
33457,1116.3468,60.407,2.016
33458,1116.3802,30.892,1.031
33459,1116.4136,117.276,3.913
33460,1116.4469,38.205,1.275
33461,1116.4803,45.575,1.521
33462,1116.5137,40.348,1.346
33463,1116.5470,52.980,1.768
33464,1116.5804,27.015,0.901
33465,1116.6138,7.493,0.250
33466,1116.6471,7.493,0.250
33467,1116.6805,0.000,0.000
33468,1116.7139,14.985,0.500
33469,1116.7472,14.985,0.500
33470,1116.7806,16.754,0.559
33471,1116.8140,16.754,0.559
33472,1116.8473,7.493,0.250
33473,1116.8807,7.493,0.250
33474,1116.9141,7.493,0.250
33475,1116.9474,10.596,0.354
33476,1116.9808,0.000,0.000
33477,1117.0142,7.493,0.250
33478,1117.0475,16.754,0.559
33479,1117.0809,0.000,0.000
33480,1117.1143,0.000,0.000
33481,1117.1476,7.493,0.250
33482,1117.1810,0.000,0.000
33483,1117.2144,0.000,0.000
33484,1117.2477,7.493,0.250
33485,1117.2811,7.493,0.250
33486,1117.3145,0.000,0.000
33487,1117.3478,0.000,0.000
33488,1117.3812,7.493,0.250
33489,1117.4146,10.596,0.354
33490,1117.4479,0.000,0.000
33491,1117.4813,10.596,0.354
33492,1117.5147,0.000,0.000
33493,1117.5480,0.000,0.000
33494,1117.5814,0.000,0.000
33495,1117.6148,0.000,0.000
33496,1117.6481,0.000,0.000
33497,1117.6815,0.000,0.000
33498,1117.7149,0.000,0.000
33499,1117.7482,7.493,0.250
33500,1117.7816,10.596,0.354
33501,1117.8150,7.493,0.250
33502,1117.8483,0.000,0.000
33503,1117.8817,14.985,0.500
33504,1117.9151,0.000,0.000
33505,1117.9484,0.000,0.000
33506,1117.9818,0.000,0.000
33507,1118.0152,0.000,0.000
33508,1118.0485,0.000,0.000
33509,1118.0819,0.000,0.000
33510,1118.1153,7.493,0.250
33511,1118.1486,14.985,0.500
33512,1118.1820,16.754,0.559
33513,1118.2154,10.596,0.354
33514,1118.2487,7.493,0.250
33515,1118.2821,10.596,0.354
33516,1118.3155,7.493,0.250
33517,1118.3488,7.493,0.250
33518,1118.3822,0.000,0.000
33519,1118.4156,7.493,0.250
33520,1118.4489,14.985,0.500
33521,1118.4823,0.000,0.000
33522,1118.5157,0.000,0.000
33523,1118.5490,14.985,0.500
33524,1118.5824,10.596,0.354
33525,1118.6158,10.596,0.354
33526,1118.6491,0.000,0.000
33527,1118.6825,33.508,1.118
33528,1118.7159,16.754,0.559
33529,1118.7492,0.000,0.000
33530,1118.7826,7.493,0.250
33531,1118.8160,0.000,0.000
33532,1118.8493,0.000,0.000
33533,1118.8827,0.000,0.000
33534,1118.9161,0.000,0.000
33535,1118.9494,0.000,0.000
33536,1118.9828,0.000,0.000
33537,1119.0162,7.493,0.250
33538,1119.0495,0.000,0.000
33539,1119.0829,14.985,0.500
33540,1119.1163,14.985,0.500
33541,1119.1496,0.000,0.000
33542,1119.1830,0.000,0.000
33543,1119.2164,7.493,0.250
33544,1119.2497,0.000,0.000
33545,1119.2831,7.493,0.250
33546,1119.3165,0.000,0.000
33547,1119.3498,7.493,0.250
33548,1119.3832,7.493,0.250
33549,1119.4166,7.493,0.250
33550,1119.4499,7.493,0.250
33551,1119.4833,10.596,0.354
33552,1119.5167,7.493,0.250
33553,1119.5500,0.000,0.000
33554,1119.5834,0.000,0.000
33555,1119.6168,0.000,0.000
33556,1119.6501,7.493,0.250
33557,1119.6835,0.000,0.000
33558,1119.7169,0.000,0.000
33559,1119.7502,0.000,0.000
33560,1119.7836,0.000,0.000
33561,1119.8170,0.000,0.000
33562,1119.8503,7.493,0.250
33563,1119.8837,0.000,0.000
33564,1119.9171,0.000,0.000
33565,1119.9504,7.493,0.250
33566,1119.9838,0.000,0.000
33567,1120.0172,0.000,0.000
33568,1120.0505,0.000,0.000
33569,1120.0839,7.493,0.250
33570,1120.1173,0.000,0.000
33571,1120.1506,0.000,0.000
33572,1120.1840,0.000,0.000
33573,1120.2174,0.000,0.000
33574,1120.2507,0.000,0.000
33575,1120.2841,0.000,0.000
33576,1120.3175,0.000,0.000
33577,1120.3508,0.000,0.000
33578,1120.3842,10.596,0.354
33579,1120.4176,7.493,0.250
33580,1120.4509,7.493,0.250
33581,1120.4843,7.493,0.250
33582,1120.5177,0.000,0.000
33583,1120.5510,7.493,0.250
33584,1120.5844,0.000,0.000
33585,1120.6178,7.493,0.250
33586,1120.6511,0.000,0.000
33587,1120.6845,0.000,0.000
33588,1120.7179,10.596,0.354
33589,1120.7512,0.000,0.000
33590,1120.7846,0.000,0.000
33591,1120.8180,0.000,0.000
33592,1120.8513,0.000,0.000
33593,1120.8847,0.000,0.000
33594,1120.9181,0.000,0.000
33595,1120.9514,7.493,0.250
33596,1120.9848,0.000,0.000
33597,1121.0182,0.000,0.000
33598,1121.0515,7.493,0.250
33599,1121.0849,7.493,0.250
33600,1121.1183,7.493,0.250
33601,1121.1516,0.000,0.000
33602,1121.1850,0.000,0.000
33603,1121.2184,0.000,0.000
33604,1121.2517,7.493,0.250
33605,1121.2851,7.493,0.250
33606,1121.3185,0.000,0.000
33607,1121.3518,7.493,0.250
33608,1121.3852,16.754,0.559
33609,1121.4186,0.000,0.000
33610,1121.4519,7.493,0.250
33611,1121.4853,0.000,0.000
33612,1121.5187,10.596,0.354
33613,1121.5520,0.000,0.000
33614,1121.5854,0.000,0.000
33615,1121.6188,0.000,0.000
33616,1121.6521,0.000,0.000
33617,1121.6855,0.000,0.000
33618,1121.7189,0.000,0.000
33619,1121.7522,0.000,0.000
33620,1121.7856,0.000,0.000
33621,1121.8190,0.000,0.000
33622,1121.8523,0.000,0.000
33623,1121.8857,0.000,0.000
33624,1121.9191,0.000,0.000
33625,1121.9524,0.000,0.000
33626,1121.9858,0.000,0.000
33627,1122.0192,0.000,0.000
33628,1122.0525,0.000,0.000
33629,1122.0859,0.000,0.000
33630,1122.1193,0.000,0.000
33631,1122.1526,0.000,0.000
33632,1122.1860,0.000,0.000
33633,1122.2194,0.000,0.000
33634,1122.2527,0.000,0.000
33635,1122.2861,0.000,0.000
33636,1122.3195,0.000,0.000
33637,1122.3528,0.000,0.000
33638,1122.3862,0.000,0.000
33639,1122.4196,0.000,0.000
33640,1122.4529,0.000,0.000
33641,1122.4863,0.000,0.000
33642,1122.5197,0.000,0.000
33643,1122.5530,0.000,0.000
33644,1122.5864,0.000,0.000
33645,1122.6198,0.000,0.000
33646,1122.6531,0.000,0.000
33647,1122.6865,0.000,0.000
33648,1122.7199,0.000,0.000
33649,1122.7532,0.000,0.000
33650,1122.7866,0.000,0.000
33651,1122.8200,0.000,0.000
33652,1122.8533,0.000,0.000
33653,1122.8867,0.000,0.000
33654,1122.9201,14.985,0.500
33655,1122.9534,10.596,0.354
33656,1122.9868,10.596,0.354
33657,1123.0202,0.000,0.000
33658,1123.0535,0.000,0.000
33659,1123.0869,0.000,0.000
33660,1123.1203,0.000,0.000
33661,1123.1536,0.000,0.000
33662,1123.1870,0.000,0.000
33663,1123.2204,0.000,0.000
33664,1123.2537,0.000,0.000
33665,1123.2871,0.000,0.000
33666,1123.3205,0.000,0.000
33667,1123.3538,0.000,0.000
33668,1123.3872,0.000,0.000
33669,1123.4206,0.000,0.000
33670,1123.4539,0.000,0.000
33671,1123.4873,0.000,0.000
33672,1123.5207,0.000,0.000
33673,1123.5540,0.000,0.000
33674,1123.5874,0.000,0.000
33675,1123.6208,0.000,0.000
33676,1123.6541,0.000,0.000
33677,1123.6875,0.000,0.000
33678,1123.7209,0.000,0.000
33679,1123.7542,0.000,0.000
33680,1123.7876,0.000,0.000
33681,1123.8210,0.000,0.000
33682,1123.8543,0.000,0.000
33683,1123.8877,0.000,0.000
33684,1123.9211,0.000,0.000
33685,1123.9544,7.493,0.250
33686,1123.9878,14.985,0.500
33687,1124.0212,0.000,0.000
33688,1124.0545,7.493,0.250
33689,1124.0879,10.596,0.354
33690,1124.1213,0.000,0.000
33691,1124.1546,0.000,0.000
33692,1124.1880,0.000,0.000
33693,1124.2214,0.000,0.000
33694,1124.2547,0.000,0.000
33695,1124.2881,0.000,0.000
33696,1124.3215,0.000,0.000
33697,1124.3548,0.000,0.000
33698,1124.3882,0.000,0.000
33699,1124.4216,0.000,0.000
33700,1124.4549,0.000,0.000
33701,1124.4883,0.000,0.000
33702,1124.5217,0.000,0.000
33703,1124.5550,0.000,0.000
33704,1124.5884,0.000,0.000
33705,1124.6218,0.000,0.000
33706,1124.6551,0.000,0.000
33707,1124.6885,0.000,0.000
33708,1124.7219,0.000,0.000
33709,1124.7552,0.000,0.000
33710,1124.7886,0.000,0.000
33711,1124.8220,0.000,0.000
33712,1124.8553,0.000,0.000
33713,1124.8887,0.000,0.000
33714,1124.9221,0.000,0.000
33715,1124.9554,0.000,0.000
33716,1124.9888,0.000,0.000
33717,1125.0222,0.000,0.000
33718,1125.0555,0.000,0.000
33719,1125.0889,0.000,0.000
33720,1125.1223,0.000,0.000
33721,1125.1556,0.000,0.000
33722,1125.1890,0.000,0.000
33723,1125.2224,0.000,0.000
33724,1125.2557,0.000,0.000
33725,1125.2891,0.000,0.000
33726,1125.3225,0.000,0.000
33727,1125.3558,0.000,0.000
33728,1125.3892,0.000,0.000
33729,1125.4226,0.000,0.000
33730,1125.4559,0.000,0.000
33731,1125.4893,0.000,0.000
33732,1125.5227,0.000,0.000
33733,1125.5560,7.493,0.250
33734,1125.5894,10.596,0.354
33735,1125.6228,16.754,0.559
33736,1125.6561,0.000,0.000
33737,1125.6895,0.000,0.000
33738,1125.7229,0.000,0.000
33739,1125.7562,0.000,0.000
33740,1125.7896,0.000,0.000
33741,1125.8230,7.493,0.250
33742,1125.8563,0.000,0.000
33743,1125.8897,0.000,0.000
33744,1125.9231,0.000,0.000
33745,1125.9564,7.493,0.250
33746,1125.9898,0.000,0.000
33747,1126.0232,0.000,0.000
33748,1126.0565,0.000,0.000
33749,1126.0899,0.000,0.000
33750,1126.1233,0.000,0.000
33751,1126.1566,0.000,0.000
33752,1126.1900,0.000,0.000
33753,1126.2234,0.000,0.000
33754,1126.2567,0.000,0.000
33755,1126.2901,0.000,0.000
33756,1126.3235,0.000,0.000
33757,1126.3568,0.000,0.000
33758,1126.3902,0.000,0.000
33759,1126.4236,0.000,0.000
33760,1126.4569,0.000,0.000
33761,1126.4903,0.000,0.000
33762,1126.5237,0.000,0.000
33763,1126.5570,0.000,0.000
33764,1126.5904,0.000,0.000
33765,1126.6238,0.000,0.000
33766,1126.6571,0.000,0.000
33767,1126.6905,0.000,0.000
33768,1126.7239,0.000,0.000
33769,1126.7572,0.000,0.000
33770,1126.7906,0.000,0.000
33771,1126.8240,0.000,0.000
33772,1126.8573,0.000,0.000
33773,1126.8907,0.000,0.000
33774,1126.9241,16.754,0.559
33775,1126.9574,0.000,0.000
33776,1126.9908,16.754,0.559
33777,1127.0242,0.000,0.000
33778,1127.0575,0.000,0.000
33779,1127.0909,0.000,0.000
33780,1127.1243,0.000,0.000
33781,1127.1576,0.000,0.000
33782,1127.1910,0.000,0.000
33783,1127.2244,0.000,0.000
33784,1127.2577,0.000,0.000
33785,1127.2911,0.000,0.000
33786,1127.3245,0.000,0.000
33787,1127.3578,0.000,0.000
33788,1127.3912,0.000,0.000
33789,1127.4246,0.000,0.000
33790,1127.4579,0.000,0.000
33791,1127.4913,7.493,0.250
33792,1127.5247,10.596,0.354
33793,1127.5580,0.000,0.000
33794,1127.5914,16.754,0.559
33795,1127.6248,0.000,0.000
33796,1127.6581,0.000,0.000
33797,1127.6915,0.000,0.000
33798,1127.7249,0.000,0.000
33799,1127.7582,0.000,0.000
33800,1127.7916,0.000,0.000
33801,1127.8250,0.000,0.000
33802,1127.8583,0.000,0.000
33803,1127.8917,0.000,0.000
33804,1127.9251,0.000,0.000
33805,1127.9584,0.000,0.000
33806,1127.9918,0.000,0.000
33807,1128.0252,0.000,0.000
33808,1128.0585,0.000,0.000
33809,1128.0919,0.000,0.000
33810,1128.1253,0.000,0.000
33811,1128.1586,0.000,0.000
33812,1128.1920,0.000,0.000
33813,1128.2254,0.000,0.000
33814,1128.2587,0.000,0.000
33815,1128.2921,10.596,0.354
33816,1128.3255,0.000,0.000
33817,1128.3588,0.000,0.000
33818,1128.3922,0.000,0.000
33819,1128.4256,0.000,0.000
33820,1128.4589,0.000,0.000
33821,1128.4923,0.000,0.000
33822,1128.5257,10.596,0.354
33823,1128.5590,0.000,0.000
33824,1128.5924,7.493,0.250
33825,1128.6258,0.000,0.000
33826,1128.6591,7.493,0.250
33827,1128.6925,7.493,0.250
33828,1128.7259,7.493,0.250
33829,1128.7592,10.596,0.354
33830,1128.7926,7.493,0.250
33831,1128.8260,0.000,0.000
33832,1128.8593,0.000,0.000
33833,1128.8927,7.493,0.250
33834,1128.9261,0.000,0.000
33835,1128.9594,0.000,0.000
33836,1128.9928,0.000,0.000
33837,1129.0262,0.000,0.000
33838,1129.0595,0.000,0.000
33839,1129.0929,0.000,0.000
33840,1129.1263,0.000,0.000
33841,1129.1596,0.000,0.000
33842,1129.1930,0.000,0.000
33843,1129.2264,7.493,0.250
33844,1129.2597,0.000,0.000
33845,1129.2931,0.000,0.000
33846,1129.3265,7.493,0.250
33847,1129.3598,0.000,0.000
33848,1129.3932,0.000,0.000
33849,1129.4266,0.000,0.000
33850,1129.4599,10.596,0.354
33851,1129.4933,0.000,0.000
33852,1129.5267,0.000,0.000
33853,1129.5600,0.000,0.000
33854,1129.5934,0.000,0.000
33855,1129.6268,10.596,0.354
33856,1129.6601,0.000,0.000
33857,1129.6935,10.596,0.354
33858,1129.7269,0.000,0.000
33859,1129.7602,0.000,0.000
33860,1129.7936,0.000,0.000
33861,1129.8270,10.596,0.354
33862,1129.8603,0.000,0.000
33863,1129.8937,7.493,0.250
33864,1129.9271,0.000,0.000
33865,1129.9604,7.493,0.250
33866,1129.9938,0.000,0.000
33867,1130.0272,0.000,0.000
33868,1130.0605,0.000,0.000
33869,1130.0939,0.000,0.000
33870,1130.1273,0.000,0.000
33871,1130.1606,7.493,0.250
33872,1130.1940,0.000,0.000
33873,1130.2274,0.000,0.000
33874,1130.2607,0.000,0.000
33875,1130.2941,0.000,0.000
33876,1130.3275,0.000,0.000
33877,1130.3608,0.000,0.000
33878,1130.3942,0.000,0.000
33879,1130.4276,0.000,0.000
33880,1130.4609,0.000,0.000
33881,1130.4943,0.000,0.000
33882,1130.5277,0.000,0.000
33883,1130.5610,0.000,0.000
33884,1130.5944,0.000,0.000
33885,1130.6278,7.493,0.250
33886,1130.6611,0.000,0.000
33887,1130.6945,0.000,0.000
33888,1130.7279,0.000,0.000
33889,1130.7612,0.000,0.000
33890,1130.7946,0.000,0.000
33891,1130.8280,0.000,0.000
33892,1130.8613,0.000,0.000
33893,1130.8947,0.000,0.000
33894,1130.9281,0.000,0.000
33895,1130.9614,0.000,0.000
33896,1130.9948,0.000,0.000
33897,1131.0282,0.000,0.000
33898,1131.0615,0.000,0.000
33899,1131.0949,0.000,0.000
33900,1131.1283,0.000,0.000
33901,1131.1616,0.000,0.000
33902,1131.1950,0.000,0.000
33903,1131.2284,0.000,0.000
33904,1131.2617,0.000,0.000
33905,1131.2951,0.000,0.000
33906,1131.3285,0.000,0.000
33907,1131.3618,0.000,0.000
33908,1131.3952,0.000,0.000
33909,1131.4286,0.000,0.000
33910,1131.4619,0.000,0.000
33911,1131.4953,0.000,0.000
33912,1131.5287,0.000,0.000
33913,1131.5620,0.000,0.000
33914,1131.5954,0.000,0.000
33915,1131.6288,0.000,0.000
33916,1131.6621,0.000,0.000
33917,1131.6955,0.000,0.000
33918,1131.7289,0.000,0.000
33919,1131.7622,10.596,0.354
33920,1131.7956,0.000,0.000
33921,1131.8290,0.000,0.000
33922,1131.8623,0.000,0.000
33923,1131.8957,0.000,0.000
33924,1131.9291,0.000,0.000
33925,1131.9624,0.000,0.000
33926,1131.9958,10.596,0.354
33927,1132.0292,10.596,0.354
33928,1132.0625,10.596,0.354
33929,1132.0959,0.000,0.000
33930,1132.1293,0.000,0.000
33931,1132.1626,10.596,0.354
33932,1132.1960,0.000,0.000
33933,1132.2294,0.000,0.000
33934,1132.2627,0.000,0.000
33935,1132.2961,0.000,0.000
33936,1132.3295,0.000,0.000
33937,1132.3628,0.000,0.000
33938,1132.3962,0.000,0.000
33939,1132.4296,10.596,0.354
33940,1132.4629,0.000,0.000
33941,1132.4963,0.000,0.000
33942,1132.5297,10.596,0.354
33943,1132.5630,0.000,0.000
33944,1132.5964,0.000,0.000
33945,1132.6298,0.000,0.000
33946,1132.6631,0.000,0.000
33947,1132.6965,10.596,0.354
33948,1132.7299,0.000,0.000
33949,1132.7632,0.000,0.000
33950,1132.7966,0.000,0.000
33951,1132.8300,0.000,0.000
33952,1132.8633,0.000,0.000
33953,1132.8967,0.000,0.000
33954,1132.9301,0.000,0.000
33955,1132.9634,0.000,0.000
33956,1132.9968,0.000,0.000
33957,1133.0302,0.000,0.000
33958,1133.0635,0.000,0.000
33959,1133.0969,0.000,0.000
33960,1133.1303,10.596,0.354
33961,1133.1636,0.000,0.000
33962,1133.1970,0.000,0.000
33963,1133.2304,0.000,0.000
33964,1133.2637,0.000,0.000
33965,1133.2971,0.000,0.000
33966,1133.3305,0.000,0.000
33967,1133.3638,0.000,0.000
33968,1133.3972,0.000,0.000
33969,1133.4306,0.000,0.000
33970,1133.4639,0.000,0.000
33971,1133.4973,0.000,0.000
33972,1133.5307,0.000,0.000
33973,1133.5640,0.000,0.000
33974,1133.5974,0.000,0.000
33975,1133.6308,0.000,0.000
33976,1133.6641,0.000,0.000
33977,1133.6975,0.000,0.000
33978,1133.7309,0.000,0.000
33979,1133.7642,0.000,0.000
33980,1133.7976,0.000,0.000
33981,1133.8310,0.000,0.000
33982,1133.8643,0.000,0.000
33983,1133.8977,0.000,0.000
33984,1133.9311,0.000,0.000
33985,1133.9644,0.000,0.000
33986,1133.9978,0.000,0.000
33987,1134.0312,0.000,0.000
33988,1134.0645,0.000,0.000
33989,1134.0979,0.000,0.000
33990,1134.1313,0.000,0.000
33991,1134.1646,0.000,0.000
33992,1134.1980,0.000,0.000
33993,1134.2314,10.596,0.354
33994,1134.2647,0.000,0.000
33995,1134.2981,0.000,0.000
33996,1134.3315,0.000,0.000
33997,1134.3648,0.000,0.000
33998,1134.3982,0.000,0.000
33999,1134.4316,0.000,0.000
34000,1134.4649,0.000,0.000
34001,1134.4983,10.596,0.354
34002,1134.5317,0.000,0.000
34003,1134.5650,0.000,0.000
34004,1134.5984,0.000,0.000
34005,1134.6318,10.596,0.354
34006,1134.6651,0.000,0.000
34007,1134.6985,10.596,0.354
34008,1134.7319,0.000,0.000
34009,1134.7652,0.000,0.000
34010,1134.7986,0.000,0.000
34011,1134.8320,0.000,0.000
34012,1134.8653,10.596,0.354
34013,1134.8987,0.000,0.000
34014,1134.9321,0.000,0.000
34015,1134.9654,0.000,0.000
34016,1134.9988,0.000,0.000
34017,1135.0322,10.596,0.354
34018,1135.0655,0.000,0.000
34019,1135.0989,0.000,0.000
34020,1135.1323,0.000,0.000
34021,1135.1656,0.000,0.000
34022,1135.1990,0.000,0.000
34023,1135.2324,0.000,0.000
34024,1135.2657,7.493,0.250
34025,1135.2991,0.000,0.000
34026,1135.3325,0.000,0.000
34027,1135.3658,7.493,0.250
34028,1135.3992,0.000,0.000
34029,1135.4326,0.000,0.000
34030,1135.4659,0.000,0.000
34031,1135.4993,0.000,0.000
34032,1135.5327,0.000,0.000
34033,1135.5660,0.000,0.000
34034,1135.5994,0.000,0.000
34035,1135.6328,0.000,0.000
34036,1135.6661,0.000,0.000
34037,1135.6995,7.493,0.250
34038,1135.7329,0.000,0.000
34039,1135.7662,0.000,0.000
34040,1135.7996,7.493,0.250
34041,1135.8330,0.000,0.000
34042,1135.8663,0.000,0.000
34043,1135.8997,0.000,0.000
34044,1135.9331,0.000,0.000
34045,1135.9664,0.000,0.000
34046,1135.9998,0.000,0.000
34047,1136.0332,0.000,0.000
34048,1136.0665,0.000,0.000
34049,1136.0999,0.000,0.000
34050,1136.1333,0.000,0.000
34051,1136.1666,0.000,0.000
34052,1136.2000,0.000,0.000
34053,1136.2334,0.000,0.000
34054,1136.2667,0.000,0.000
34055,1136.3001,10.596,0.354
34056,1136.3335,0.000,0.000
34057,1136.3668,0.000,0.000
34058,1136.4002,0.000,0.000
34059,1136.4336,10.596,0.354
34060,1136.4669,0.000,0.000
34061,1136.5003,0.000,0.000
34062,1136.5337,0.000,0.000
34063,1136.5670,0.000,0.000
34064,1136.6004,0.000,0.000
34065,1136.6338,0.000,0.000
34066,1136.6671,0.000,0.000
34067,1136.7005,0.000,0.000
34068,1136.7339,0.000,0.000
34069,1136.7672,0.000,0.000
34070,1136.8006,0.000,0.000
34071,1136.8339,0.000,0.000
34072,1136.8673,0.000,0.000
34073,1136.9007,0.000,0.000
34074,1136.9340,0.000,0.000
34075,1136.9674,0.000,0.000
34076,1137.0008,0.000,0.000
34077,1137.0341,0.000,0.000
34078,1137.0675,0.000,0.000
34079,1137.1009,0.000,0.000
34080,1137.1342,0.000,0.000
34081,1137.1676,0.000,0.000
34082,1137.2010,0.000,0.000
34083,1137.2343,0.000,0.000
34084,1137.2677,0.000,0.000
34085,1137.3011,0.000,0.000
34086,1137.3344,0.000,0.000
34087,1137.3678,0.000,0.000
34088,1137.4012,0.000,0.000
34089,1137.4345,0.000,0.000
34090,1137.4679,0.000,0.000
34091,1137.5013,0.000,0.000
34092,1137.5346,0.000,0.000
34093,1137.5680,0.000,0.000
34094,1137.6014,0.000,0.000
34095,1137.6347,0.000,0.000
34096,1137.6681,0.000,0.000
34097,1137.7015,0.000,0.000
34098,1137.7348,0.000,0.000
34099,1137.7682,0.000,0.000
34100,1137.8016,0.000,0.000
34101,1137.8349,0.000,0.000
34102,1137.8683,0.000,0.000
34103,1137.9017,0.000,0.000
34104,1137.9350,0.000,0.000
34105,1137.9684,0.000,0.000
34106,1138.0018,0.000,0.000
34107,1138.0351,0.000,0.000
34108,1138.0685,0.000,0.000
34109,1138.1019,0.000,0.000
34110,1138.1352,0.000,0.000
34111,1138.1686,10.596,0.354
34112,1138.2020,0.000,0.000
34113,1138.2353,0.000,0.000
34114,1138.2687,0.000,0.000
34115,1138.3021,0.000,0.000
34116,1138.3354,0.000,0.000
34117,1138.3688,0.000,0.000
34118,1138.4022,0.000,0.000
34119,1138.4355,0.000,0.000
34120,1138.4689,10.596,0.354
34121,1138.5023,0.000,0.000
34122,1138.5356,0.000,0.000
34123,1138.5690,0.000,0.000
34124,1138.6024,0.000,0.000
34125,1138.6357,0.000,0.000
34126,1138.6691,10.596,0.354
34127,1138.7025,0.000,0.000
34128,1138.7358,0.000,0.000
34129,1138.7692,0.000,0.000
34130,1138.8026,10.596,0.354
34131,1138.8359,10.596,0.354
34132,1138.8693,0.000,0.000
34133,1138.9027,10.596,0.354
34134,1138.9360,0.000,0.000
34135,1138.9694,0.000,0.000
34136,1139.0028,0.000,0.000
34137,1139.0361,0.000,0.000
34138,1139.0695,0.000,0.000
34139,1139.1029,0.000,0.000
34140,1139.1362,0.000,0.000
34141,1139.1696,0.000,0.000
34142,1139.2030,0.000,0.000
34143,1139.2363,0.000,0.000
34144,1139.2697,0.000,0.000
34145,1139.3031,0.000,0.000
34146,1139.3364,0.000,0.000
34147,1139.3698,0.000,0.000
34148,1139.4032,0.000,0.000
34149,1139.4365,0.000,0.000
34150,1139.4699,0.000,0.000
34151,1139.5033,0.000,0.000
34152,1139.5366,0.000,0.000
34153,1139.5700,0.000,0.000
34154,1139.6034,0.000,0.000
34155,1139.6367,0.000,0.000
34156,1139.6701,0.000,0.000
34157,1139.7035,0.000,0.000
34158,1139.7368,0.000,0.000
34159,1139.7702,0.000,0.000
34160,1139.8036,0.000,0.000
34161,1139.8369,0.000,0.000
34162,1139.8703,0.000,0.000
34163,1139.9037,0.000,0.000
34164,1139.9370,0.000,0.000
34165,1139.9704,0.000,0.000
34166,1140.0038,0.000,0.000
34167,1140.0371,0.000,0.000
34168,1140.0705,0.000,0.000
34169,1140.1039,0.000,0.000
34170,1140.1372,0.000,0.000
34171,1140.1706,0.000,0.000
34172,1140.2040,0.000,0.000
34173,1140.2373,0.000,0.000
34174,1140.2707,0.000,0.000
34175,1140.3041,0.000,0.000
34176,1140.3374,0.000,0.000
34177,1140.3708,16.754,0.559
34178,1140.4042,0.000,0.000
34179,1140.4375,10.596,0.354
34180,1140.4709,0.000,0.000
34181,1140.5043,7.493,0.250
34182,1140.5376,0.000,0.000
34183,1140.5710,0.000,0.000
34184,1140.6044,0.000,0.000
34185,1140.6377,0.000,0.000
34186,1140.6711,0.000,0.000
34187,1140.7045,0.000,0.000
34188,1140.7378,0.000,0.000
34189,1140.7712,0.000,0.000
34190,1140.8046,0.000,0.000
34191,1140.8379,0.000,0.000
34192,1140.8713,16.754,0.559
34193,1140.9047,0.000,0.000
34194,1140.9380,0.000,0.000
34195,1140.9714,0.000,0.000
34196,1141.0048,0.000,0.000
34197,1141.0381,0.000,0.000
34198,1141.0715,0.000,0.000
34199,1141.1049,0.000,0.000
34200,1141.1382,0.000,0.000
34201,1141.1716,0.000,0.000
34202,1141.2050,0.000,0.000
34203,1141.2383,0.000,0.000
34204,1141.2717,0.000,0.000
34205,1141.3051,16.754,0.559
34206,1141.3384,0.000,0.000
34207,1141.3718,0.000,0.000
34208,1141.4052,0.000,0.000
34209,1141.4385,0.000,0.000
34210,1141.4719,16.754,0.559
34211,1141.5053,0.000,0.000
34212,1141.5386,16.754,0.559
34213,1141.5720,0.000,0.000
34214,1141.6054,0.000,0.000
34215,1141.6387,0.000,0.000
34216,1141.6721,0.000,0.000
34217,1141.7055,0.000,0.000
34218,1141.7388,0.000,0.000
34219,1141.7722,0.000,0.000
34220,1141.8056,0.000,0.000
34221,1141.8389,0.000,0.000
34222,1141.8723,0.000,0.000
34223,1141.9057,0.000,0.000
34224,1141.9390,0.000,0.000
34225,1141.9724,0.000,0.000
34226,1142.0058,0.000,0.000
34227,1142.0391,0.000,0.000
34228,1142.0725,10.596,0.354
34229,1142.1059,0.000,0.000
34230,1142.1392,10.596,0.354
34231,1142.1726,0.000,0.000
34232,1142.2060,0.000,0.000
34233,1142.2393,0.000,0.000
34234,1142.2727,0.000,0.000
34235,1142.3061,0.000,0.000
34236,1142.3394,0.000,0.000
34237,1142.3728,0.000,0.000
34238,1142.4062,0.000,0.000
34239,1142.4395,0.000,0.000
34240,1142.4729,0.000,0.000
34241,1142.5063,0.000,0.000
34242,1142.5396,0.000,0.000
34243,1142.5730,10.596,0.354
34244,1142.6064,0.000,0.000
34245,1142.6397,10.596,0.354
34246,1142.6731,0.000,0.000
34247,1142.7065,0.000,0.000
34248,1142.7398,0.000,0.000
34249,1142.7732,0.000,0.000
34250,1142.8066,0.000,0.000
34251,1142.8399,0.000,0.000
34252,1142.8733,0.000,0.000
34253,1142.9067,0.000,0.000
34254,1142.9400,0.000,0.000
34255,1142.9734,10.596,0.354
34256,1143.0068,0.000,0.000
34257,1143.0401,7.493,0.250
34258,1143.0735,10.596,0.354
34259,1143.1069,10.596,0.354
34260,1143.1402,10.596,0.354
34261,1143.1736,7.493,0.250
34262,1143.2070,0.000,0.000
34263,1143.2403,0.000,0.000
34264,1143.2737,0.000,0.000
34265,1143.3071,0.000,0.000
34266,1143.3404,0.000,0.000
34267,1143.3738,0.000,0.000
34268,1143.4072,0.000,0.000
34269,1143.4405,0.000,0.000
34270,1143.4739,0.000,0.000
34271,1143.5073,0.000,0.000
34272,1143.5406,0.000,0.000
34273,1143.5740,10.596,0.354
34274,1143.6074,10.596,0.354
34275,1143.6407,0.000,0.000
34276,1143.6741,0.000,0.000
34277,1143.7075,10.596,0.354
34278,1143.7408,10.596,0.354
34279,1143.7742,0.000,0.000
34280,1143.8076,0.000,0.000
34281,1143.8409,0.000,0.000
34282,1143.8743,0.000,0.000
34283,1143.9077,10.596,0.354
34284,1143.9410,0.000,0.000
34285,1143.9744,10.596,0.354
34286,1144.0078,0.000,0.000
34287,1144.0411,0.000,0.000
34288,1144.0745,0.000,0.000
34289,1144.1079,0.000,0.000
34290,1144.1412,0.000,0.000
34291,1144.1746,0.000,0.000
34292,1144.2080,0.000,0.000
34293,1144.2413,0.000,0.000
34294,1144.2747,0.000,0.000
34295,1144.3081,0.000,0.000
34296,1144.3414,0.000,0.000
34297,1144.3748,0.000,0.000
34298,1144.4082,0.000,0.000
34299,1144.4415,0.000,0.000
34300,1144.4749,0.000,0.000
34301,1144.5083,0.000,0.000
34302,1144.5416,0.000,0.000
34303,1144.5750,0.000,0.000
34304,1144.6084,0.000,0.000
34305,1144.6417,0.000,0.000
34306,1144.6751,16.754,0.559
34307,1144.7085,16.754,0.559
34308,1144.7418,0.000,0.000
34309,1144.7752,0.000,0.000
34310,1144.8086,0.000,0.000
34311,1144.8419,0.000,0.000
34312,1144.8753,0.000,0.000
34313,1144.9087,0.000,0.000
34314,1144.9420,0.000,0.000
34315,1144.9754,0.000,0.000
34316,1145.0088,0.000,0.000
34317,1145.0421,0.000,0.000
34318,1145.0755,0.000,0.000
34319,1145.1089,0.000,0.000
34320,1145.1422,0.000,0.000
34321,1145.1756,0.000,0.000
34322,1145.2090,0.000,0.000
34323,1145.2423,0.000,0.000
34324,1145.2757,0.000,0.000
34325,1145.3091,16.754,0.559
34326,1145.3424,0.000,0.000
34327,1145.3758,0.000,0.000
34328,1145.4092,16.754,0.559
34329,1145.4425,16.754,0.559
34330,1145.4759,0.000,0.000
34331,1145.5093,0.000,0.000
34332,1145.5426,0.000,0.000
34333,1145.5760,0.000,0.000
34334,1145.6094,0.000,0.000
34335,1145.6427,0.000,0.000
34336,1145.6761,7.493,0.250
34337,1145.7095,0.000,0.000
34338,1145.7428,10.596,0.354
34339,1145.7762,0.000,0.000
34340,1145.8096,0.000,0.000
34341,1145.8429,0.000,0.000
34342,1145.8763,0.000,0.000
34343,1145.9097,0.000,0.000
34344,1145.9430,0.000,0.000
34345,1145.9764,7.493,0.250
34346,1146.0098,7.493,0.250
34347,1146.0431,7.493,0.250
34348,1146.0765,0.000,0.000
34349,1146.1099,7.493,0.250
34350,1146.1432,0.000,0.000
34351,1146.1766,0.000,0.000
34352,1146.2100,0.000,0.000
34353,1146.2433,0.000,0.000
34354,1146.2767,0.000,0.000
34355,1146.3101,0.000,0.000
34356,1146.3434,0.000,0.000
34357,1146.3768,0.000,0.000
34358,1146.4102,0.000,0.000
34359,1146.4435,0.000,0.000
34360,1146.4769,0.000,0.000
34361,1146.5103,16.754,0.559
34362,1146.5436,0.000,0.000
34363,1146.5770,0.000,0.000
34364,1146.6104,0.000,0.000
34365,1146.6437,0.000,0.000
34366,1146.6771,0.000,0.000
34367,1146.7105,0.000,0.000
34368,1146.7438,0.000,0.000
34369,1146.7772,0.000,0.000
34370,1146.8106,10.596,0.354
34371,1146.8439,7.493,0.250
34372,1146.8773,7.493,0.250
34373,1146.9107,0.000,0.000
34374,1146.9440,0.000,0.000
34375,1146.9774,10.596,0.354
34376,1147.0108,0.000,0.000
34377,1147.0441,16.754,0.559
34378,1147.0775,10.596,0.354
34379,1147.1109,0.000,0.000
34380,1147.1442,0.000,0.000
34381,1147.1776,0.000,0.000
34382,1147.2110,0.000,0.000
34383,1147.2443,0.000,0.000
34384,1147.2777,10.596,0.354
34385,1147.3111,0.000,0.000
34386,1147.3444,0.000,0.000
34387,1147.3778,0.000,0.000
34388,1147.4112,0.000,0.000
34389,1147.4445,0.000,0.000
34390,1147.4779,0.000,0.000
34391,1147.5113,0.000,0.000
34392,1147.5446,0.000,0.000
